episode,score,steps,total_steps,exploration,mean_loss,elapsed_seconds,terminated,truncated
1,130.0,385,385,1.0,nan,0.154164124999852,True,False
2,500.0,718,1103,0.15,0.09205313094291621,0.6977644999999484,True,False
3,490.0,560,1663,0.15,0.1140933872034241,2.260936833999949,True,False
4,440.0,576,2239,0.15,0.12599440870811426,3.8604347499999676,True,False
5,710.0,675,2914,0.15,0.13429463799345753,5.729030749999993,True,False
6,1450.0,858,3772,0.15,0.1311211806678668,8.152948666999919,True,False
7,700.0,640,4412,0.15,0.16791913984416168,9.933522333999917,True,False
8,1250.0,677,5089,0.15,0.1605168504119691,11.810394249999945,True,False
9,960.0,767,5856,0.15,0.16796857992206546,13.95771862499987,True,False
10,620.0,576,6432,0.15,0.14430477422623275,15.555942374999859,True,False
11,300.0,445,6877,0.15,0.15977765945507935,16.774459624999963,True,False
12,370.0,497,7374,0.15,0.14895932705164136,18.145732999999836,True,False
13,630.0,606,7980,0.15,0.14855754619470404,19.814247791999833,True,False
14,830.0,680,8660,0.15,0.17892817345666973,21.691901041999927,True,False
15,1640.0,844,9504,0.15,0.1526679678751659,24.05684195899994,True,False
16,880.0,759,10263,0.15,0.15902514406479895,26.207244749999973,True,False
17,780.0,696,10959,0.15,0.1747380096101384,28.150453749999997,True,False
18,490.0,540,11499,0.15,0.19387988165986758,29.643955374999905,True,False
19,280.0,461,11960,0.15,0.15972079579911097,30.95532183399996,True,False
20,520.0,515,12475,0.15,0.1898345323788817,32.410183792,True,False
21,1520.0,649,13124,0.15,0.17739573865414718,34.234128791999865,True,False
22,480.0,449,13573,0.15,0.1612000377166883,35.47375749999992,True,False
23,940.0,823,14396,0.15,0.17955868649160833,37.7504494169998,True,False
24,570.0,490,14886,0.15,0.17864735653914024,39.11272516700001,True,False
25,450.0,518,15404,0.15,0.20210317301635558,40.5576833749999,True,False
26,380.0,533,15937,0.15,0.18192008371583948,42.910616208999954,True,False
27,630.0,608,16545,0.15,0.19198797701392323,44.602259958999866,True,False
28,650.0,766,17311,0.15,0.1721255833877943,46.73396495899988,True,False
29,790.0,612,17923,0.15,0.194384102316975,48.44912570899987,True,False
30,360.0,409,18332,0.15,0.18301035933992238,49.685893583999814,True,False
31,570.0,636,18968,0.15,0.19070842668542978,51.48954954199985,True,False
32,410.0,395,19363,0.15,0.1858019298322651,52.626297999999906,True,False
33,1020.0,724,20087,0.15,0.18513573131662953,54.64338254199993,True,False
34,640.0,555,20642,0.15,0.19094632458102576,56.22948841699986,True,False
35,270.0,478,21120,0.15,0.2036142314861839,57.57288924999989,True,False
36,260.0,369,21489,0.15,0.1818489155570126,58.636992541999916,True,False
37,350.0,438,21927,0.15,0.17993949762536982,59.888640041999906,True,False
38,590.0,706,22633,0.15,0.1896499209947842,61.86501904199986,True,False
39,370.0,492,23125,0.15,0.19363282374068488,63.24449337499982,True,False
40,630.0,605,23730,0.15,0.1890513936137867,64.94730220899987,True,False
41,1400.0,852,24582,0.15,0.1724832860814154,67.340704792,True,False
42,440.0,484,25066,0.15,0.19995292484729496,68.72525845899986,True,False
43,1290.0,748,25814,0.15,0.19413485178813578,70.846275375,True,False
44,840.0,760,26574,0.15,0.19314554554753396,73.00449533400001,True,False
45,780.0,705,27279,0.15,0.18962735805491154,74.99839362499984,True,False
46,830.0,736,28015,0.15,0.18950702103219277,77.08637199999998,True,False
47,480.0,465,28480,0.15,0.1958709286414405,78.4442460419998,True,False
48,1030.0,829,29309,0.15,0.2131106603377755,80.79412224999987,True,False
49,2200.0,808,30117,0.15,0.20734759880285156,83.08368816699999,True,False
50,400.0,429,30546,0.15,0.19146153033998248,84.30964462499992,True,False
51,660.0,597,31143,0.15,0.19230221983220352,86.76227212499998,True,False
52,640.0,498,31641,0.15,0.20062211856245996,88.2167922499998,True,False
53,710.0,648,32289,0.15,0.19640787804131338,90.10300270899984,True,False
54,970.0,699,32988,0.15,0.19196989074881587,92.11366104199988,True,False
55,1050.0,608,33596,0.15,0.2110085056629032,93.87539524999988,True,False
56,610.0,584,34180,0.15,0.22467545113105275,95.53156212499994,True,False
57,540.0,715,34895,0.15,0.18694680269933148,97.57468070899995,True,False
58,360.0,459,35354,0.15,0.22073371115586032,98.88565879199996,True,False
59,440.0,514,35868,0.15,0.208457629485128,100.37868974999992,True,False
60,780.0,571,36439,0.15,0.19047308705327376,101.9998136669999,True,False
61,1170.0,825,37264,0.15,0.2053411230624874,104.39024858399989,True,False
62,370.0,426,37690,0.15,0.2361941946371687,105.60958833399991,True,False
63,680.0,710,38400,0.15,0.21065696972432765,107.6723038749999,True,False
64,470.0,401,38801,0.15,0.2172295884974301,108.84939391699982,True,False
65,1080.0,1059,39860,0.15,0.2165552139774246,111.92728058399985,True,False
66,700.0,602,40462,0.15,0.22497968931992848,113.79902620899998,True,False
67,590.0,590,41052,0.15,0.21504067365281485,115.50619245899998,True,False
68,650.0,530,41582,0.15,0.2276124634398994,117.06393787499997,True,False
69,760.0,665,42247,0.15,0.2285345864471003,119.01236262499992,True,False
70,930.0,709,42956,0.15,0.2179331961768062,121.07517358399991,True,False
71,570.0,531,43487,0.15,0.22106718308659215,122.67993487499984,True,False
72,400.0,445,43932,0.15,0.21451432025060058,124.00667387499993,True,False
73,430.0,504,44436,0.15,0.24166390984245237,125.45708083399995,True,False
74,940.0,713,45149,0.15,0.23333507625574476,127.50572491699995,True,False
75,680.0,612,45761,0.15,0.24394025122807697,129.29388099999983,True,False
76,360.0,419,46180,0.15,0.23359998569247267,131.2951727499999,True,False
77,800.0,683,46863,0.15,0.23072565303129308,133.25006070899985,True,False
78,1090.0,847,47710,0.15,0.249219422035341,135.6788964169998,True,False
79,700.0,717,48427,0.15,0.2369560790378288,137.72749170899988,True,False
80,1370.0,1392,49819,0.15,0.23014493755482393,141.70769912499986,True,False
81,560.0,480,50299,0.15,0.2180095022233824,143.10426245899998,True,False
82,1190.0,611,50910,0.15,0.2358154541405003,144.8671781669998,True,False
83,560.0,530,51440,0.15,0.2419244180664532,146.4130329589998,True,False
84,460.0,503,51943,0.15,0.24374550913274287,147.87719179199985,True,False
85,1670.0,984,52927,0.15,0.24331045074282381,150.7299436249998,True,False
86,470.0,547,53474,0.15,0.24799105894826626,152.3028072499999,True,False
87,640.0,728,54202,0.15,0.24701273813843727,154.38992037499997,True,False
88,870.0,1091,55293,0.15,0.2406791257416154,157.50311904199998,True,False
89,1090.0,907,56200,0.15,0.23044890987518601,160.11263574999998,True,False
90,490.0,567,56767,0.15,0.2378857725478233,161.7356672919998,True,False
91,560.0,578,57345,0.15,0.22873466568517273,163.40341429199998,True,False
92,630.0,633,57978,0.15,0.2423708883550348,165.2328152089999,True,False
93,1180.0,644,58622,0.15,0.232021229642426,167.10471537499984,True,False
94,770.0,669,59291,0.15,0.2574836668853988,169.03796149999994,True,False
95,1520.0,740,60031,0.15,0.26124339017110904,171.17261829199992,True,False
96,470.0,465,60496,0.15,0.237429377121421,172.532445542,True,False
97,380.0,451,60947,0.15,0.23722293148083345,173.84409270899982,True,False
98,740.0,600,61547,0.15,0.2464051259557406,175.5507504169998,True,False
99,520.0,417,61964,0.15,0.2493456010662374,176.79739299999983,True,False
100,580.0,467,62431,0.15,0.2497869111147934,178.26085145899992,True,False
101,710.0,627,63058,0.15,0.2526809677220644,180.87305154199998,True,False
102,530.0,543,63601,0.15,0.2518664275857565,182.45219504199986,True,False
103,530.0,450,64051,0.15,0.22161779348139785,183.7417667499999,True,False
104,230.0,362,64413,0.15,0.2334561391968976,184.81007124999996,True,False
105,370.0,474,64887,0.15,0.24350722853915166,186.20841866699993,True,False
106,1360.0,1007,65894,0.15,0.25481315051752423,189.14846049999983,True,False
107,500.0,495,66389,0.15,0.23880417638969037,190.66010308399996,True,False
108,1040.0,844,67233,0.15,0.2430044229173265,193.09604512499982,True,False
109,500.0,415,67648,0.15,0.29731012483199054,194.30434983399982,True,False
110,750.0,472,68120,0.15,0.2675640574830063,195.72545924999986,True,False
111,220.0,323,68443,0.15,0.25387317752465605,196.6603272499999,True,False
112,680.0,714,69157,0.15,0.2667852855032549,198.73154974999989,True,False
113,340.0,385,69542,0.15,0.2502749656171848,199.87775158399995,True,False
114,1300.0,765,70307,0.15,0.28520750880475443,202.1468857089999,True,False
115,1180.0,884,71191,0.15,0.27182732911873186,204.72642408399997,True,False
116,860.0,753,71944,0.15,0.27434187250399084,206.96378749999985,True,False
117,990.0,735,72679,0.15,0.28386503337918084,209.0809019589999,True,False
118,580.0,581,73260,0.15,0.2699539966830244,210.77031729199985,True,False
119,930.0,715,73975,0.15,0.27394191104542004,212.85292083399986,True,False
120,320.0,406,74381,0.15,0.28649471272878785,214.082451709,True,False
121,790.0,648,75029,0.15,0.284539545253839,216.01104758399993,True,False
122,250.0,377,75406,0.15,0.2503338803319221,217.10620874999995,True,False
123,800.0,518,75924,0.15,0.26591474517033653,218.6784483749998,True,False
124,750.0,646,76570,0.15,0.26328145541389536,220.54724995899983,True,False
125,450.0,455,77025,0.15,0.2593497532959047,221.87924295899984,True,False
126,860.0,823,77848,0.15,0.28432285405912444,225.00248454199982,True,False
127,930.0,637,78485,0.15,0.2722062851601052,226.847579709,True,False
128,740.0,617,79102,0.15,0.26932594296220064,228.64987395899993,True,False
129,380.0,472,79574,0.15,0.263059044825071,230.02397541699997,True,False
130,500.0,475,80049,0.15,0.27700717236940603,231.39496437499997,True,False
131,370.0,358,80407,0.15,0.2835253214651949,232.4544065,True,False
132,420.0,474,80881,0.15,0.2862853816076487,233.84429966699986,True,False
133,310.0,476,81357,0.15,0.2825867871151251,235.2256505419998,True,False
134,500.0,449,81806,0.15,0.29020933707111646,236.5643021249998,True,False
135,1100.0,725,82531,0.15,0.2892994852067687,238.643924084,True,False
136,360.0,410,82941,0.15,0.32298387084337116,239.8467925839998,True,False
137,360.0,430,83371,0.15,0.34060174717663605,241.08609354199984,True,False
138,900.0,652,84023,0.15,0.2737508773392329,243.02620691699985,True,False
139,610.0,582,84605,0.15,0.28933836195668944,244.71066337499997,True,False
140,400.0,444,85049,0.15,0.2644967011234782,246.00965458399992,True,False
141,740.0,893,85942,0.15,0.28890194237699957,248.5694242919999,True,False
142,500.0,584,86526,0.15,0.31792598309582226,250.27405220899982,True,False
143,3010.0,888,87414,0.15,0.28382099448359227,252.82843104199992,True,False
144,1070.0,667,88081,0.15,0.2835646824253176,254.76657987499993,True,False
145,650.0,558,88639,0.15,0.29716661067264116,256.38781508399984,True,False
146,370.0,453,89092,0.15,0.2898200131429915,257.7086385419998,True,False
147,570.0,579,89671,0.15,0.2575643575983122,259.41365837499984,True,False
148,1100.0,909,90580,0.15,0.28890410341779915,262.0300310419998,True,False
149,360.0,423,91003,0.15,0.31924090860855014,263.240883167,True,False
150,760.0,523,91526,0.15,0.2895495459607994,264.75577762499984,True,False
151,960.0,714,92240,0.15,0.2678137699547926,267.3814062089998,True,False
152,1220.0,583,92823,0.15,0.2654533682583735,269.07607970899994,True,False
153,1040.0,565,93388,0.15,0.28560363141898537,270.7518574999999,True,False
154,570.0,582,93970,0.15,0.3138714523664836,272.46115166699997,True,False
155,330.0,446,94416,0.15,0.28574412665329874,273.751946459,True,False
156,310.0,408,94824,0.15,0.3257459371040265,274.9466692919998,True,False
157,1190.0,741,95565,0.15,0.3160553809557412,277.109987584,True,False
158,520.0,430,95995,0.15,0.31311444388093235,278.369529459,True,False
159,430.0,515,96510,0.15,0.33473965020258295,279.96127895899986,True,False
160,720.0,641,97151,0.15,0.3191107357153669,281.81472004199986,True,False
161,320.0,373,97524,0.15,0.3741896243647058,282.97318866699993,True,False
162,350.0,511,98035,0.15,0.2643027213497425,284.4931406249998,True,False
163,1330.0,675,98710,0.15,0.3050690772089027,286.47885862499993,True,False
164,510.0,531,99241,0.15,0.2958329125846687,288.10669504199996,True,False
165,1180.0,618,99859,0.15,0.315860351813691,289.9050891669999,True,False
166,810.0,624,100483,0.15,0.3058619787200139,291.6979547919998,True,False
167,380.0,352,100835,0.15,0.3030286525714804,292.7628118339999,True,False
168,480.0,473,101308,0.15,0.3255539678287606,294.165980042,True,False
169,820.0,687,101995,0.15,0.31869338487672527,296.148764542,True,False
170,480.0,487,102482,0.15,0.342543045883296,297.5583295419999,True,False
171,900.0,691,103173,0.15,0.30395003266072684,299.548433209,True,False
172,850.0,991,104164,0.15,0.29876391798438084,302.42146583399995,True,False
173,740.0,687,104851,0.15,0.2886955837408702,304.42233599999986,True,False
174,300.0,319,105170,0.15,0.31562344622798266,305.4835671249998,True,False
175,580.0,453,105623,0.15,0.311882025273764,306.8424847919998,True,False
176,530.0,492,106115,0.15,0.33049593859814047,309.08571366699994,True,False
177,360.0,359,106474,0.15,0.30683587342500684,310.1371604169999,True,False
178,690.0,576,107050,0.15,0.30286513457799125,311.7919882499998,True,False
179,980.0,1115,108165,0.15,0.31817844419282826,314.9883078339999,True,False
180,740.0,694,108859,0.15,0.3095019466399802,317.0056754999998,True,False
181,580.0,554,109413,0.15,0.311104642883908,318.69838879199983,True,False
182,480.0,474,109887,0.15,0.32690115822321275,320.10407124999983,True,False
183,500.0,573,110460,0.15,0.32105626279695165,321.7731891669998,True,False
184,420.0,420,110880,0.15,0.28378520764055704,323.05604308399984,True,False
185,320.0,334,111214,0.15,0.3449784589549863,324.12222099999985,True,False
186,480.0,432,111646,0.15,0.3107441707203786,325.3817644999999,True,False
187,470.0,413,112059,0.15,0.29466439704003844,326.6204511669998,True,False
188,290.0,346,112405,0.15,0.36457104340795127,327.6519639589999,True,False
189,790.0,653,113058,0.15,0.3320549654722945,329.5640222919999,True,False
190,1250.0,787,113845,0.15,0.32183080259237795,331.9715501249998,True,False
191,510.0,478,114323,0.15,0.3256459020140792,333.3478286249999,True,False
192,450.0,411,114734,0.15,0.29819082324076623,334.60917537499995,True,False
193,2340.0,864,115598,0.15,0.3137315294308657,337.1145944169998,True,False
194,1980.0,964,116562,0.15,0.32296051370961537,339.93216937499983,True,False
195,440.0,517,117079,0.15,0.35520350202456,341.4299344589999,True,False
196,410.0,485,117564,0.15,0.32694609084578813,342.88010504199997,True,False
197,870.0,758,118322,0.15,0.34230272355612623,345.1490709589998,True,False
198,580.0,718,119040,0.15,0.3235519391794999,347.2566327919999,True,False
199,500.0,471,119511,0.15,0.3511979898963219,348.6209037499998,True,False
200,290.0,400,119911,0.15,0.3554390364140272,349.778528459,True,False
201,640.0,595,120506,0.15,0.3339550710914519,352.43839358399987,True,False
202,620.0,526,121032,0.15,0.37426713735542516,354.01633541699994,True,False
203,400.0,408,121440,0.15,0.3486377695100565,355.2083531669998,True,False
204,770.0,691,122131,0.15,0.35855747923948045,357.2197447919998,True,False
205,510.0,550,122681,0.15,0.374828513117804,358.9018501669998,True,False
206,340.0,498,123179,0.15,0.36985880220609324,360.36774341699993,True,False
207,390.0,464,123643,0.15,0.330378122338704,361.7225427919998,True,False
208,2690.0,1229,124872,0.15,0.36114393547177315,365.2987129169999,True,False
209,760.0,769,125641,0.15,0.35089543209566426,367.5093735419998,True,False
210,750.0,831,126472,0.15,0.331207018560515,369.9918511669998,True,False
211,800.0,714,127186,0.15,0.37326793887474563,372.0762440839999,True,False
212,640.0,499,127685,0.15,0.3551190042793751,373.51749604199995,True,False
213,850.0,788,128473,0.15,0.3653874258099474,375.840170209,True,False
214,2470.0,906,129379,0.15,0.31705562585750513,378.4967193749999,True,False
215,820.0,689,130068,0.15,0.3018711217049229,380.52357708399995,True,False
216,490.0,530,130598,0.15,0.3271569941531528,382.0714620419999,True,False
217,1520.0,829,131427,0.15,0.33498925119998374,384.47448670899985,True,False
218,540.0,468,131895,0.15,0.3476103245893605,385.8571609169999,True,False
219,390.0,438,132333,0.15,0.3041914697736502,387.141098459,True,False
220,690.0,721,133054,0.15,0.34600958964890904,389.2475837499999,True,False
221,700.0,678,133732,0.15,0.36743247143047697,391.2442820839999,True,False
222,300.0,385,134117,0.15,0.29094999593993026,392.38702820899994,True,False
223,530.0,452,134569,0.15,0.3329002998967086,393.7060433749998,True,False
224,1780.0,894,135463,0.15,0.30293812210182974,396.326109375,True,False
225,620.0,862,136325,0.15,0.31852826414008933,398.81780179199995,True,False
226,1060.0,693,137018,0.15,0.3901711642914425,401.6246404589999,True,False
227,760.0,536,137554,0.15,0.3216341998872917,403.17206429199996,True,False
228,470.0,457,138011,0.15,0.3629727915517594,404.488858167,True,False
229,480.0,528,138539,0.15,0.3103107734103546,406.03659683399997,True,False
230,2320.0,832,139371,0.15,0.37162474705837667,408.4298487919998,True,False
231,590.0,501,139872,0.15,0.34942047034818974,409.906215084,True,False
232,750.0,689,140561,0.15,0.32995870692092316,411.902161,True,False
233,540.0,601,141162,0.15,0.31152842013786236,413.6388663339999,True,False
234,440.0,470,141632,0.15,0.362006246475345,415.0298672089998,True,False
235,750.0,675,142307,0.15,0.3808548560454732,417.0118330839998,True,False
236,380.0,393,142700,0.15,0.2889995849644295,418.2072751669998,True,False
237,350.0,423,143123,0.15,0.3182118935244424,419.438778792,True,False
238,470.0,451,143574,0.15,0.32966624266278427,420.80926675,True,False
239,350.0,409,143983,0.15,0.3026833364411312,422.028337084,True,False
240,1350.0,781,144764,0.15,0.32780143318279664,424.3254649589999,True,False
241,740.0,736,145500,0.15,0.348187064509029,426.52226070899997,True,False
242,1280.0,772,146272,0.15,0.3674316279049673,429.0831820839999,True,False
243,1220.0,850,147122,0.15,0.3596946262350341,431.59376595899994,True,False
244,670.0,564,147686,0.15,0.33498421033963244,433.3374315419999,True,False
245,490.0,559,148245,0.15,0.3473889418478523,435.00066337499993,True,False
246,530.0,577,148822,0.15,0.3013039551054438,436.7194351249998,True,False
247,570.0,649,149471,0.15,0.325246960338619,438.6564349999999,True,False
248,1010.0,676,150147,0.15,0.32783745793548563,440.64729158399996,True,False
249,730.0,554,150701,0.15,0.3611990056074352,442.3394590419998,True,False
250,640.0,837,151538,0.15,0.3222522534536973,444.7428836669999,True,False
251,820.0,646,152184,0.15,0.3416275629934705,447.3831346249999,True,False
252,1420.0,830,153014,0.15,0.34985586029032,449.7927549589999,True,False
253,890.0,613,153627,0.15,0.35267601167064866,451.5627112919999,True,False
254,820.0,766,154393,0.15,0.3653038952033967,453.796209375,True,False
255,810.0,650,155043,0.15,0.3383050998327909,455.6713572499998,True,False
256,1330.0,893,155936,0.15,0.34203035595627235,458.305753334,True,False
257,710.0,589,156525,0.15,0.32972940212102975,460.03299012499997,True,False
258,520.0,461,156986,0.15,0.31249975011400555,461.372259709,True,False
259,930.0,634,157620,0.15,0.34609594158593965,463.2209977499999,True,False
260,650.0,775,158395,0.15,0.34594714583664976,465.472395667,True,False
261,640.0,542,158937,0.15,0.3244212512474726,467.13243895899996,True,False
262,630.0,621,159558,0.15,0.3033298252210502,469.0226076669999,True,False
263,720.0,680,160238,0.15,0.3401774041354656,471.03216774999987,True,False
264,730.0,760,160998,0.15,0.35659339873022156,473.265921167,True,False
265,400.0,411,161409,0.15,0.297099105435089,474.50724416699995,True,False
266,730.0,462,161871,0.15,0.37730380704869393,475.890096375,True,False
267,550.0,594,162465,0.15,0.32561237590024933,477.6171701249998,True,False
268,620.0,612,163077,0.15,0.34350200405259146,479.39784291699993,True,False
269,750.0,641,163718,0.15,0.3204748780699447,481.24618424999994,True,False
270,310.0,410,164128,0.15,0.35974259906023454,482.4521247089999,True,False
271,760.0,765,164893,0.15,0.3418633881663777,484.8967067499998,True,False
272,770.0,650,165543,0.15,0.32554666608296057,486.80457691699985,True,False
273,480.0,693,166236,0.15,0.32109566058578165,488.8255126669999,True,False
274,930.0,632,166868,0.15,0.31511666852084896,490.6649340839999,True,False
275,1350.0,701,167569,0.15,0.38089458727410863,492.7202169169998,True,False
276,520.0,482,168051,0.15,0.3404808480292559,494.8021793749999,True,False
277,1050.0,680,168731,0.15,0.34979961790582714,496.78539383399993,True,False
278,370.0,500,169231,0.15,0.3717517520189285,498.4519950839999,True,False
279,600.0,685,169916,0.15,0.35811851368567277,500.5706859999998,True,False
280,1170.0,865,170781,0.15,0.34945144940650574,503.078838875,True,False
281,730.0,614,171395,0.15,0.35001973995293667,504.881774125,True,False
282,1030.0,823,172218,0.15,0.3126293207039532,507.28452241699983,True,False
283,510.0,474,172692,0.15,0.3963428467136471,508.7274317089998,True,False
284,390.0,363,173055,0.15,0.3186631698989206,509.8024486669999,True,False
285,760.0,657,173712,0.15,0.33030504326928745,511.7124548339998,True,False
286,440.0,546,174258,0.15,0.3584815803915262,513.3365523339999,True,False
287,400.0,388,174646,0.15,0.3569385301821011,514.5345867499998,True,False
288,700.0,608,175254,0.15,0.3606822920571032,516.485998917,True,False
289,640.0,760,176014,0.15,0.3637086935341358,518.7248924589999,True,False
290,420.0,393,176407,0.15,0.40582482334302394,520.210315584,True,False
291,970.0,829,177236,0.15,0.39120772489919686,522.8697341249999,True,False
292,970.0,911,178147,0.15,0.38833625683569173,525.826813917,True,False
293,420.0,507,178654,0.15,0.350376764385719,527.450152209,True,False
294,670.0,697,179351,0.15,0.3676735668004244,529.533130625,True,False
295,840.0,588,179939,0.15,0.38252524200345384,531.380213292,True,False
296,380.0,456,180395,0.15,0.38136897654386986,532.7707170839999,True,False
297,1020.0,711,181106,0.15,0.33992078398050884,534.898220417,True,False
298,1030.0,576,181682,0.15,0.36488256567261285,536.6154578339999,True,False
299,850.0,803,182485,0.15,0.36320690325095284,539.3804473339999,True,False
300,230.0,309,182794,0.15,0.357820466257535,540.3439909169999,True,False
301,730.0,533,183327,0.15,0.33853857149194955,542.8127540839998,True,False
302,330.0,372,183699,0.15,0.370874517547187,543.9544663749998,True,False
303,220.0,390,184089,0.15,0.3837418811281725,545.1013190839999,True,False
304,670.0,908,184997,0.15,0.3810714161277868,547.8600384169999,True,False
305,830.0,614,185611,0.15,0.37454067146271663,549.7418404169998,True,False
306,540.0,501,186112,0.15,0.36794576167114196,551.2453712089998,True,False
307,570.0,480,186592,0.15,0.4000837953140338,552.8825106669999,True,False
308,360.0,446,187038,0.15,0.3118568432962035,554.4501077089999,True,False
309,560.0,829,187867,0.15,0.40161290581243625,556.9857622089999,True,False
310,370.0,442,188309,0.15,0.3728655292107178,558.414347792,True,False
311,420.0,483,188792,0.15,0.3003015084700151,560.173772959,True,False
312,330.0,431,189223,0.15,0.3958856721417369,561.8562466249998,True,False
313,1320.0,899,190122,0.15,0.33460871355401145,564.562672542,True,False
314,370.0,406,190528,0.15,0.32448746315112303,565.8876782919999,True,False
315,2390.0,768,191296,0.15,0.3648365252884105,568.3969452499998,True,False
316,710.0,672,191968,0.15,0.3844173120423442,570.8071491249998,True,False
317,710.0,668,192636,0.15,0.35623560999771076,572.8311766669999,True,False
318,1090.0,876,193512,0.15,0.3612371658115354,575.701426375,True,False
319,600.0,475,193987,0.15,0.40816354195950394,577.1663692089999,True,False
320,970.0,612,194599,0.15,0.3167734296103708,579.120678542,True,False
321,1050.0,775,195374,0.15,0.36426664524010777,581.494271459,True,False
322,430.0,479,195853,0.15,0.3559148611500859,582.9832423339999,True,False
323,1420.0,777,196630,0.15,0.3754991919723983,585.2862808749999,True,False
324,600.0,515,197145,0.15,0.37990104228027105,586.809453375,True,False
325,420.0,370,197515,0.15,0.36185395847196167,587.888836417,True,False
326,530.0,465,197980,0.15,0.36289115043150055,590.116556042,True,False
327,1100.0,861,198841,0.15,0.37626772661541785,592.691235542,True,False
328,1350.0,829,199670,0.15,0.39541271980401976,595.0872047089999,True,False
329,260.0,355,200025,0.15,0.34917346358801543,596.1439175419998,True,False
330,630.0,636,200661,0.15,0.36140028888699394,598.0037118749999,True,False
331,1320.0,742,201403,0.15,0.42079450568637333,600.17041675,True,False
332,350.0,437,201840,0.15,0.33419075879183685,601.4470835,True,False
333,1120.0,816,202656,0.15,0.36758662917304274,603.857117542,True,False
334,380.0,402,203058,0.15,0.4295296975970268,605.08016275,True,False
335,470.0,491,203549,0.15,0.377447912726945,606.5135432919999,True,False
336,570.0,474,204023,0.15,0.33260608409231496,607.8879938339999,True,False
337,1600.0,976,204999,0.15,0.40685127927448417,610.7037061669998,True,False
338,1030.0,1015,206014,0.15,0.39418532401616646,613.6522626249998,True,False
339,410.0,508,206522,0.15,0.37060846511538575,615.167237917,True,False
340,2090.0,691,207213,0.15,0.3951091305541165,617.192996,True,False
341,980.0,719,207932,0.15,0.4268874570520388,619.3958034589998,True,False
342,420.0,418,208350,0.15,0.3679293349671822,620.6558615839999,True,False
343,220.0,337,208687,0.15,0.3760833956212515,621.6444360419998,True,False
344,340.0,507,209194,0.15,0.4079246126760648,623.1455302919999,True,False
345,260.0,388,209582,0.15,0.45913145184209664,624.3252914169998,True,False
346,300.0,354,209936,0.15,0.38578903013735677,625.3892014589999,True,False
347,650.0,622,210558,0.15,0.3969943858442768,627.2026147919998,True,False
348,370.0,444,211002,0.15,0.38536248228571435,628.5516615419999,True,False
349,680.0,545,211547,0.15,0.3967964889152962,630.1524308339999,True,False
350,940.0,763,212310,0.15,0.37150735326150325,632.3656261249998,True,False
351,2140.0,635,212945,0.15,0.3833376482691405,635.181272417,True,False
352,810.0,599,213544,0.15,0.4195086372892062,636.9688134169999,True,False
353,530.0,489,214033,0.15,0.4554178580397465,638.4094560419999,True,False
354,840.0,640,214673,0.15,0.4171044307295233,640.296697709,True,False
355,310.0,418,215091,0.15,0.405287643464712,641.529556,True,False
356,1200.0,642,215733,0.15,0.4111138689129249,643.422768875,True,False
357,390.0,451,216184,0.15,0.35889359352599204,644.779346542,True,False
358,370.0,360,216544,0.15,0.38500696958767044,645.8341907919998,True,False
359,1780.0,949,217493,0.15,0.42162890219864463,648.6231989999999,True,False
360,1010.0,638,218131,0.15,0.40785286870767484,650.4885926669999,True,False
361,370.0,444,218575,0.15,0.4087355126131762,651.792139875,True,False
362,980.0,796,219371,0.15,0.415953274235953,654.1688664169999,True,False
363,1150.0,842,220213,0.15,0.4309535823691795,656.627686584,True,False
364,860.0,649,220862,0.15,0.34585924276415214,658.5455440839999,True,False
365,1370.0,939,221801,0.15,0.40288008340495696,661.2763387919999,True,False
366,440.0,428,222229,0.15,0.3715867996912136,662.545860709,True,False
367,570.0,609,222838,0.15,0.4049087263104555,664.29960725,True,False
368,1150.0,847,223685,0.15,0.3834391289021609,666.737554542,True,False
369,450.0,454,224139,0.15,0.3608882182599169,668.0733103749999,True,False
370,1030.0,848,224987,0.15,0.3892492625756927,670.626796625,True,False
371,480.0,624,225611,0.15,0.4316319967978276,672.4476959589999,True,False
372,560.0,480,226091,0.15,0.3955190792058905,673.8502697089998,True,False
373,670.0,502,226593,0.15,0.4193308927000515,675.3323477499998,True,False
374,350.0,497,227090,0.15,0.3701153876440179,676.8213947499999,True,False
375,360.0,364,227454,0.15,0.3798911035634004,677.9020640419999,True,False
376,450.0,455,227909,0.15,0.3611975273672949,679.938654542,True,False
377,1180.0,623,228532,0.15,0.3793333622220999,681.7440354589999,True,False
378,460.0,426,228958,0.15,0.39988514197603714,683.011210875,True,False
379,420.0,392,229350,0.15,0.37063984679324286,684.1801940419998,True,False
380,550.0,627,229977,0.15,0.4051135912727398,686.0096697499998,True,False
381,530.0,466,230443,0.15,0.38067947045482436,687.3620139589998,True,False
382,350.0,422,230865,0.15,0.3659738813228202,688.6331165839999,True,False
383,250.0,360,231225,0.15,0.43528980852829086,689.6809134589998,True,False
384,1160.0,843,232068,0.15,0.4220225490735605,692.1738611249998,True,False
385,510.0,473,232541,0.15,0.38252949512611,693.54235275,True,False
386,960.0,650,233191,0.15,0.39733004565408203,695.439053542,True,False
387,510.0,558,233749,0.15,0.39584950128836294,697.0626420419999,True,False
388,390.0,415,234164,0.15,0.40843942761421204,698.4002712089998,True,False
389,330.0,449,234613,0.15,0.4045262119200613,699.7067694999998,True,False
390,800.0,733,235346,0.15,0.39989976658195747,701.857158584,True,False
391,1040.0,703,236049,0.15,0.43006560854105785,703.9087528339999,True,False
392,810.0,657,236706,0.15,0.40769741815946453,705.817341709,True,False
393,1130.0,698,237404,0.15,0.3588932425635202,707.85805725,True,False
394,910.0,686,238090,0.15,0.4067934470044242,709.8603504169998,True,False
395,540.0,614,238704,0.15,0.37164202085756637,711.660099,True,False
396,1560.0,892,239596,0.15,0.3602268885269828,714.3044143339998,True,False
397,490.0,437,240033,0.15,0.3719560107506743,715.575774875,True,False
398,310.0,434,240467,0.15,0.4130239437023799,716.855533834,True,False
399,370.0,421,240888,0.15,0.38521889604206355,718.1217064169998,True,False
400,840.0,628,241516,0.15,0.34872017060495486,719.9813985419999,True,False
401,1010.0,846,242362,0.15,0.42400033245860685,723.1105217499999,True,False
402,220.0,372,242734,0.15,0.362160742443095,724.2168900839999,True,False
403,270.0,427,243161,0.15,0.39062611835303707,725.4651906249999,True,False
404,760.0,668,243829,0.15,0.4091531073975706,727.4096945419999,True,False
405,1150.0,718,244547,0.15,0.39695265387606354,729.5051758339998,True,False
406,400.0,512,245059,0.15,0.36319390407879837,731.0256389169999,True,False
407,370.0,405,245464,0.15,0.38124802233833893,732.2576582919999,True,False
408,520.0,628,246092,0.15,0.4149075078831357,734.151549834,True,False
409,690.0,678,246770,0.15,0.4103713517005627,736.2026660419999,True,False
410,850.0,597,247367,0.15,0.4266832307881157,737.945563709,True,False
411,880.0,710,248077,0.15,0.4053883193835114,740.0538050419998,True,False
412,1120.0,861,248938,0.15,0.38728748303513194,742.5638589999999,True,False
413,770.0,552,249490,0.15,0.39536508788233216,744.2161998749998,True,False
414,1000.0,596,250086,0.15,0.39267882772240065,745.957546334,True,False
415,1120.0,1011,251097,0.15,0.35936147048185935,748.8609040419999,True,False
416,2040.0,719,251816,0.15,0.37449941233628325,750.971015292,True,False
417,520.0,520,252336,0.15,0.3993570286494035,752.506504084,True,False
418,1200.0,760,253096,0.15,0.3338099807892975,754.7264676249999,True,False
419,190.0,321,253417,0.15,0.3766970437951386,755.6800898749998,True,False
420,280.0,400,253817,0.15,0.4121666789799929,756.860977542,True,False
421,360.0,379,254196,0.15,0.376850589090272,757.9929884589999,True,False
422,930.0,694,254890,0.15,0.36488997738140855,760.0165463339999,True,False
423,400.0,504,255394,0.15,0.3503788530471779,761.514534834,True,False
424,370.0,399,255793,0.15,0.37189948454499244,762.689365125,True,False
425,310.0,399,256192,0.15,0.3456053811684251,763.8546074169999,True,False
426,1090.0,829,257021,0.15,0.3938248440767256,767.2085407919999,True,False
427,300.0,324,257345,0.15,0.41897106566178943,768.2352643749998,True,False
428,360.0,452,257797,0.15,0.4027685035778358,769.5545226669999,True,False
429,340.0,403,258200,0.15,0.35815389860089464,770.7602058339999,True,False
430,650.0,618,258818,0.15,0.35937901334716127,772.5661434589999,True,False
431,410.0,473,259291,0.15,0.3749407010815911,773.9504134169999,True,False
432,300.0,372,259663,0.15,0.36737931527758155,775.0577079999998,True,False
433,400.0,480,260143,0.15,0.3864329326276978,776.4767139589999,True,False
434,400.0,400,260543,0.15,0.355149355866015,777.6502349589998,True,False
435,500.0,510,261053,0.15,0.35122813808266073,779.1252052089999,True,False
436,520.0,446,261499,0.15,0.388863439092765,780.4256604589998,True,False
437,940.0,627,262126,0.15,0.3728114896614081,782.2471007919999,True,False
438,1210.0,716,262842,0.15,0.3603153549467718,784.3289158749999,True,False
439,680.0,485,263327,0.15,0.43683656391279757,785.7309854999999,True,False
440,450.0,525,263852,0.15,0.388075955550779,787.27901675,True,False
441,190.0,336,264188,0.15,0.3486818040588072,788.3053721249998,True,False
442,580.0,581,264769,0.15,0.4031454107884703,790.028616542,True,False
443,590.0,557,265326,0.15,0.38763070974847397,791.6861879169999,True,False
444,680.0,484,265810,0.15,0.3873870958350907,793.1694473339999,True,False
445,660.0,509,266319,0.15,0.41885152705541745,794.6650760839998,True,False
446,1290.0,652,266971,0.15,0.38005266265452275,796.5851559589998,True,False
447,480.0,529,267500,0.15,0.38551664643717887,798.1489967919999,True,False
448,790.0,602,268102,0.15,0.3739000820368528,799.8737695,True,False
449,570.0,428,268530,0.15,0.39786816659931823,801.1973062919999,True,False
450,1280.0,806,269336,0.15,0.3699750063000339,803.5601066669999,True,False
451,800.0,714,270050,0.15,0.4097822640467896,806.4797820419999,True,False
452,980.0,844,270894,0.15,0.4249166018766532,808.9141621669999,True,False
453,590.0,528,271422,0.15,0.36924173400709126,810.460226209,True,False
454,300.0,361,271783,0.15,0.3899978400932418,811.5283419999998,True,False
455,320.0,430,272213,0.15,0.3460615256939221,812.7950633339999,True,False
456,1480.0,720,272933,0.15,0.38028799841801325,814.8969519589998,True,False
457,2370.0,1016,273949,0.15,0.37649492664247985,817.8492837919998,True,False
458,1030.0,663,274612,0.15,0.41843942256577044,819.7797457089998,True,False
459,360.0,460,275072,0.15,0.41695021267818366,821.1605104169998,True,False
460,960.0,563,275635,0.15,0.43678039046270506,822.8838941669999,True,False
461,1880.0,978,276613,0.15,0.43416268320716156,825.8033698749998,True,False
462,390.0,364,276977,0.15,0.36425032835085314,826.9075090419999,True,False
463,270.0,398,277375,0.15,0.45143880868198893,828.0940397499999,True,False
464,480.0,544,277919,0.15,0.410776730024201,829.6720432919999,True,False
465,660.0,625,278544,0.15,0.3560825034881094,831.5301946249999,True,False
466,1110.0,829,279373,0.15,0.38607147868704683,833.9753935839999,True,False
467,380.0,427,279800,0.15,0.38729881766800567,835.2283593749999,True,False
468,890.0,585,280385,0.15,0.42882982830274596,836.9172438339999,True,False
469,470.0,526,280911,0.15,0.3786873999442763,838.433696459,True,False
470,1170.0,876,281787,0.15,0.37223533598799685,841.2060865419999,True,False
471,1010.0,992,282779,0.15,0.40373286625911153,844.435437375,True,False
472,480.0,412,283191,0.15,0.37948790264939797,845.6472402499999,True,False
473,510.0,573,283764,0.15,0.39015463537847,847.3394721249999,True,False
474,1110.0,804,284568,0.15,0.40834749823630745,849.6417597919999,True,False
475,730.0,551,285119,0.15,0.36233387251187416,851.2460551669999,True,False
476,500.0,546,285665,0.15,0.4410736618468361,854.017326875,True,False
477,430.0,410,286075,0.15,0.4347699134811467,855.2084622089999,True,False
478,1500.0,730,286805,0.15,0.40019270912057064,857.311096959,True,False
479,940.0,857,287662,0.15,0.3988564088592462,859.798261167,True,False
480,390.0,485,288147,0.15,0.37941764276628653,861.206039125,True,False
481,450.0,486,288633,0.15,0.3948114580917554,862.6460253749999,True,False
482,1120.0,894,289527,0.15,0.4192270500911191,865.2217650839998,True,False
483,1500.0,741,290268,0.15,0.44737767508273485,867.3975707089999,True,False
484,360.0,360,290628,0.15,0.33669694488247237,868.4914219999998,True,False
485,530.0,463,291091,0.15,0.3609967840754468,869.8474099589998,True,False
486,440.0,475,291566,0.15,0.3766652484651373,871.2311328339999,True,False
487,370.0,381,291947,0.15,0.36834880105758966,872.335621792,True,False
488,1280.0,545,292492,0.15,0.3953763408599979,873.9114557089999,True,False
489,320.0,429,292921,0.15,0.44299383308285867,875.157338709,True,False
490,860.0,642,293563,0.15,0.43713590148836373,877.028425709,True,False
491,480.0,599,294162,0.15,0.41683645273248354,878.7746923339998,True,False
492,790.0,571,294733,0.15,0.4333812913798786,880.45187425,True,False
493,850.0,839,295572,0.15,0.45339626457009996,882.8952850419998,True,False
494,1080.0,864,296436,0.15,0.408406892515443,885.434075917,True,False
495,1630.0,1069,297505,0.15,0.46749743308578984,888.5272473749999,True,False
496,680.0,528,298033,0.15,0.42988615065361513,890.1027234169999,True,False
497,420.0,467,298500,0.15,0.4093215168796034,891.456597334,True,False
498,1250.0,532,299032,0.15,0.4320177175384715,893.017825834,True,False
499,530.0,548,299580,0.15,0.3950955302175814,894.6303902089999,True,False
500,380.0,424,300004,0.15,0.42686323554448363,895.856648084,True,False
501,830.0,548,300552,0.15,0.4331593122469248,898.2544039999998,True,False
502,280.0,411,300963,0.15,0.419716690539145,899.436132459,True,False
503,1000.0,835,301798,0.15,0.4227330707120553,902.0199548749999,True,False
504,590.0,505,302303,0.15,0.37730331618397955,903.8562152089999,True,False
505,1550.0,805,303108,0.15,0.41245536498799185,906.2787737499998,True,False
506,770.0,689,303797,0.15,0.42193920646122723,908.3142600419999,True,False
507,760.0,697,304494,0.15,0.38981355803793877,910.353652667,True,False
508,2340.0,846,305340,0.15,0.41305454802822394,912.817126334,True,False
509,490.0,469,305809,0.15,0.42637218528578424,914.2062812089998,True,False
510,810.0,613,306422,0.15,0.4249404935178414,916.0052874590001,True,False
511,480.0,520,306942,0.15,0.3828698650575601,917.5289558750001,True,False
512,790.0,626,307568,0.15,0.40950404136044205,919.3889467499998,True,False
513,480.0,531,308099,0.15,0.41980301453308627,920.961094584,True,False
514,1270.0,694,308793,0.15,0.4455903720153474,922.9946640419998,True,False
515,470.0,616,309409,0.15,0.45996144525222965,924.8135797089999,True,False
516,450.0,528,309937,0.15,0.41762841916219756,926.3927241249999,True,False
517,750.0,757,310694,0.15,0.38189689322281134,928.6151734589998,True,False
518,460.0,469,311163,0.15,0.46016954757973677,929.992366042,True,False
519,1060.0,724,311887,0.15,0.40666072087063976,932.11249675,True,False
520,970.0,914,312801,0.15,0.3880565002495545,934.8326724999997,True,False
521,510.0,518,313319,0.15,0.39363884342502253,936.3701093750001,True,False
522,840.0,673,313992,0.15,0.3806969204245234,938.3608711249999,True,False
523,1340.0,906,314898,0.15,0.38667583531510513,941.0107360419997,True,False
524,1420.0,805,315703,0.15,0.3993113544301607,943.4005509999997,True,False
525,730.0,622,316325,0.15,0.4285112641847286,945.249738,True,False
526,610.0,486,316811,0.15,0.4013441001211316,947.4010684589998,True,False
527,490.0,486,317297,0.15,0.4093404395169899,948.8692488339998,True,False
528,670.0,552,317849,0.15,0.3753689296435619,950.4990278749997,True,False
529,860.0,682,318531,0.15,0.373926059375791,952.4991289589998,True,False
530,490.0,580,319111,0.15,0.40064558818422513,954.3325177090001,True,False
531,750.0,654,319765,0.15,0.3944521177923534,956.2514201250001,True,False
532,970.0,687,320452,0.15,0.382117870285414,958.2591851669999,True,False
533,960.0,659,321111,0.15,0.3509191574483383,960.2040507920001,True,False
534,1360.0,1051,322162,0.15,0.4061521803074917,963.456855334,True,False
535,660.0,558,322720,0.15,0.40596562927322727,965.4415739589999,True,False
536,610.0,535,323255,0.15,0.39505152325881154,967.0352992089997,True,False
537,480.0,442,323697,0.15,0.4355700978556195,968.3629890419998,True,False
538,340.0,407,324104,0.15,0.39871572929562304,969.5565387920001,True,False
539,320.0,362,324466,0.15,0.4327981222834852,970.6618499169999,True,False
540,1560.0,724,325190,0.15,0.4045955896254073,972.7900060419997,True,False
541,540.0,659,325849,0.15,0.4128920819271695,974.7665495839997,True,False
542,610.0,557,326406,0.15,0.38798098421568494,976.4358739169998,True,False
543,610.0,645,327051,0.15,0.3819963587737232,978.351269625,True,False
544,140.0,301,327352,0.15,0.3876608543490109,979.261348042,True,False
545,1400.0,697,328049,0.15,0.3686467557717329,981.316939709,True,False
546,790.0,621,328670,0.15,0.40218501446708554,983.1536525839997,True,False
547,510.0,485,329155,0.15,0.3974213036131268,984.5886434589997,True,False
548,380.0,522,329677,0.15,0.4103880004800913,986.1583379169997,True,False
549,440.0,415,330092,0.15,0.36649252395503795,987.3716891670001,True,False
550,320.0,378,330470,0.15,0.42214430060158387,988.5198829589999,True,False
551,990.0,911,331381,0.15,0.3884838262017359,991.8099446669999,True,False
552,1000.0,710,332091,0.15,0.4389513359315651,993.9215637090001,True,False
553,390.0,386,332477,0.15,0.32735152112454485,995.066795667,True,False
554,370.0,342,332819,0.15,0.46268063091179906,996.1255832920001,True,False
555,380.0,378,333197,0.15,0.45462981117399115,997.2377595419998,True,False
556,880.0,803,334000,0.15,0.3671442634282421,999.583653959,True,False
557,940.0,784,334784,0.15,0.4066481237888944,1001.8863624589999,True,False
558,820.0,587,335371,0.15,0.368067427397999,1003.607303542,True,False
559,380.0,471,335842,0.15,0.4743943705018294,1005.0136848749999,True,False
560,420.0,402,336244,0.15,0.3528391241584674,1006.255370459,True,False
561,550.0,688,336932,0.15,0.4037293603340554,1008.3306189169998,True,False
562,1600.0,740,337672,0.15,0.3821890590964137,1010.5172136249998,True,False
563,480.0,567,338239,0.15,0.39330984313860007,1012.1850065419999,True,False
564,670.0,593,338832,0.15,0.4064659833808073,1013.9332359169998,True,False
565,490.0,509,339341,0.15,0.41243502708870594,1015.4189269589997,True,False
566,450.0,476,339817,0.15,0.3772017585129297,1016.8211808749998,True,False
567,590.0,580,340397,0.15,0.42050147637211044,1018.5767152499998,True,False
568,1890.0,969,341366,0.15,0.40266514300130124,1021.4067222499998,True,False
569,680.0,702,342068,0.15,0.3836139286868274,1023.5129671249997,True,False
570,660.0,561,342629,0.15,0.40700582824647424,1025.63072125,True,False
571,460.0,406,343035,0.15,0.3901052087692931,1026.884862625,True,False
572,980.0,642,343677,0.15,0.4417363735644714,1028.784093959,True,False
573,380.0,522,344199,0.15,0.4190643762739805,1030.3225362919998,True,False
574,1080.0,1056,345255,0.15,0.4197235449471257,1033.408489542,True,False
575,990.0,684,345939,0.15,0.4268230348389748,1035.429843417,True,False
576,820.0,520,346459,0.15,0.40480288135317655,1037.726155375,True,False
577,460.0,384,346843,0.15,0.3849742646949987,1038.851208209,True,False
578,490.0,462,347305,0.15,0.4330452433947859,1040.211370209,True,False
579,680.0,555,347860,0.15,0.4229458420932722,1041.8302026669999,True,False
580,820.0,556,348416,0.15,0.4449642295781657,1043.469405209,True,False
581,1010.0,955,349371,0.15,0.4200520440623039,1046.2716099999998,True,False
582,420.0,477,349848,0.15,0.3994144352773825,1047.6811171669997,True,False
583,1150.0,745,350593,0.15,0.4626706957977305,1049.8808583750001,True,False
584,600.0,551,351144,0.15,0.4182462921717029,1051.5024119999998,True,False
585,2100.0,1288,352432,0.15,0.3832209838195617,1055.278994792,True,False
586,630.0,666,353098,0.15,0.41070085615817326,1057.242340667,True,False
587,510.0,777,353875,0.15,0.39946229329582345,1059.5281156249998,True,False
588,570.0,712,354587,0.15,0.4487219781018375,1061.6461588749999,True,False
589,650.0,632,355219,0.15,0.4428600979190839,1063.505324459,True,False
590,440.0,389,355608,0.15,0.3835822977885908,1064.679514542,True,False
591,460.0,457,356065,0.15,0.4398863543674611,1066.080987667,True,False
592,1240.0,1062,357127,0.15,0.3970963067322407,1069.174678334,True,False
593,950.0,575,357702,0.15,0.4118704813946452,1070.8583039999999,True,False
594,720.0,616,358318,0.15,0.4587823874377585,1072.6835163339997,True,False
595,860.0,772,359090,0.15,0.4595414711635347,1074.944235417,True,False
596,900.0,767,359857,0.15,0.4785085041852047,1077.2034128749997,True,False
597,450.0,507,360364,0.15,0.4253961536593325,1078.72728275,True,False
598,520.0,466,360830,0.15,0.44510173842567824,1080.124602209,True,False
599,1550.0,926,361756,0.15,0.4017892172560096,1082.954430542,True,False
600,1020.0,744,362500,0.15,0.4461115875471664,1085.1817208749999,True,False
601,640.0,563,363063,0.15,0.4609226619558675,1088.2429659169998,True,False
602,1110.0,751,363814,0.15,0.4432406877068446,1090.4345915,True,False
603,370.0,407,364221,0.15,0.3707389090137154,1091.642894042,True,False
604,370.0,377,364598,0.15,0.5440940796694858,1092.7633919169998,True,False
605,360.0,401,364999,0.15,0.4358120605349541,1093.9565536249997,True,False
606,1910.0,1036,366035,0.15,0.4154845777625743,1096.9882432499999,True,False
607,1230.0,1186,367221,0.15,0.44097981534220954,1100.46223775,True,False
608,530.0,594,367815,0.15,0.45744484803966573,1102.2337266249997,True,False
609,480.0,569,368384,0.15,0.4554760054900096,1103.9049517919998,True,False
610,1200.0,664,369048,0.15,0.44176029025700436,1105.8476606250001,True,False
611,460.0,442,369490,0.15,0.4844516294923696,1107.161324709,True,False
612,360.0,418,369908,0.15,0.515551490797883,1108.411815167,True,False
613,1250.0,964,370872,0.15,0.4569325763345754,1111.2162697089998,True,False
614,570.0,451,371323,0.15,0.4652226375016783,1112.550693709,True,False
615,750.0,762,372085,0.15,0.4320093021967024,1114.793816084,True,False
616,740.0,510,372595,0.15,0.4098680249349339,1116.3114265,True,False
617,1080.0,827,373422,0.15,0.44363232543647,1118.746042667,True,False
618,260.0,378,373800,0.15,0.4502784469409993,1119.856601292,True,False
619,500.0,513,374313,0.15,0.46596935915295035,1121.3780648749998,True,False
620,2360.0,813,375126,0.15,0.44533642818187846,1123.810881042,True,False
621,650.0,527,375653,0.15,0.42097957127473573,1125.3641574590001,True,False
622,1490.0,739,376392,0.15,0.43454831355326884,1127.535821375,True,False
623,500.0,500,376892,0.15,0.4866512805223465,1129.0227261669997,True,False
624,620.0,568,377460,0.15,0.39273210037762013,1130.7538139590001,True,False
625,630.0,549,378009,0.15,0.4401174104996841,1132.472838959,True,False
626,830.0,857,378866,0.15,0.45301902168822067,1136.04075375,True,False
627,1360.0,875,379741,0.15,0.4352269789467664,1138.5924527919997,True,False
628,1230.0,668,380409,0.15,0.43493431556724504,1140.5493983749998,True,False
629,800.0,641,381050,0.15,0.4658972563687712,1142.450439792,True,False
630,420.0,462,381512,0.15,0.5599134357581879,1143.816666667,True,False
631,300.0,464,381976,0.15,0.5123563356826017,1145.2109257500001,True,False
632,910.0,945,382921,0.15,0.4520636172491615,1148.543702209,True,False
633,400.0,429,383350,0.15,0.516921059550526,1149.8103769999998,True,False
634,990.0,788,384138,0.15,0.428762644226781,1152.1708335419999,True,False
635,1490.0,884,385022,0.15,0.482667677003334,1154.759553375,True,False
636,770.0,608,385630,0.15,0.440657913586811,1156.545793417,True,False
637,1970.0,759,386389,0.15,0.3973774053156376,1158.7817035419998,True,False
638,590.0,698,387087,0.15,0.4626430006290989,1160.8462425839998,True,False
639,1070.0,721,387808,0.15,0.3921499707998492,1162.9805567499998,True,False
640,350.0,378,388186,0.15,0.43175165054011855,1164.1176304589999,True,False
641,1230.0,940,389126,0.15,0.4759337959771461,1166.909989375,True,False
642,450.0,499,389625,0.15,0.38067191940546036,1168.406651584,True,False
643,880.0,634,390259,0.15,0.43633460380797146,1170.308117084,True,False
644,530.0,482,390741,0.15,0.43601624716904536,1171.722246542,True,False
645,290.0,333,391074,0.15,0.505334577108004,1172.7544184589997,True,False
646,480.0,509,391583,0.15,0.4748455019682411,1174.29835025,True,False
647,990.0,718,392301,0.15,0.4211160774860117,1176.431793459,True,False
648,1350.0,1160,393461,0.15,0.45270775045300354,1179.824425417,True,False
649,1130.0,993,394454,0.15,0.4479222698437591,1182.7575121249997,True,False
650,350.0,367,394821,0.15,0.4772112136301787,1183.8487398339998,True,False
651,420.0,522,395343,0.15,0.4762733266330682,1186.201438959,True,False
652,1230.0,684,396027,0.15,0.4767811367211983,1188.2077129589998,True,False
653,520.0,512,396539,0.15,0.45313877856824547,1189.7055129169999,True,False
654,810.0,712,397251,0.15,0.45225717738438187,1191.809925125,True,False
655,810.0,612,397863,0.15,0.4879392189235469,1193.6398117089998,True,False
656,930.0,684,398547,0.15,0.4340080533895576,1195.6323392499999,True,False
657,1500.0,1099,399646,0.15,0.4790664007717913,1198.857409792,True,False
658,390.0,446,400092,0.15,0.4380872595523085,1200.18691325,True,False
659,420.0,475,400567,0.15,0.45802030977556263,1201.5672852919997,True,False
660,920.0,808,401375,0.15,0.49195421369063974,1203.988375167,True,False
661,1100.0,769,402144,0.15,0.4346725786674208,1206.2720790839999,True,False
662,370.0,452,402596,0.15,0.46286338864438303,1207.8150675839997,True,False
663,2020.0,804,403400,0.15,0.4880605610597193,1210.339861459,True,False
664,1380.0,585,403985,0.15,0.46739230631557227,1212.0771209589998,True,False
665,560.0,611,404596,0.15,0.45911380565828747,1213.8535110839998,True,False
666,550.0,479,405075,0.15,0.4651745798207131,1215.266026542,True,False
667,550.0,496,405571,0.15,0.467168677598238,1216.737292542,True,False
668,1080.0,1241,406812,0.15,0.4755192848934621,1220.3678183749998,True,False
669,1550.0,888,407700,0.15,0.45794327399349427,1222.9630659169998,True,False
670,490.0,486,408186,0.15,0.383377392676251,1224.42761725,True,False
671,650.0,477,408663,0.15,0.42222127587604924,1225.8201872089999,True,False
672,890.0,932,409595,0.15,0.42221082017912887,1228.5762810420001,True,False
673,1310.0,955,410550,0.15,0.43664576593303284,1231.378261375,True,False
674,450.0,418,410968,0.15,0.4448813645612626,1232.6370459169998,True,False
675,1950.0,799,411767,0.15,0.4078335928257985,1234.9825571249999,True,False
676,410.0,392,412159,0.15,0.4365287211780645,1237.023576167,True,False
677,940.0,689,412848,0.15,0.43512351117554426,1239.050769,True,False
678,740.0,730,413578,0.15,0.4236064433314643,1241.176213834,True,False
679,390.0,548,414126,0.15,0.4427461946097604,1242.812992959,True,False
680,490.0,489,414615,0.15,0.3971916776089395,1244.2601248339997,True,False
681,480.0,442,415057,0.15,0.5158500515662872,1245.5551661669997,True,False
682,450.0,488,415545,0.15,0.39596911238842325,1247.0195034170001,True,False
683,380.0,432,415977,0.15,0.44657975945759704,1248.2984765420001,True,False
684,750.0,570,416547,0.15,0.407714910962632,1249.991313209,True,False
685,3010.0,1105,417652,0.15,0.44807997224886065,1253.2247861249998,True,False
686,910.0,842,418494,0.15,0.4266228920647076,1255.6858997919999,True,False
687,570.0,634,419128,0.15,0.4250926253555706,1257.565242709,True,False
688,510.0,488,419616,0.15,0.35443445466092377,1259.011125084,True,False
689,890.0,795,420411,0.15,0.39692145224773523,1261.3330109169997,True,False
690,750.0,671,421082,0.15,0.3825435812718102,1263.323420709,True,False
691,1410.0,778,421860,0.15,0.4574359630162899,1265.5969476249998,True,False
692,2250.0,856,422716,0.15,0.45442177539813183,1268.2061155839997,True,False
693,670.0,536,423252,0.15,0.4351719041257652,1269.8061674169999,True,False
694,1510.0,739,423991,0.15,0.4660885336039507,1272.0237311669998,True,False
695,390.0,425,424416,0.15,0.41654327532676894,1273.3041938339998,True,False
696,1410.0,628,425044,0.15,0.36964805931991834,1275.2042609589998,True,False
697,260.0,404,425448,0.15,0.3899143908431034,1276.427590334,True,False
698,1230.0,714,426162,0.15,0.48974676036767745,1278.513002625,True,False
699,720.0,835,426997,0.15,0.45603874578858106,1280.964622292,True,False
700,570.0,579,427576,0.15,0.4516184410658376,1282.6772727499997,True,False
701,870.0,650,428226,0.15,0.40364888227648205,1285.306604167,True,False
702,870.0,682,428908,0.15,0.48894820205475154,1287.3093248749997,True,False
703,480.0,446,429354,0.15,0.4261704138941593,1288.608393167,True,False
704,570.0,460,429814,0.15,0.41448207455484765,1289.9757155839998,True,False
705,1200.0,1030,430844,0.15,0.4385831627503846,1292.9729776670001,True,False
706,360.0,390,431234,0.15,0.38042585613186825,1294.137889042,True,False
707,880.0,948,432182,0.15,0.46218115402550636,1296.9109416249999,True,False
708,470.0,401,432583,0.15,0.44162400998175144,1298.111284959,True,False
709,420.0,405,432988,0.15,0.45810341572060304,1299.3015057499997,True,False
710,480.0,370,433358,0.15,0.4338248661192863,1300.3972787919997,True,False
711,330.0,469,433827,0.15,0.4366701467551737,1301.7661547919997,True,False
712,750.0,649,434476,0.15,0.4273637464624241,1303.668615959,True,False
713,700.0,556,435032,0.15,0.4449297142007368,1305.3292728749998,True,False
714,1020.0,756,435788,0.15,0.42800839789330014,1307.5684620419997,True,False
715,910.0,607,436395,0.15,0.4290163347756626,1309.3449179589998,True,False
716,510.0,500,436895,0.15,0.3685725888609886,1310.8118345419998,True,False
717,590.0,552,437447,0.15,0.4446645361789759,1312.438967084,True,False
718,350.0,410,437857,0.15,0.43734706999752126,1313.6444865839999,True,False
719,680.0,636,438493,0.15,0.4280457377621213,1315.528733959,True,False
720,420.0,461,438954,0.15,0.46209904784741607,1316.910345959,True,False
721,830.0,663,439617,0.15,0.4537818106452385,1318.85906575,True,False
722,850.0,1004,440621,0.15,0.45487338924906645,1321.856856709,True,False
723,410.0,459,441080,0.15,0.3849749070794686,1323.2465360420001,True,False
724,460.0,537,441617,0.15,0.40668184054431633,1324.8618422499999,True,False
725,1660.0,775,442392,0.15,0.3874590946457435,1327.1703780419998,True,False
726,1130.0,673,443065,0.15,0.40824931587225627,1329.947924084,True,False
727,530.0,679,443744,0.15,0.41206056742983704,1331.9745627919997,True,False
728,700.0,652,444396,0.15,0.47993637296868247,1333.901024834,True,False
729,820.0,860,445256,0.15,0.4231491523773171,1336.4484888339998,True,False
730,480.0,574,445830,0.15,0.3735850252784215,1338.3686928749999,True,False
731,840.0,556,446386,0.15,0.4410393454616876,1340.6565043339997,True,False
732,590.0,486,446872,0.15,0.37965122225587483,1342.1447951669998,True,False
733,490.0,573,447445,0.15,0.39367907041019495,1343.822827459,True,False
734,1300.0,596,448041,0.15,0.4414435389557941,1345.620519,True,False
735,1860.0,951,448992,0.15,0.44491226057044597,1348.471268459,True,False
736,540.0,459,449451,0.15,0.4629225749195668,1349.8117109999998,True,False
737,610.0,488,449939,0.15,0.40139530922790045,1351.280906,True,False
738,730.0,536,450475,0.15,0.45320308347468946,1352.856668459,True,False
739,310.0,450,450925,0.15,0.44481740258963764,1354.1832584169997,True,False
740,690.0,693,451618,0.15,0.40848495664796386,1356.2251703749998,True,False
741,1590.0,823,452441,0.15,0.4343065774990517,1358.639435125,True,False
742,530.0,453,452894,0.15,0.4772498013567081,1359.990096,True,False
743,720.0,601,453495,0.15,0.4121623346209526,1361.759893542,True,False
744,430.0,433,453928,0.15,0.38252068331482214,1363.071552625,True,False
745,270.0,295,454223,0.15,0.5912237020388041,1363.9629609999997,True,False
746,2270.0,945,455168,0.15,0.44325426082570846,1366.756187417,True,False
747,1110.0,681,455849,0.15,0.37341407252585185,1368.7623104999998,True,False
748,1060.0,655,456504,0.15,0.45592520912972895,1370.716873584,True,False
749,380.0,400,456904,0.15,0.5165666784346103,1371.891098917,True,False
750,590.0,590,457494,0.15,0.423859553424274,1373.6135840839997,True,False
751,910.0,659,458153,0.15,0.44514452571218666,1376.355498542,True,False
752,590.0,678,458831,0.15,0.4380258049308901,1378.3169294999998,True,False
753,1030.0,808,459639,0.15,0.4278072613374432,1380.6848990419999,True,False
754,1000.0,604,460243,0.15,0.41193396849742786,1382.4983052089997,True,False
755,400.0,435,460678,0.15,0.41217385362321085,1383.7977329999999,True,False
756,710.0,615,461293,0.15,0.4444133430816136,1385.6533948749998,True,False
757,430.0,408,461701,0.15,0.40171761664689754,1386.901551292,True,False
758,740.0,821,462522,0.15,0.41219946756595516,1389.3253853339997,True,False
759,350.0,328,462850,0.15,0.3909038548789373,1390.3190653339998,True,False
760,1190.0,793,463643,0.15,0.4114307759687154,1392.639116542,True,False
761,1100.0,633,464276,0.15,0.40646695137117644,1394.4947897920001,True,False
762,760.0,751,465027,0.15,0.3849520368929853,1396.6883347089997,True,False
763,2180.0,1093,466120,0.15,0.4443605901931759,1400.039695334,True,False
764,920.0,924,467044,0.15,0.3979340980063269,1403.125526834,True,False
765,1260.0,708,467752,0.15,0.4411322111211254,1405.2024072499999,True,False
766,670.0,539,468291,0.15,0.36244600880613076,1406.804288875,True,False
767,1150.0,735,469026,0.15,0.35653110662394244,1408.968866667,True,False
768,520.0,439,469465,0.15,0.4399399733678861,1410.291854167,True,False
769,1250.0,803,470268,0.15,0.3911447969093845,1412.65547075,True,False
770,770.0,769,471037,0.15,0.38164472902038443,1414.9201495839998,True,False
771,850.0,720,471757,0.15,0.4131929685258203,1417.0537650839997,True,False
772,480.0,459,472216,0.15,0.38729273463072983,1418.4224829169998,True,False
773,1560.0,1464,473680,0.15,0.4211485912524612,1422.686497625,True,False
774,1150.0,691,474371,0.15,0.38527096197182353,1424.711382334,True,False
775,760.0,887,475258,0.15,0.3996235297002771,1427.316183,True,False
776,850.0,694,475952,0.15,0.36495438629183274,1430.312171917,True,False
777,450.0,456,476408,0.15,0.36202185130433034,1431.632378334,True,False
778,570.0,504,476912,0.15,0.3507931660565119,1433.12171975,True,False
779,350.0,431,477343,0.15,0.3791014688594319,1434.413079334,True,False
780,300.0,396,477739,0.15,0.4026821313632859,1435.576718667,True,False
781,470.0,504,478243,0.15,0.4184996622895438,1437.0752202499998,True,False
782,670.0,695,478938,0.15,0.3930205038652338,1439.1168682919997,True,False
783,670.0,733,479671,0.15,0.37705785272225656,1441.269564542,True,False
784,360.0,484,480155,0.15,0.3196559323629072,1442.718242375,True,False
785,1000.0,932,481087,0.15,0.36214451527007147,1445.4406222499997,True,False
786,550.0,484,481571,0.15,0.41784724266814793,1446.884432375,True,False
787,850.0,755,482326,0.15,0.3756052743663233,1449.1013672499998,True,False
788,370.0,485,482811,0.15,0.4150326964406928,1450.5616645,True,False
789,2710.0,891,483702,0.15,0.3833092668933184,1453.1782240839998,True,False
790,440.0,434,484136,0.15,0.39290057758399105,1454.483653709,True,False
791,780.0,684,484820,0.15,0.328652584761904,1456.5326329589998,True,False
792,580.0,574,485394,0.15,0.37375715854284647,1458.235497792,True,False
793,880.0,724,486118,0.15,0.3793418192567088,1460.39516525,True,False
794,580.0,548,486666,0.15,0.43401631457309653,1462.3758066669998,True,False
795,930.0,630,487296,0.15,0.3974725178006706,1464.2819220419997,True,False
796,680.0,522,487818,0.15,0.32497310099693444,1465.920962917,True,False
797,390.0,443,488261,0.15,0.4095445057830295,1467.223648875,True,False
798,890.0,583,488844,0.15,0.43876567130831823,1468.9642194999997,True,False
799,470.0,496,489340,0.15,0.38364441001847865,1470.449522042,True,False
800,750.0,598,489938,0.15,0.3671804041970496,1472.2349089999998,True,False
801,650.0,515,490453,0.15,0.4352478208236916,1474.665572042,True,False
802,700.0,658,491111,0.15,0.44253661774280595,1476.58507925,True,False
803,800.0,875,491986,0.15,0.4271656916430007,1479.1378749589999,True,False
804,820.0,638,492624,0.15,0.37483298196457326,1481.020773667,True,False
805,1170.0,936,493560,0.15,0.3713161766083322,1483.7657938749999,True,False
806,360.0,429,493989,0.15,0.3914876460472,1485.047349,True,False
807,520.0,504,494493,0.15,0.3898059447251615,1486.545396125,True,False
808,840.0,723,495216,0.15,0.32681357119623466,1488.701227042,True,False
809,540.0,446,495662,0.15,0.35996867320290554,1490.035140084,True,False
810,1990.0,872,496534,0.15,0.3621108934556672,1492.591937667,True,False
811,600.0,634,497168,0.15,0.41522235428012394,1494.4730207919997,True,False
812,550.0,521,497689,0.15,0.39514208539174156,1495.9999279169997,True,False
813,360.0,497,498186,0.15,0.3881557994792538,1497.459319042,True,False
814,460.0,443,498629,0.15,0.37546305559776927,1498.7717991669997,True,False
815,510.0,457,499086,0.15,0.36674578259127183,1500.110554334,True,False
816,910.0,640,499726,0.15,0.4292012867983431,1502.0005851669998,True,False
817,1260.0,706,500432,0.15,0.4177046352944805,1504.0860888339998,True,False
818,600.0,446,500878,0.15,0.3912601581027916,1505.4005911669997,True,False
819,500.0,540,501418,0.15,0.33292972489639566,1507.019994375,True,False
820,360.0,439,501857,0.15,0.427734617347067,1508.3433421669997,True,False
821,1270.0,733,502590,0.15,0.3764684898117201,1510.510125375,True,False
822,1130.0,598,503188,0.15,0.37899946704506876,1512.2713722089998,True,False
823,1520.0,720,503908,0.15,0.3440919368217389,1514.3931443749998,True,False
824,490.0,547,504455,0.15,0.4272697963477934,1515.998018709,True,False
825,430.0,510,504965,0.15,0.42018977052066475,1517.490411834,True,False
826,610.0,547,505512,0.15,0.38230958820259486,1519.7203786669997,True,False
827,1230.0,729,506241,0.15,0.42886434360356124,1522.060662209,True,False
828,430.0,431,506672,0.15,0.4079942138934577,1523.535534042,True,False
829,520.0,513,507185,0.15,0.3744303885032423,1525.055407542,True,False
830,400.0,443,507628,0.15,0.38083995657192693,1526.373143542,True,False
831,840.0,716,508344,0.15,0.37216765745725044,1528.4825435839998,True,False
832,540.0,514,508858,0.15,0.38770772994030267,1530.1163569589999,True,False
833,970.0,703,509561,0.15,0.3829968848943033,1532.164544667,True,False
834,350.0,419,509980,0.15,0.377539320006257,1533.3888796249998,True,False
835,2130.0,775,510755,0.15,0.3669436081780671,1535.6331755839997,True,False
836,1140.0,755,511510,0.15,0.3831396390284811,1537.8539458749997,True,False
837,580.0,545,512055,0.15,0.3580433787120616,1539.458600167,True,False
838,850.0,648,512703,0.15,0.37694879018782096,1541.3519555419998,True,False
839,780.0,697,513400,0.15,0.3628104606696538,1543.4183896669997,True,False
840,590.0,522,513922,0.15,0.43049932340016733,1544.9778945419998,True,False
841,1390.0,1053,514975,0.15,0.3709453430465872,1548.1151331249998,True,False
842,520.0,500,515475,0.15,0.34632272320985796,1549.595844167,True,False
843,840.0,641,516116,0.15,0.4061393929842096,1551.5166131669998,True,False
844,1380.0,1199,517315,0.15,0.4041500412002455,1555.0582130419998,True,False
845,900.0,761,518076,0.15,0.36889641193663264,1557.3246882919998,True,False
846,1260.0,807,518883,0.15,0.448556664756578,1559.703378667,True,False
847,380.0,398,519281,0.15,0.40844573341310025,1560.933697459,True,False
848,420.0,383,519664,0.15,0.3695151039864868,1562.129298584,True,False
849,680.0,503,520167,0.15,0.35089977210760115,1563.5931087919998,True,False
850,1600.0,745,520912,0.15,0.38170437582514505,1565.8007848749999,True,False
851,1370.0,924,521836,0.15,0.4138296348449988,1569.778196584,True,False
852,870.0,780,522616,0.15,0.42999150225749383,1572.0460108749999,True,False
853,590.0,465,523081,0.15,0.37325160539355773,1573.3934857919999,True,False
854,310.0,368,523449,0.15,0.4717140238246192,1574.5132305419997,True,False
855,860.0,587,524036,0.15,0.37538982826430783,1576.2411818339997,True,False
856,620.0,476,524512,0.15,0.4034527215261419,1577.6564628749998,True,False
857,1510.0,851,525363,0.15,0.41062586255512146,1580.197241792,True,False
858,670.0,537,525900,0.15,0.41910781468506214,1581.772181667,True,False
859,950.0,766,526666,0.15,0.4295175500331125,1584.3214925419998,True,False
860,560.0,538,527204,0.15,0.41759414413460977,1585.9413947089997,True,False
861,1280.0,666,527870,0.15,0.42945763309407664,1587.903926292,True,False
862,400.0,425,528295,0.15,0.4254041998735014,1589.1678473339998,True,False
863,1310.0,702,528997,0.15,0.4513079873709516,1591.2611309589997,True,False
864,450.0,502,529499,0.15,0.4246955958008766,1592.7539108339997,True,False
865,780.0,614,530113,0.15,0.4143404499567174,1594.73144025,True,False
866,800.0,507,530620,0.15,0.4193057162085856,1596.236598042,True,False
867,570.0,560,531180,0.15,0.40175115689635277,1597.867476375,True,False
868,2250.0,572,531752,0.15,0.3854979385029186,1599.541964334,True,False
869,2180.0,904,532656,0.15,0.42313417742869497,1602.2428756250001,True,False
870,640.0,482,533138,0.15,0.41390836648643015,1603.662601125,True,False
871,820.0,589,533727,0.15,0.38522228259010377,1605.4227299589998,True,False
872,750.0,528,534255,0.15,0.3805527600149314,1606.999238292,True,False
873,850.0,669,534924,0.15,0.438647615856358,1608.988920959,True,False
874,870.0,973,535897,0.15,0.4475097594008524,1611.8660729999997,True,False
875,710.0,482,536379,0.15,0.4588455911104878,1613.297774709,True,False
876,2490.0,1373,537752,0.15,0.4405863204711052,1618.2989321249997,True,False
877,980.0,787,538539,0.15,0.4063612600522382,1620.628364792,True,False
878,1110.0,884,539423,0.15,0.4320928490472056,1623.23681325,True,False
879,930.0,730,540153,0.15,0.4637310439160938,1625.4225634589998,True,False
880,870.0,645,540798,0.15,0.4032694567804751,1627.3498060419997,True,False
881,450.0,524,541322,0.15,0.4154930059577673,1628.9344877499998,True,False
882,1420.0,833,542155,0.15,0.4373844685032964,1631.399195209,True,False
883,540.0,615,542770,0.15,0.42910947810326305,1633.237248125,True,False
884,480.0,410,543180,0.15,0.38909183051979657,1634.4797371249997,True,False
885,1220.0,848,544028,0.15,0.43791244333645085,1636.9805220839999,True,False
886,450.0,419,544447,0.15,0.41607702673914343,1638.23035175,True,False
887,1300.0,622,545069,0.15,0.41747588640413225,1640.080846459,True,False
888,770.0,671,545740,0.15,0.47548808059876874,1642.141381375,True,False
889,1980.0,920,546660,0.15,0.45439161797580513,1645.0201267090001,True,False
890,640.0,598,547258,0.15,0.4206027850108659,1646.810189334,True,False
891,450.0,421,547679,0.15,0.4347844794392586,1648.1013355,True,False
892,720.0,777,548456,0.15,0.4252417674049353,1650.4153540419998,True,False
893,920.0,810,549266,0.15,0.426846853909221,1652.8030060840001,True,False
894,730.0,466,549732,0.15,0.40994626500158227,1654.202359125,True,False
895,650.0,518,550250,0.15,0.40995459495357767,1655.736514625,True,False
896,560.0,462,550712,0.15,0.4618270812748835,1657.1196691669998,True,False
897,780.0,578,551290,0.15,0.3560470855898327,1658.9302389169998,True,False
898,640.0,628,551918,0.15,0.44022987654824164,1660.801982084,True,False
899,530.0,599,552517,0.15,0.4101164977749189,1662.588555542,True,False
900,990.0,654,553171,0.15,0.42100409774875347,1664.518382625,True,False
901,1350.0,615,553786,0.15,0.3997007024946151,1667.1541889999999,True,False
902,1180.0,619,554405,0.15,0.3757777174634318,1668.988854834,True,False
903,710.0,724,555129,0.15,0.4046640701550805,1671.1282597499999,True,False
904,390.0,359,555488,0.15,0.483641454577446,1672.2212895419998,True,False
905,2110.0,624,556112,0.15,0.48462655041844416,1674.0940034169998,True,False
906,950.0,643,556755,0.15,0.42115092631429435,1675.988832,True,False
907,800.0,574,557329,0.15,0.40850128662875956,1677.681957834,True,False
908,350.0,442,557771,0.15,0.46532178087667986,1679.0190063750001,True,False
909,1560.0,856,558627,0.15,0.3951033755231684,1681.5645369169997,True,False
910,1410.0,828,559455,0.15,0.4034256971832635,1684.0731878339998,True,False
911,720.0,640,560095,0.15,0.4239801215007901,1685.969526209,True,False
912,1010.0,1098,561193,0.15,0.4630744247273965,1689.248470292,True,False
913,580.0,456,561649,0.15,0.4845009965070507,1690.607799375,True,False
914,480.0,426,562075,0.15,0.40069141421677934,1691.8737097499998,True,False
915,740.0,624,562699,0.15,0.4350903394321601,1693.7155429589998,True,False
916,2580.0,1011,563710,0.15,0.4315664782354483,1696.766092292,True,False
917,1040.0,738,564448,0.15,0.4346954936111296,1698.962622209,True,False
918,820.0,662,565110,0.15,0.3888614253564314,1700.953138417,True,False
919,880.0,647,565757,0.15,0.4418959000872241,1702.893381542,True,False
920,600.0,516,566273,0.15,0.41738726117814234,1704.446768667,True,False
921,870.0,658,566931,0.15,0.4322184921901037,1706.421832334,True,False
922,720.0,569,567500,0.15,0.3981442964160359,1708.16170075,True,False
923,800.0,568,568068,0.15,0.42104890019121305,1709.8499646669998,True,False
924,1180.0,875,568943,0.15,0.4296651959009127,1712.4606371249997,True,False
925,190.0,277,569220,0.15,0.5291326965604509,1713.300501875,True,False
926,1210.0,715,569935,0.15,0.48881967926628134,1716.3880101249997,True,False
927,510.0,527,570462,0.15,0.42370231669734826,1717.989870167,True,False
928,730.0,630,571092,0.15,0.4186078631613828,1719.8406342089997,True,False
929,620.0,760,571852,0.15,0.4367771520034263,1722.2549060419997,True,False
930,1300.0,901,572753,0.15,0.4236709080470933,1724.9132875,True,False
931,1370.0,676,573429,0.15,0.39403863621533974,1726.9155369589998,True,False
932,530.0,477,573906,0.15,0.4765417766170341,1728.4155917919998,True,False
933,650.0,630,574536,0.15,0.44923767419178273,1730.263515917,True,False
934,700.0,526,575062,0.15,0.46470395299314543,1731.817254167,True,False
935,880.0,732,575794,0.15,0.440189694609147,1733.999433292,True,False
936,1090.0,951,576745,0.15,0.43882243529337794,1736.8120481249998,True,False
937,1140.0,829,577574,0.15,0.40661340296844356,1739.276623792,True,False
938,740.0,531,578105,0.15,0.427696175929299,1740.886721292,True,False
939,1870.0,1148,579253,0.15,0.4437561671960229,1744.304954875,True,False
940,2360.0,918,580171,0.15,0.4568087089009681,1747.015717584,True,False
941,1270.0,797,580968,0.15,0.4408675375580788,1749.379316167,True,False
942,620.0,558,581526,0.15,0.4401527963739505,1751.03041725,True,False
943,760.0,845,582371,0.15,0.49914807543794126,1753.5288167089998,True,False
944,700.0,552,582923,0.15,0.43928486367930536,1755.1777725839997,True,False
945,800.0,636,583559,0.15,0.44735393059328665,1757.086281167,True,False
946,960.0,716,584275,0.15,0.4361940160310468,1759.2113450419997,True,False
947,490.0,462,584737,0.15,0.4522807193470412,1760.6056443339999,True,False
948,1310.0,905,585642,0.15,0.45115296219566225,1763.314247459,True,False
949,1090.0,1024,586666,0.15,0.4396923776366748,1766.411128917,True,False
950,960.0,766,587432,0.15,0.4423809240882595,1768.6691704169998,True,False
951,830.0,610,588042,0.15,0.46606317466418995,1771.1993363749998,True,False
952,1640.0,953,588995,0.15,0.4549806950410374,1773.9962168339998,True,False
953,470.0,461,589456,0.15,0.49363848406436117,1775.369852792,True,False
954,1480.0,709,590165,0.15,0.4196001274437554,1777.4901436669998,True,False
955,640.0,569,590734,0.15,0.5134967289025515,1779.1893597499998,True,False
956,1030.0,835,591569,0.15,0.4321447974828442,1781.6752753749997,True,False
957,820.0,690,592259,0.15,0.4715380904286407,1783.7253742499997,True,False
958,1860.0,1472,593731,0.15,0.4729359951072737,1788.140220792,True,False
959,1310.0,1075,594806,0.15,0.44623831152694377,1791.2878621249997,True,False
960,680.0,765,595571,0.15,0.41835545713364763,1793.545334459,True,False
961,770.0,738,596309,0.15,0.4251734963139972,1795.7198670839998,True,False
962,1760.0,1038,597347,0.15,0.43169663228008276,1798.8210075839997,True,False
963,820.0,547,597894,0.15,0.4708034531587232,1800.465666,True,False
964,550.0,535,598429,0.15,0.41047133872313285,1802.1097478749998,True,False
965,1000.0,737,599166,0.15,0.40974764687859494,1804.2977518339999,True,False
966,430.0,442,599608,0.15,0.4012393060031238,1805.619563792,True,False
967,870.0,526,600134,0.15,0.44232207513947525,1807.176512292,True,False
968,1070.0,750,600884,0.15,0.4298718394315306,1809.3778525419998,True,False
969,1090.0,635,601519,0.15,0.39692458840487876,1811.2512510419997,True,False
970,450.0,546,602065,0.15,0.4601801397265309,1812.8849168749998,True,False
971,300.0,339,602404,0.15,0.39868464022874833,1813.906270417,True,False
972,580.0,608,603012,0.15,0.49686950763785526,1815.7135430419999,True,False
973,400.0,445,603457,0.15,0.4379371454318364,1817.054911792,True,False
974,780.0,594,604051,0.15,0.4744926220863252,1818.8375284999997,True,False
975,980.0,786,604837,0.15,0.4128936156630516,1821.17408875,True,False
976,420.0,385,605222,0.15,0.4069361339788884,1822.8875067499998,True,False
977,990.0,713,605935,0.15,0.4471253887488601,1824.9705424169997,True,False
978,450.0,405,606340,0.15,0.44310809555006964,1826.198391167,True,False
979,690.0,816,607156,0.15,0.36358475736251067,1828.6143726249998,True,False
980,650.0,520,607676,0.15,0.4610881795676855,1830.17548275,True,False
981,1440.0,805,608481,0.15,0.4271207349143218,1832.5410353749999,True,False
982,340.0,374,608855,0.15,0.4285629889176738,1833.653288375,True,False
983,920.0,578,609433,0.15,0.47169192279207295,1835.3872876249998,True,False
984,820.0,640,610073,0.15,0.49418146749958397,1837.326941542,True,False
985,340.0,395,610468,0.15,0.3934177483874138,1838.532179667,True,False
986,1310.0,584,611052,0.15,0.45648760368970975,1840.300537042,True,False
987,810.0,589,611641,0.15,0.5398011879653347,1842.033717417,True,False
988,740.0,611,612252,0.15,0.4484277410931837,1843.819709167,True,False
989,1690.0,1039,613291,0.15,0.49255184288420734,1846.866177042,True,False
990,590.0,542,613833,0.15,0.5235510507927221,1848.4866581669999,True,False
991,910.0,848,614681,0.15,0.4686662722027527,1851.0997109999998,True,False
992,1040.0,824,615505,0.15,0.5057118090900402,1853.5149313749998,True,False
993,750.0,564,616069,0.15,0.4660792823695967,1855.1847039589998,True,False
994,400.0,455,616524,0.15,0.4578624192559928,1856.5392461249999,True,False
995,710.0,580,617104,0.15,0.4725686468440911,1858.271546334,True,False
996,500.0,577,617681,0.15,0.5150733320042491,1859.9836503339998,True,False
997,360.0,373,618054,0.15,0.45916335797438057,1861.0895647090001,True,False
998,830.0,572,618626,0.15,0.45893529291961577,1863.0417481669997,True,False
999,1940.0,1022,619648,0.15,0.4268527561798692,1866.143430084,True,False
1000,830.0,523,620171,0.15,0.4079342600244742,1867.685591542,True,False
1001,880.0,764,620935,0.15,0.4668728085868646,1870.927683667,True,False
1002,880.0,709,621644,0.15,0.5406217525263181,1873.0345024590001,True,False
1003,1320.0,933,622577,0.15,0.4557876965198906,1875.781005792,True,False
1004,570.0,492,623069,0.15,0.4586665511010139,1877.266374625,True,False
1005,790.0,645,623714,0.15,0.5168413527263618,1879.191399792,True,False
1006,560.0,598,624312,0.15,0.5217031395932039,1880.975615209,True,False
1007,670.0,687,624999,0.15,0.43425115877599046,1882.9972536669998,True,False
1008,430.0,375,625374,0.15,0.4548293062822616,1884.144848,True,False
1009,650.0,496,625870,0.15,0.47561319875380687,1885.608967667,True,False
1010,370.0,401,626271,0.15,0.3609716857969761,1886.8145318749998,True,False
1011,540.0,493,626764,0.15,0.5046146204995532,1888.3175916249997,True,False
1012,560.0,454,627218,0.15,0.46333385885289285,1889.649762209,True,False
1013,620.0,676,627894,0.15,0.49545897755044455,1891.645161125,True,False
1014,1860.0,971,628865,0.15,0.4760770596901085,1894.51626325,True,False
1015,740.0,604,629469,0.15,0.4592168093813176,1896.321076917,True,False
1016,380.0,439,629908,0.15,0.4436419934711673,1897.6112673339999,True,False
1017,630.0,498,630406,0.15,0.45492190663372317,1899.097362292,True,False
1018,610.0,568,630974,0.15,0.42464106446000893,1900.805778,True,False
1019,430.0,438,631412,0.15,0.4458252226764506,1902.130656292,True,False
1020,870.0,518,631930,0.15,0.43101048469543457,1903.6548669589997,True,False
1021,1310.0,1022,632952,0.15,0.4663281731773168,1906.69967575,True,False
1022,700.0,534,633486,0.15,0.4585815830002154,1908.283160125,True,False
1023,470.0,510,633996,0.15,0.5448627475998364,1909.782237334,True,False
1024,1220.0,586,634582,0.15,0.4783752886706019,1911.5105963749997,True,False
1025,560.0,465,635047,0.15,0.49530820086084565,1912.916106667,True,False
1026,1830.0,1039,636086,0.15,0.47485610550412766,1916.447247042,True,False
1027,410.0,381,636467,0.15,0.4246851053677107,1917.5728117499998,True,False
1028,430.0,401,636868,0.15,0.4225091266602573,1918.783524042,True,False
1029,430.0,418,637286,0.15,0.4330749404974855,1920.040061667,True,False
1030,470.0,409,637695,0.15,0.5375004101763753,1921.2505435839998,True,False
1031,600.0,516,638211,0.15,0.49073815576789914,1922.7864171669999,True,False
1032,610.0,507,638718,0.15,0.49908336950099375,1924.3761572089998,True,False
1033,840.0,797,639515,0.15,0.5254236373619817,1926.7441925839998,True,False
1034,540.0,464,639979,0.15,0.5511519883855663,1928.162101584,True,False
1035,490.0,456,640435,0.15,0.483111221147211,1929.4959696669998,True,False
1036,260.0,323,640758,0.15,0.4017612759345843,1930.485084334,True,False
1037,460.0,412,641170,0.15,0.43443150868982944,1931.7004389589997,True,False
1038,450.0,460,641630,0.15,0.4091034356666648,1933.0807867919998,True,False
1039,1230.0,913,642543,0.15,0.54531069750195,1935.770782,True,False
1040,1150.0,821,643364,0.15,0.5101262263013321,1938.234350667,True,False
1041,610.0,455,643819,0.15,0.4650850414042979,1939.5644295839998,True,False
1042,910.0,687,644506,0.15,0.5208365983048151,1941.613892542,True,False
1043,820.0,799,645305,0.15,0.5118576284125447,1944.044291625,True,False
1044,3600.0,1057,646362,0.15,0.4247630075692679,1947.133046375,True,False
1045,1120.0,920,647282,0.15,0.5543529566215433,1949.847516792,True,False
1046,390.0,406,647688,0.15,0.5089650342569632,1951.0582961669998,True,False
1047,460.0,507,648195,0.15,0.44263398307301693,1952.559100042,True,False
1048,570.0,485,648680,0.15,0.5511710216275981,1954.0266421669999,True,False
1049,490.0,551,649231,0.15,0.4704577996783013,1955.6279816249998,True,False
1050,640.0,614,649845,0.15,0.4704410873063199,1957.458280459,True,False
1051,1720.0,1291,651136,0.15,0.47788247636781755,1961.8724775,True,False
1052,1080.0,645,651781,0.15,0.5143644644051605,1963.7774317089998,True,False
1053,1280.0,899,652680,0.15,0.49437073085043165,1966.4433989589998,True,False
1054,550.0,558,653238,0.15,0.5128027792457196,1968.1051014999998,True,False
1055,500.0,380,653618,0.15,0.4661933442479686,1969.2326146669998,True,False
1056,930.0,603,654221,0.15,0.5207264287187564,1971.0317611669998,True,False
1057,1150.0,1001,655222,0.15,0.506616259843111,1973.9885893749997,True,False
1058,230.0,328,655550,0.15,0.5266385943424411,1974.9689171249997,True,False
1059,650.0,685,656235,0.15,0.5237882434886102,1976.982447584,True,False
1060,1380.0,726,656961,0.15,0.4600010368113334,1979.267446417,True,False
1061,570.0,459,657420,0.15,0.48381645666516343,1980.6288435419997,True,False
1062,1160.0,876,658296,0.15,0.5295419279298826,1983.2135857499998,True,False
1063,1120.0,595,658891,0.15,0.47674159549579426,1984.9766924589999,True,False
1064,750.0,764,659655,0.15,0.5397357538108426,1987.236976709,True,False
1065,660.0,703,660358,0.15,0.5112548437900841,1989.321676959,True,False
1066,470.0,484,660842,0.15,0.5029812194099111,1990.790097875,True,False
1067,610.0,586,661428,0.15,0.4672046378761733,1992.584399292,True,False
1068,520.0,487,661915,0.15,0.4887627840411565,1994.0737319169998,True,False
1069,620.0,535,662450,0.15,0.44925037526817463,1995.653219542,True,False
1070,920.0,667,663117,0.15,0.4888031049045974,1997.6475206249997,True,False
1071,540.0,567,663684,0.15,0.5013275401483119,1999.3842649999997,True,False
1072,370.0,408,664092,0.15,0.4836915028738041,2000.631779584,True,False
1073,1950.0,883,664975,0.15,0.5051210272718559,2003.260813542,True,False
1074,940.0,745,665720,0.15,0.532163198658808,2005.4701734169998,True,False
1075,680.0,582,666302,0.15,0.4931040878953605,2007.402275459,True,False
1076,830.0,880,667182,0.15,0.518935296616771,2010.7453381669998,True,False
1077,650.0,634,667816,0.15,0.5257778377652919,2012.6198222089997,True,False
1078,870.0,722,668538,0.15,0.5270470558769174,2014.764398292,True,False
1079,430.0,498,669036,0.15,0.507829577922821,2016.2611206249999,True,False
1080,570.0,519,669555,0.15,0.5436628311872482,2017.783853417,True,False
1081,1120.0,856,670411,0.15,0.4415225446502739,2020.3305769169997,True,False
1082,660.0,604,671015,0.15,0.5063072590046371,2022.1435380839998,True,False
1083,680.0,628,671643,0.15,0.4725763679120191,2024.0110773749998,True,False
1084,1280.0,783,672426,0.15,0.49359004305941717,2026.3196868750001,True,False
1085,430.0,531,672957,0.15,0.538520980038141,2027.8815454589999,True,False
1086,810.0,727,673684,0.15,0.49701307963702707,2030.0339194590001,True,False
1087,870.0,630,674314,0.15,0.46922368608462584,2031.8701002089997,True,False
1088,390.0,391,674705,0.15,0.45176572618739946,2033.031638209,True,False
1089,620.0,626,675331,0.15,0.5460129484343224,2034.8794281249998,True,False
1090,630.0,614,675945,0.15,0.467924080402046,2036.709603709,True,False
1091,1550.0,690,676635,0.15,0.43450684329971323,2038.86597725,True,False
1092,630.0,460,677095,0.15,0.4931748052654059,2040.452606459,True,False
1093,1810.0,1205,678300,0.15,0.47714694678191316,2044.04578325,True,False
1094,1250.0,894,679194,0.15,0.4842696840052113,2046.6872626249997,True,False
1095,530.0,419,679613,0.15,0.47415855824947356,2047.9331191669999,True,False
1096,670.0,621,680234,0.15,0.46416233710704313,2049.7636092499997,True,False
1097,540.0,570,680804,0.15,0.4344370830934364,2051.4758431249998,True,False
1098,1630.0,968,681772,0.15,0.49520626405546486,2054.356516459,True,False
1099,580.0,471,682243,0.15,0.46488684836106425,2055.7432356669997,True,False
1100,550.0,437,682680,0.15,0.5409603939815001,2057.048328584,True,False
1101,370.0,376,683056,0.15,0.5503370512990241,2058.836601125,True,False
1102,460.0,450,683506,0.15,0.5529183646930116,2060.153371125,True,False
1103,930.0,738,684244,0.15,0.4819448657535218,2062.313655334,True,False
1104,1180.0,906,685150,0.15,0.4682004576037943,2064.97942775,True,False
1105,1000.0,711,685861,0.15,0.5270888497320454,2067.123554834,True,False
1106,1140.0,974,686835,0.15,0.48198116570711136,2070.048544084,True,False
1107,1830.0,928,687763,0.15,0.531346395162159,2072.8204326669997,True,False
1108,830.0,630,688393,0.15,0.5446263865296599,2074.7244150839997,True,False
1109,450.0,616,689009,0.15,0.5059256917470462,2076.579156875,True,False
1110,740.0,656,689665,0.15,0.5155547036357769,2078.55520875,True,False
1111,550.0,495,690160,0.15,0.6027549300342798,2080.64083475,True,False
1112,1400.0,917,691077,0.15,0.5338115705152786,2083.393018584,True,False
1113,990.0,1079,692156,0.15,0.5087879178976571,2086.7332257499997,True,False
1114,1010.0,811,692967,0.15,0.5159894376993179,2089.2705648749998,True,False
1115,730.0,547,693514,0.15,0.4832357491781242,2090.908931459,True,False
1116,350.0,420,693934,0.15,0.5187562689185142,2092.189542959,True,False
1117,830.0,827,694761,0.15,0.5228365007158063,2094.645460792,True,False
1118,760.0,514,695275,0.15,0.4407961121178232,2096.186281417,True,False
1119,550.0,471,695746,0.15,0.46637349026435515,2097.5793050839998,True,False
1120,640.0,559,696305,0.15,0.4188430244369166,2099.265757584,True,False
1121,440.0,460,696765,0.15,0.5106154717828917,2100.666365834,True,False
1122,640.0,478,697243,0.15,0.5234045358139927,2102.113896584,True,False
1123,380.0,400,697643,0.15,0.5210867235064507,2103.318584375,True,False
1124,1010.0,690,698333,0.15,0.5079884105335081,2105.382745167,True,False
1125,680.0,512,698845,0.15,0.5280386415543035,2106.9378511249997,True,False
1126,550.0,443,699288,0.15,0.48589130739370984,2109.059388417,True,False
1127,680.0,649,699937,0.15,0.5087837997226068,2110.9699459169997,True,False
1128,600.0,500,700437,0.15,0.49751172852516173,2112.465699584,True,False
1129,390.0,499,700936,0.15,0.4910152827501297,2113.9436407919998,True,False
1130,1200.0,702,701638,0.15,0.4881114317689623,2116.0375585839997,True,False
1131,1020.0,620,702258,0.15,0.5366951973207535,2117.883493542,True,False
1132,540.0,639,702897,0.15,0.43465400733985005,2119.7867418339997,True,False
1133,1240.0,947,703844,0.15,0.5707539475291087,2122.6745713749997,True,False
1134,260.0,454,704298,0.15,0.4126503376570423,2124.0642549589998,True,False
1135,2350.0,1111,705409,0.15,0.49543430283665657,2127.3426370839998,True,False
1136,560.0,548,705957,0.15,0.5117596555365264,2128.993923167,True,False
1137,630.0,496,706453,0.15,0.4843358631816603,2130.4640774169998,True,False
1138,850.0,791,707244,0.15,0.485713689578603,2132.790475542,True,False
1139,1210.0,801,708045,0.15,0.5275591664761304,2135.146743875,True,False
1140,910.0,593,708638,0.15,0.5389557360998682,2136.904580125,True,False
1141,760.0,701,709339,0.15,0.5027774362904684,2139.004732167,True,False
1142,1060.0,821,710160,0.15,0.5160121410651114,2141.7684934999997,True,False
1143,410.0,394,710554,0.15,0.5121838658743975,2143.008905959,True,False
1144,740.0,553,711107,0.15,0.4672877332330614,2144.666366334,True,False
1145,400.0,482,711589,0.15,0.4837820585971036,2146.098898709,True,False
1146,2470.0,916,712505,0.15,0.45788753780995917,2148.793521959,True,False
1147,720.0,646,713151,0.15,0.48827228662760364,2150.7055655,True,False
1148,560.0,471,713622,0.15,0.4494124496892347,2152.122102209,True,False
1149,920.0,637,714259,0.15,0.48133179423569133,2154.026143875,True,False
1150,1110.0,916,715175,0.15,0.5487119716522996,2156.735471334,True,False
1151,410.0,550,715725,0.15,0.5016687200337216,2159.220877209,True,False
1152,370.0,426,716151,0.15,0.4402673259236903,2160.476284167,True,False
1153,640.0,537,716688,0.15,0.4883700619141261,2162.0786535419998,True,False
1154,580.0,474,717162,0.15,0.5214785636734154,2163.481308417,True,False
1155,1090.0,734,717896,0.15,0.5367906045816515,2165.664300125,True,False
1156,380.0,382,718278,0.15,0.4482992790247265,2166.9106861669998,True,False
1157,2250.0,896,719174,0.15,0.4960284898323672,2169.9007375,True,False
1158,840.0,896,720070,0.15,0.4851414054366095,2172.540651792,True,False
1159,1470.0,705,720775,0.15,0.4507209272547202,2174.612280292,True,False
1160,1650.0,939,721714,0.15,0.47016679993335236,2177.3702628339997,True,False
1161,1120.0,934,722648,0.15,0.4344626902005611,2180.1523509589997,True,False
1162,880.0,634,723282,0.15,0.5584490812277492,2182.036536167,True,False
1163,1380.0,774,724056,0.15,0.4546201126553963,2184.3773002919997,True,False
1164,680.0,616,724672,0.15,0.5450362373482097,2186.241643834,True,False
1165,2120.0,594,725266,0.15,0.46925767128532,2187.994135459,True,False
1166,1070.0,795,726061,0.15,0.5018316994435225,2190.320495084,True,False
1167,1400.0,728,726789,0.15,0.4928122976242186,2192.477308917,True,False
1168,550.0,677,727466,0.15,0.4723989800412274,2194.499693667,True,False
1169,1130.0,865,728331,0.15,0.5118670157260365,2197.053051584,True,False
1170,490.0,506,728837,0.15,0.48250945522559907,2198.5762031669997,True,False
1171,500.0,441,729278,0.15,0.4543191290714524,2199.8840541249997,True,False
1172,620.0,561,729839,0.15,0.6150851239051137,2201.700246375,True,False
1173,930.0,752,730591,0.15,0.4839182968865684,2204.021115,True,False
1174,610.0,502,731093,0.15,0.5320633694174743,2205.525796334,True,False
1175,1030.0,788,731881,0.15,0.5169381483784182,2207.8496137919997,True,False
1176,1360.0,886,732767,0.15,0.4971792241769139,2211.330519042,True,False
1177,830.0,595,733362,0.15,0.5116024620881017,2213.093310875,True,False
1178,680.0,599,733961,0.15,0.42989338080088296,2214.904358542,True,False
1179,580.0,472,734433,0.15,0.49788130762971056,2216.3219485,True,False
1180,1280.0,894,735327,0.15,0.5180635985838993,2218.951789542,True,False
1181,430.0,437,735764,0.15,0.514792791957205,2220.286919334,True,False
1182,820.0,819,736583,0.15,0.4322330240963721,2222.689657417,True,False
1183,660.0,515,737098,0.15,0.4784632971466974,2224.246692917,True,False
1184,690.0,595,737693,0.15,0.5470392617503269,2226.012576959,True,False
1185,740.0,713,738406,0.15,0.4786467357130533,2228.106520084,True,False
1186,610.0,515,738921,0.15,0.523244342427383,2229.632288209,True,False
1187,420.0,426,739347,0.15,0.5020435627479598,2230.903775834,True,False
1188,550.0,579,739926,0.15,0.47905932520997935,2232.653485542,True,False
1189,430.0,487,740413,0.15,0.5375728455112606,2234.2259718749997,True,False
1190,1190.0,1022,741435,0.15,0.44062633882550634,2237.194768459,True,False
1191,680.0,555,741990,0.15,0.5345620914972086,2238.849265084,True,False
1192,820.0,763,742753,0.15,0.5115860727913093,2241.0886018339997,True,False
1193,350.0,443,743196,0.15,0.49450296069587674,2242.413936584,True,False
1194,670.0,661,743857,0.15,0.48507494393623235,2244.36635575,True,False
1195,530.0,444,744301,0.15,0.505882802377413,2245.670965209,True,False
1196,670.0,647,744948,0.15,0.4431674625770545,2247.5991882499998,True,False
1197,1400.0,703,745651,0.15,0.5447511718528611,2249.699814584,True,False
1198,530.0,457,746108,0.15,0.42610319418751674,2251.07730775,True,False
1199,1190.0,701,746809,0.15,0.5292712579454695,2253.145079209,True,False
1200,700.0,539,747348,0.15,0.40807973952205095,2254.7392127089997,True,False
1201,400.0,402,747750,0.15,0.5050532422959805,2256.536188,True,False
1202,570.0,522,748272,0.15,0.428417167363276,2258.0841044999997,True,False
1203,910.0,661,748933,0.15,0.5123024483070229,2260.058085417,True,False
1204,510.0,508,749441,0.15,0.5741485322671612,2261.567591792,True,False
1205,980.0,653,750094,0.15,0.47563037175708023,2263.48735425,True,False
1206,1390.0,815,750909,0.15,0.5440700722529608,2265.894836042,True,False
1207,610.0,532,751441,0.15,0.5585866628732896,2267.4738980839998,True,False
1208,940.0,690,752131,0.15,0.4357563579931509,2269.513751917,True,False
1209,560.0,447,752578,0.15,0.5608256189152598,2270.869375084,True,False
1210,1330.0,726,753304,0.15,0.49010327212758115,2273.021828584,True,False
1211,1010.0,813,754117,0.15,0.4415317542227031,2275.420613917,True,False
1212,710.0,783,754900,0.15,0.4659680789526628,2277.75189375,True,False
1213,1380.0,768,755668,0.15,0.4761638599447906,2280.333991084,True,False
1214,1300.0,944,756612,0.15,0.4821529374852524,2283.1304917499997,True,False
1215,530.0,463,757075,0.15,0.534843456874723,2284.5120565839998,True,False
1216,420.0,483,757558,0.15,0.5900427902286703,2285.9609259589997,True,False
1217,810.0,706,758264,0.15,0.5000527310842848,2288.103660417,True,False
1218,910.0,617,758881,0.15,0.4818912400053693,2289.919285917,True,False
1219,670.0,665,759546,0.15,0.4737663021288722,2291.898844542,True,False
1220,1450.0,831,760377,0.15,0.4825178528419481,2294.3770065,True,False
1221,2050.0,1112,761489,0.15,0.4543547594397188,2297.67333625,True,False
1222,1070.0,677,762166,0.15,0.4945173728219151,2299.6755224169997,True,False
1223,620.0,539,762705,0.15,0.5120242946125843,2301.290784959,True,False
1224,1860.0,792,763497,0.15,0.4965642126220645,2303.640362917,True,False
1225,1670.0,1169,764666,0.15,0.4898902510535227,2307.100132,True,False
1226,610.0,590,765256,0.15,0.49496412176538157,2309.731751542,True,False
1227,380.0,363,765619,0.15,0.465962474544843,2310.815112334,True,False
1228,680.0,654,766273,0.15,0.48125216542038973,2312.749706667,True,False
1229,590.0,530,766803,0.15,0.4954883117567409,2314.3215755,True,False
1230,1280.0,701,767504,0.15,0.4830213543874296,2316.4058368339997,True,False
1231,440.0,553,768057,0.15,0.49151583744779875,2318.0477660839997,True,False
1232,410.0,472,768529,0.15,0.44774417440264913,2319.443689917,True,False
1233,670.0,513,769042,0.15,0.5188509048894048,2320.976187084,True,False
1234,1320.0,797,769839,0.15,0.48638852352473005,2323.3466184999997,True,False
1235,1420.0,1217,771056,0.15,0.460677870717205,2326.925538334,True,False
1236,450.0,434,771490,0.15,0.5002772195471658,2328.21918325,True,False
1237,1460.0,621,772111,0.15,0.5495748770813789,2330.055329584,True,False
1238,720.0,531,772642,0.15,0.46891651649896365,2331.617086542,True,False
1239,310.0,387,773029,0.15,0.5065338459518767,2332.787898792,True,False
1240,850.0,661,773690,0.15,0.45745111166527774,2334.765113542,True,False
1241,500.0,399,774089,0.15,0.4606309886276722,2335.9851645,True,False
1242,1820.0,860,774949,0.15,0.5230398876722469,2338.512005084,True,False
1243,630.0,518,775467,0.15,0.46046458583238514,2340.051976834,True,False
1244,1340.0,518,775985,0.15,0.4799328124293914,2341.574866417,True,False
1245,690.0,660,776645,0.15,0.4890854659405622,2343.6139125,True,False
1246,1480.0,763,777408,0.15,0.5077171666615921,2346.0496023749997,True,False
1247,580.0,467,777875,0.15,0.5247268105760731,2347.412886,True,False
1248,540.0,476,778351,0.15,0.5347107378374628,2348.858528209,True,False
1249,560.0,484,778835,0.15,0.47942102016988863,2350.326775834,True,False
1250,430.0,408,779243,0.15,0.5365228128491664,2351.535095542,True,False
1251,560.0,554,779797,0.15,0.5339144738994056,2353.96331925,True,False
1252,490.0,453,780250,0.15,0.5235762366678862,2355.318396459,True,False
1253,680.0,688,780938,0.15,0.5577166698179966,2357.396256167,True,False
1254,1210.0,787,781725,0.15,0.4871800131906713,2359.744080125,True,False
1255,840.0,700,782425,0.15,0.43389255630118506,2362.503522875,True,False
1256,800.0,779,783204,0.15,0.4738667404804474,2365.105317917,True,False
1257,670.0,600,783804,0.15,0.48663280124465624,2366.926565209,True,False
1258,1810.0,850,784654,0.15,0.44467980723898365,2369.449353209,True,False
1259,600.0,501,785155,0.15,0.42194708865880964,2370.934376375,True,False
1260,1780.0,1015,786170,0.15,0.5085898062844915,2373.9546556669998,True,False
1261,600.0,507,786677,0.15,0.4896227610627497,2375.485160834,True,False
1262,420.0,414,787091,0.15,0.47725847131997634,2376.73260725,True,False
1263,1600.0,829,787920,0.15,0.5307344830093476,2379.209647667,True,False
1264,1120.0,702,788622,0.15,0.4956829948084695,2381.309828125,True,False
1265,1380.0,915,789537,0.15,0.522693489088502,2384.2254280839998,True,False
1266,740.0,635,790172,0.15,0.5672984749734776,2386.109231292,True,False
1267,440.0,431,790603,0.15,0.5283417644623284,2387.390417792,True,False
1268,500.0,502,791105,0.15,0.4938713902873652,2388.90552175,True,False
1269,560.0,553,791658,0.15,0.503774861710659,2390.5635118749997,True,False
1270,1450.0,800,792458,0.15,0.5258913151174783,2392.939266542,True,False
1271,660.0,549,793007,0.15,0.47856421855679393,2394.611087209,True,False
1272,1660.0,1110,794117,0.15,0.5093366249109343,2397.928533167,True,False
1273,640.0,525,794642,0.15,0.4642971718811807,2399.486521375,True,False
1274,1040.0,709,795351,0.15,0.4917662540650637,2401.626295834,True,False
1275,500.0,473,795824,0.15,0.5323563640107628,2403.0768387089997,True,False
1276,610.0,577,796401,0.15,0.4637065246804721,2405.355330292,True,False
1277,1150.0,847,797248,0.15,0.49575342406641765,2407.853511042,True,False
1278,580.0,534,797782,0.15,0.48601415798180087,2409.4315524589997,True,False
1279,850.0,636,798418,0.15,0.5084791851680983,2411.336897459,True,False
1280,950.0,579,798997,0.15,0.540547731107679,2413.0790267919997,True,False
1281,900.0,699,799696,0.15,0.4295034407292094,2415.1604602499997,True,False
1282,890.0,747,800443,0.15,0.4797994046602198,2417.382480584,True,False
1283,1290.0,766,801209,0.15,0.4811380992177874,2419.655655834,True,False
1284,660.0,614,801823,0.15,0.5458352720620585,2421.481449667,True,False
1285,480.0,534,802357,0.15,0.4469256841424686,2423.102320459,True,False
1286,1270.0,601,802958,0.15,0.5254510729511579,2424.8949617089997,True,False
1287,400.0,402,803360,0.15,0.4491128228088417,2426.133435459,True,False
1288,330.0,427,803787,0.15,0.4307277570917921,2427.3971430839997,True,False
1289,890.0,615,804402,0.15,0.5272758990139156,2429.229418417,True,False
1290,930.0,814,805216,0.15,0.541576091419248,2431.61902375,True,False
1291,550.0,598,805814,0.15,0.46726388829266463,2433.4199276669997,True,False
1292,840.0,664,806478,0.15,0.48697486569184856,2435.539328584,True,False
1293,790.0,570,807048,0.15,0.4638905956611767,2437.2757900839997,True,False
1294,1650.0,1142,808190,0.15,0.45105153617628835,2440.660202625,True,False
1295,350.0,381,808571,0.15,0.46362268924713135,2441.784377417,True,False
1296,620.0,551,809122,0.15,0.5521575204920077,2443.43053075,True,False
1297,600.0,741,809863,0.15,0.5734896162877212,2445.630949167,True,False
1298,850.0,614,810477,0.15,0.4474978239892365,2447.45574,True,False
1299,500.0,510,810987,0.15,0.5178985708341823,2448.994909167,True,False
1300,500.0,467,811454,0.15,0.4864765329238696,2450.416801167,True,False
1301,1150.0,808,812262,0.15,0.46479209678450434,2453.343461584,True,False
1302,480.0,453,812715,0.15,0.5674937085240288,2454.6968045,True,False
1303,500.0,526,813241,0.15,0.47464957861511997,2456.2910605419997,True,False
1304,650.0,604,813845,0.15,0.507338443191241,2458.090654667,True,False
1305,310.0,360,814205,0.15,0.47778312663237255,2459.1538688749997,True,False
1306,600.0,564,814769,0.15,0.5177006180404772,2460.832647667,True,False
1307,1640.0,824,815593,0.15,0.4701600300093878,2463.2787279589998,True,False
1308,1300.0,974,816567,0.15,0.5353192020161652,2466.1498673339997,True,False
1309,510.0,486,817053,0.15,0.49751225486397743,2467.5833763339997,True,False
1310,780.0,611,817664,0.15,0.5032269769634297,2469.4020635839997,True,False
1311,1350.0,644,818308,0.15,0.48871508629425714,2471.316212334,True,False
1312,550.0,481,818789,0.15,0.5168333930894733,2472.754201125,True,False
1313,1080.0,867,819656,0.15,0.5087474836251153,2475.309613042,True,False
1314,3060.0,840,820496,0.15,0.49627108910963647,2477.791253417,True,False
1315,910.0,703,821199,0.15,0.486539549103805,2479.857951834,True,False
1316,350.0,414,821613,0.15,0.5182020189956977,2481.1182304169997,True,False
1317,470.0,480,822093,0.15,0.5314233997215827,2482.573070584,True,False
1318,2390.0,793,822886,0.15,0.5043289371662669,2484.902276,True,False
1319,700.0,499,823385,0.15,0.5375353128910064,2486.402398834,True,False
1320,1140.0,761,824146,0.15,0.603982111145007,2488.657434709,True,False
1321,1000.0,629,824775,0.15,0.506033427870957,2490.615707125,True,False
1322,1060.0,989,825764,0.15,0.5652093780076792,2493.544839584,True,False
1323,910.0,772,826536,0.15,0.4958231889213305,2495.859862375,True,False
1324,770.0,571,827107,0.15,0.48472412072227034,2497.558352167,True,False
1325,360.0,420,827527,0.15,0.5336515568551563,2498.847490584,True,False
1326,850.0,719,828246,0.15,0.49586349543597963,2501.733219584,True,False
1327,700.0,687,828933,0.15,0.5127726728313191,2503.759275459,True,False
1328,1070.0,824,829757,0.15,0.526377053515425,2506.2178007499997,True,False
1329,550.0,577,830334,0.15,0.46475281059328055,2507.920727792,True,False
1330,1440.0,1022,831356,0.15,0.5220663848449476,2511.1444955419997,True,False
1331,960.0,568,831924,0.15,0.5499646102248783,2512.877141334,True,False
1332,1060.0,853,832777,0.15,0.5637103937951052,2515.406127959,True,False
1333,1050.0,652,833429,0.15,0.5210396864114364,2517.3604704589998,True,False
1334,640.0,503,833932,0.15,0.4902318659282866,2518.879627917,True,False
1335,630.0,517,834449,0.15,0.49070840248072795,2520.4208515,True,False
1336,1120.0,697,835146,0.15,0.5645120933480646,2522.4974266669997,True,False
1337,1150.0,755,835901,0.15,0.5594135410098172,2524.741830084,True,False
1338,760.0,643,836544,0.15,0.460474393336299,2526.6802374589997,True,False
1339,1600.0,805,837349,0.15,0.46449136185408824,2529.082991209,True,False
1340,570.0,482,837831,0.15,0.5542546642323335,2530.523242625,True,False
1341,430.0,423,838254,0.15,0.5260289110383898,2531.788762667,True,False
1342,1440.0,820,839074,0.15,0.5252174920788626,2534.2261075,True,False
1343,2110.0,1080,840154,0.15,0.5845866144531303,2537.4037519999997,True,False
1344,770.0,639,840793,0.15,0.5009005175903439,2539.299282334,True,False
1345,660.0,523,841316,0.15,0.504067512186429,2540.874905834,True,False
1346,1190.0,873,842189,0.15,0.5377897526556199,2543.44254,True,False
1347,620.0,483,842672,0.15,0.530852002792122,2544.9103140839998,True,False
1348,1040.0,787,843459,0.15,0.5774651696639401,2547.245763292,True,False
1349,420.0,449,843908,0.15,0.5224577428492825,2548.598240417,True,False
1350,790.0,546,844454,0.15,0.4646305361324373,2550.220890667,True,False
1351,1210.0,642,845096,0.15,0.5032691906975664,2552.972332667,True,False
1352,1340.0,1162,846258,0.15,0.5604980989006059,2556.475562667,True,False
1353,1050.0,857,847115,0.15,0.576370146647792,2559.004706959,True,False
1354,1490.0,654,847769,0.15,0.5445588269248242,2560.972202584,True,False
1355,960.0,701,848470,0.15,0.5668218752316067,2563.0661071249997,True,False
1356,750.0,608,849078,0.15,0.4924836461677363,2564.8818700419997,True,False
1357,1090.0,748,849826,0.15,0.4991996037689122,2567.117347167,True,False
1358,930.0,843,850669,0.15,0.49976994736358454,2569.6310251249997,True,False
1359,690.0,604,851273,0.15,0.4865161302863367,2571.455733,True,False
1360,1640.0,960,852233,0.15,0.4812515654290716,2574.469729,True,False
1361,990.0,705,852938,0.15,0.4638119710778648,2576.53730775,True,False
1362,910.0,795,853733,0.15,0.5263057030250679,2578.864578209,True,False
1363,440.0,454,854187,0.15,0.4811875086970034,2580.221498417,True,False
1364,890.0,879,855066,0.15,0.45543581823056395,2582.82731125,True,False
1365,560.0,521,855587,0.15,0.48545067413495135,2584.40511125,True,False
1366,690.0,628,856215,0.15,0.5217827325034293,2586.29503725,True,False
1367,790.0,649,856864,0.15,0.5283451628831267,2588.277036292,True,False
1368,670.0,595,857459,0.15,0.5283672112870861,2590.043574584,True,False
1369,2080.0,1006,858465,0.15,0.5230849243345714,2593.331616875,True,False
1370,890.0,606,859071,0.15,0.4558231556257665,2595.1778207499997,True,False
1371,890.0,725,859796,0.15,0.47104446422103996,2597.3368192499997,True,False
1372,730.0,649,860445,0.15,0.48612504921577593,2599.4464145419997,True,False
1373,380.0,386,860831,0.15,0.4991527524155875,2600.637209209,True,False
1374,370.0,396,861227,0.15,0.556460855585156,2601.817169584,True,False
1375,1070.0,681,861908,0.15,0.5205997337113347,2603.8576065839998,True,False
1376,580.0,551,862459,0.15,0.499059689741065,2606.612314959,True,False
1377,430.0,542,863001,0.15,0.4656780459644163,2608.241455417,True,False
1378,1750.0,1125,864126,0.15,0.4920398268676313,2611.568729792,True,False
1379,690.0,614,864740,0.15,0.4522439420416758,2613.441166167,True,False
1380,1730.0,1170,865910,0.15,0.4960838336599608,2616.923759834,True,False
1381,720.0,674,866584,0.15,0.5416663621921511,2619.090411834,True,False
1382,760.0,686,867270,0.15,0.4394246540658655,2621.128586542,True,False
1383,790.0,687,867957,0.15,0.4229641645973505,2623.193754042,True,False
1384,310.0,454,868411,0.15,0.6073023229837418,2624.586478834,True,False
1385,1640.0,1322,869733,0.15,0.4848881035683018,2628.552954084,True,False
1386,1180.0,893,870626,0.15,0.5060776464741327,2631.2156,True,False
1387,580.0,547,871173,0.15,0.48381365895488837,2632.8527315839997,True,False
1388,630.0,595,871768,0.15,0.5624503583316035,2634.660444959,True,False
1389,1100.0,664,872432,0.15,0.5132282426558346,2636.6683494169997,True,False
1390,450.0,458,872890,0.15,0.5596273414659918,2638.078363125,True,False
1391,400.0,370,873260,0.15,0.47493799014758037,2639.1773277499997,True,False
1392,490.0,426,873686,0.15,0.49741877980951993,2640.4789298339997,True,False
1393,460.0,422,874108,0.15,0.457758256005791,2641.7394975419998,True,False
1394,340.0,330,874438,0.15,0.49140678346157074,2642.737860792,True,False
1395,520.0,497,874935,0.15,0.4847500250945168,2644.228787042,True,False
1396,2220.0,836,875771,0.15,0.4375295937774284,2646.71938425,True,False
1397,1120.0,906,876677,0.15,0.4858782204105991,2649.431841709,True,False
1398,1770.0,1112,877789,0.15,0.5030359670841437,2652.706195834,True,False
1399,700.0,546,878335,0.15,0.4656986772794934,2654.3377432919997,True,False
1400,1010.0,647,878982,0.15,0.48052581758410845,2656.2842231249997,True,False
1401,580.0,674,879656,0.15,0.4514192579501479,2658.899014084,True,False
1402,790.0,657,880313,0.15,0.4811400287307617,2660.874067125,True,False
1403,470.0,457,880770,0.15,0.5180705899470731,2662.276752292,True,False
1404,2010.0,1033,881803,0.15,0.4560260223730128,2665.315805167,True,False
1405,660.0,645,882448,0.15,0.536919165816572,2667.2333988339997,True,False
1406,520.0,441,882889,0.15,0.47919121127236974,2668.545805792,True,False
1407,640.0,590,883479,0.15,0.47800151446238665,2670.321906417,True,False
1408,1320.0,729,884208,0.15,0.48427791844625945,2672.4953609169997,True,False
1409,500.0,519,884727,0.15,0.5056012198328972,2674.064995709,True,False
1410,520.0,523,885250,0.15,0.48010046609485424,2675.613547084,True,False
1411,1830.0,802,886052,0.15,0.5250435817004436,2678.028332459,True,False
1412,540.0,488,886540,0.15,0.4734600697506647,2679.493676125,True,False
1413,450.0,380,886920,0.15,0.4552829704786602,2680.67580025,True,False
1414,1690.0,766,887686,0.15,0.4333118602867526,2683.327791417,True,False
1415,780.0,566,888252,0.15,0.4375390986531553,2685.053373959,True,False
1416,750.0,563,888815,0.15,0.4980751309011664,2686.756625334,True,False
1417,650.0,680,889495,0.15,0.49989385280539006,2688.7745892499997,True,False
1418,810.0,602,890097,0.15,0.49823167569787297,2690.55660025,True,False
1419,1550.0,1064,891161,0.15,0.44579191687972025,2693.682425334,True,False
1420,400.0,428,891589,0.15,0.47597915532990037,2694.979971959,True,False
1421,560.0,557,892146,0.15,0.48848010202963577,2696.6588565839998,True,False
1422,680.0,512,892658,0.15,0.4784392969449982,2698.218081084,True,False
1423,480.0,415,893073,0.15,0.5430204222122064,2699.452232084,True,False
1424,410.0,411,893484,0.15,0.5199069940638774,2700.6912320839997,True,False
1425,920.0,942,894426,0.15,0.5630527982052337,2703.4913687499998,True,False
1426,630.0,658,895084,0.15,0.47518877956000244,2706.220237834,True,False
1427,650.0,573,895657,0.15,0.5114253989153809,2707.913939625,True,False
1428,450.0,425,896082,0.15,0.41807741587454417,2709.1644625,True,False
1429,1060.0,677,896759,0.15,0.5765458549532665,2711.20842725,True,False
1430,900.0,618,897377,0.15,0.5391819063213563,2713.061510709,True,False
1431,1710.0,845,898222,0.15,0.538044539037474,2715.5841742499997,True,False
1432,470.0,462,898684,0.15,0.5612850393457659,2716.97321375,True,False
1433,550.0,505,899189,0.15,0.44886740598650204,2718.5150491249997,True,False
1434,460.0,430,899619,0.15,0.46461162214802804,2719.802643292,True,False
1435,410.0,425,900044,0.15,0.5614965366565179,2721.112201459,True,False
1436,1160.0,873,900917,0.15,0.5144038690476243,2723.7125055839997,True,False
1437,670.0,636,901553,0.15,0.535139115632705,2726.040809875,True,False
1438,460.0,479,902032,0.15,0.5351241006205479,2727.74713825,True,False
1439,1330.0,976,903008,0.15,0.4977467995075906,2730.654158292,True,False
1440,560.0,507,903515,0.15,0.5034235771449785,2732.1779687499998,True,False
1441,920.0,760,904275,0.15,0.5157605913908858,2734.452872334,True,False
1442,510.0,480,904755,0.15,0.5118424573292335,2735.887694125,True,False
1443,460.0,520,905275,0.15,0.5125305951787875,2737.438222917,True,False
1444,2650.0,1216,906491,0.15,0.5266927369429093,2741.089838,True,False
1445,760.0,646,907137,0.15,0.5669912750154366,2743.047031042,True,False
1446,420.0,440,907577,0.15,0.5111767411231994,2744.418993167,True,False
1447,950.0,723,908300,0.15,0.4923820484902977,2746.689586417,True,False
1448,1480.0,755,909055,0.15,0.5064704632584719,2748.924196209,True,False
1449,1090.0,724,909779,0.15,0.5434181872158419,2751.071794167,True,False
1450,1770.0,913,910692,0.15,0.5262438401775068,2753.789892125,True,False
1451,740.0,692,911384,0.15,0.4790317903278191,2756.762405,True,False
1452,1490.0,860,912244,0.15,0.4641446376262709,2759.317664709,True,False
1453,1340.0,916,913160,0.15,0.506711926197381,2762.081444,True,False
1454,610.0,526,913686,0.15,0.5259824734152728,2763.6441611669998,True,False
1455,430.0,461,914147,0.15,0.49168299008970673,2765.06088575,True,False
1456,510.0,426,914573,0.15,0.4837934700685127,2766.3727089999998,True,False
1457,550.0,464,915037,0.15,0.5744715822410995,2767.7634399589997,True,False
1458,1320.0,852,915889,0.15,0.48933685427540347,2770.367072084,True,False
1459,800.0,658,916547,0.15,0.5351482835121271,2772.684485334,True,False
1460,730.0,555,917102,0.15,0.4430659373672746,2774.372443209,True,False
1461,590.0,496,917598,0.15,0.5778207214729439,2775.8417169589998,True,False
1462,1170.0,865,918463,0.15,0.5354862513227595,2778.437918584,True,False
1463,1100.0,745,919208,0.15,0.5962291280216074,2780.687423709,True,False
1464,760.0,588,919796,0.15,0.5058663383024891,2782.481776542,True,False
1465,1480.0,962,920758,0.15,0.5280454989833137,2785.351611125,True,False
1466,1260.0,698,921456,0.15,0.49185782492160796,2787.9576825,True,False
1467,700.0,583,922039,0.15,0.54756796005471,2789.7265738339997,True,False
1468,320.0,421,922460,0.15,0.47602601532103883,2790.994069209,True,False
1469,1260.0,1136,923596,0.15,0.5416828950106258,2794.404032209,True,False
1470,2720.0,1035,924631,0.15,0.5157436973364778,2797.5016375,True,False
1471,620.0,491,925122,0.15,0.5056979272181426,2799.049992334,True,False
1472,660.0,546,925668,0.15,0.5419068271226256,2800.722993084,True,False
1473,830.0,781,926449,0.15,0.503699928178237,2803.0782965,True,False
1474,820.0,627,927076,0.15,0.5551466945155411,2805.0017264999997,True,False
1475,460.0,473,927549,0.15,0.585116933778686,2806.4614311249998,True,False
1476,630.0,648,928197,0.15,0.502089812339824,2809.325395209,True,False
1477,480.0,406,928603,0.15,0.5390373500857023,2810.5588066669998,True,False
1478,1490.0,666,929269,0.15,0.522902813500273,2812.612843709,True,False
1479,1190.0,886,930155,0.15,0.5633816566672261,2815.280679834,True,False
1480,1470.0,1042,931197,0.15,0.5495478344431782,2818.4448565,True,False
1481,660.0,495,931692,0.15,0.49092921602629847,2819.964494167,True,False
1482,840.0,661,932353,0.15,0.46314355731010437,2821.964048375,True,False
1483,1280.0,788,933141,0.15,0.50512726877244,2824.420773875,True,False
1484,580.0,532,933673,0.15,0.44102377948680316,2826.041671375,True,False
1485,1090.0,779,934452,0.15,0.5262228663151081,2828.377288417,True,False
1486,920.0,709,935161,0.15,0.5284102117527003,2830.524575459,True,False
1487,1030.0,653,935814,0.15,0.5415807502584223,2832.504448834,True,False
1488,1220.0,1034,936848,0.15,0.5539442360055953,2835.620182417,True,False
1489,460.0,536,937384,0.15,0.4824160214013128,2837.2578841249997,True,False
1490,690.0,540,937924,0.15,0.5761636997262637,2838.921358084,True,False
1491,750.0,621,938545,0.15,0.49979714068674275,2840.810928375,True,False
1492,330.0,346,938891,0.15,0.5437190801251767,2841.8710135839997,True,False
1493,620.0,550,939441,0.15,0.5579441381969313,2843.541645584,True,False
1494,2460.0,885,940326,0.15,0.5427770635526105,2846.241797917,True,False
1495,560.0,588,940914,0.15,0.5203932875982759,2848.701782,True,False
1496,750.0,716,941630,0.15,0.5609603279878973,2850.888342875,True,False
1497,430.0,489,942119,0.15,0.523207062702687,2852.380960875,True,False
1498,980.0,728,942847,0.15,0.47455892969782537,2854.5923589999998,True,False
1499,2960.0,1076,943923,0.15,0.5457420209249599,2858.2883753749998,True,False
1500,920.0,740,944663,0.15,0.5472142668994697,2860.513072209,True,False
1501,1880.0,871,945534,0.15,0.48032841332461856,2864.054433417,True,False
1502,970.0,886,946420,0.15,0.5191963408981357,2866.716917667,True,False
1503,370.0,376,946796,0.15,0.49832285385816655,2868.0480092089997,True,False
1504,1040.0,794,947590,0.15,0.46732254680057966,2870.657357125,True,False
1505,1620.0,804,948394,0.15,0.5630903960163913,2873.0644805839997,True,False
1506,600.0,570,948964,0.15,0.5138945675396419,2874.927458625,True,False
1507,970.0,581,949545,0.15,0.48671785408052903,2876.679736834,True,False
1508,1250.0,810,950355,0.15,0.5445993436445103,2879.1634249169997,True,False
1509,820.0,748,951103,0.15,0.49368369790481376,2881.635619292,True,False
1510,1430.0,836,951939,0.15,0.534125532794512,2884.541739667,True,False
1511,610.0,484,952423,0.15,0.4700189384300847,2886.0559830419998,True,False
1512,1250.0,872,953295,0.15,0.49782901947651437,2888.66246,True,False
1513,1260.0,856,954151,0.15,0.5257499676859267,2891.2676055419997,True,False
1514,420.0,409,954560,0.15,0.5420561026311616,2892.550882209,True,False
1515,1770.0,952,955512,0.15,0.5137069961603951,2895.3880935419998,True,False
1516,700.0,739,956251,0.15,0.4658786213916281,2897.6437525839997,True,False
1517,710.0,500,956751,0.15,0.539454753279686,2899.193755417,True,False
1518,650.0,518,957269,0.15,0.5994875411574657,2900.785127459,True,False
1519,880.0,650,957919,0.15,0.47001946018433866,2902.777419834,True,False
1520,900.0,730,958649,0.15,0.5254263819648268,2904.993208125,True,False
1521,540.0,491,959140,0.15,0.4857807653706248,2906.5011208749997,True,False
1522,1280.0,802,959942,0.15,0.48847345657646657,2909.048897625,True,False
1523,2570.0,1296,961238,0.15,0.5094760253703521,2912.976430917,True,False
1524,1970.0,969,962207,0.15,0.5308158252665327,2915.917258209,True,False
1525,850.0,820,963027,0.15,0.5291694277670326,2918.442745625,True,False
1526,1230.0,609,963636,0.15,0.5159097223305235,2921.394033042,True,False
1527,1280.0,688,964324,0.15,0.6384551687989124,2923.477307709,True,False
1528,450.0,490,964814,0.15,0.522348908615894,2925.002213375,True,False
1529,650.0,630,965444,0.15,0.5655060542535179,2926.894748792,True,False
1530,860.0,793,966237,0.15,0.5254756103862416,2929.275128042,True,False
1531,950.0,987,967224,0.15,0.5001052007501424,2932.2715885,True,False
1532,1400.0,634,967858,0.15,0.5194925912479057,2934.19965125,True,False
1533,680.0,529,968387,0.15,0.5702156477579565,2935.7973294589997,True,False
1534,1100.0,864,969251,0.15,0.4922021581204953,2938.470938959,True,False
1535,650.0,567,969818,0.15,0.48627648082837255,2940.211992125,True,False
1536,1200.0,812,970630,0.15,0.47870652406967334,2942.681306125,True,False
1537,500.0,503,971133,0.15,0.45011787045569646,2944.23208025,True,False
1538,1520.0,782,971915,0.15,0.4688303266580288,2946.600832084,True,False
1539,900.0,628,972543,0.15,0.4929032048602013,2948.5235427499997,True,False
1540,650.0,710,973253,0.15,0.48908977377950474,2950.676899125,True,False
1541,750.0,797,974050,0.15,0.5137536015043307,2953.114068084,True,False
1542,2190.0,1124,975174,0.15,0.5164319618847022,2956.562580542,True,False
1543,1060.0,658,975832,0.15,0.5015710566079978,2958.559112084,True,False
1544,750.0,655,976487,0.15,0.49400850289438397,2960.5533796669997,True,False
1545,890.0,589,977076,0.15,0.43679229728877544,2962.3651877499997,True,False
1546,1130.0,858,977934,0.15,0.4725863682889493,2964.958043167,True,False
1547,560.0,483,978417,0.15,0.5213811848897579,2966.447325917,True,False
1548,420.0,448,978865,0.15,0.5204702460073999,2967.797177542,True,False
1549,780.0,633,979498,0.15,0.4995695893428748,2969.7668255420003,True,False
1550,500.0,405,979903,0.15,0.5585778067902764,2971.017421542,True,False
1551,570.0,435,980338,0.15,0.5251746322583715,2973.306748334,True,False
1552,660.0,548,980886,0.15,0.574039528731012,2974.9919626250003,True,False
1553,720.0,718,981604,0.15,0.5531306820611159,2977.2027319999997,True,False
1554,640.0,652,982256,0.15,0.501004871232378,2979.9184039169995,True,False
1555,1010.0,750,983006,0.15,0.4808593397950106,2982.31394525,True,False
1556,680.0,584,983590,0.15,0.4873393145326066,2984.0901506669998,True,False
1557,1370.0,952,984542,0.15,0.5660860480881539,2987.0103522500003,True,False
1558,530.0,497,985039,0.15,0.4797471729257414,2988.5575819590003,True,False
1559,1390.0,633,985672,0.15,0.5648097692045776,2990.5205663340003,True,False
1560,320.0,356,986028,0.15,0.5893395001466355,2991.607323667,True,False
1561,1170.0,762,986790,0.15,0.5169908786682706,2993.978542959,True,False
1562,1220.0,866,987656,0.15,0.4920169615319797,2996.623549334,True,False
1563,1420.0,746,988402,0.15,0.5155038930555825,2998.896185042,True,False
1564,1580.0,1062,989464,0.15,0.4640875738534264,3002.292534125,True,False
1565,1800.0,1139,990603,0.15,0.5097361957313309,3005.720964917,True,False
1566,680.0,502,991105,0.15,0.4300547257538826,3007.3082917499996,True,False
1567,460.0,483,991588,0.15,0.5233917380413733,3008.79880425,True,False
1568,520.0,487,992075,0.15,0.5161654657938264,3010.2771805419998,True,False
1569,370.0,373,992448,0.15,0.5096346864357908,3011.424489584,True,False
1570,740.0,583,993031,0.15,0.47375286298579183,3013.252331625,True,False
1571,520.0,522,993553,0.15,0.49532809614680195,3014.8975951249995,True,False
1572,1100.0,827,994380,0.15,0.577110064526399,3017.390250042,True,False
1573,1490.0,1010,995390,0.15,0.5081059177006993,3020.5180627500004,True,False
1574,870.0,821,996211,0.15,0.4815204812259209,3022.9815034169997,True,False
1575,490.0,418,996629,0.15,0.49811436044318336,3024.2781449169997,True,False
1576,1280.0,907,997536,0.15,0.5025812477398549,3027.564645542,True,False
1577,2510.0,940,998476,0.15,0.4655061604494744,3030.4282392919995,True,False
1578,1150.0,841,999317,0.15,0.4680909143672103,3032.982364667,True,False
1579,1010.0,752,1000069,0.15,0.5090750447137559,3035.2886295420003,True,False
1580,470.0,522,1000591,0.15,0.43014693374817187,3036.895805,True,False
1581,420.0,374,1000965,0.15,0.5219901599624055,3038.077073167,True,False
1582,550.0,513,1001478,0.15,0.5409655347466469,3039.6669259170003,True,False
1583,740.0,632,1002110,0.15,0.48671958015500744,3041.9813949589998,True,False
1584,380.0,416,1002526,0.15,0.47907767423356956,3043.2392581249997,True,False
1585,770.0,592,1003118,0.15,0.4830744679815866,3045.026560917,True,False
1586,1120.0,782,1003900,0.15,0.5541244559750265,3047.4375279999995,True,False
1587,580.0,571,1004471,0.15,0.4687385289392001,3049.233981792,True,False
1588,570.0,554,1005025,0.15,0.5131615771771335,3050.943064125,True,False
1589,1020.0,820,1005845,0.15,0.5016706943875406,3053.4523369999997,True,False
1590,610.0,584,1006429,0.15,0.47113279988096185,3055.2406707089995,True,False
1591,400.0,479,1006908,0.15,0.5545264559487502,3056.7111070419996,True,False
1592,1120.0,807,1007715,0.15,0.4522523302862893,3059.1615839589995,True,False
1593,620.0,491,1008206,0.15,0.426805058751649,3060.6787294999995,True,False
1594,580.0,557,1008763,0.15,0.509377126213458,3062.403347042,True,False
1595,940.0,547,1009310,0.15,0.5108366333437662,3064.116908792,True,False
1596,580.0,483,1009793,0.15,0.4574049664430382,3065.7480806249996,True,False
1597,510.0,523,1010316,0.15,0.5100518273943253,3067.332529792,True,False
1598,580.0,518,1010834,0.15,0.4863761260296947,3068.919252625,True,False
1599,610.0,552,1011386,0.15,0.45318077526230743,3070.604050709,True,False
1600,440.0,480,1011866,0.15,0.5288034147272508,3072.132466125,True,False
1601,1580.0,713,1012579,0.15,0.5171948220120387,3074.960047292,True,False
1602,620.0,571,1013150,0.15,0.4621358128277572,3076.666871042,True,False
1603,1370.0,712,1013862,0.15,0.527285604245877,3078.867788292,True,False
1604,1110.0,654,1014516,0.15,0.5275281103918465,3080.8494155,True,False
1605,590.0,547,1015063,0.15,0.5625616431455401,3082.499711292,True,False
1606,790.0,546,1015609,0.15,0.5558209854320888,3084.178028417,True,False
1607,1850.0,886,1016495,0.15,0.5218028043527408,3086.889802459,True,False
1608,560.0,578,1017073,0.15,0.436940224622858,3088.6841913749995,True,False
1609,500.0,537,1017610,0.15,0.48056750383172464,3090.3549974589996,True,False
1610,360.0,437,1018047,0.15,0.4702379670711832,3091.678413959,True,False
1611,1090.0,717,1018764,0.15,0.5064873004125224,3093.865056167,True,False
1612,710.0,703,1019467,0.15,0.4426558615905898,3096.0708467920003,True,False
1613,810.0,811,1020278,0.15,0.5145000918892216,3098.5264031670004,True,False
1614,560.0,559,1020837,0.15,0.4353755624166557,3100.34265375,True,False
1615,1100.0,657,1021494,0.15,0.6480020309185109,3102.446653209,True,False
1616,660.0,679,1022173,0.15,0.5159651166375946,3104.5116802499997,True,False
1617,360.0,444,1022617,0.15,0.5109286121688448,3106.1239951669995,True,False
1618,1250.0,1026,1023643,0.15,0.5151508357957937,3109.337681209,True,False
1619,2660.0,968,1024611,0.15,0.4550762575212096,3112.2801123339996,True,False
1620,1620.0,712,1025323,0.15,0.4810027200100797,3114.474213875,True,False
1621,930.0,745,1026068,0.15,0.5250993421211599,3116.7632241250003,True,False
1622,1460.0,804,1026872,0.15,0.49471783893766685,3119.24333775,True,False
1623,580.0,479,1027351,0.15,0.4989458307498643,3120.760329334,True,False
1624,1070.0,676,1028027,0.15,0.46511249826151946,3122.8201867919997,True,False
1625,840.0,546,1028573,0.15,0.5287083461880684,3124.509341459,True,False
1626,720.0,559,1029132,0.15,0.5603916790868555,3126.94333575,True,False
1627,1040.0,620,1029752,0.15,0.5052396145559126,3128.8571972499994,True,False
1628,1680.0,1030,1030782,0.15,0.5109188615232126,3132.111687834,True,False
1629,710.0,477,1031259,0.15,0.4375593579616867,3133.5699951670003,True,False
1630,480.0,405,1031664,0.15,0.489734573691499,3134.8578245420003,True,False
1631,620.0,603,1032267,0.15,0.5427533416946729,3136.80366625,True,False
1632,780.0,722,1032989,0.15,0.4508383268315489,3139.2486882089997,True,False
1633,820.0,637,1033626,0.15,0.500365489402657,3141.165902584,True,False
1634,800.0,657,1034283,0.15,0.4857514049040108,3143.1170334589997,True,False
1635,420.0,466,1034749,0.15,0.4842304717271756,3144.605915667,True,False
1636,890.0,826,1035575,0.15,0.49712974144127764,3147.2523084590002,True,False
1637,610.0,589,1036164,0.15,0.4652324564553596,3149.045411375,True,False
1638,570.0,436,1036600,0.15,0.475084317660113,3150.4010744999996,True,False
1639,600.0,538,1037138,0.15,0.4543567972063129,3152.066173209,True,False
1640,440.0,465,1037603,0.15,0.46774781058574544,3153.483204084,True,False
1641,870.0,644,1038247,0.15,0.4944587479004208,3155.438541167,True,False
1642,1300.0,963,1039210,0.15,0.47526415282883583,3158.3608815420002,True,False
1643,720.0,751,1039961,0.15,0.49879565097867173,3160.6405268749995,True,False
1644,570.0,469,1040430,0.15,0.4508915544829817,3162.0983081249997,True,False
1645,1390.0,533,1040963,0.15,0.5977507894648645,3163.6858604589997,True,False
1646,1930.0,900,1041863,0.15,0.5336138084861968,3166.4084629999998,True,False
1647,700.0,572,1042435,0.15,0.5072038013201493,3168.19890925,True,False
1648,470.0,449,1042884,0.15,0.5560201496149586,3169.559095042,True,False
1649,1350.0,1049,1043933,0.15,0.4704584138937124,3172.715700959,True,False
1650,480.0,475,1044408,0.15,0.5042976871007631,3174.1794315839998,True,False
1651,2050.0,644,1045052,0.15,0.5032853594292765,3176.7330289169995,True,False
1652,860.0,689,1045741,0.15,0.5431437452518663,3178.7975360419996,True,False
1653,1570.0,907,1046648,0.15,0.47839709893197213,3181.532659959,True,False
1654,910.0,906,1047554,0.15,0.48119231867315493,3184.2764474999994,True,False
1655,620.0,515,1048069,0.15,0.41794092675974204,3185.83159275,True,False
1656,550.0,630,1048699,0.15,0.45176062932249844,3187.7209354589995,True,False
1657,1440.0,983,1049682,0.15,0.47076813334493134,3190.696301209,True,False
1658,840.0,612,1050294,0.15,0.5274830210734817,3192.562905375,True,False
1659,780.0,623,1050917,0.15,0.48540418394483054,3194.5092673749996,True,False
1660,2680.0,1035,1051952,0.15,0.5143652495039936,3197.5904485419996,True,False
1661,350.0,343,1052295,0.15,0.5303843002108967,3198.6383551669996,True,False
1662,500.0,529,1052824,0.15,0.4950707731838513,3200.2461325839995,True,False
1663,1170.0,780,1053604,0.15,0.5165990681220324,3202.6104979169995,True,False
1664,880.0,673,1054277,0.15,0.498942693695426,3204.625303709,True,False
1665,2590.0,860,1055137,0.15,0.5156428870766662,3207.2000077089997,True,False
1666,1290.0,662,1055799,0.15,0.47047919323950105,3209.1891627919995,True,False
1667,920.0,691,1056490,0.15,0.4769265691324466,3211.26826875,True,False
1668,910.0,681,1057171,0.15,0.5521850884837263,3213.331764417,True,False
1669,410.0,517,1057688,0.15,0.4974594179254312,3214.910758334,True,False
1670,1150.0,1034,1058722,0.15,0.5552273053647012,3218.003861292,True,False
1671,460.0,407,1059129,0.15,0.4632270810943024,3219.231623375,True,False
1672,760.0,634,1059763,0.15,0.4748148482434357,3221.146404375,True,False
1673,1760.0,1046,1060809,0.15,0.56044516820489,3224.30997475,True,False
1674,1370.0,902,1061711,0.15,0.5419250893261698,3227.009634667,True,False
1675,1040.0,729,1062440,0.15,0.5084979523970781,3229.225195459,True,False
1676,420.0,491,1062931,0.15,0.49279871924978785,3231.704777209,True,False
1677,1000.0,883,1063814,0.15,0.47703591777997856,3234.348187417,True,False
1678,1340.0,931,1064745,0.15,0.47879005181942885,3237.12641025,True,False
1679,1450.0,1002,1065747,0.15,0.5046654346585274,3240.1364725840003,True,False
1680,1620.0,983,1066730,0.15,0.4452868094894944,3243.082258167,True,False
1681,990.0,804,1067534,0.15,0.49515859482448493,3245.6140825840002,True,False
1682,680.0,575,1068109,0.15,0.4947084047210713,3247.343046375,True,False
1683,900.0,709,1068818,0.15,0.5098430215470535,3249.4681600839995,True,False
1684,2300.0,910,1069728,0.15,0.46124816973481264,3252.302124334,True,False
1685,450.0,496,1070224,0.15,0.49966732917293427,3253.8105986250002,True,False
1686,1180.0,678,1070902,0.15,0.4648322985017088,3255.8434183749996,True,False
1687,1820.0,996,1071898,0.15,0.49522830378338994,3258.9994007919995,True,False
1688,750.0,674,1072572,0.15,0.49229311528643205,3261.262924167,True,False
1689,1030.0,592,1073164,0.15,0.5403881750598147,3263.119013417,True,False
1690,320.0,413,1073577,0.15,0.4620580584968178,3264.365110334,True,False
1691,690.0,485,1074062,0.15,0.5153741337789977,3265.802457125,True,False
1692,1520.0,721,1074783,0.15,0.49976091235876086,3267.9660564589994,True,False
1693,740.0,768,1075551,0.15,0.5074088101585706,3270.3139088749995,True,False
1694,400.0,401,1075952,0.15,0.5094139378997359,3271.528247,True,False
1695,720.0,651,1076603,0.15,0.45702611213480987,3273.4959552089995,True,False
1696,4460.0,1082,1077685,0.15,0.501114761422481,3276.7568294169996,True,False
1697,630.0,525,1078210,0.15,0.4770711619435376,3278.357468667,True,False
1698,400.0,526,1078736,0.15,0.47017478480031993,3279.939926667,True,False
1699,1190.0,1238,1079974,0.15,0.49972684657303645,3283.6494624999996,True,False
1700,1590.0,739,1080713,0.15,0.5342487185387998,3285.8628077089998,True,False
1701,1230.0,956,1081669,0.15,0.5125258953065054,3289.586601334,True,False
1702,730.0,584,1082253,0.15,0.4814348620911167,3291.353379542,True,False
1703,940.0,773,1083026,0.15,0.4882482461669902,3293.6729015,True,False
1704,1080.0,803,1083829,0.15,0.49974931135254713,3296.1018993340003,True,False
1705,1550.0,1277,1085106,0.15,0.46662382090166443,3299.9281450420003,True,False
1706,820.0,720,1085826,0.15,0.4658642525060309,3302.1239520419995,True,False
1707,900.0,854,1086680,0.15,0.49713650993376135,3304.709727792,True,False
1708,1440.0,674,1087354,0.15,0.4429875868594363,3306.728072584,True,False
1709,920.0,626,1087980,0.15,0.4988294292217607,3308.592451417,True,False
1710,870.0,593,1088573,0.15,0.40000178574307543,3310.366075375,True,False
1711,820.0,774,1089347,0.15,0.5216831641339268,3312.680208625,True,False
1712,1160.0,789,1090136,0.15,0.5283354850429477,3315.0551426249995,True,False
1713,2060.0,1094,1091230,0.15,0.5014642746675582,3318.3163291250003,True,False
1714,520.0,535,1091765,0.15,0.5422651435234653,3319.9012752090002,True,False
1715,1000.0,784,1092549,0.15,0.45600367181611307,3322.397007959,True,False
1716,1000.0,840,1093389,0.15,0.48795645577566965,3324.906901542,True,False
1717,610.0,480,1093869,0.15,0.47971077989786864,3326.3756490839996,True,False
1718,1260.0,821,1094690,0.15,0.5199064823185525,3328.808104875,True,False
1719,1200.0,1039,1095729,0.15,0.4785213065262024,3331.9514081669995,True,False
1720,1170.0,886,1096615,0.15,0.49412745581223416,3334.721637625,True,False
1721,830.0,587,1097202,0.15,0.41499928876656256,3336.4659444589997,True,False
1722,980.0,877,1098079,0.15,0.5161927817006634,3339.071965084,True,False
1723,660.0,556,1098635,0.15,0.49559654563450983,3340.7385204169996,True,False
1724,1270.0,678,1099313,0.15,0.49268842321984907,3342.777540334,True,False
1725,970.0,620,1099933,0.15,0.5266686888471727,3344.6419522919996,True,False
1726,860.0,741,1100674,0.15,0.5462574415110253,3347.6332628749997,True,False
1727,1610.0,749,1101423,0.15,0.5095715135096867,3349.8326128749995,True,False
1728,1820.0,763,1102186,0.15,0.45026203670114745,3352.1170653339996,True,False
1729,470.0,376,1102562,0.15,0.43450971867175814,3353.2563776669995,True,False
1730,520.0,539,1103101,0.15,0.4513918411400583,3354.872903167,True,False
1731,1460.0,690,1103791,0.15,0.46157802823324534,3356.9385648750003,True,False
1732,2690.0,1124,1104915,0.15,0.46540248972029025,3360.2960191249995,True,False
1733,1260.0,728,1105643,0.15,0.47514651003447206,3362.487505459,True,False
1734,950.0,666,1106309,0.15,0.48022007616515644,3364.487549167,True,False
1735,1090.0,784,1107093,0.15,0.4570818331320675,3366.804218417,True,False
1736,1570.0,866,1107959,0.15,0.4472723278320498,3369.3754203339995,True,False
1737,720.0,629,1108588,0.15,0.44869549265956576,3371.24838525,True,False
1738,790.0,685,1109273,0.15,0.504799477930306,3373.2869656249995,True,False
1739,1080.0,817,1110090,0.15,0.4988915688339986,3375.69337225,True,False
1740,670.0,834,1110924,0.15,0.5374249499380304,3378.1784895419996,True,False
1741,1690.0,941,1111865,0.15,0.4480162018474112,3380.942080834,True,False
1742,970.0,882,1112747,0.15,0.4487371093847535,3383.5501575,True,False
1743,550.0,488,1113235,0.15,0.40517245538410596,3385.0230867499995,True,False
1744,1310.0,678,1113913,0.15,0.45993120867539855,3387.1183763749996,True,False
1745,1370.0,728,1114641,0.15,0.4767443102958438,3389.253990084,True,False
1746,680.0,631,1115272,0.15,0.48803413277374036,3391.14780125,True,False
1747,840.0,608,1115880,0.15,0.4977111125266866,3392.9523995419995,True,False
1748,1470.0,1016,1116896,0.15,0.4360750457491931,3395.953702459,True,False
1749,1070.0,814,1117710,0.15,0.45089374368854346,3398.366167792,True,False
1750,370.0,435,1118145,0.15,0.43125653895763083,3399.658210042,True,False
1751,480.0,570,1118715,0.15,0.4613858885853223,3402.1134135,True,False
1752,450.0,411,1119126,0.15,0.44994159896396896,3403.31907175,True,False
1753,1000.0,814,1119940,0.15,0.4647343202183644,3405.6907365839998,True,False
1754,1440.0,679,1120619,0.15,0.4909888483892531,3407.682644875,True,False
1755,1190.0,836,1121455,0.15,0.4836932703424869,3410.1999450000003,True,False
1756,1200.0,718,1122173,0.15,0.3991615831851959,3412.3199037920003,True,False
1757,530.0,495,1122668,0.15,0.44161640215785275,3413.7945746670002,True,False
1758,850.0,895,1123563,0.15,0.460134612003784,3416.4600284589997,True,False
1759,830.0,498,1124061,0.15,0.42056833070516586,3417.9249545000002,True,False
1760,870.0,763,1124824,0.15,0.5301245566828089,3420.170555709,True,False
1761,1010.0,692,1125516,0.15,0.42507390046998256,3422.230768917,True,False
1762,1060.0,597,1126113,0.15,0.4868465023452804,3424.011568,True,False
1763,880.0,674,1126787,0.15,0.43265685212931465,3426.00385725,True,False
1764,990.0,652,1127439,0.15,0.48475195467472076,3427.9289172500003,True,False
1765,580.0,489,1127928,0.15,0.3874557617355168,3429.3918171249998,True,False
1766,1040.0,700,1128628,0.15,0.44617662182876044,3431.458568125,True,False
1767,790.0,791,1129419,0.15,0.4467598457778166,3433.7757327500003,True,False
1768,760.0,534,1129953,0.15,0.4364289475688294,3435.363398875,True,False
1769,1170.0,744,1130697,0.15,0.4220160631843472,3437.545677334,True,False
1770,790.0,758,1131455,0.15,0.47328237625499253,3439.787230459,True,False
1771,400.0,448,1131903,0.15,0.47923910923834356,3441.1246185,True,False
1772,710.0,527,1132430,0.15,0.4870651872320609,3442.687863125,True,False
1773,1040.0,1010,1133440,0.15,0.47819883143713354,3445.664468375,True,False
1774,610.0,523,1133963,0.15,0.4858111028487866,3447.241430792,True,False
1775,1120.0,942,1134905,0.15,0.5256318220142591,3450.073327,True,False
1776,430.0,456,1135361,0.15,0.39873977110051273,3452.4078465840003,True,False
1777,870.0,709,1136070,0.15,0.46080352104989825,3454.4723025000003,True,False
1778,990.0,826,1136896,0.15,0.508515359122972,3456.894673459,True,False
1779,2240.0,811,1137707,0.15,0.5223296292052411,3459.270694584,True,False
1780,680.0,523,1138230,0.15,0.4470571252794666,3460.8334081249996,True,False
1781,850.0,823,1139053,0.15,0.47945507941315474,3463.273177375,True,False
1782,940.0,724,1139777,0.15,0.45142068722136114,3465.404653875,True,False
1783,1200.0,887,1140664,0.15,0.48583306533259313,3468.0965272089998,True,False
1784,490.0,474,1141138,0.15,0.48394579894967,3469.473110375,True,False
1785,630.0,724,1141862,0.15,0.48595446216467336,3471.5939325419995,True,False
1786,1240.0,828,1142690,0.15,0.5399095119845464,3474.0320776669996,True,False
1787,960.0,621,1143311,0.15,0.5335516147075161,3476.169965209,True,False
1788,780.0,605,1143916,0.15,0.4771268123662786,3478.022418042,True,False
1789,860.0,736,1144652,0.15,0.46322951854571054,3480.2062375839996,True,False
1790,640.0,508,1145160,0.15,0.5233365280891028,3481.8051801250003,True,False
1791,2300.0,968,1146128,0.15,0.46464991594149063,3484.703787542,True,False
1792,920.0,821,1146949,0.15,0.4865545822352898,3487.1175295840003,True,False
1793,1780.0,787,1147736,0.15,0.46335198514655157,3489.435231542,True,False
1794,660.0,652,1148388,0.15,0.4750295874257029,3491.380535917,True,False
1795,1080.0,678,1149066,0.15,0.49240044874728783,3493.381047625,True,False
1796,1730.0,977,1150043,0.15,0.45944539051441874,3496.2527574999995,True,False
1797,450.0,383,1150426,0.15,0.4736858553563555,3497.393681167,True,False
1798,670.0,476,1150902,0.15,0.5182615388341311,3498.827913,True,False
1799,870.0,686,1151588,0.15,0.5240787259887817,3500.8406695000003,True,False
1800,990.0,919,1152507,0.15,0.4919474289536997,3503.524396334,True,False
1801,1020.0,715,1153222,0.15,0.5084529768405014,3506.572827084,True,False
1802,2500.0,1066,1154288,0.15,0.46571376554193566,3509.6749546250003,True,False
1803,2230.0,628,1154916,0.15,0.5647776645080299,3511.522224292,True,False
1804,1530.0,921,1155837,0.15,0.49722802480277806,3514.728796542,True,False
1805,1990.0,1251,1157088,0.15,0.4807023605980431,3518.421004084,True,False
1806,800.0,752,1157840,0.15,0.5010404392601328,3520.6333795419996,True,False
1807,1310.0,824,1158664,0.15,0.46403358956274476,3523.073571959,True,False
1808,710.0,532,1159196,0.15,0.5148765647545793,3524.6978555839996,True,False
1809,1480.0,1047,1160243,0.15,0.5237458288897956,3527.743488125,True,False
1810,870.0,863,1161106,0.15,0.4622128991824057,3530.322956709,True,False
1811,660.0,565,1161671,0.15,0.5037841872966036,3532.0414970419997,True,False
1812,1330.0,622,1162293,0.15,0.5156696005127369,3534.15352575,True,False
1813,650.0,486,1162779,0.15,0.5141885397601719,3535.5817520419996,True,False
1814,910.0,690,1163469,0.15,0.578235884105539,3537.6293225419995,True,False
1815,580.0,561,1164030,0.15,0.5578973060207707,3539.331464459,True,False
1816,1010.0,720,1164750,0.15,0.5540049651430713,3541.464873709,True,False
1817,1040.0,893,1165643,0.15,0.4851842661275457,3544.14989925,True,False
1818,580.0,466,1166109,0.15,0.47071508375497967,3545.535580125,True,False
1819,1780.0,1172,1167281,0.15,0.5372566484652281,3548.959140334,True,False
1820,2630.0,952,1168233,0.15,0.5155588498323405,3551.757637834,True,False
1821,1060.0,638,1168871,0.15,0.5612058011615801,3553.6363697919996,True,False
1822,560.0,520,1169391,0.15,0.46858012618926853,3555.1920090840003,True,False
1823,460.0,505,1169896,0.15,0.559209151648161,3556.710209334,True,False
1824,1000.0,674,1170570,0.15,0.4856412424040692,3558.7017929169997,True,False
1825,790.0,551,1171121,0.15,0.5329965791408566,3560.3479755420003,True,False
1826,700.0,596,1171717,0.15,0.5450738826454086,3562.9402469999995,True,False
1827,1120.0,641,1172358,0.15,0.4693352377973497,3564.808749834,True,False
1828,630.0,439,1172797,0.15,0.5268666465174068,3566.1182844590003,True,False
1829,900.0,597,1173394,0.15,0.5067397928077902,3567.8545644589994,True,False
1830,1000.0,829,1174223,0.15,0.5948834445165552,3570.3187325419995,True,False
1831,1500.0,706,1174929,0.15,0.5836867926231886,3572.4116826669997,True,False
1832,640.0,591,1175520,0.15,0.5426177990597647,3574.1892964589997,True,False
1833,2010.0,1213,1176733,0.15,0.5059824879019961,3577.7954029169996,True,False
1834,1690.0,897,1177630,0.15,0.5421491266294781,3580.4088184169996,True,False
1835,930.0,711,1178341,0.15,0.5178807333028048,3582.5220422089997,True,False
1836,1930.0,881,1179222,0.15,0.5807593554935672,3585.1325214589997,True,False
1837,1220.0,650,1179872,0.15,0.5514091974112885,3587.080850667,True,False
1838,890.0,562,1180434,0.15,0.5452127079878535,3588.764295834,True,False
1839,500.0,521,1180955,0.15,0.5344138664694933,3590.3292406250002,True,False
1840,730.0,613,1181568,0.15,0.4886542003263127,3592.1590850840003,True,False
1841,1080.0,722,1182290,0.15,0.4653238295680947,3594.289586625,True,False
1842,1030.0,858,1183148,0.15,0.4735637163006982,3596.838991834,True,False
1843,1410.0,832,1183980,0.15,0.5091636357112572,3599.305568709,True,False
1844,540.0,541,1184521,0.15,0.4856656884153684,3600.914964834,True,False
1845,1310.0,760,1185281,0.15,0.5105532595985814,3603.1611998339995,True,False
1846,1020.0,650,1185931,0.15,0.5442364775104287,3605.1148265,True,False
1847,1580.0,924,1186855,0.15,0.5365882673949907,3608.078215875,True,False
1848,1160.0,715,1187570,0.15,0.5097707514156843,3610.1917446669995,True,False
1849,1350.0,862,1188432,0.15,0.5469617469374228,3612.7149437919998,True,False
1850,1400.0,939,1189371,0.15,0.5618014190441523,3615.4565222499996,True,False
1851,1550.0,651,1190022,0.15,0.5085674389922545,3618.557905709,True,False
1852,1040.0,995,1191017,0.15,0.5377075464490906,3621.5562367499997,True,False
1853,1200.0,642,1191659,0.15,0.49195494935847817,3623.4519991669995,True,False
1854,1470.0,729,1192388,0.15,0.5465904148549982,3625.604528125,True,False
1855,750.0,508,1192896,0.15,0.5812818072442933,3627.111320459,True,False
1856,1360.0,925,1193821,0.15,0.530281532765467,3629.8236355,True,False
1857,520.0,467,1194288,0.15,0.5122507204357375,3631.234020459,True,False
1858,600.0,604,1194892,0.15,0.5349738069914824,3633.0340502500003,True,False
1859,1050.0,713,1195605,0.15,0.5451273056730795,3635.1250322919996,True,False
1860,1000.0,700,1196305,0.15,0.5448651982205255,3637.172659084,True,False
1861,790.0,631,1196936,0.15,0.5191008441998989,3639.0418054169995,True,False
1862,790.0,456,1197392,0.15,0.47577156348709476,3640.397907625,True,False
1863,1240.0,873,1198265,0.15,0.4948376925713425,3643.0462565,True,False
1864,890.0,736,1199001,0.15,0.5197354151826837,3645.202582625,True,False
1865,830.0,574,1199575,0.15,0.48851423236456787,3646.898646459,True,False
1866,860.0,802,1200377,0.15,0.5144987719420769,3649.258494042,True,False
1867,1190.0,764,1201141,0.15,0.5038775738075142,3651.510547584,True,False
1868,1770.0,584,1201725,0.15,0.45728893986303515,3653.2400941670003,True,False
1869,410.0,428,1202153,0.15,0.4952241718490547,3654.5455728340003,True,False
1870,910.0,692,1202845,0.15,0.5419472238921017,3656.583342209,True,False
1871,2230.0,714,1203559,0.15,0.4936719781227326,3658.732173167,True,False
1872,1040.0,640,1204199,0.15,0.5684653721749783,3660.6330527499995,True,False
1873,600.0,508,1204707,0.15,0.5230104083151329,3662.159066,True,False
1874,1320.0,846,1205553,0.15,0.5632617320373373,3664.6603715,True,False
1875,460.0,383,1205936,0.15,0.4956524319325884,3665.8038187089996,True,False
1876,410.0,405,1206341,0.15,0.5691860900952084,3668.1737420419995,True,False
1877,1280.0,913,1207254,0.15,0.5412722399883103,3670.813531,True,False
1878,780.0,639,1207893,0.15,0.5216046852990985,3672.6962458749995,True,False
1879,690.0,547,1208440,0.15,0.5424887667389682,3674.307218875,True,False
1880,640.0,613,1209053,0.15,0.5568738220369115,3676.1252484999995,True,False
1881,1100.0,623,1209676,0.15,0.5682338211112298,3677.994231625,True,False
1882,580.0,567,1210243,0.15,0.5284199303557687,3679.666401875,True,False
1883,620.0,460,1210703,0.15,0.5061188752236574,3681.0655316249995,True,False
1884,1020.0,779,1211482,0.15,0.5580402067838571,3683.376515,True,False
1885,670.0,494,1211976,0.15,0.6432903516556947,3684.876416209,True,False
1886,1250.0,708,1212684,0.15,0.5111732329689177,3686.999290584,True,False
1887,1220.0,843,1213527,0.15,0.5235893610687483,3689.606598667,True,False
1888,1330.0,727,1214254,0.15,0.5600816765493088,3691.767466042,True,False
1889,420.0,391,1214645,0.15,0.5911624138148464,3692.9427558340003,True,False
1890,540.0,459,1215104,0.15,0.5185453366974125,3694.336569459,True,False
1891,450.0,417,1215521,0.15,0.5682491522568923,3695.574528125,True,False
1892,1260.0,876,1216397,0.15,0.5274517664762393,3698.2097382089996,True,False
1893,860.0,720,1217117,0.15,0.5709177426993847,3700.368162584,True,False
1894,990.0,764,1217881,0.15,0.4939434028654823,3702.6395726250003,True,False
1895,1400.0,1094,1218975,0.15,0.5350817630251685,3705.8934613339998,True,False
1896,950.0,700,1219675,0.15,0.5607276991435459,3707.947633875,True,False
1897,1020.0,650,1220325,0.15,0.5535876805796945,3709.863626667,True,False
1898,910.0,646,1220971,0.15,0.5504570932862181,3711.7656772089995,True,False
1899,910.0,762,1221733,0.15,0.5512640751235148,3714.0366960419997,True,False
1900,950.0,667,1222400,0.15,0.5015370053445508,3716.0370025,True,False
1901,830.0,609,1223009,0.15,0.5684491642995885,3718.59476825,True,False
1902,820.0,601,1223610,0.15,0.4836705230673154,3720.3506501249994,True,False
1903,620.0,449,1224059,0.15,0.5969525214417705,3721.659867917,True,False
1904,960.0,798,1224857,0.15,0.4924941013380885,3724.030273042,True,False
1905,1160.0,674,1225531,0.15,0.5629485654866412,3726.010945334,True,False
1906,920.0,757,1226288,0.15,0.5421793811415371,3728.249898084,True,False
1907,1140.0,768,1227056,0.15,0.48961051693186164,3730.5310025,True,False
1908,750.0,668,1227724,0.15,0.4968848615706324,3732.5091307089997,True,False
1909,900.0,647,1228371,0.15,0.5367430140327963,3734.4160042920003,True,False
1910,1090.0,673,1229044,0.15,0.5450786438125831,3736.417069375,True,False
1911,1160.0,914,1229958,0.15,0.5066802729770803,3739.1093554589997,True,False
1912,370.0,410,1230368,0.15,0.5316163767310023,3740.340239667,True,False
1913,920.0,543,1230911,0.15,0.545973539352417,3741.945303667,True,False
1914,820.0,633,1231544,0.15,0.5624695315301044,3743.8171253339997,True,False
1915,1080.0,669,1232213,0.15,0.4996119699256863,3745.8033215839996,True,False
1916,1450.0,745,1232958,0.15,0.48087097584239896,3748.052807,True,False
1917,670.0,698,1233656,0.15,0.5660955478889601,3750.1254672919995,True,False
1918,1380.0,1091,1234747,0.15,0.5036827840239686,3753.303005459,True,False
1919,1130.0,716,1235463,0.15,0.547309459337975,3755.417104084,True,False
1920,1080.0,678,1236141,0.15,0.5356685509576516,3757.430584334,True,False
1921,1270.0,814,1236955,0.15,0.516616957968679,3759.845296417,True,False
1922,1580.0,1032,1237987,0.15,0.5161183560483678,3762.8778110000003,True,False
1923,1000.0,876,1238863,0.15,0.5520224715476711,3765.433653209,True,False
1924,810.0,844,1239707,0.15,0.5246225351829664,3767.9091945,True,False
1925,970.0,642,1240349,0.15,0.5094453907623795,3769.8805989169996,True,False
1926,880.0,795,1241144,0.15,0.5225801058675177,3773.2563694170003,True,False
1927,1190.0,753,1241897,0.15,0.4832559571938312,3775.45107525,True,False
1928,1070.0,709,1242606,0.15,0.4956911739151357,3777.533684334,True,False
1929,990.0,724,1243330,0.15,0.4990364812849635,3779.6618049999997,True,False
1930,780.0,647,1243977,0.15,0.5073511718231954,3781.5706197090003,True,False
1931,860.0,672,1244649,0.15,0.4918025448208764,3783.5572922499996,True,False
1932,1330.0,966,1245615,0.15,0.44004941227772426,3786.4539297089996,True,False
1933,990.0,713,1246328,0.15,0.49360932093425836,3788.5593570419996,True,False
1934,1240.0,965,1247293,0.15,0.49802941566186326,3791.3759420839997,True,False
1935,640.0,558,1247851,0.15,0.48854877762228466,3793.038033125,True,False
1936,530.0,491,1248342,0.15,0.4654016808523395,3794.514839167,True,False
1937,1660.0,908,1249250,0.15,0.5152423316161538,3797.183466875,True,False
1938,1360.0,720,1249970,0.15,0.5965549684647057,3799.299593584,True,False
1939,650.0,487,1250457,0.15,0.473042724562473,3800.7706679169996,True,False
1940,970.0,556,1251013,0.15,0.46449093552802106,3802.4412524589998,True,False
1941,1100.0,814,1251827,0.15,0.511670623360009,3804.8057449589996,True,False
1942,680.0,671,1252498,0.15,0.5275854110008195,3806.779509,True,False
1943,980.0,634,1253132,0.15,0.5290916099113488,3808.642773042,True,False
1944,960.0,634,1253766,0.15,0.5314591122390349,3810.506503584,True,False
1945,790.0,494,1254260,0.15,0.5365455058072844,3811.9724481249996,True,False
1946,520.0,471,1254731,0.15,0.5063479956653383,3813.3670670419997,True,False
1947,1490.0,850,1255581,0.15,0.524615691651201,3815.86597525,True,False
1948,610.0,521,1256102,0.15,0.5456239389685484,3817.402015584,True,False
1949,1230.0,596,1256698,0.15,0.468249441293262,3819.177479125,True,False
1950,480.0,439,1257137,0.15,0.5182092422111468,3820.5037138340003,True,False
1951,800.0,724,1257861,0.15,0.49893868751618087,3823.4745000000003,True,False
1952,850.0,581,1258442,0.15,0.5718456481037468,3825.1838205839995,True,False
1953,580.0,469,1258911,0.15,0.49066595433868915,3826.6006691249995,True,False
1954,1560.0,801,1259712,0.15,0.5123723168945431,3828.9795311669995,True,False
1955,1280.0,945,1260657,0.15,0.5115514923581632,3831.731362542,True,False
1956,530.0,481,1261138,0.15,0.4938653402030468,3833.154931584,True,False
1957,2630.0,1189,1262327,0.15,0.5413865783449375,3836.8028067919995,True,False
1958,760.0,734,1263061,0.15,0.531842522809039,3838.983577084,True,False
1959,560.0,483,1263544,0.15,0.5251904992032642,3840.4379686249995,True,False
1960,1030.0,676,1264220,0.15,0.5596230885333563,3842.48687025,True,False
1961,830.0,824,1265044,0.15,0.4603038492784338,3844.953734584,True,False
1962,830.0,530,1265574,0.15,0.4834727596378688,3846.564420167,True,False
1963,1480.0,1008,1266582,0.15,0.5165774006810453,3849.8602694169995,True,False
1964,1290.0,766,1267348,0.15,0.5055767487889776,3852.529840792,True,False
1965,1620.0,945,1268293,0.15,0.4911980318947364,3855.3129357919997,True,False
1966,950.0,754,1269047,0.15,0.49945207514819945,3857.549324292,True,False
1967,510.0,442,1269489,0.15,0.5389590817797292,3858.898837375,True,False
1968,1310.0,956,1270445,0.15,0.46891626272989617,3861.7215662500003,True,False
1969,730.0,673,1271118,0.15,0.44873913036038476,3863.7263131669997,True,False
1970,540.0,515,1271633,0.15,0.5008505106896393,3865.3013335839996,True,False
1971,860.0,662,1272295,0.15,0.4917401312427087,3867.2974167089997,True,False
1972,610.0,497,1272792,0.15,0.5018951544761657,3868.822943667,True,False
1973,1120.0,710,1273502,0.15,0.4763573543668467,3871.0784642090002,True,False
1974,1020.0,638,1274140,0.15,0.4756789712700993,3873.25949225,True,False
1975,1440.0,888,1275028,0.15,0.48584119009005056,3875.8775207090002,True,False
1976,590.0,500,1275528,0.15,0.5003460130691528,3878.13543125,True,False
1977,1030.0,854,1276382,0.15,0.5360456152421208,3880.640339042,True,False
1978,790.0,567,1276949,0.15,0.49104276666758767,3882.3286664589996,True,False
1979,1040.0,601,1277550,0.15,0.5208999512592951,3884.113789125,True,False
1980,2460.0,786,1278336,0.15,0.5391164782461781,3886.438114167,True,False
1981,380.0,363,1278699,0.15,0.4972921440998713,3887.514889375,True,False
1982,1030.0,590,1279289,0.15,0.5926674799741926,3889.2886264589997,True,False
1983,750.0,712,1280001,0.15,0.49544609225030695,3891.390673084,True,False
1984,1040.0,1044,1281045,0.15,0.5057871373106236,3894.509635167,True,False
1985,630.0,485,1281530,0.15,0.5063658159010667,3895.9583386249997,True,False
1986,510.0,460,1281990,0.15,0.4949072999798733,3897.419161334,True,False
1987,1010.0,928,1282918,0.15,0.49562244595767097,3900.184265709,True,False
1988,1790.0,935,1283853,0.15,0.5075765161369091,3902.9757736250003,True,False
1989,1060.0,708,1284561,0.15,0.4768900547155553,3905.1098600839996,True,False
1990,1220.0,814,1285375,0.15,0.5162020755445429,3907.501918709,True,False
1991,1060.0,661,1286036,0.15,0.48340690692505206,3909.4716967920003,True,False
1992,880.0,749,1286785,0.15,0.46615934316168495,3911.8501466669995,True,False
1993,680.0,660,1287445,0.15,0.42759750431234184,3913.865198542,True,False
1994,1430.0,921,1288366,0.15,0.5188221714418867,3916.6015671249997,True,False
1995,1220.0,759,1289125,0.15,0.500493453207769,3918.862208875,True,False
1996,860.0,585,1289710,0.15,0.5230372048506181,3920.622144709,True,False
1997,600.0,428,1290138,0.15,0.5141849404322767,3921.897084,True,False
1998,1490.0,778,1290916,0.15,0.5035345019820409,3924.2141169589995,True,False
1999,1400.0,1019,1291935,0.15,0.512507411819978,3927.1957570839995,True,False
2000,690.0,511,1292446,0.15,0.5540320395957679,3928.728067125,True,False
2001,2210.0,741,1293187,0.15,0.4822571074237695,3932.078896,True,False
2002,880.0,589,1293776,0.15,0.4703871042442483,3933.7974598339997,True,False
2003,880.0,676,1294452,0.15,0.47488865970507177,3935.7916432089996,True,False
2004,1000.0,759,1295211,0.15,0.48083604249373946,3938.015252917,True,False
2005,780.0,613,1295824,0.15,0.47519567570128995,3939.804891125,True,False
2006,730.0,533,1296357,0.15,0.5142138999767769,3941.381595125,True,False
2007,1130.0,846,1297203,0.15,0.5335452898418734,3943.866666459,True,False
2008,1690.0,949,1298152,0.15,0.46849977603855253,3946.6580969999995,True,False
2009,810.0,634,1298786,0.15,0.4935231672340556,3948.5237855839996,True,False
2010,1020.0,891,1299677,0.15,0.581175765916371,3951.1663040000003,True,False
2011,530.0,468,1300145,0.15,0.4758740399892514,3952.5644835000003,True,False
2012,1740.0,787,1300932,0.15,0.6009457862846137,3954.8780305419996,True,False
2013,780.0,681,1301613,0.15,0.5684405708137681,3956.8843152500003,True,False
2014,710.0,560,1302173,0.15,0.47614902736885206,3958.5343996250003,True,False
2015,1710.0,1075,1303248,0.15,0.5053635649521555,3961.7777334169996,True,False
2016,900.0,819,1304067,0.15,0.49594054933564335,3964.2125298749997,True,False
2017,1180.0,770,1304837,0.15,0.4618188026192275,3966.4959104170002,True,False
2018,560.0,533,1305370,0.15,0.49600598563377124,3968.0822017499995,True,False
2019,780.0,902,1306272,0.15,0.4997115121346659,3970.753129042,True,False
2020,370.0,423,1306695,0.15,0.4338453966946829,3972.0755965420003,True,False
2021,980.0,770,1307465,0.15,0.4613586178560949,3974.376477459,True,False
2022,840.0,646,1308111,0.15,0.49148307962817434,3976.3089551249996,True,False
2023,1140.0,958,1309069,0.15,0.4350292150862515,3979.1294532499996,True,False
2024,1100.0,1024,1310093,0.15,0.5313509602565318,3982.151542042,True,False
2025,330.0,329,1310422,0.15,0.4289799987724641,3983.1213882089996,True,False
2026,1330.0,842,1311264,0.15,0.48221365387123344,3986.4711080839998,True,False
2027,1100.0,655,1311919,0.15,0.43642448583629234,3988.3913357499996,True,False
2028,1170.0,990,1312909,0.15,0.4938585030275487,3991.294037042,True,False
2029,750.0,582,1313491,0.15,0.4554776959378144,3993.0435825839995,True,False
2030,870.0,645,1314136,0.15,0.4793088482117947,3994.961365334,True,False
2031,1450.0,1346,1315482,0.15,0.44074530427211095,3998.919951125,True,False
2032,1020.0,799,1316281,0.15,0.4391940822824836,4001.269402834,True,False
2033,1750.0,1049,1317330,0.15,0.43242507624148413,4004.357314125,True,False
2034,2240.0,777,1318107,0.15,0.4443069663398045,4006.6580989169997,True,False
2035,580.0,509,1318616,0.15,0.47961900039808825,4008.1931386670003,True,False
2036,1650.0,934,1319550,0.15,0.44225256519128325,4010.9342877090003,True,False
2037,830.0,610,1320160,0.15,0.3789869724145902,4012.76463425,True,False
2038,1040.0,680,1320840,0.15,0.41467240711345393,4014.8010142089997,True,False
2039,1060.0,667,1321507,0.15,0.4747854319502072,4016.753028334,True,False
2040,820.0,543,1322050,0.15,0.443598059060819,4018.3549833750003,True,False
2041,600.0,521,1322571,0.15,0.46331043713367903,4019.879020167,True,False
2042,1220.0,800,1323371,0.15,0.4069241173565388,4022.2409392500003,True,False
2043,550.0,540,1323911,0.15,0.46282616997206655,4023.825564584,True,False
2044,780.0,731,1324642,0.15,0.4507921511113969,4026.122701417,True,False
2045,1260.0,969,1325611,0.15,0.4496802478597676,4028.934440125,True,False
2046,740.0,506,1326117,0.15,0.40865040394499547,4030.4344202499997,True,False
2047,370.0,412,1326529,0.15,0.4928590931649347,4031.6505375839997,True,False
2048,560.0,458,1326987,0.15,0.47597307803338035,4033.0337865419997,True,False
2049,520.0,454,1327441,0.15,0.4171959640817684,4034.3984132919995,True,False
2050,1150.0,1010,1328451,0.15,0.4404678441406715,4037.363087625,True,False
2051,790.0,683,1329134,0.15,0.4585384212390721,4040.4554015839994,True,False
2052,670.0,508,1329642,0.15,0.40665352103982383,4041.9386602920003,True,False
2053,2550.0,800,1330442,0.15,0.4023921623453498,4044.386737375,True,False
2054,930.0,521,1330963,0.15,0.4724835272018726,4045.9935076250003,True,False
2055,680.0,695,1331658,0.15,0.4670415414047652,4048.0657451669995,True,False
2056,1150.0,603,1332261,0.15,0.48944076106248313,4049.835441667,True,False
2057,1700.0,1132,1333393,0.15,0.47891948748603724,4053.222885667,True,False
2058,1370.0,721,1334114,0.15,0.4554543539053864,4055.3686213749997,True,False
2059,950.0,662,1334776,0.15,0.4721846514078508,4057.361285375,True,False
2060,1020.0,637,1335413,0.15,0.4549828723729032,4059.2613118339996,True,False
2061,960.0,700,1336113,0.15,0.47623753241130284,4061.317171875,True,False
2062,730.0,517,1336630,0.15,0.4376106664191845,4062.8736805,True,False
2063,1240.0,1101,1337731,0.15,0.4685463029958985,4066.1136489170003,True,False
2064,1420.0,934,1338665,0.15,0.4546390130924873,4068.864109375,True,False
2065,1300.0,833,1339498,0.15,0.4255395380851741,4071.3187373339997,True,False
2066,730.0,591,1340089,0.15,0.47485134876459034,4073.077733375,True,False
2067,520.0,514,1340603,0.15,0.4799606077140197,4074.619547292,True,False
2068,810.0,736,1341339,0.15,0.401741212800793,4076.798570084,True,False
2069,1280.0,824,1342163,0.15,0.4139146770088418,4079.2304714169995,True,False
2070,750.0,651,1342814,0.15,0.4712798501724846,4081.157212209,True,False
2071,1510.0,745,1343559,0.15,0.455196644269651,4083.365916959,True,False
2072,840.0,650,1344209,0.15,0.41967116396851334,4085.307896667,True,False
2073,1180.0,696,1344905,0.15,0.4281791352677619,4087.383432042,True,False
2074,240.0,301,1345206,0.15,0.47958692312240603,4088.324309167,True,False
2075,1590.0,882,1346088,0.15,0.4746294687776005,4091.050006042,True,False
2076,570.0,485,1346573,0.15,0.44823628719434266,4093.113722792,True,False
2077,490.0,503,1347076,0.15,0.44885848019094693,4094.577799459,True,False
2078,1390.0,733,1347809,0.15,0.5046573819928482,4096.727206667,True,False
2079,1090.0,650,1348459,0.15,0.4448379607020337,4098.6490672499995,True,False
2080,440.0,389,1348848,0.15,0.4444130030365623,4099.8102430419995,True,False
2081,930.0,666,1349514,0.15,0.5223805868482015,4101.76574275,True,False
2082,1260.0,820,1350334,0.15,0.5038060295145687,4104.211418209,True,False
2083,1510.0,1307,1351641,0.15,0.46874037207266606,4108.078906625,True,False
2084,480.0,476,1352117,0.15,0.43197215893188445,4109.484555542,True,False
2085,640.0,532,1352649,0.15,0.5347921592288447,4111.065077292,True,False
2086,880.0,784,1353433,0.15,0.5284484259556143,4113.3668045839995,True,False
2087,1670.0,1057,1354490,0.15,0.45235405309182225,4116.474078834,True,False
2088,580.0,438,1354928,0.15,0.4873366571285508,4117.7753890839995,True,False
2089,2190.0,1015,1355943,0.15,0.462720901274634,4120.749376917,True,False
2090,1120.0,839,1356782,0.15,0.5110488155058452,4123.233547209,True,False
2091,1120.0,1063,1357845,0.15,0.45322916519485024,4126.376085459,True,False
2092,690.0,640,1358485,0.15,0.45786550980992613,4128.292378084,True,False
2093,500.0,557,1359042,0.15,0.5022825339286447,4129.971274334,True,False
2094,940.0,691,1359733,0.15,0.4727979911372841,4132.02136075,True,False
2095,960.0,798,1360531,0.15,0.4925659304138404,4134.394333875,True,False
2096,870.0,573,1361104,0.15,0.45442573609761894,4136.113132417,True,False
2097,950.0,615,1361719,0.15,0.5236980587828393,4137.910900125,True,False
2098,1120.0,955,1362674,0.15,0.4440871225241338,4140.74395475,True,False
2099,2840.0,1130,1363804,0.15,0.4141903097606379,4144.117417709,True,False
2100,460.0,502,1364306,0.15,0.46556523570418357,4145.598314542,True,False
2101,1200.0,912,1365218,0.15,0.47372956534749583,4149.259047417,True,False
2102,880.0,806,1366024,0.15,0.48141611245746657,4151.635614375,True,False
2103,890.0,716,1366740,0.15,0.5099005851915429,4153.87654575,True,False
2104,940.0,723,1367463,0.15,0.4842902940180567,4156.017390375,True,False
2105,800.0,806,1368269,0.15,0.49858810796891107,4158.390937167,True,False
2106,830.0,538,1368807,0.15,0.46424246612769454,4159.960425542,True,False
2107,1080.0,654,1369461,0.15,0.5101739239947098,4161.886033334,True,False
2108,1580.0,895,1370356,0.15,0.4576587459138994,4164.536787417,True,False
2109,1200.0,756,1371112,0.15,0.5450569380606923,4166.797394667,True,False
2110,570.0,450,1371562,0.15,0.41225522783185753,4168.182428,True,False
2111,840.0,642,1372204,0.15,0.5074220015580609,4170.084386542,True,False
2112,1450.0,656,1372860,0.15,0.4977994573461573,4172.009913584,True,False
2113,1290.0,826,1373686,0.15,0.4574914537370205,4174.439003959,True,False
2114,1170.0,834,1374520,0.15,0.43854759854563113,4176.8849859169995,True,False
2115,790.0,885,1375405,0.15,0.5092834589235923,4179.4768579169995,True,False
2116,1680.0,1015,1376420,0.15,0.4633295868970747,4182.461237375,True,False
2117,1640.0,773,1377193,0.15,0.4817351280021544,4184.729699375,True,False
2118,1000.0,691,1377884,0.15,0.47979292307974974,4186.793151917,True,False
2119,1650.0,1082,1378966,0.15,0.4789571721520689,4189.975382167,True,False
2120,1560.0,689,1379655,0.15,0.5717258896505417,4192.02821725,True,False
2121,690.0,679,1380334,0.15,0.46609171685927053,4194.032149834,True,False
2122,1460.0,843,1381177,0.15,0.47186057474375903,4196.510597042,True,False
2123,920.0,713,1381890,0.15,0.5234819811381651,4198.614854542,True,False
2124,2210.0,800,1382690,0.15,0.45391647338867186,4200.962586209,True,False
2125,410.0,452,1383142,0.15,0.4871294851851674,4202.304529917,True,False
2126,640.0,548,1383690,0.15,0.4751264295221245,4205.265525042,True,False
2127,1000.0,575,1384265,0.15,0.4603573999678095,4206.930503875,True,False
2128,1200.0,694,1384959,0.15,0.44322137551845153,4208.966273667,True,False
2129,1310.0,759,1385718,0.15,0.4807225006191354,4211.1926526669995,True,False
2130,660.0,632,1386350,0.15,0.4914154664059229,4213.086034625,True,False
2131,1850.0,806,1387156,0.15,0.5009615947999576,4215.47124525,True,False
2132,420.0,404,1387560,0.15,0.5424067721803589,4216.697117709,True,False
2133,720.0,572,1388132,0.15,0.5342534182371793,4218.432499959,True,False
2134,1320.0,844,1388976,0.15,0.504418218799677,4220.896847459,True,False
2135,670.0,524,1389500,0.15,0.5552900194666768,4222.448890042,True,False
2136,390.0,474,1389974,0.15,0.5118947813318948,4223.834513917,True,False
2137,570.0,482,1390456,0.15,0.4626913084225221,4225.278435167,True,False
2138,910.0,652,1391108,0.15,0.5015728464064423,4227.1987325,True,False
2139,1390.0,948,1392056,0.15,0.47866914886588285,4230.014319375,True,False
2140,1200.0,891,1392947,0.15,0.49670965744702666,4232.615892834,True,False
2141,1000.0,780,1393727,0.15,0.4704791536697975,4234.918268,True,False
2142,1140.0,912,1394639,0.15,0.5150149452189604,4237.613871334,True,False
2143,870.0,686,1395325,0.15,0.5354598603796127,4239.640299,True,False
2144,1210.0,983,1396308,0.15,0.5003635793076298,4242.550565584,True,False
2145,590.0,604,1396912,0.15,0.4716419191747312,4244.3362180839995,True,False
2146,460.0,450,1397362,0.15,0.4911490308919123,4245.653859459,True,False
2147,1480.0,822,1398184,0.15,0.5436180310631261,4248.1057036249995,True,False
2148,730.0,599,1398783,0.15,0.559619827208503,4249.864565834,True,False
2149,1220.0,685,1399468,0.15,0.4590365372078363,4251.891268084,True,False
2150,410.0,450,1399918,0.15,0.506696490836995,4253.236034584,True,False
2151,450.0,540,1400458,0.15,0.4882860752167525,4255.686513834,True,False
2152,1080.0,714,1401172,0.15,0.5603681370699206,4257.785741459,True,False
2153,1330.0,838,1402010,0.15,0.4820106882584152,4260.268245292,True,False
2154,2530.0,914,1402924,0.15,0.4995911815671421,4262.959367459,True,False
2155,450.0,425,1403349,0.15,0.5078229284230268,4264.259285667,True,False
2156,1240.0,726,1404075,0.15,0.4808629699339524,4266.416785459,True,False
2157,870.0,551,1404626,0.15,0.48693013256010803,4268.053366334,True,False
2158,960.0,718,1405344,0.15,0.509906970626778,4270.168350917,True,False
2159,1540.0,777,1406121,0.15,0.5353347640676597,4272.460254584,True,False
2160,810.0,710,1406831,0.15,0.4707285114432459,4274.5539455,True,False
2161,730.0,796,1407627,0.15,0.4413570214680691,4276.902030959,True,False
2162,530.0,431,1408058,0.15,0.46809746559571336,4278.2045178749995,True,False
2163,1280.0,793,1408851,0.15,0.5306650027632713,4280.556070625,True,False
2164,1940.0,972,1409823,0.15,0.48834305155424423,4283.467937709,True,False
2165,1250.0,522,1410345,0.15,0.49191887204656165,4285.003014542,True,False
2166,620.0,518,1410863,0.15,0.4758745687183484,4286.533944,True,False
2167,1510.0,985,1411848,0.15,0.49982543313792843,4289.411442834,True,False
2168,1410.0,929,1412777,0.15,0.4579982208409186,4292.141356709,True,False
2169,910.0,760,1413537,0.15,0.5003967802775534,4294.353623584,True,False
2170,880.0,706,1414243,0.15,0.44445930046706716,4296.436725709,True,False
2171,940.0,689,1414932,0.15,0.4601916604476168,4298.5283927499995,True,False
2172,870.0,616,1415548,0.15,0.5400198572254801,4300.350310917,True,False
2173,1130.0,1104,1416652,0.15,0.42481759344430076,4303.55992575,True,False
2174,700.0,731,1417383,0.15,0.4720792594355541,4305.688061042,True,False
2175,1180.0,625,1418008,0.15,0.41548642838836475,4307.527630625,True,False
2176,1250.0,1050,1419058,0.15,0.44833336861533973,4311.3590905,True,False
2177,1120.0,706,1419764,0.15,0.5115601760098489,4313.4299359999995,True,False
2178,850.0,616,1420380,0.15,0.43998303588528137,4315.237816084,True,False
2179,950.0,710,1421090,0.15,0.47915451708486523,4317.3130875,True,False
2180,980.0,553,1421643,0.15,0.45285263668367826,4318.948972417,True,False
2181,1040.0,841,1422484,0.15,0.49908622834496025,4321.417793084,True,False
2182,280.0,489,1422973,0.15,0.5479734518000337,4322.880838334,True,False
2183,1170.0,773,1423746,0.15,0.5178058833038252,4325.159105125,True,False
2184,720.0,586,1424332,0.15,0.4294372421442246,4326.899771,True,False
2185,940.0,691,1425023,0.15,0.52060972275429,4328.928610709,True,False
2186,1450.0,1094,1426117,0.15,0.4724944426413,4332.152311625,True,False
2187,780.0,611,1426728,0.15,0.5326502682531581,4334.002033125,True,False
2188,740.0,516,1427244,0.15,0.43521252274513245,4335.5242797089995,True,False
2189,620.0,452,1427696,0.15,0.4585373203838821,4336.89106775,True,False
2190,1810.0,919,1428615,0.15,0.48789184026452653,4339.600252125,True,False
2191,1620.0,722,1429337,0.15,0.5240294800361217,4341.717394542,True,False
2192,1060.0,680,1430017,0.15,0.43111222649321834,4343.715260542,True,False
2193,2160.0,606,1430623,0.15,0.4338519703966892,4345.542662584,True,False
2194,1610.0,1143,1431766,0.15,0.448596659422546,4348.904474292,True,False
2195,1050.0,824,1432590,0.15,0.46272156647976165,4351.313742834,True,False
2196,800.0,687,1433277,0.15,0.39348219976175663,4353.339428,True,False
2197,550.0,500,1433777,0.15,0.40740287524461744,4354.810999959,True,False
2198,1080.0,549,1434326,0.15,0.4809457783716439,4356.426407084,True,False
2199,460.0,457,1434783,0.15,0.4661662902748376,4357.760214459,True,False
2200,980.0,825,1435608,0.15,0.4594614591791434,4360.204646417,True,False
2201,1250.0,964,1436572,0.15,0.4486915616944618,4363.737045125,True,False
2202,880.0,741,1437313,0.15,0.48480078151097167,4365.871746875,True,False
2203,2520.0,645,1437958,0.15,0.5198544047263839,4367.735118959,True,False
2204,2350.0,837,1438795,0.15,0.5108794066252891,4370.18073325,True,False
2205,1080.0,616,1439411,0.15,0.5414939153600823,4371.986847667,True,False
2206,1000.0,749,1440160,0.15,0.4921562498475009,4374.192194834,True,False
2207,1050.0,892,1441052,0.15,0.5783951773638148,4376.793034834,True,False
2208,880.0,871,1441923,0.15,0.4673086509520557,4379.33118775,True,False
2209,900.0,577,1442500,0.15,0.49177367594735377,4381.057946125,True,False
2210,470.0,476,1442976,0.15,0.5435516287048324,4382.471741875,True,False
2211,1010.0,555,1443531,0.15,0.5004241201972616,4384.106965584,True,False
2212,870.0,581,1444112,0.15,0.4903448566488207,4385.810231959,True,False
2213,1000.0,585,1444697,0.15,0.5535802713608089,4387.526944875,True,False
2214,1170.0,706,1445403,0.15,0.443996000780978,4389.585659542,True,False
2215,890.0,679,1446082,0.15,0.46007064791286695,4391.618811667,True,False
2216,480.0,479,1446561,0.15,0.44285059353957573,4393.076709209,True,False
2217,440.0,349,1446910,0.15,0.45283918476652824,4394.152447375,True,False
2218,1560.0,771,1447681,0.15,0.49889931708111046,4396.45706,True,False
2219,1050.0,728,1448409,0.15,0.5315615575719665,4398.646344834,True,False
2220,1110.0,879,1449288,0.15,0.5045411064543507,4401.2456745419995,True,False
2221,1050.0,645,1449933,0.15,0.442139300963153,4403.144462667,True,False
2222,710.0,607,1450540,0.15,0.5227129625548658,4404.950363209,True,False
2223,1410.0,1057,1451597,0.15,0.45668217618808604,4408.1181652919995,True,False
2224,1760.0,739,1452336,0.15,0.4802289330073305,4410.401585167,True,False
2225,600.0,743,1453079,0.15,0.514414607471711,4412.608906292,True,False
2226,1080.0,816,1453895,0.15,0.476121195098933,4416.1528756669995,True,False
2227,1210.0,737,1454632,0.15,0.46466202896994513,4418.355971875,True,False
2228,660.0,600,1455232,0.15,0.4963480083147685,4420.141949,True,False
2229,460.0,420,1455652,0.15,0.5809952349889846,4421.3858306249995,True,False
2230,530.0,668,1456320,0.15,0.5284727369239944,4423.389580209,True,False
2231,680.0,586,1456906,0.15,0.519882906381398,4425.120025125,True,False
2232,1080.0,553,1457459,0.15,0.46116967169918877,4426.767985167,True,False
2233,900.0,615,1458074,0.15,0.46957705465036553,4428.595263875,True,False
2234,890.0,641,1458715,0.15,0.46829352076165376,4430.510373417,True,False
2235,2320.0,1050,1459765,0.15,0.4407573535811765,4433.57147625,True,False
2236,1210.0,1025,1460790,0.15,0.5275898518157192,4436.583994084,True,False
2237,1240.0,788,1461578,0.15,0.47761557875248384,4438.9049979169995,True,False
2238,620.0,448,1462026,0.15,0.46171175555459093,4440.257077,True,False
2239,1260.0,765,1462791,0.15,0.4599754954273788,4442.521764209,True,False
2240,1290.0,815,1463606,0.15,0.4637920382779603,4444.959467209,True,False
2241,1760.0,860,1464466,0.15,0.5057160196262737,4447.53902625,True,False
2242,1920.0,912,1465378,0.15,0.43863418276764843,4450.29893475,True,False
2243,810.0,556,1465934,0.15,0.48623374956760473,4451.93501825,True,False
2244,520.0,517,1466451,0.15,0.4391035413326219,4453.489916875,True,False
2245,1080.0,754,1467205,0.15,0.44712775819516054,4455.732476542,True,False
2246,840.0,798,1468003,0.15,0.47423818265672907,4458.12941675,True,False
2247,1490.0,965,1468968,0.15,0.4470200911164284,4460.998280084,True,False
2248,1240.0,758,1469726,0.15,0.4314898386913002,4463.267496334,True,False
2249,910.0,650,1470376,0.15,0.4730398380226153,4465.198444834,True,False
2250,2440.0,1205,1471581,0.15,0.4864293883161687,4468.743667042,True,False
2251,660.0,529,1472110,0.15,0.4244816942196904,4471.209193459,True,False
2252,910.0,681,1472791,0.15,0.5025956226184087,4473.2090958339995,True,False
2253,520.0,468,1473259,0.15,0.44582418906383026,4474.721551791999,True,False
2254,410.0,432,1473691,0.15,0.4820009583124408,4476.038099,True,False
2255,1020.0,882,1474573,0.15,0.5125459542506421,4478.63777975,True,False
2256,1040.0,807,1475380,0.15,0.4784869214907141,4481.019264959,True,False
2257,820.0,573,1475953,0.15,0.4825563758507475,4482.7185577089995,True,False
2258,1720.0,746,1476699,0.15,0.5346380035563182,4485.088734542,True,False
2259,700.0,600,1477299,0.15,0.4598845025897026,4487.17061425,True,False
2260,1670.0,984,1478283,0.15,0.49652627504211133,4490.09448375,True,False
2261,1410.0,779,1479062,0.15,0.4993082960828757,4492.398575042,True,False
2262,1090.0,691,1479753,0.15,0.45436859785476863,4494.452331042,True,False
2263,530.0,414,1480167,0.15,0.45907178984105007,4495.680207709,True,False
2264,1490.0,574,1480741,0.15,0.48747910947228473,4497.404370417,True,False
2265,1100.0,900,1481641,0.15,0.4555030553539594,4500.099242374999,True,False
2266,1190.0,1065,1482706,0.15,0.43047400160615606,4503.209452292,True,False
2267,1090.0,729,1483435,0.15,0.4830564847932412,4505.371641834,True,False
2268,1150.0,762,1484197,0.15,0.4565255616191794,4507.62655475,True,False
2269,680.0,484,1484681,0.15,0.4906995036015826,4509.079843959,True,False
2270,1620.0,954,1485635,0.15,0.4134249983026701,4511.8678924999995,True,False
2271,1770.0,1022,1486657,0.15,0.4778349729604088,4514.87082675,True,False
2272,1260.0,698,1487355,0.15,0.4183291567639373,4516.950507167,True,False
2273,1110.0,832,1488187,0.15,0.4417159578476388,4519.408989625,True,False
2274,1960.0,870,1489057,0.15,0.47239110646171306,4522.003593834,True,False
2275,960.0,638,1489695,0.15,0.46814495793678473,4523.856032834,True,False
2276,1020.0,773,1490468,0.15,0.4986926022648197,4526.959201417,True,False
2277,870.0,759,1491227,0.15,0.47209821657213585,4529.174983584,True,False
2278,670.0,669,1491896,0.15,0.41112906068918253,4531.160910375,True,False
2279,1080.0,907,1492803,0.15,0.505900124829691,4533.8225205,True,False
2280,1300.0,1012,1493815,0.15,0.49839573659797903,4536.824335042,True,False
2281,1140.0,773,1494588,0.15,0.4498376283679426,4539.194693167,True,False
2282,1120.0,883,1495471,0.15,0.4609824215823954,4541.779179334,True,False
2283,1010.0,988,1496459,0.15,0.41642813894309494,4544.6905156249995,True,False
2284,780.0,646,1497105,0.15,0.4558467796003377,4546.887204459,True,False
2285,2990.0,955,1498060,0.15,0.45383334403008097,4549.796348959,True,False
2286,850.0,691,1498751,0.15,0.41858584866967313,4551.8290127089995,True,False
2287,1470.0,924,1499675,0.15,0.46073184139800794,4554.587158167,True,False
2288,1020.0,696,1500371,0.15,0.4714295669705018,4556.634144834,True,False
2289,1460.0,854,1501225,0.15,0.4518303044279602,4559.131571334,True,False
2290,1180.0,750,1501975,0.15,0.4599877698695596,4561.332201292,True,False
2291,1090.0,851,1502826,0.15,0.4973843391162689,4563.834121792,True,False
2292,1380.0,905,1503731,0.15,0.4890544493641474,4566.532720459,True,False
2293,820.0,799,1504530,0.15,0.4506860379129648,4568.884268709,True,False
2294,1010.0,729,1505259,0.15,0.4732313637550061,4571.018509167,True,False
2295,1080.0,752,1506011,0.15,0.48737510690029634,4573.221398459,True,False
2296,980.0,912,1506923,0.15,0.3971885608411149,4575.899899292,True,False
2297,920.0,551,1507474,0.15,0.477974116910195,4577.51998125,True,False
2298,460.0,453,1507927,0.15,0.4181287695480659,4578.896799042,True,False
2299,1260.0,771,1508698,0.15,0.43856271062953484,4581.164255459,True,False
2300,1100.0,758,1509456,0.15,0.4436013851118715,4583.389023417,True,False
2301,1220.0,689,1510145,0.15,0.49483098800099173,4586.533893625,True,False
2302,1170.0,783,1510928,0.15,0.43686278453286814,4588.796009292,True,False
2303,1110.0,721,1511649,0.15,0.44736575252479976,4590.891405667,True,False
2304,830.0,537,1512186,0.15,0.44706280312653796,4592.474692375,True,False
2305,2040.0,1011,1513197,0.15,0.4730721538952688,4595.433773334,True,False
2306,1620.0,972,1514169,0.15,0.48166186500478675,4598.277566,True,False
2307,740.0,660,1514829,0.15,0.46015549089872476,4600.235051375,True,False
2308,970.0,740,1515569,0.15,0.5053793151233648,4602.465342875,True,False
2309,1080.0,723,1516292,0.15,0.4044583369849136,4604.592233042,True,False
2310,520.0,423,1516715,0.15,0.41164282304900035,4605.831775417,True,False
2311,610.0,497,1517212,0.15,0.46945267570018767,4607.369521584,True,False
2312,840.0,616,1517828,0.15,0.4781078900416176,4609.321762834,True,False
2313,910.0,742,1518570,0.15,0.4417067298615301,4611.53573525,True,False
2314,1160.0,789,1519359,0.15,0.4887051600868327,4613.874860459,True,False
2315,1000.0,804,1520163,0.15,0.4179551942802187,4616.24744025,True,False
2316,910.0,696,1520859,0.15,0.4620140752401845,4618.289542834,True,False
2317,860.0,633,1521492,0.15,0.4739895462989807,4620.163640709,True,False
2318,980.0,909,1522401,0.15,0.4203541472488563,4622.842822959,True,False
2319,1970.0,1201,1523602,0.15,0.46311303923527397,4626.418246125,True,False
2320,1250.0,1027,1524629,0.15,0.5087055318956245,4629.435227,True,False
2321,780.0,605,1525234,0.15,0.442698244326162,4631.242576209,True,False
2322,2620.0,877,1526111,0.15,0.47552108927948833,4633.803239375,True,False
2323,1370.0,654,1526765,0.15,0.440562767408243,4635.737496459,True,False
2324,1500.0,694,1527459,0.15,0.4630055815584398,4637.783680667,True,False
2325,1120.0,691,1528150,0.15,0.4616432366946529,4639.824313584,True,False
2326,820.0,741,1528891,0.15,0.46281745389506623,4643.240882667,True,False
2327,3090.0,1247,1530138,0.15,0.476290959220093,4646.849197584,True,False
2328,670.0,492,1530630,0.15,0.4566939371993871,4648.315164791999,True,False
2329,470.0,392,1531022,0.15,0.4893727659875033,4649.479465792,True,False
2330,1040.0,720,1531742,0.15,0.5019657385018137,4651.597763459,True,False
2331,1490.0,1126,1532868,0.15,0.4588380478163983,4654.925659375,True,False
2332,1140.0,632,1533500,0.15,0.4868284912803505,4656.800562959,True,False
2333,1040.0,819,1534319,0.15,0.4729347152306753,4659.211526709,True,False
2334,3460.0,918,1535237,0.15,0.46848436283028644,4661.92790075,True,False
2335,1650.0,1058,1536295,0.15,0.4697170435366305,4665.054965125,True,False
2336,870.0,639,1536934,0.15,0.4675354621373117,4667.093402584,True,False
2337,830.0,549,1537483,0.15,0.48511723695445236,4668.811280209,True,False
2338,1070.0,661,1538144,0.15,0.4735807914690799,4670.820849042,True,False
2339,1130.0,647,1538791,0.15,0.45065705441169857,4672.756703959,True,False
2340,1250.0,698,1539489,0.15,0.505522828911032,4674.839725959,True,False
2341,1230.0,753,1540242,0.15,0.43372124060988426,4677.101774709,True,False
2342,1420.0,1077,1541319,0.15,0.4279730020291743,4680.300489959,True,False
2343,1220.0,915,1542234,0.15,0.45698205990041707,4683.0100665,True,False
2344,2410.0,716,1542950,0.15,0.4741902945760908,4685.126784917,True,False
2345,930.0,612,1543562,0.15,0.48601280201494307,4686.940052209,True,False
2346,1890.0,967,1544529,0.15,0.5047761666134369,4689.795946834,True,False
2347,900.0,707,1545236,0.15,0.4567698421282957,4691.891431709,True,False
2348,1630.0,950,1546186,0.15,0.5175841896154206,4694.700370667,True,False
2349,1330.0,789,1546975,0.15,0.46565146517330014,4697.053304792,True,False
2350,1080.0,732,1547707,0.15,0.5005854385309532,4699.479350667,True,False
2351,1260.0,619,1548326,0.15,0.40389081859780895,4702.282469709,True,False
2352,600.0,480,1548806,0.15,0.46526018554965654,4703.6882225419995,True,False
2353,1260.0,773,1549579,0.15,0.4857813902778329,4705.956363125,True,False
2354,670.0,541,1550120,0.15,0.4523699378923458,4707.56300375,True,False
2355,510.0,485,1550605,0.15,0.5124095041643489,4709.020893834,True,False
2356,840.0,742,1551347,0.15,0.4767399034387357,4711.2170170419995,True,False
2357,440.0,410,1551757,0.15,0.5109721561080044,4712.459421542,True,False
2358,1170.0,815,1552572,0.15,0.47732552166516873,4714.867575209,True,False
2359,1530.0,823,1553395,0.15,0.5022373037730775,4717.300298,True,False
2360,2720.0,789,1554184,0.15,0.5193904853529401,4719.649370334,True,False
2361,830.0,544,1554728,0.15,0.4557778657797505,4721.284228834,True,False
2362,620.0,446,1555174,0.15,0.5109646245837212,4722.641920959,True,False
2363,910.0,589,1555763,0.15,0.5463186003723923,4724.429557167,True,False
2364,1260.0,823,1556586,0.15,0.4953998770673298,4726.87763025,True,False
2365,1020.0,750,1557336,0.15,0.45909946439589594,4729.08400675,True,False
2366,540.0,551,1557887,0.15,0.534992514953126,4730.82420325,True,False
2367,880.0,820,1558707,0.15,0.48049631206000726,4733.485703625,True,False
2368,1490.0,704,1559411,0.15,0.4596638864922253,4735.612163667,True,False
2369,710.0,504,1559915,0.15,0.4552879547552457,4737.090309375,True,False
2370,1150.0,864,1560779,0.15,0.5162940002563927,4739.616726875,True,False
2371,1730.0,860,1561639,0.15,0.4697832910127418,4742.153351834,True,False
2372,670.0,599,1562238,0.15,0.5804175447424252,4743.90698875,True,False
2373,1050.0,801,1563039,0.15,0.5057628847658634,4746.297719417,True,False
2374,1120.0,864,1563903,0.15,0.5001653002368079,4748.829718125,True,False
2375,1470.0,615,1564518,0.15,0.5621413628679591,4750.66943575,True,False
2376,900.0,741,1565259,0.15,0.5141673947508271,4753.706262542,True,False
2377,1220.0,740,1565999,0.15,0.4644044808036572,4755.864789084,True,False
2378,1010.0,820,1566819,0.15,0.5578743566827076,4758.2800490419995,True,False
2379,1000.0,661,1567480,0.15,0.5297668632793139,4760.2419670419995,True,False
2380,840.0,577,1568057,0.15,0.4753588747440113,4761.923380125,True,False
2381,2810.0,1074,1569131,0.15,0.47277412113191475,4765.073051917,True,False
2382,510.0,469,1569600,0.15,0.5472510047888351,4766.489670542,True,False
2383,810.0,492,1570092,0.15,0.5441617426591191,4767.957151792,True,False
2384,720.0,605,1570697,0.15,0.5391197282549561,4769.726331084,True,False
2385,1050.0,736,1571433,0.15,0.48411590638368024,4771.881895125,True,False
2386,1510.0,1061,1572494,0.15,0.5416941604524289,4774.9898084999995,True,False
2387,1440.0,782,1573276,0.15,0.5079494498061891,4777.2897455,True,False
2388,850.0,559,1573835,0.15,0.4781826057022424,4778.945163667,True,False
2389,910.0,661,1574496,0.15,0.49861893807369545,4780.908565084,True,False
2390,820.0,544,1575040,0.15,0.529395213460221,4782.534019584,True,False
2391,920.0,874,1575914,0.15,0.5211453236502792,4785.103041667,True,False
2392,950.0,573,1576487,0.15,0.5425814306298335,4786.7939605,True,False
2393,1450.0,921,1577408,0.15,0.4835914061183021,4789.476956459,True,False
2394,1680.0,919,1578327,0.15,0.5067646652785451,4792.190586584,True,False
2395,1230.0,843,1579170,0.15,0.5031270940227531,4794.790254459,True,False
2396,2440.0,1028,1580198,0.15,0.438720996799636,4797.7750155,True,False
2397,370.0,416,1580614,0.15,0.4798126161958163,4799.021208584,True,False
2398,420.0,392,1581006,0.15,0.5406631765012838,4800.197099,True,False
2399,1100.0,806,1581812,0.15,0.4346066514896874,4802.544426917,True,False
2400,1130.0,942,1582754,0.15,0.4689813899550032,4805.299217042,True,False
2401,1640.0,992,1583746,0.15,0.5092360357483549,4808.808183125,True,False
2402,1110.0,698,1584444,0.15,0.48529248633555006,4810.862431584,True,False
2403,1150.0,820,1585264,0.15,0.3542908142616109,4813.255218167,True,False
2404,940.0,923,1586187,0.15,0.49009256460096523,4815.942402334,True,False
2405,1090.0,827,1587014,0.15,0.5488973130350527,4818.391717125,True,False
2406,780.0,881,1587895,0.15,0.4641682354564017,4820.956466834,True,False
2407,1620.0,706,1588601,0.15,0.47127520701306014,4823.034002084,True,False
2408,1660.0,941,1589542,0.15,0.48557615616220107,4825.7598305,True,False
2409,1020.0,696,1590238,0.15,0.4937751441765791,4827.789313,True,False
2410,1110.0,1052,1591290,0.15,0.5093925271480709,4830.851285417,True,False
2411,1240.0,887,1592177,0.15,0.4927781957898054,4833.441749417,True,False
2412,1240.0,729,1592906,0.15,0.4861312829531156,4835.573192167,True,False
2413,1140.0,835,1593741,0.15,0.4786756708148564,4838.131766834,True,False
2414,1190.0,1009,1594750,0.15,0.48820871528651977,4841.039118875,True,False
2415,480.0,474,1595224,0.15,0.42733828598210793,4842.424473542,True,False
2416,2440.0,725,1595949,0.15,0.4794431788157363,4844.723099709,True,False
2417,2230.0,1192,1597141,0.15,0.4931659510971716,4848.298458209,True,False
2418,550.0,478,1597619,0.15,0.5521193127922651,4849.701791625,True,False
2419,710.0,530,1598149,0.15,0.6096726034144709,4851.2673395,True,False
2420,1110.0,682,1598831,0.15,0.48574259964858785,4853.274765042,True,False
2421,750.0,727,1599558,0.15,0.47268755541561724,4855.42971725,True,False
2422,1140.0,1238,1600796,0.15,0.48024785600362285,4859.0553280839995,True,False
2423,720.0,548,1601344,0.15,0.49075086316923155,4860.6770369999995,True,False
2424,850.0,575,1601919,0.15,0.4843137502357676,4862.371778125,True,False
2425,800.0,546,1602465,0.15,0.4658372750247482,4863.984686459,True,False
2426,1290.0,1004,1603469,0.15,0.47453963569554675,4867.651168459,True,False
2427,1970.0,874,1604343,0.15,0.4939915634213238,4870.205080541999,True,False
2428,1200.0,779,1605122,0.15,0.4262075003141012,4872.480108584,True,False
2429,1150.0,699,1605821,0.15,0.4068761327436992,4874.526155917,True,False
2430,1730.0,857,1606678,0.15,0.4540493065996148,4877.024288959,True,False
2431,1130.0,639,1607317,0.15,0.4755144083406776,4878.896416667,True,False
2432,1950.0,955,1608272,0.15,0.49622212375307684,4881.66463275,True,False
2433,730.0,471,1608743,0.15,0.46592238048712414,4883.032415084,True,False
2434,320.0,315,1609058,0.15,0.48635122538367404,4883.989406167,True,False
2435,760.0,531,1609589,0.15,0.47109851420373844,4885.539455042,True,False
2436,1180.0,1108,1610697,0.15,0.46768619980837894,4888.794138875,True,False
2437,2790.0,993,1611690,0.15,0.47156373273220753,4891.682926459,True,False
2438,490.0,434,1612124,0.15,0.5416941872430504,4892.981737125,True,False
2439,1650.0,865,1612989,0.15,0.46275819944976654,4895.508225459,True,False
2440,2740.0,1020,1614009,0.15,0.46396066111092477,4898.479388209,True,False
2441,980.0,589,1614598,0.15,0.5037143020605555,4900.210795334,True,False
2442,750.0,578,1615176,0.15,0.4338402082180155,4901.89873225,True,False
2443,1070.0,723,1615899,0.15,0.5139664938880337,4904.036820542,True,False
2444,1600.0,696,1616595,0.15,0.4483430404001954,4906.081421084,True,False
2445,1590.0,908,1617503,0.15,0.45960805561836593,4908.873716792,True,False
2446,880.0,582,1618085,0.15,0.47025351966284723,4910.650188625,True,False
2447,1170.0,793,1618878,0.15,0.5112758251001136,4913.00523875,True,False
2448,610.0,600,1619478,0.15,0.5144017001986504,4914.795158125,True,False
2449,490.0,526,1620004,0.15,0.5168751877252803,4916.351788334,True,False
2450,430.0,404,1620408,0.15,0.42071551217301056,4917.5466255,True,False
2451,500.0,409,1620817,0.15,0.5563774051911691,4919.826575625,True,False
2452,1090.0,811,1621628,0.15,0.4926921044077192,4922.213723584,True,False
2453,570.0,525,1622153,0.15,0.4905871965047967,4923.763848125,True,False
2454,810.0,752,1622905,0.15,0.5366081485643666,4926.00199575,True,False
2455,1240.0,820,1623725,0.15,0.5219620176204821,4928.406107917,True,False
2456,800.0,524,1624249,0.15,0.4240715401318237,4929.95618,True,False
2457,890.0,912,1625161,0.15,0.4841492200891177,4932.66456275,True,False
2458,2480.0,794,1625955,0.15,0.47849248368481195,4934.995633875,True,False
2459,1640.0,1132,1627087,0.15,0.48902197021582944,4938.326737834,True,False
2460,2630.0,867,1627954,0.15,0.5122795466179123,4940.863019292,True,False
2461,1230.0,606,1628560,0.15,0.46830818027650056,4942.659469459,True,False
2462,1070.0,708,1629268,0.15,0.5471272226107322,4944.743502959,True,False
2463,1190.0,671,1629939,0.15,0.5154469912191351,4946.726624459,True,False
2464,1190.0,922,1630861,0.15,0.5143126178355444,4949.415044875,True,False
2465,1140.0,583,1631444,0.15,0.46456397661607557,4951.159471084,True,False
2466,1040.0,784,1632228,0.15,0.48902568738071284,4953.449121167,True,False
2467,1250.0,969,1633197,0.15,0.526600080950201,4956.3001875,True,False
2468,1030.0,678,1633875,0.15,0.5547459454843279,4958.284844959,True,False
2469,730.0,626,1634501,0.15,0.4610439535159214,4960.155571042,True,False
2470,710.0,617,1635118,0.15,0.4520063807631468,4961.977879375,True,False
2471,640.0,519,1635637,0.15,0.4851709383038374,4963.500209834,True,False
2472,1280.0,790,1636427,0.15,0.5222423552786033,4965.815692625,True,False
2473,690.0,471,1636898,0.15,0.5308408252263473,4967.226052125,True,False
2474,570.0,439,1637337,0.15,0.4758504255251451,4968.55811475,True,False
2475,1100.0,896,1638233,0.15,0.4725322748002197,4971.1605831669995,True,False
2476,1040.0,904,1639137,0.15,0.4929122362384754,4974.662380292,True,False
2477,740.0,538,1639675,0.15,0.5138362455946296,4976.245828167,True,False
2478,840.0,721,1640396,0.15,0.4983672344470551,4978.363865417,True,False
2479,910.0,667,1641063,0.15,0.5307165394166866,4980.310149084,True,False
2480,970.0,661,1641724,0.15,0.4650370741644538,4982.260838917,True,False
2481,920.0,633,1642357,0.15,0.5909805030007905,4984.123276209,True,False
2482,800.0,609,1642966,0.15,0.5491318138022172,4985.9348750419995,True,False
2483,460.0,451,1643417,0.15,0.541561028203078,4987.272166875,True,False
2484,850.0,586,1644003,0.15,0.5459473192793866,4989.005575334,True,False
2485,1750.0,1393,1645396,0.15,0.5014992367614989,4993.07643325,True,False
2486,970.0,732,1646128,0.15,0.4771953138415931,4995.2360925,True,False
2487,1290.0,714,1646842,0.15,0.4649384370848034,4997.338264542,True,False
2488,730.0,505,1647347,0.15,0.5097150545981195,4998.834337125,True,False
2489,2310.0,840,1648187,0.15,0.5032065756264187,5001.272482459,True,False
2490,1110.0,823,1649010,0.15,0.5333069723497317,5003.675629542,True,False
2491,1070.0,716,1649726,0.15,0.5524481414250155,5005.778561125,True,False
2492,1670.0,722,1650448,0.15,0.6039772396752847,5007.904001709,True,False
2493,1540.0,603,1651051,0.15,0.5932950657606125,5009.66205925,True,False
2494,990.0,752,1651803,0.15,0.5268543802518794,5011.876359542,True,False
2495,850.0,594,1652397,0.15,0.46375876400094707,5013.610129459,True,False
2496,1210.0,589,1652986,0.15,0.5126720970990707,5015.353710417,True,False
2497,690.0,588,1653574,0.15,0.5105469889786779,5017.097661959,True,False
2498,850.0,612,1654186,0.15,0.4972100460451413,5018.9232315,True,False
2499,1050.0,741,1654927,0.15,0.5429736513543774,5021.1082558749995,True,False
2500,1290.0,749,1655676,0.15,0.4995186141038195,5023.292238125,True,False
2501,670.0,494,1656170,0.15,0.449154518181231,5025.544233459,True,False
2502,1570.0,1412,1657582,0.15,0.5232452810781536,5029.595785875,True,False
2503,2200.0,903,1658485,0.15,0.492087507653421,5032.252755042,True,False
2504,1130.0,782,1659267,0.15,0.5301199715488997,5034.534490125,True,False
2505,1180.0,841,1660108,0.15,0.5249671031372242,5036.9980280419995,True,False
2506,1450.0,784,1660892,0.15,0.4910474247774299,5039.276189167,True,False
2507,1030.0,707,1661599,0.15,0.48782421386038716,5041.337991417,True,False
2508,910.0,580,1662179,0.15,0.4701131812457381,5043.111083792,True,False
2509,360.0,373,1662552,0.15,0.4890294059159908,5044.4403758749995,True,False
2510,1660.0,769,1663321,0.15,0.5767695893688748,5046.749111292,True,False
2511,1360.0,1030,1664351,0.15,0.5059444410907619,5049.904632584,True,False
2512,1150.0,624,1664975,0.15,0.5168396770381011,5051.721353375,True,False
2513,800.0,634,1665609,0.15,0.521523339381008,5053.602778625,True,False
2514,920.0,678,1666287,0.15,0.5412539081901488,5055.7383441249995,True,False
2515,750.0,567,1666854,0.15,0.4980583501533723,5057.54875275,True,False
2516,990.0,554,1667408,0.15,0.5926713299193829,5059.228789209,True,False
2517,1090.0,794,1668202,0.15,0.5062148092371045,5061.553639,True,False
2518,700.0,793,1668995,0.15,0.5309138769152189,5063.887038375,True,False
2519,760.0,559,1669554,0.15,0.4748338444956711,5065.539456292,True,False
2520,1490.0,982,1670536,0.15,0.5214069438416783,5068.469857792,True,False
2521,2060.0,1051,1671587,0.15,0.5087702967624628,5071.5318019589995,True,False
2522,630.0,529,1672116,0.15,0.5249673459762917,5073.108930042,True,False
2523,1510.0,828,1672944,0.15,0.5089947170609437,5075.646638042,True,False
2524,980.0,659,1673603,0.15,0.5605469348317966,5077.61943975,True,False
2525,580.0,482,1674085,0.15,0.5445889538723575,5079.069921667,True,False
2526,1980.0,900,1674985,0.15,0.5636434084839291,5082.49737725,True,False
2527,680.0,467,1675452,0.15,0.5138679546678168,5083.868054875,True,False
2528,700.0,470,1675922,0.15,0.4141028263630011,5085.245613625,True,False
2529,2750.0,905,1676827,0.15,0.5581521685276412,5088.059633125,True,False
2530,1420.0,857,1677684,0.15,0.49967424668544946,5090.694797792,True,False
2531,1420.0,763,1678447,0.15,0.53933197950062,5092.960344084,True,False
2532,850.0,578,1679025,0.15,0.5134531836057531,5094.6760385,True,False
2533,1100.0,977,1680002,0.15,0.5419496130503592,5097.545125292,True,False
2534,1220.0,924,1680926,0.15,0.5096811529619869,5100.257281334,True,False
2535,1030.0,740,1681666,0.15,0.537214537125987,5102.43844175,True,False
2536,1340.0,700,1682366,0.15,0.5104127079248428,5104.495131292,True,False
2537,1140.0,941,1683307,0.15,0.5203346455984927,5107.226275334,True,False
2538,940.0,669,1683976,0.15,0.5745570642341461,5109.208068625,True,False
2539,1860.0,788,1684764,0.15,0.5272487236687979,5111.504402625,True,False
2540,760.0,641,1685405,0.15,0.5337606091983617,5113.457977084,True,False
2541,1800.0,608,1686013,0.15,0.5620430936840805,5115.264325,True,False
2542,1020.0,776,1686789,0.15,0.5474094826843321,5117.5256106669995,True,False
2543,1060.0,814,1687603,0.15,0.51143147711977,5119.878768042,True,False
2544,720.0,569,1688172,0.15,0.5747490233474678,5121.5476215,True,False
2545,630.0,489,1688661,0.15,0.557644466396238,5122.986408584,True,False
2546,1030.0,730,1689391,0.15,0.5191704001236748,5125.128187875,True,False
2547,1070.0,710,1690101,0.15,0.6328102606401015,5127.210435917,True,False
2548,970.0,677,1690778,0.15,0.5259216932590897,5129.212625625,True,False
2549,590.0,664,1691442,0.15,0.5357925157590084,5131.170592459,True,False
2550,1310.0,740,1692182,0.15,0.5414930847851006,5133.347080084,True,False
2551,570.0,618,1692800,0.15,0.5583321370424763,5136.279269334,True,False
2552,990.0,608,1693408,0.15,0.4914701830007528,5138.052774042,True,False
2553,490.0,460,1693868,0.15,0.5575809275326522,5139.384529917,True,False
2554,1420.0,804,1694672,0.15,0.5726913805328199,5141.698693959,True,False
2555,820.0,647,1695319,0.15,0.5740669597379909,5143.586990792,True,False
2556,2260.0,611,1695930,0.15,0.560718752005521,5145.3928668339995,True,False
2557,1430.0,660,1696590,0.15,0.574820523370396,5147.371013209,True,False
2558,1150.0,769,1697359,0.15,0.6012922076042742,5149.625678834,True,False
2559,900.0,699,1698058,0.15,0.5532331835372107,5151.667049209,True,False
2560,1350.0,859,1698917,0.15,0.5895260135794795,5154.166158709,True,False
2561,460.0,438,1699355,0.15,0.6016835396716355,5155.440421542,True,False
2562,690.0,600,1699955,0.15,0.5554296593368053,5157.2020973339995,True,False
2563,1000.0,579,1700534,0.15,0.5724678611960904,5158.90873,True,False
2564,590.0,712,1701246,0.15,0.5498692888892098,5161.005828584,True,False
2565,470.0,422,1701668,0.15,0.5306440878589198,5162.292659834,True,False
2566,1290.0,862,1702530,0.15,0.5886546377525773,5164.8326450839995,True,False
2567,900.0,644,1703174,0.15,0.5139809173086415,5166.707324709,True,False
2568,770.0,660,1703834,0.15,0.5460027393969622,5168.66561875,True,False
2569,1130.0,782,1704616,0.15,0.5767127955902596,5170.960056625,True,False
2570,780.0,514,1705130,0.15,0.56957181886537,5172.495145209,True,False
2571,830.0,556,1705686,0.15,0.6603099398261352,5174.134116417,True,False
2572,1260.0,760,1706446,0.15,0.4900428080637204,5176.352976334,True,False
2573,1450.0,620,1707066,0.15,0.49255368474029726,5178.252701042,True,False
2574,1420.0,853,1707919,0.15,0.5407226865700153,5180.7617966669995,True,False
2575,1060.0,771,1708690,0.15,0.5774910291705107,5183.034220584,True,False
2576,520.0,439,1709129,0.15,0.5542772303928029,5185.316158334,True,False
2577,730.0,548,1709677,0.15,0.5418483650814878,5186.951550375,True,False
2578,610.0,423,1710100,0.15,0.5176755756420909,5188.207921667,True,False
2579,670.0,643,1710743,0.15,0.5495774265844375,5190.102957125,True,False
2580,820.0,599,1711342,0.15,0.5156903990606467,5191.85622375,True,False
2581,840.0,697,1712039,0.15,0.5640305604400306,5193.892795,True,False
2582,980.0,816,1712855,0.15,0.5720566680618361,5196.280377667,True,False
2583,930.0,649,1713504,0.15,0.5347998681609616,5198.2219174169995,True,False
2584,1180.0,976,1714480,0.15,0.5338418736259957,5201.036613375,True,False
2585,940.0,722,1715202,0.15,0.5733394693169329,5203.153815584,True,False
2586,790.0,602,1715804,0.15,0.5366237165023949,5204.933282917,True,False
2587,830.0,662,1716466,0.15,0.5736660575324839,5206.870024459,True,False
2588,1360.0,831,1717297,0.15,0.5255319496903282,5209.2976068749995,True,False
2589,940.0,752,1718049,0.15,0.5423319459437056,5211.499791209,True,False
2590,1340.0,681,1718730,0.15,0.5118857422295738,5213.507796209,True,False
2591,810.0,559,1719289,0.15,0.5873975460550614,5215.168791542,True,False
2592,590.0,520,1719809,0.15,0.5246721749122326,5216.720255084,True,False
2593,1260.0,900,1720709,0.15,0.5276995629403326,5219.359444167,True,False
2594,1110.0,665,1721374,0.15,0.5609356838177486,5221.315361,True,False
2595,1140.0,627,1722001,0.15,0.49999461659959926,5223.1762995,True,False
2596,1690.0,655,1722656,0.15,0.5367079438051072,5225.110022375,True,False
2597,360.0,382,1723038,0.15,0.5577234616405086,5226.294182459,True,False
2598,1590.0,1019,1724057,0.15,0.5221078483497396,5229.318038959,True,False
2599,1460.0,802,1724859,0.15,0.5000341421738267,5231.6883688749995,True,False
2600,350.0,463,1725322,0.15,0.5446379081956272,5233.096723709,True,False
2601,990.0,539,1725861,0.15,0.5350643630380983,5235.953501334,True,False
2602,1320.0,877,1726738,0.15,0.5578698140301116,5238.550414209,True,False
2603,990.0,774,1727512,0.15,0.5293764108695935,5240.817013459,True,False
2604,990.0,587,1728099,0.15,0.4939244045582536,5242.707364834,True,False
2605,850.0,702,1728801,0.15,0.48970958683639765,5245.18332875,True,False
2606,840.0,554,1729355,0.15,0.5202116522452106,5246.870634792,True,False
2607,790.0,565,1729920,0.15,0.4556958045757992,5248.607249625,True,False
2608,1340.0,935,1730855,0.15,0.5327127919944059,5251.361723084,True,False
2609,1120.0,734,1731589,0.15,0.5508405697815444,5253.5459915,True,False
2610,710.0,784,1732373,0.15,0.5928947239049843,5255.868597959,True,False
2611,1090.0,775,1733148,0.15,0.5233756293801918,5258.202561584,True,False
2612,910.0,945,1734093,0.15,0.6045682382911949,5260.99173225,True,False
2613,1270.0,954,1735047,0.15,0.5730844584583235,5263.758410334,True,False
2614,1040.0,578,1735625,0.15,0.5052546137365802,5265.496992124999,True,False
2615,1780.0,907,1736532,0.15,0.5225611262121915,5268.195522125,True,False
2616,2180.0,600,1737132,0.15,0.5519052455325921,5269.993959584,True,False
2617,410.0,423,1737555,0.15,0.5753052586600894,5271.249798834,True,False
2618,1370.0,820,1738375,0.15,0.5657183158688429,5273.662572792,True,False
2619,1330.0,765,1739140,0.15,0.518313085155872,5275.96321825,True,False
2620,2590.0,883,1740023,0.15,0.5063884469595823,5278.5545357089995,True,False
2621,1110.0,971,1740994,0.15,0.5303092943542779,5281.412760209,True,False
2622,1600.0,1168,1742162,0.15,0.5253197074140588,5284.8842511249995,True,False
2623,3190.0,953,1743115,0.15,0.5718406968820495,5287.695157459,True,False
2624,1220.0,894,1744009,0.15,0.5256736388296953,5290.368178167,True,False
2625,1780.0,841,1744850,0.15,0.5261439044560705,5292.830693959,True,False
2626,1600.0,1153,1746003,0.15,0.5537377023655508,5297.328091459,True,False
2627,1370.0,976,1746979,0.15,0.61725551830452,5300.24527425,True,False
2628,880.0,699,1747678,0.15,0.533341101876327,5302.33775425,True,False
2629,1010.0,793,1748471,0.15,0.484054428083126,5304.736784125,True,False
2630,1550.0,708,1749179,0.15,0.4839659080246074,5307.0638029169995,True,False
2631,1070.0,620,1749799,0.15,0.5410833296275908,5308.928034875,True,False
2632,800.0,521,1750320,0.15,0.4753201283116377,5310.508202792,True,False
2633,900.0,647,1750967,0.15,0.5515228972209166,5312.433247459,True,False
2634,1020.0,732,1751699,0.15,0.533457586755518,5314.582519042,True,False
2635,950.0,693,1752392,0.15,0.5287165945802612,5316.647303375,True,False
2636,2200.0,777,1753169,0.15,0.48739743566851024,5318.931173542,True,False
2637,1260.0,699,1753868,0.15,0.5365460930551802,5320.977703375,True,False
2638,520.0,465,1754333,0.15,0.5012697324413677,5322.3496588749995,True,False
2639,830.0,644,1754977,0.15,0.46952245398337794,5324.247572792,True,False
2640,1220.0,664,1755641,0.15,0.4711587252207549,5326.190690459,True,False
2641,650.0,632,1756273,0.15,0.48927677922610996,5328.309915917,True,False
2642,830.0,636,1756909,0.15,0.5492532768245763,5330.216279084,True,False
2643,960.0,766,1757675,0.15,0.5157103047789079,5332.478278125,True,False
2644,850.0,651,1758326,0.15,0.5065959175031609,5334.40708225,True,False
2645,1170.0,733,1759059,0.15,0.5194913903709317,5336.547185375,True,False
2646,1420.0,987,1760046,0.15,0.5477001468843294,5339.518959709,True,False
2647,690.0,590,1760636,0.15,0.42734580356124285,5341.324797959,True,False
2648,880.0,800,1761436,0.15,0.538938216380775,5343.731077375,True,False
2649,840.0,678,1762114,0.15,0.408593701584452,5345.735873792,True,False
2650,1210.0,674,1762788,0.15,0.4377676198732923,5347.743306084,True,False
2651,1240.0,914,1763702,0.15,0.5203970900426308,5351.464111542,True,False
2652,700.0,514,1764216,0.15,0.4889490555307662,5352.969552125,True,False
2653,890.0,536,1764752,0.15,0.4754541762061973,5354.531918666999,True,False
2654,1940.0,901,1765653,0.15,0.44276536885235046,5357.182325209,True,False
2655,680.0,601,1766254,0.15,0.497976416995128,5358.948756709,True,False
2656,1090.0,830,1767084,0.15,0.534051027148962,5361.363995584,True,False
2657,1080.0,614,1767698,0.15,0.5708742858050695,5363.146761167,True,False
2658,820.0,646,1768344,0.15,0.48675756413995486,5365.0268964589995,True,False
2659,980.0,648,1768992,0.15,0.550443420899503,5367.02977175,True,False
2660,1120.0,703,1769695,0.15,0.5510674798488617,5369.14485375,True,False
2661,1180.0,801,1770496,0.15,0.5493833753303509,5371.602409459,True,False
2662,1030.0,560,1771056,0.15,0.4955160578446729,5373.271799749999,True,False
2663,1670.0,872,1771928,0.15,0.5442769763256432,5375.832727084,True,False
2664,1400.0,701,1772629,0.15,0.5007992473670414,5377.895365,True,False
2665,540.0,449,1773078,0.15,0.5344247490699802,5379.221260625,True,False
2666,770.0,569,1773647,0.15,0.593121534292127,5380.9209405,True,False
2667,1480.0,690,1774337,0.15,0.4762358605172593,5382.960724167,True,False
2668,900.0,702,1775039,0.15,0.5353724564399038,5385.03203525,True,False
2669,1180.0,742,1775781,0.15,0.5428517997585317,5387.22183475,True,False
2670,1000.0,707,1776488,0.15,0.5317654794892349,5389.301518792,True,False
2671,1240.0,955,1777443,0.15,0.47924466681580585,5392.49144925,True,False
2672,1380.0,642,1778085,0.15,0.585566444843082,5394.520782292,True,False
2673,840.0,549,1778634,0.15,0.5449562672063382,5396.189763959,True,False
2674,890.0,554,1779188,0.15,0.5133587246318515,5397.8103493339995,True,False
2675,1010.0,569,1779757,0.15,0.5636884267901031,5399.5041063749995,True,False
2676,1440.0,709,1780466,0.15,0.5507786614915072,5402.405638042,True,False
2677,1210.0,911,1781377,0.15,0.5267464518547058,5405.060830917,True,False
2678,1490.0,963,1782340,0.15,0.5373809405629566,5407.86644875,True,False
2679,2130.0,1034,1783374,0.15,0.5713936210025189,5410.88094625,True,False
2680,1770.0,748,1784122,0.15,0.46235799466703026,5413.324317042,True,False
2681,730.0,621,1784743,0.15,0.5131110274022626,5415.199351209,True,False
2682,1040.0,838,1785581,0.15,0.5304662859865598,5417.655967959,True,False
2683,1050.0,765,1786346,0.15,0.5083463738492022,5419.893854375,True,False
2684,840.0,592,1786938,0.15,0.5811624059805999,5421.625829292,True,False
2685,1180.0,878,1787816,0.15,0.5325189311057329,5424.216979125,True,False
2686,960.0,873,1788689,0.15,0.5631587612656278,5426.817316709,True,False
2687,460.0,456,1789145,0.15,0.5112308534352403,5428.208061125,True,False
2688,1060.0,714,1789859,0.15,0.4648704384819845,5430.346055542,True,False
2689,1200.0,876,1790735,0.15,0.5449511470043495,5432.962172709,True,False
2690,1110.0,646,1791381,0.15,0.47210733965039253,5435.113857792,True,False
2691,1660.0,642,1792023,0.15,0.4847984967753291,5437.05282075,True,False
2692,1450.0,864,1792887,0.15,0.4750586654301043,5439.602368,True,False
2693,1530.0,762,1793649,0.15,0.5055427660882785,5441.842972292,True,False
2694,1590.0,848,1794497,0.15,0.44413651220219313,5444.33190125,True,False
2695,1050.0,679,1795176,0.15,0.5013697085573393,5446.325088959,True,False
2696,1250.0,753,1795929,0.15,0.47962042566468105,5448.524268292,True,False
2697,800.0,685,1796614,0.15,0.45019317919399304,5450.539927167,True,False
2698,1210.0,654,1797268,0.15,0.4318916932566137,5452.46579175,True,False
2699,700.0,522,1797790,0.15,0.5596322633899176,5454.0113265,True,False
2700,920.0,593,1798383,0.15,0.5002862579516463,5455.733317,True,False
2701,940.0,606,1798989,0.15,0.5423553436504382,5458.29295025,True,False
2702,1020.0,815,1799804,0.15,0.509769616502465,5460.680081667,True,False
2703,2000.0,824,1800628,0.15,0.4990924651761657,5463.08259425,True,False
2704,880.0,614,1801242,0.15,0.4082284998270421,5464.89061725,True,False
2705,1580.0,738,1801980,0.15,0.5158897426080059,5467.063405875,True,False
2706,1100.0,849,1802829,0.15,0.5735231312870417,5469.511124542,True,False
2707,450.0,421,1803250,0.15,0.5052643577257793,5470.782189667,True,False
2708,1720.0,759,1804009,0.15,0.4878453403711319,5472.9841315,True,False
2709,1530.0,995,1805004,0.15,0.535220372150222,5475.878291584,True,False
2710,1240.0,771,1805775,0.15,0.5118323000109134,5478.1348715839995,True,False
2711,1070.0,868,1806643,0.15,0.45986999557589603,5480.703377709,True,False
2712,1590.0,756,1807399,0.15,0.46905949002220515,5482.930503792,True,False
2713,1090.0,611,1808010,0.15,0.5349940451142056,5484.7253172499995,True,False
2714,880.0,661,1808671,0.15,0.499346782763799,5486.675673709,True,False
2715,1010.0,1070,1809741,0.15,0.4423870175187267,5489.962592542,True,False
2716,1030.0,678,1810419,0.15,0.38640194470007744,5492.118907292,True,False
2717,1370.0,862,1811281,0.15,0.46254302754446314,5494.687970209,True,False
2718,790.0,582,1811863,0.15,0.48923964161297373,5496.418471542,True,False
2719,1100.0,778,1812641,0.15,0.4577157429395578,5499.325776584,True,False
2720,1080.0,591,1813232,0.15,0.47068312441980514,5501.12625625,True,False
2721,990.0,670,1813902,0.15,0.5106573336852525,5503.108630292,True,False
2722,1240.0,766,1814668,0.15,0.49972359479094547,5505.383761209,True,False
2723,840.0,832,1815500,0.15,0.4824937484943523,5507.813941042,True,False
2724,1470.0,629,1816129,0.15,0.4510213907357234,5509.667544084,True,False
2725,810.0,1012,1817141,0.15,0.46161773432738223,5512.684460875,True,False
2726,700.0,611,1817752,0.15,0.47457651672215245,5515.400399042,True,False
2727,900.0,595,1818347,0.15,0.4432729955863308,5517.182546917,True,False
2728,3010.0,874,1819221,0.15,0.5129884958403296,5519.764884583999,True,False
2729,2460.0,855,1820076,0.15,0.46937740245990667,5522.302991209,True,False
2730,2450.0,797,1820873,0.15,0.5338432627856432,5524.651073334,True,False
2731,2890.0,826,1821699,0.15,0.5244072832673499,5527.081562167,True,False
2732,1070.0,924,1822623,0.15,0.6164156149153586,5529.823410459,True,False
2733,1300.0,773,1823396,0.15,0.4832957354326224,5532.160685375,True,False
2734,2340.0,833,1824229,0.15,0.4716853268014697,5534.597513209,True,False
2735,860.0,741,1824970,0.15,0.45168843740547027,5536.776257792,True,False
2736,1010.0,807,1825777,0.15,0.5155477199961643,5539.161673625,True,False
2737,1150.0,732,1826509,0.15,0.5034189519009303,5541.3079285,True,False
2738,1120.0,702,1827211,0.15,0.4899121362822396,5543.374480209,True,False
2739,680.0,497,1827708,0.15,0.43760666537284854,5544.859273417,True,False
2740,3010.0,1119,1828827,0.15,0.46324175486748365,5548.135383375,True,False
2741,1200.0,813,1829640,0.15,0.4800352042212206,5550.523950084,True,False
2742,760.0,696,1830336,0.15,0.510816271192041,5552.544147834,True,False
2743,1210.0,671,1831007,0.15,0.45204570238104835,5554.513790125,True,False
2744,1400.0,853,1831860,0.15,0.46670181171916353,5557.019017792,True,False
2745,640.0,535,1832395,0.15,0.4316796996539697,5558.707009167,True,False
2746,1370.0,592,1832987,0.15,0.4410573007488573,5560.7355476249995,True,False
2747,570.0,455,1833442,0.15,0.49302333358087036,5562.164862209,True,False
2748,1210.0,678,1834120,0.15,0.45246446167721466,5564.1550878339995,True,False
2749,800.0,696,1834816,0.15,0.4483514971089089,5566.210990042,True,False
2750,1370.0,796,1835612,0.15,0.4485655879255515,5568.565391417,True,False
2751,940.0,738,1836350,0.15,0.5325485891864999,5571.8313999169995,True,False
2752,1570.0,782,1837132,0.15,0.4996339250355959,5574.117047292,True,False
2753,1620.0,793,1837925,0.15,0.4893155335777938,5576.407258417,True,False
2754,890.0,621,1838546,0.15,0.4175979257591309,5578.216478084,True,False
2755,1710.0,1362,1839908,0.15,0.4742224452214157,5582.4240445,True,False
2756,420.0,391,1840299,0.15,0.44077030215988455,5583.637799209,True,False
2757,670.0,573,1840872,0.15,0.5689229009052118,5585.366905375,True,False
2758,710.0,563,1841435,0.15,0.4282111670289721,5587.0291410419995,True,False
2759,1110.0,613,1842048,0.15,0.4743998016823422,5588.852379917,True,False
2760,1050.0,589,1842637,0.15,0.4374459392460836,5590.606921709,True,False
2761,540.0,454,1843091,0.15,0.44824242341307413,5591.9691514589995,True,False
2762,640.0,617,1843708,0.15,0.4939591677919511,5593.788650292,True,False
2763,1040.0,600,1844308,0.15,0.48342346052328744,5595.58190475,True,False
2764,880.0,860,1845168,0.15,0.480495349854924,5598.1619978749995,True,False
2765,1650.0,802,1845970,0.15,0.4986148499697447,5600.517546459,True,False
2766,990.0,714,1846684,0.15,0.45769409298397307,5602.619277084,True,False
2767,1170.0,643,1847327,0.15,0.4435519455932081,5604.500956125,True,False
2768,1270.0,592,1847919,0.15,0.49487748883060506,5606.252777375,True,False
2769,1850.0,882,1848801,0.15,0.4451960653943174,5608.8212862089995,True,False
2770,1040.0,664,1849465,0.15,0.4935194012450885,5610.789903334,True,False
2771,1250.0,680,1850145,0.15,0.4087674386361066,5612.831473917,True,False
2772,810.0,511,1850656,0.15,0.46375639480538666,5614.379264667,True,False
2773,460.0,452,1851108,0.15,0.43890909204440837,5615.718926,True,False
2774,940.0,588,1851696,0.15,0.5194309850533804,5617.465866417,True,False
2775,930.0,750,1852446,0.15,0.486141775978759,5620.130767834,True,False
2776,2390.0,778,1853224,0.15,0.4301282286261901,5623.137107375,True,False
2777,1110.0,806,1854030,0.15,0.5068258832565588,5625.625433042,True,False
2778,2540.0,738,1854768,0.15,0.5076110688818468,5627.790221792,True,False
2779,750.0,513,1855281,0.15,0.4430424956372008,5629.30969575,True,False
2780,1150.0,790,1856071,0.15,0.4912389329242222,5631.605252125,True,False
2781,640.0,534,1856605,0.15,0.4976112087493512,5633.206223625,True,False
2782,1460.0,835,1857440,0.15,0.4649287143178534,5635.669805459,True,False
2783,950.0,765,1858205,0.15,0.5136019582055626,5637.958332,True,False
2784,780.0,548,1858753,0.15,0.4437772074755091,5639.572894292,True,False
2785,430.0,389,1859142,0.15,0.5549212128845686,5640.743082667,True,False
2786,1160.0,822,1859964,0.15,0.5245590164027747,5643.170162292,True,False
2787,1950.0,893,1860857,0.15,0.4869259237708532,5645.802261667,True,False
2788,1060.0,620,1861477,0.15,0.4768460461208897,5647.6432457089995,True,False
2789,1510.0,907,1862384,0.15,0.4787492704483381,5650.3184135,True,False
2790,1050.0,749,1863133,0.15,0.42257791916954324,5652.520077167,True,False
2791,660.0,461,1863594,0.15,0.556831276157628,5653.893238625,True,False
2792,1190.0,676,1864270,0.15,0.52891800204325,5655.87125325,True,False
2793,1030.0,658,1864928,0.15,0.4925406810912219,5657.8143975,True,False
2794,910.0,711,1865639,0.15,0.4816260664476513,5659.916358334,True,False
2795,1840.0,1119,1866758,0.15,0.5236879806433405,5663.202105417,True,False
2796,1010.0,692,1867450,0.15,0.48714711753963735,5665.264707959,True,False
2797,820.0,649,1868099,0.15,0.44362225503097347,5667.164514625,True,False
2798,610.0,467,1868566,0.15,0.549958640566239,5668.576684834,True,False
2799,760.0,540,1869106,0.15,0.4637282266109078,5670.176067542,True,False
2800,1050.0,624,1869730,0.15,0.5281421360679162,5672.030444792,True,False
2801,630.0,493,1870223,0.15,0.5063054664590494,5674.5047165,True,False
2802,1040.0,555,1870778,0.15,0.5172294717040851,5676.1448964169995,True,False
2803,1250.0,656,1871434,0.15,0.45075173944053126,5678.06372,True,False
2804,1370.0,744,1872178,0.15,0.4855723421900503,5680.274130625,True,False
2805,1800.0,962,1873140,0.15,0.47445787588343086,5683.246068375,True,False
2806,760.0,502,1873642,0.15,0.4738143897652626,5684.75245025,True,False
2807,1230.0,707,1874349,0.15,0.4457746252080815,5686.871584542,True,False
2808,500.0,410,1874759,0.15,0.5055514297941152,5688.097031209,True,False
2809,3890.0,684,1875443,0.15,0.5412953665033419,5690.17449475,True,False
2810,740.0,716,1876159,0.15,0.4929476021554883,5692.268555125,True,False
2811,830.0,596,1876755,0.15,0.5125218561331698,5694.063540542,True,False
2812,730.0,591,1877346,0.15,0.5162937812054077,5695.7828551249995,True,False
2813,1910.0,827,1878173,0.15,0.5774053717976895,5698.221429542,True,False
2814,610.0,504,1878677,0.15,0.5145794923106829,5699.6962205,True,False
2815,1390.0,711,1879388,0.15,0.5018786071391588,5701.811195917,True,False
2816,740.0,530,1879918,0.15,0.558670344226288,5703.394593334,True,False
2817,630.0,475,1880393,0.15,0.46765788087323934,5704.836147875,True,False
2818,490.0,462,1880855,0.15,0.5153650427642076,5706.24027275,True,False
2819,970.0,807,1881662,0.15,0.5152780857711735,5708.614057875,True,False
2820,1240.0,821,1882483,0.15,0.514476120799053,5711.021584292,True,False
2821,2220.0,795,1883278,0.15,0.4831745842443639,5713.36585425,True,False
2822,650.0,566,1883844,0.15,0.5488878851625282,5715.048114042,True,False
2823,920.0,762,1884606,0.15,0.5040103490023237,5717.288495334,True,False
2824,1080.0,912,1885518,0.15,0.49466096776488583,5720.008661084,True,False
2825,1060.0,655,1886173,0.15,0.5452864078305116,5721.923475667,True,False
2826,780.0,614,1886787,0.15,0.5949118676918005,5724.843160959,True,False
2827,740.0,531,1887318,0.15,0.5173187534836002,5726.520404542,True,False
2828,1120.0,744,1888062,0.15,0.4682099374952496,5728.814376,True,False
2829,1510.0,1131,1889193,0.15,0.5561443812118402,5732.194962709,True,False
2830,590.0,423,1889616,0.15,0.47018412219465905,5733.437178917,True,False
2831,1980.0,1252,1890868,0.15,0.4609925905212808,5737.10404775,True,False
2832,1390.0,723,1891591,0.15,0.4655391358253029,5739.248014667,True,False
2833,1070.0,639,1892230,0.15,0.5112840890884399,5741.268566417,True,False
2834,920.0,794,1893024,0.15,0.5138545902679913,5743.778497917,True,False
2835,1150.0,821,1893845,0.15,0.47556792922863145,5746.229678,True,False
2836,1030.0,680,1894525,0.15,0.5772159424774786,5748.27184775,True,False
2837,1850.0,718,1895243,0.15,0.4464444499775018,5750.401949459,True,False
2838,1440.0,896,1896139,0.15,0.5293170719274453,5753.0609538339995,True,False
2839,1010.0,653,1896792,0.15,0.492385880794467,5755.104184667,True,False
2840,1970.0,884,1897676,0.15,0.4864769291082119,5757.7135995,True,False
2841,830.0,666,1898342,0.15,0.4690083227154002,5759.704989375,True,False
2842,1230.0,982,1899324,0.15,0.4764786667637224,5762.604415334,True,False
2843,930.0,610,1899934,0.15,0.5024120120429679,5764.429543334,True,False
2844,1190.0,857,1900791,0.15,0.543706836822991,5766.972324167,True,False
2845,800.0,569,1901360,0.15,0.5278936344218421,5768.670936875,True,False
2846,1930.0,828,1902188,0.15,0.5030396636845409,5771.1138545,True,False
2847,1730.0,860,1903048,0.15,0.48366161047719247,5773.64923525,True,False
2848,1200.0,788,1903836,0.15,0.532573090478551,5775.9836614999995,True,False
2849,1310.0,839,1904675,0.15,0.47416157371689827,5778.433873834,True,False
2850,850.0,538,1905213,0.15,0.5354794902382074,5780.019908084,True,False
2851,1480.0,688,1905901,0.15,0.6472073970145957,5782.7947874169995,True,False
2852,960.0,554,1906455,0.15,0.5159551046140816,5784.392994584,True,False
2853,680.0,489,1906944,0.15,0.5394740036226869,5785.824052834,True,False
2854,740.0,526,1907470,0.15,0.5494828180957386,5787.366043834,True,False
2855,1930.0,874,1908344,0.15,0.5374733031340385,5789.920232292,True,False
2856,1340.0,809,1909153,0.15,0.5002026795455725,5792.300992792,True,False
2857,590.0,464,1909617,0.15,0.515806432813406,5793.656891542,True,False
2858,1180.0,697,1910314,0.15,0.5064540582912407,5795.706316709,True,False
2859,1350.0,869,1911183,0.15,0.5433612108093253,5798.275585124999,True,False
2860,760.0,444,1911627,0.15,0.48394240559758367,5799.573123584,True,False
2861,2110.0,1165,1912792,0.15,0.5003237701084924,5803.128243584,True,False
2862,900.0,569,1913361,0.15,0.5410682585247806,5804.863886584,True,False
2863,1040.0,721,1914082,0.15,0.5216159685204427,5807.026898125,True,False
2864,1590.0,679,1914761,0.15,0.5941299381501535,5809.04517425,True,False
2865,1290.0,680,1915441,0.15,0.5106233090162278,5811.059451,True,False
2866,1090.0,747,1916188,0.15,0.5229215820364773,5813.247269834,True,False
2867,1110.0,891,1917079,0.15,0.511779629163914,5815.845016417,True,False
2868,840.0,660,1917739,0.15,0.4952113365585154,5817.8826363749995,True,False
2869,980.0,620,1918359,0.15,0.5514506279460846,5819.675677084,True,False
2870,1710.0,812,1919171,0.15,0.5130110105563854,5822.085313042,True,False
2871,1460.0,855,1920026,0.15,0.53451381341737,5824.5879589589995,True,False
2872,1030.0,907,1920933,0.15,0.4818985867211472,5827.245658917,True,False
2873,1130.0,782,1921715,0.15,0.5165272252299846,5829.52565175,True,False
2874,950.0,609,1922324,0.15,0.4439459653461681,5831.318403292,True,False
2875,1930.0,1205,1923529,0.15,0.5019237479795253,5834.845824875,True,False
2876,870.0,596,1924125,0.15,0.5007325189825672,5837.680181625,True,False
2877,1790.0,1123,1925248,0.15,0.5240190866472882,5840.940729334,True,False
2878,710.0,504,1925752,0.15,0.47048884884469094,5842.447410209,True,False
2879,410.0,344,1926096,0.15,0.47518140346158383,5843.476573459,True,False
2880,1010.0,766,1926862,0.15,0.4910667615489186,5845.729812084,True,False
2881,3090.0,911,1927773,0.15,0.49901266892751056,5848.423127084,True,False
2882,1110.0,856,1928629,0.15,0.4819315391305451,5850.968063125,True,False
2883,890.0,588,1929217,0.15,0.5169077889651669,5852.714930167,True,False
2884,1470.0,708,1929925,0.15,0.5032189436214792,5854.809278417,True,False
2885,1310.0,783,1930708,0.15,0.462915302691411,5857.103544042,True,False
2886,810.0,709,1931417,0.15,0.5311913018004369,5859.427752834,True,False
2887,1140.0,718,1932135,0.15,0.4461611443558219,5861.588515917,True,False
2888,850.0,709,1932844,0.15,0.5399502188469587,5863.740385917,True,False
2889,1190.0,827,1933671,0.15,0.5114558238933966,5866.252814334,True,False
2890,2160.0,793,1934464,0.15,0.46392931508359,5868.626724584,True,False
2891,540.0,456,1934920,0.15,0.6006098500730699,5869.980700042,True,False
2892,800.0,494,1935414,0.15,0.4933190055009795,5871.435298542,True,False
2893,1150.0,714,1936128,0.15,0.5221741487110794,5873.538206417,True,False
2894,1300.0,849,1936977,0.15,0.48701899249176933,5876.055852292,True,False
2895,1420.0,762,1937739,0.15,0.4753093688111556,5878.287911334,True,False
2896,800.0,717,1938456,0.15,0.5302411665933,5880.4075365,True,False
2897,950.0,878,1939334,0.15,0.5159868511571187,5883.02492775,True,False
2898,840.0,466,1939800,0.15,0.4718802789082894,5884.412818917,True,False
2899,1270.0,1172,1940972,0.15,0.5052258863078857,5887.8150175,True,False
2900,1190.0,863,1941835,0.15,0.48467152991960216,5890.357227417,True,False
2901,750.0,542,1942377,0.15,0.48598390373894396,5892.869647167,True,False
2902,2770.0,981,1943358,0.15,0.4993818384044024,5895.701761834,True,False
2903,1350.0,896,1944254,0.15,0.46591540665498804,5898.321157459,True,False
2904,750.0,550,1944804,0.15,0.5720893551150094,5899.9563195,True,False
2905,890.0,812,1945616,0.15,0.5069366700837178,5902.3664755419995,True,False
2906,1230.0,780,1946396,0.15,0.4460010583202044,5904.669371917,True,False
2907,390.0,345,1946741,0.15,0.49825375804374383,5905.682569625,True,False
2908,530.0,509,1947250,0.15,0.4436591116227503,5907.198688334,True,False
2909,1430.0,935,1948185,0.15,0.5100958218686601,5909.902756709,True,False
2910,750.0,477,1948662,0.15,0.43924404079673673,5911.303445792,True,False
2911,450.0,365,1949027,0.15,0.4509338566235134,5912.412344584,True,False
2912,1330.0,850,1949877,0.15,0.5517769256527995,5914.905546709,True,False
2913,970.0,676,1950553,0.15,0.47687109722893617,5916.883155292,True,False
2914,860.0,586,1951139,0.15,0.4922820517461594,5918.628750042,True,False
2915,810.0,632,1951771,0.15,0.4615138623910614,5920.515604125,True,False
2916,1070.0,620,1952391,0.15,0.42836370160502774,5922.358228334,True,False
2917,980.0,683,1953074,0.15,0.4901184083251228,5924.357048084,True,False
2918,1000.0,666,1953740,0.15,0.5136975245829114,5926.324755875,True,False
2919,740.0,623,1954363,0.15,0.5585775174440876,5928.18367725,True,False
2920,1480.0,855,1955218,0.15,0.46944992480991043,5930.728049125,True,False
2921,970.0,784,1956002,0.15,0.5282143341491417,5933.083148334,True,False
2922,1630.0,864,1956866,0.15,0.47432952194854067,5935.729979875,True,False
2923,1190.0,601,1957467,0.15,0.5228903376559416,5937.513862959,True,False
2924,1550.0,581,1958048,0.15,0.48642691566723667,5939.246436542,True,False
2925,770.0,566,1958614,0.15,0.4793576105160916,5940.939321917,True,False
2926,960.0,684,1959298,0.15,0.46058768670112765,5943.693771875,True,False
2927,2070.0,1060,1960358,0.15,0.4997620714722939,5946.811210209,True,False
2928,1930.0,840,1961198,0.15,0.5158002871487822,5949.261951417,True,False
2929,1010.0,672,1961870,0.15,0.5149062246172911,5951.23420525,True,False
2930,1160.0,809,1962679,0.15,0.48006012582100266,5953.619710917,True,False
2931,1250.0,633,1963312,0.15,0.48214437835996254,5955.519591917,True,False
2932,1180.0,747,1964059,0.15,0.4782255573138114,5957.700560084,True,False
2933,1600.0,691,1964750,0.15,0.500898018651615,5959.725739167,True,False
2934,1170.0,679,1965429,0.15,0.5269883323241683,5961.713340875,True,False
2935,810.0,457,1965886,0.15,0.4273978815528384,5963.07670075,True,False
2936,1540.0,1042,1966928,0.15,0.4614217564235245,5966.170392417,True,False
2937,760.0,564,1967492,0.15,0.4991982741981533,5967.824755875,True,False
2938,910.0,565,1968057,0.15,0.47276383627813756,5969.521770834,True,False
2939,1410.0,770,1968827,0.15,0.5307393604889512,5971.763011,True,False
2940,980.0,687,1969514,0.15,0.5476620202061049,5973.770134167,True,False
2941,690.0,484,1969998,0.15,0.4295738780917215,5975.208559125,True,False
2942,1970.0,1002,1971000,0.15,0.4777928224775896,5978.167531917,True,False
2943,900.0,541,1971541,0.15,0.5184126554815858,5979.740354167,True,False
2944,920.0,615,1972156,0.15,0.5336566879958301,5981.560241625,True,False
2945,640.0,620,1972776,0.15,0.5815206731519391,5983.376097709,True,False
2946,1190.0,648,1973424,0.15,0.46678011312528894,5985.297090709,True,False
2947,1210.0,752,1974176,0.15,0.47507080269303725,5987.523772792,True,False
2948,830.0,635,1974811,0.15,0.5635551920137073,5989.382393084,True,False
2949,1240.0,754,1975565,0.15,0.5347826817521343,5991.603429834,True,False
2950,690.0,555,1976120,0.15,0.4969713367360959,5993.26578425,True,False
2951,1010.0,613,1976733,0.15,0.5448757029241986,5995.938407709,True,False
2952,1040.0,717,1977450,0.15,0.5840189394504665,5998.0170325419995,True,False
2953,1030.0,648,1978098,0.15,0.5296531798846927,5999.894285584,True,False
2954,1780.0,728,1978826,0.15,0.5328449554086386,6002.043453834,True,False
2955,1020.0,804,1979630,0.15,0.47305173096965203,6004.4053014169995,True,False
2956,870.0,685,1980315,0.15,0.594330533728962,6006.429371,True,False
2957,1040.0,813,1981128,0.15,0.5587686086621355,6008.827885625,True,False
2958,830.0,532,1981660,0.15,0.4519645716238739,6010.435842667,True,False
2959,1080.0,829,1982489,0.15,0.5136830438162394,6012.859119875,True,False
2960,4030.0,811,1983300,0.15,0.5314548323160322,6015.231346209,True,False
2961,920.0,812,1984112,0.15,0.5271402704598281,6017.617951417,True,False
2962,1300.0,718,1984830,0.15,0.5417537963090662,6019.715081209,True,False
2963,940.0,605,1985435,0.15,0.5044035488209188,6021.503020792,True,False
2964,1620.0,942,1986377,0.15,0.5343686247212907,6024.278455375,True,False
2965,1550.0,734,1987111,0.15,0.5982794032070806,6026.463386667,True,False
2966,1160.0,708,1987819,0.15,0.4626899992173674,6028.567910375,True,False
2967,1220.0,585,1988404,0.15,0.5811028026399159,6030.547428542,True,False
2968,1370.0,851,1989255,0.15,0.48980642552926856,6033.108055334,True,False
2969,1040.0,845,1990100,0.15,0.4951494251430597,6035.587419334,True,False
2970,870.0,681,1990781,0.15,0.5272454261779785,6037.586074167,True,False
2971,1040.0,616,1991397,0.15,0.5030305724736158,6039.413458917,True,False
2972,700.0,616,1992013,0.15,0.5104286541992967,6041.244204,True,False
2973,930.0,644,1992657,0.15,0.5522011131140756,6043.141227709,True,False
2974,540.0,558,1993215,0.15,0.48195813660570186,6044.810067709,True,False
2975,830.0,602,1993817,0.15,0.5014057074556287,6046.582828709,True,False
2976,640.0,641,1994458,0.15,0.5081952986307442,6049.56498525,True,False
2977,980.0,779,1995237,0.15,0.5225066052033351,6051.812218209,True,False
2978,930.0,598,1995835,0.15,0.516133812699942,6053.549935667,True,False
2979,1070.0,817,1996652,0.15,0.4889784918689146,6055.9346440419995,True,False
2980,960.0,598,1997250,0.15,0.47077727942858766,6057.679748542,True,False
2981,1030.0,747,1997997,0.15,0.5432188669468629,6059.872011334,True,False
2982,1230.0,704,1998701,0.15,0.5621201886626129,6061.938755042,True,False
2983,1860.0,851,1999552,0.15,0.464777550297164,6064.47447775,True,False
2984,650.0,574,2000126,0.15,0.5837845813769561,6066.165767959,True,False
2985,2500.0,834,2000960,0.15,0.5361840764871625,6068.591625834,True,False
2986,1020.0,737,2001697,0.15,0.54468451877651,6070.771070084,True,False
2987,1700.0,898,2002595,0.15,0.5430557833917972,6073.721277042,True,False
2988,1030.0,569,2003164,0.15,0.4649526321596199,6075.4136082919995,True,False
2989,1120.0,813,2003977,0.15,0.4835521246265308,6077.765612624999,True,False
2990,1000.0,761,2004738,0.15,0.43010605687373565,6079.9862501669995,True,False
2991,1030.0,606,2005344,0.15,0.5161829533447561,6081.7599374169995,True,False
2992,1050.0,725,2006069,0.15,0.48639740473822335,6083.875812334,True,False
2993,1050.0,981,2007050,0.15,0.467698583189322,6086.7625595419995,True,False
2994,790.0,526,2007576,0.15,0.45939439975402574,6088.3672250419995,True,False
2995,980.0,607,2008183,0.15,0.4975213746953484,6090.149328667,True,False
2996,1380.0,663,2008846,0.15,0.5103357106626752,6092.173338625,True,False
2997,1680.0,872,2009718,0.15,0.4854691433592127,6094.715085667,True,False
2998,930.0,565,2010283,0.15,0.5300043797292185,6096.387189709,True,False
2999,1180.0,672,2010955,0.15,0.5474930309823581,6098.387732042,True,False
3000,880.0,753,2011708,0.15,0.5184976689556919,6100.653828375,True,False
3001,970.0,740,2012448,0.15,0.5199253870828732,6103.945036334,True,False
3002,1120.0,567,2013015,0.15,0.5278771361137958,6105.605860834,True,False
3003,880.0,673,2013688,0.15,0.4660326490211769,6107.812751542,True,False
3004,810.0,690,2014378,0.15,0.535091293066047,6110.058362,True,False
3005,830.0,554,2014932,0.15,0.5482198202567135,6111.706269417,True,False
3006,570.0,528,2015460,0.15,0.5126521671473077,6113.29471975,True,False
3007,1480.0,609,2016069,0.15,0.4732729190666425,6115.118411459,True,False
3008,920.0,584,2016653,0.15,0.5796531075484133,6116.852091042,True,False
3009,1250.0,858,2017511,0.15,0.5286316327123999,6119.3888867919995,True,False
3010,510.0,506,2018017,0.15,0.47143856453613975,6120.895138875,True,False
3011,780.0,587,2018604,0.15,0.6408708364176913,6122.660460792,True,False
3012,950.0,616,2019220,0.15,0.5395382156039213,6124.531861709,True,False
3013,1370.0,762,2019982,0.15,0.521928775624225,6126.806994,True,False
3014,1960.0,1067,2021049,0.15,0.47738666824075615,6129.958620083999,True,False
3015,1830.0,918,2021967,0.15,0.553287270580577,6132.696820917,True,False
3016,680.0,541,2022508,0.15,0.5444248405230396,6134.339432792,True,False
3017,1020.0,735,2023243,0.15,0.4763801121483735,6136.509961209,True,False
3018,1030.0,611,2023854,0.15,0.5409747162480759,6138.4044028339995,True,False
3019,1530.0,985,2024839,0.15,0.5348989938090487,6141.3182395,True,False
3020,1240.0,905,2025744,0.15,0.5119060959978776,6144.012791,True,False
3021,850.0,1110,2026854,0.15,0.5821456594749048,6147.273171459,True,False
3022,1180.0,693,2027547,0.15,0.4951355381508094,6149.320256625,True,False
3023,1290.0,941,2028488,0.15,0.48947291546580146,6152.117534459,True,False
3024,1090.0,743,2029231,0.15,0.4934930025323017,6154.310613459,True,False
3025,1240.0,805,2030036,0.15,0.5168363571462065,6156.663615292,True,False
3026,1440.0,1036,2031072,0.15,0.4743612703209218,6160.550074834,True,False
3027,810.0,490,2031562,0.15,0.4836948645896599,6162.0130982499995,True,False
3028,900.0,643,2032205,0.15,0.4372031334209146,6163.912212042,True,False
3029,830.0,617,2032822,0.15,0.4352031278532821,6165.74239775,True,False
3030,500.0,434,2033256,0.15,0.3715439483249953,6167.061088709,True,False
3031,240.0,364,2033620,0.15,0.471418593447287,6168.163912375,True,False
3032,1430.0,833,2034453,0.15,0.4748032460204111,6170.657301334,True,False
3033,1010.0,727,2035180,0.15,0.4956529112635078,6172.847595084,True,False
3034,990.0,753,2035933,0.15,0.4966544447506362,6175.083834209,True,False
3035,950.0,520,2036453,0.15,0.47873819682460567,6176.641434209,True,False
3036,1200.0,508,2036961,0.15,0.4999039129713389,6178.154007292,True,False
3037,1040.0,686,2037647,0.15,0.5318974247801374,6180.3010445,True,False
3038,660.0,725,2038372,0.15,0.5116013805944841,6182.58540475,True,False
3039,1030.0,628,2039000,0.15,0.5379655338396692,6184.471151625,True,False
3040,1190.0,612,2039612,0.15,0.5430182994775523,6186.329697792,True,False
3041,1320.0,711,2040323,0.15,0.48321474743428205,6188.413107,True,False
3042,1670.0,833,2041156,0.15,0.5392760717840286,6190.867863792,True,False
3043,1320.0,965,2042121,0.15,0.5001607270779946,6193.7615325,True,False
3044,2080.0,929,2043050,0.15,0.5210295691765074,6196.761825292,True,False
3045,1220.0,855,2043905,0.15,0.4813815185399813,6199.284981125,True,False
3046,1220.0,739,2044644,0.15,0.4928809712062011,6201.5242499999995,True,False
3047,670.0,600,2045244,0.15,0.4395080348849297,6203.291477917,True,False
3048,900.0,644,2045888,0.15,0.5208779312438846,6205.212526917,True,False
3049,1220.0,915,2046803,0.15,0.4848211732807389,6207.904168917,True,False
3050,1520.0,705,2047508,0.15,0.47616205638074605,6210.007015209,True,False
3051,1180.0,637,2048145,0.15,0.46941544481043546,6213.033635875,True,False
3052,1090.0,914,2049059,0.15,0.5613988424863732,6215.674920917,True,False
3053,830.0,567,2049626,0.15,0.4488512485379904,6217.359696917,True,False
3054,600.0,521,2050147,0.15,0.5386151582575761,6218.921091209,True,False
3055,1480.0,852,2050999,0.15,0.4573812825439122,6221.4352512919995,True,False
3056,1610.0,888,2051887,0.15,0.44225330976349814,6224.123821375,True,False
3057,1100.0,824,2052711,0.15,0.46407079555600594,6226.551078417,True,False
3058,1130.0,767,2053478,0.15,0.5159416620541984,6228.828786417,True,False
3059,2290.0,1070,2054548,0.15,0.44993900026736866,6232.041934667,True,False
3060,940.0,754,2055302,0.15,0.4934921228584457,6234.255299875,True,False
3061,820.0,659,2055961,0.15,0.5448286591154157,6236.211202375,True,False
3062,760.0,460,2056421,0.15,0.5542711598717648,6237.580280584,True,False
3063,830.0,717,2057138,0.15,0.44792490390092965,6239.681497375,True,False
3064,1350.0,772,2057910,0.15,0.494637949826495,6241.9721027919995,True,False
3065,760.0,762,2058672,0.15,0.46711560096884275,6244.249656959,True,False
3066,800.0,642,2059314,0.15,0.4855915570631623,6246.157247084,True,False
3067,1320.0,663,2059977,0.15,0.49413036734583865,6248.131754167,True,False
3068,710.0,477,2060454,0.15,0.4532290708367564,6249.54150675,True,False
3069,700.0,573,2061027,0.15,0.49868222221836345,6251.241668417,True,False
3070,1920.0,900,2061927,0.15,0.5002076403631104,6253.873731417,True,False
3071,1270.0,560,2062487,0.15,0.5335768675165516,6255.525566542,True,False
3072,1420.0,920,2063407,0.15,0.5054577897100345,6258.242378417,True,False
3073,880.0,565,2063972,0.15,0.447044220031567,6259.894373459,True,False
3074,1350.0,709,2064681,0.15,0.4733760559794593,6261.981507417,True,False
3075,900.0,644,2065325,0.15,0.4569568851071855,6263.86510425,True,False
3076,1660.0,663,2065988,0.15,0.4438079486051238,6266.7391476249995,True,False
3077,1040.0,557,2066545,0.15,0.42540806971436784,6268.415607334,True,False
3078,950.0,742,2067287,0.15,0.4675442710116103,6270.613139625,True,False
3079,1370.0,844,2068131,0.15,0.47355220622219746,6273.091297417,True,False
3080,1090.0,706,2068837,0.15,0.43059127883049053,6275.176373917,True,False
3081,1150.0,1104,2069941,0.15,0.45833081984217616,6278.436662167,True,False
3082,1120.0,907,2070848,0.15,0.4595622783321641,6281.078444834,True,False
3083,640.0,442,2071290,0.15,0.4756264316764745,6282.3750388339995,True,False
3084,1090.0,755,2072045,0.15,0.4887331066229356,6284.605913375,True,False
3085,360.0,371,2072416,0.15,0.47701791946285516,6285.698869667,True,False
3086,840.0,587,2073003,0.15,0.45281571823440186,6287.447337,True,False
3087,1590.0,875,2073878,0.15,0.4480649699631347,6290.036078375,True,False
3088,1090.0,654,2074532,0.15,0.4699912578230951,6291.953484667,True,False
3089,920.0,770,2075302,0.15,0.48976543933774036,6294.245692334,True,False
3090,1270.0,855,2076157,0.15,0.4894236578284023,6296.758053125,True,False
3091,1150.0,658,2076815,0.15,0.4738281542753301,6298.6848147499995,True,False
3092,820.0,685,2077500,0.15,0.49231849784074827,6300.721125917,True,False
3093,1320.0,783,2078283,0.15,0.4661155765255292,6303.023281959,True,False
3094,1230.0,568,2078851,0.15,0.458388677942501,6304.736276542,True,False
3095,1350.0,750,2079601,0.15,0.5296722921205962,6306.966041,True,False
3096,1290.0,887,2080488,0.15,0.5463373581165666,6309.568645792,True,False
3097,970.0,596,2081084,0.15,0.5484538602348942,6311.333322875,True,False
3098,1750.0,947,2082031,0.15,0.5644206488031452,6314.124673875,True,False
3099,690.0,534,2082565,0.15,0.5912462267190662,6315.701868584,True,False
3100,800.0,608,2083173,0.15,0.4599586477209079,6317.505759959,True,False
3101,910.0,703,2083876,0.15,0.4764255355535583,6320.851317875,True,False
3102,1240.0,780,2084656,0.15,0.48579839299886657,6323.195474542,True,False
3103,580.0,429,2085085,0.15,0.4542621226511269,6324.500991375,True,False
3104,770.0,584,2085669,0.15,0.48661340803724445,6326.236324292,True,False
3105,1960.0,1002,2086671,0.15,0.5063087262511253,6329.182884584,True,False
3106,1230.0,843,2087514,0.15,0.5982208642490667,6331.815748375,True,False
3107,880.0,484,2087998,0.15,0.48069246618215705,6333.2739627089995,True,False
3108,1470.0,691,2088689,0.15,0.5235821015142292,6335.326882167,True,False
3109,790.0,549,2089238,0.15,0.4783046944950619,6336.969239917,True,False
3110,2090.0,937,2090175,0.15,0.4941880646933857,6339.718536667,True,False
3111,1280.0,781,2090956,0.15,0.5350286087059245,6342.066924917,True,False
3112,780.0,526,2091482,0.15,0.4366594984103705,6343.606630375,True,False
3113,740.0,600,2092082,0.15,0.5502611551682154,6345.382263542,True,False
3114,690.0,557,2092639,0.15,0.5133200226713428,6347.0528145,True,False
3115,1270.0,681,2093320,0.15,0.47774417942378955,6349.326932084,True,False
3116,1380.0,908,2094228,0.15,0.4994485893569854,6352.090547584,True,False
3117,1980.0,1039,2095267,0.15,0.5150180179985333,6355.139155542,True,False
3118,1130.0,737,2096004,0.15,0.47330998150078024,6357.341133,True,False
3119,1660.0,850,2096854,0.15,0.5406420465629056,6359.85474575,True,False
3120,650.0,459,2097313,0.15,0.5583748769500981,6361.2195060839995,True,False
3121,870.0,506,2097819,0.15,0.5251333499475132,6362.737303709,True,False
3122,680.0,637,2098456,0.15,0.5584390802774578,6364.656957167,True,False
3123,1540.0,1059,2099515,0.15,0.536081261086193,6367.769180917,True,False
3124,1480.0,837,2100352,0.15,0.501220982060546,6370.299112042,True,False
3125,1630.0,767,2101119,0.15,0.5168843799470607,6372.549289209,True,False
3126,460.0,374,2101493,0.15,0.5600229204493634,6374.811444209,True,False
3127,900.0,602,2102095,0.15,0.5141631991167863,6376.596523042,True,False
3128,880.0,767,2102862,0.15,0.4834614327022185,6378.825768875,True,False
3129,1550.0,581,2103443,0.15,0.432806688649901,6380.553931917,True,False
3130,1000.0,650,2104093,0.15,0.5396598832556075,6382.458605209,True,False
3131,1020.0,693,2104786,0.15,0.5526167268870193,6384.517713209,True,False
3132,970.0,907,2105693,0.15,0.4584585324848801,6387.167623249999,True,False
3133,1080.0,763,2106456,0.15,0.48491311939286935,6389.873589792,True,False
3134,820.0,745,2107201,0.15,0.4958750088849375,6392.2036775,True,False
3135,1080.0,721,2107922,0.15,0.5672645177278254,6394.471842875,True,False
3136,1690.0,801,2108723,0.15,0.5218577292189002,6396.82277025,True,False
3137,770.0,651,2109374,0.15,0.46990272037090697,6398.7495915,True,False
3138,1070.0,661,2110035,0.15,0.4772594078020616,6400.7086635,True,False
3139,1490.0,946,2110981,0.15,0.4844476094288665,6403.515516875,True,False
3140,1660.0,867,2111848,0.15,0.5530744674980366,6406.128051542,True,False
3141,790.0,595,2112443,0.15,0.4568676413414446,6407.8695662499995,True,False
3142,1980.0,802,2113245,0.15,0.46335372502975797,6410.279921167,True,False
3143,800.0,726,2113971,0.15,0.5104516048951703,6412.51308675,True,False
3144,2020.0,830,2114801,0.15,0.4659094364525607,6415.187414625,True,False
3145,740.0,563,2115364,0.15,0.601251964503569,6416.8848152089995,True,False
3146,1100.0,974,2116338,0.15,0.49796497840204357,6419.748904125,True,False
3147,1130.0,635,2116973,0.15,0.47874861730719515,6421.637717792,True,False
3148,1610.0,825,2117798,0.15,0.5593103589942154,6424.138191334,True,False
3149,1210.0,677,2118475,0.15,0.5266160708383696,6426.152185125,True,False
3150,980.0,864,2119339,0.15,0.49434523484497156,6428.709733584,True,False
3151,1160.0,767,2120106,0.15,0.5275828744440029,6431.962219959,True,False
3152,760.0,635,2120741,0.15,0.4921098413332453,6433.820647042,True,False
3153,1640.0,968,2121709,0.15,0.5584347334282458,6436.663098042,True,False
3154,1120.0,588,2122297,0.15,0.4759829273434723,6438.408530209,True,False
3155,890.0,672,2122969,0.15,0.49649519562011674,6440.387549667,True,False
3156,1280.0,869,2123838,0.15,0.509850468812725,6442.937030834,True,False
3157,1410.0,1015,2124853,0.15,0.45193780272260425,6445.910595209,True,False
3158,770.0,676,2125529,0.15,0.45712440297801116,6447.903134167,True,False
3159,850.0,627,2126156,0.15,0.4849146468814012,6449.8591988749995,True,False
3160,890.0,619,2126775,0.15,0.5533304916477049,6452.018299292,True,False
3161,1370.0,873,2127648,0.15,0.5206799737462714,6454.6095159589995,True,False
3162,1080.0,676,2128324,0.15,0.5556387055731384,6456.627429375,True,False
3163,1410.0,810,2129134,0.15,0.4933024616082116,6459.125044542,True,False
3164,1310.0,828,2129962,0.15,0.48816197340327183,6461.549904334,True,False
3165,770.0,566,2130528,0.15,0.46111802641354815,6463.25032725,True,False
3166,2680.0,777,2131305,0.15,0.5157851154349514,6465.54916925,True,False
3167,890.0,798,2132103,0.15,0.5113928239399465,6467.902149542,True,False
3168,760.0,503,2132606,0.15,0.5336095914244652,6469.398468292,True,False
3169,1610.0,914,2133520,0.15,0.537979371487834,6472.10311,True,False
3170,1640.0,747,2134267,0.15,0.5375440334600787,6474.29622375,True,False
3171,2250.0,818,2135085,0.15,0.4667266646899828,6476.713343375,True,False
3172,1050.0,617,2135702,0.15,0.5787748374141656,6478.544639,True,False
3173,1260.0,670,2136372,0.15,0.47462719057997066,6480.512086167,True,False
3174,1260.0,799,2137171,0.15,0.5024468409056639,6482.872358042,True,False
3175,1620.0,891,2138062,0.15,0.5010194207788048,6485.513750667,True,False
3176,590.0,467,2138529,0.15,0.45682793855667114,6487.740930334,True,False
3177,1310.0,834,2139363,0.15,0.5169441722190151,6490.221886625,True,False
3178,3750.0,866,2140229,0.15,0.4868424085016075,6492.7550666669995,True,False
3179,1630.0,771,2141000,0.15,0.5159383591438205,6495.07883575,True,False
3180,1100.0,777,2141777,0.15,0.5613424143149066,6497.399890625,True,False
3181,1030.0,723,2142500,0.15,0.4845366883014447,6499.52944775,True,False
3182,1030.0,584,2143084,0.15,0.5356036111304204,6501.2727865,True,False
3183,1170.0,932,2144016,0.15,0.5083557080173697,6504.068191084,True,False
3184,1100.0,832,2144848,0.15,0.5276707515407068,6506.542193084,True,False
3185,1400.0,919,2145767,0.15,0.4572805734310608,6509.221227459,True,False
3186,1270.0,961,2146728,0.15,0.5433864921207745,6512.372624834,True,False
3187,1460.0,715,2147443,0.15,0.5875403817450062,6514.508923959,True,False
3188,870.0,563,2148006,0.15,0.45228118713654525,6516.1949054589995,True,False
3189,1100.0,613,2148619,0.15,0.42171187645274827,6518.040210375,True,False
3190,1390.0,1100,2149719,0.15,0.5376745650443164,6521.24320075,True,False
3191,1540.0,682,2150401,0.15,0.459520468412087,6523.365072417,True,False
3192,980.0,545,2150946,0.15,0.47413193489260536,6525.0148203749995,True,False
3193,2360.0,980,2151926,0.15,0.4806307289673358,6527.8648895,True,False
3194,1110.0,763,2152689,0.15,0.5358578084495055,6530.105619584,True,False
3195,1380.0,712,2153401,0.15,0.4745550724060348,6532.186196667,True,False
3196,1440.0,680,2154081,0.15,0.535689556861625,6534.207876709,True,False
3197,1300.0,954,2155035,0.15,0.5296033543824148,6536.994705834,True,False
3198,1800.0,724,2155759,0.15,0.4983256837939689,6539.126699625,True,False
3199,730.0,624,2156383,0.15,0.4719813243509867,6540.981673209,True,False
3200,1280.0,765,2157148,0.15,0.5023773528325061,6543.217850292,True,False
3201,740.0,530,2157678,0.15,0.5119873560739286,6545.6988438339995,True,False
3202,1120.0,625,2158303,0.15,0.4801271739296424,6547.546497042,True,False
3203,870.0,643,2158946,0.15,0.5019127152721334,6549.436574542,True,False
3204,1480.0,1015,2159961,0.15,0.4775338967250088,6552.4276845839995,True,False
3205,1330.0,718,2160679,0.15,0.49296443114400573,6554.544027709,True,False
3206,1290.0,805,2161484,0.15,0.5333571541722458,6556.906661375,True,False
3207,950.0,876,2162360,0.15,0.5223742264863018,6559.486429167,True,False
3208,1150.0,742,2163102,0.15,0.48891948840102634,6561.663416667,True,False
3209,4130.0,939,2164041,0.15,0.4686135634462884,6564.705140792,True,False
3210,880.0,786,2164827,0.15,0.4470450437950845,6567.04173725,True,False
3211,2480.0,1098,2165925,0.15,0.5614159433950078,6570.269987334,True,False
3212,1270.0,942,2166867,0.15,0.469946030194455,6573.529634084,True,False
3213,1530.0,663,2167530,0.15,0.5007694217275425,6575.513459459,True,False
3214,1010.0,624,2168154,0.15,0.4812966086543523,6577.362149834,True,False
3215,1000.0,602,2168756,0.15,0.5071904335096972,6579.163418792,True,False
3216,2410.0,907,2169663,0.15,0.4545065207753034,6581.838456042,True,False
3217,1780.0,885,2170548,0.15,0.4726426964206202,6584.471559584,True,False
3218,370.0,342,2170890,0.15,0.5188432963455425,6585.58837525,True,False
3219,670.0,510,2171400,0.15,0.47927860834170133,6587.14308275,True,False
3220,1580.0,782,2172182,0.15,0.4893859006273441,6589.682723917,True,False
3221,1370.0,885,2173067,0.15,0.542061247066405,6592.369366417,True,False
3222,610.0,439,2173506,0.15,0.4739763804457404,6593.676056084,True,False
3223,1380.0,843,2174349,0.15,0.5381120963825434,6596.307556167,True,False
3224,1140.0,752,2175101,0.15,0.48520113258285724,6598.552773083999,True,False
3225,1040.0,566,2175667,0.15,0.5203907426895825,6600.238676125,True,False
3226,1680.0,930,2176597,0.15,0.5215326945733103,6604.072850209,True,False
3227,1940.0,959,2177556,0.15,0.48550820341333745,6606.862280875,True,False
3228,1090.0,707,2178263,0.15,0.5566635427319191,6608.944984875,True,False
3229,1500.0,697,2178960,0.15,0.523575766810349,6611.00838375,True,False
3230,820.0,741,2179701,0.15,0.4624297153305363,6613.203028459,True,False
3231,1950.0,852,2180553,0.15,0.5703657382111035,6615.7101195,True,False
3232,1220.0,779,2181332,0.15,0.5078026876999782,6618.031144667,True,False
3233,1740.0,828,2182160,0.15,0.5283778187445396,6620.460702542,True,False
3234,1020.0,734,2182894,0.15,0.4625794701888913,6622.633493167,True,False
3235,1660.0,831,2183725,0.15,0.5182685833782531,6625.105686792,True,False
3236,1120.0,842,2184567,0.15,0.48434630621756825,6627.576467959,True,False
3237,960.0,553,2185120,0.15,0.43703893389847637,6629.220547584,True,False
3238,1490.0,695,2185815,0.15,0.49972359625073526,6631.2520604169995,True,False
3239,1290.0,508,2186323,0.15,0.5529328463819083,6632.989049167,True,False
3240,1650.0,772,2187095,0.15,0.5652339405578035,6635.359877,True,False
3241,990.0,886,2187981,0.15,0.5625565603778169,6637.990134292,True,False
3242,1180.0,1340,2189321,0.15,0.48833881616592406,6641.906470917,True,False
3243,940.0,680,2190001,0.15,0.4806215890190181,6643.91033875,True,False
3244,1900.0,735,2190736,0.15,0.4643952490194984,6646.090351,True,False
3245,1100.0,717,2191453,0.15,0.43695738025051256,6648.1854125419995,True,False
3246,380.0,376,2191829,0.15,0.5049959115208463,6649.341473834,True,False
3247,1120.0,604,2192433,0.15,0.47813712425579297,6651.121300792,True,False
3248,1290.0,756,2193189,0.15,0.5563844667856025,6653.3518968749995,True,False
3249,1150.0,624,2193813,0.15,0.5020938022778585,6655.195278167,True,False
3250,1210.0,805,2194618,0.15,0.43533472249757,6657.5486875,True,False
3251,2690.0,793,2195411,0.15,0.4721464066568649,6660.933250958999,True,False
3252,1690.0,1162,2196573,0.15,0.5380380695935377,6664.338226834,True,False
3253,2100.0,951,2197524,0.15,0.4875480826912808,6667.103471417,True,False
3254,1260.0,790,2198314,0.15,0.45319247563478304,6669.423860542,True,False
3255,1450.0,890,2199204,0.15,0.5548518867369725,6672.078371292,True,False
3256,1130.0,922,2200126,0.15,0.506003728573737,6674.783906875,True,False
3257,1760.0,1043,2201169,0.15,0.5067307638768035,6677.8116012089995,True,False
3258,1310.0,881,2202050,0.15,0.540599443458698,6680.379869875,True,False
3259,1040.0,654,2202704,0.15,0.5205760028031541,6682.316708209,True,False
3260,1380.0,861,2203565,0.15,0.5015559084886728,6684.82643275,True,False
3261,1730.0,803,2204368,0.15,0.5273059321131872,6687.174673959,True,False
3262,1050.0,725,2205093,0.15,0.542179105113883,6689.295105417,True,False
3263,1660.0,965,2206058,0.15,0.5097455204893444,6692.1188529169995,True,False
3264,1550.0,743,2206801,0.15,0.5197397440031011,6694.363949125,True,False
3265,1260.0,787,2207588,0.15,0.48685296265606953,6696.749106542,True,False
3266,1380.0,823,2208411,0.15,0.5074103343777541,6699.157470667,True,False
3267,1600.0,602,2209013,0.15,0.550549856874327,6700.931308042,True,False
3268,740.0,597,2209610,0.15,0.5274342638534187,6702.701811875,True,False
3269,930.0,719,2210329,0.15,0.4490851106329097,6704.828887584,True,False
3270,810.0,660,2210989,0.15,0.4829973631736004,6706.776880917,True,False
3271,1720.0,658,2211647,0.15,0.48117602207675214,6708.7145306249995,True,False
3272,640.0,608,2212255,0.15,0.4248898827323788,6710.486669667,True,False
3273,1270.0,755,2213010,0.15,0.5394450360268512,6712.691736625,True,False
3274,1020.0,648,2213658,0.15,0.4409545608508734,6714.654606874999,True,False
3275,1050.0,679,2214337,0.15,0.5438635447007768,6716.664729292,True,False
3276,1430.0,611,2214948,0.15,0.4846813499537948,6719.250330542,True,False
3277,840.0,571,2215519,0.15,0.5243606541148373,6720.898507125,True,False
3278,1230.0,780,2216299,0.15,0.42931370666393864,6723.164813417,True,False
3279,1410.0,796,2217095,0.15,0.5599665738005734,6725.493953917,True,False
3280,1200.0,783,2217878,0.15,0.4843876535186962,6727.78071825,True,False
3281,610.0,419,2218297,0.15,0.4190701610275677,6729.031858834,True,False
3282,930.0,745,2219042,0.15,0.5074514743461404,6731.210976792,True,False
3283,480.0,441,2219483,0.15,0.45243563157590955,6732.5369589169995,True,False
3284,1570.0,829,2220312,0.15,0.47236354498622507,6734.963474042,True,False
3285,530.0,505,2220817,0.15,0.5254644503196081,6736.501562875,True,False
3286,1650.0,973,2221790,0.15,0.46091297670524306,6739.341247917,True,False
3287,960.0,562,2222352,0.15,0.49541670253090825,6741.017281542,True,False
3288,900.0,732,2223084,0.15,0.52392031891587,6743.1524416249995,True,False
3289,990.0,702,2223786,0.15,0.43652748861483165,6745.216055709,True,False
3290,970.0,650,2224436,0.15,0.5000278696966317,6747.145811,True,False
3291,1250.0,688,2225124,0.15,0.46001247169319975,6749.178044834,True,False
3292,2210.0,692,2225816,0.15,0.5139357163382403,6751.246682167,True,False
3293,1040.0,632,2226448,0.15,0.5026692780135553,6753.106290125,True,False
3294,1060.0,566,2227014,0.15,0.3975618318357366,6754.825441,True,False
3295,2630.0,853,2227867,0.15,0.515586907280163,6757.357414834,True,False
3296,4190.0,915,2228782,0.15,0.525241833456739,6760.322100959,True,False
3297,1440.0,1068,2229850,0.15,0.48414786486478334,6763.523233625,True,False
3298,3460.0,990,2230840,0.15,0.5854064347222447,6766.435606792,True,False
3299,330.0,331,2231171,0.15,0.4748980059492879,6767.401057375,True,False
3300,1080.0,783,2231954,0.15,0.48685115891299685,6769.688910334,True,False
3301,1250.0,879,2232833,0.15,0.5388524472374808,6773.284729125,True,False
3302,920.0,544,2233377,0.15,0.45854824633501906,6774.8697325,True,False
3303,980.0,613,2233990,0.15,0.5300160384450863,6776.667879,True,False
3304,830.0,659,2234649,0.15,0.43243481688427204,6778.691303959,True,False
3305,1510.0,961,2235610,0.15,0.49690284915268423,6781.50707075,True,False
3306,1570.0,986,2236596,0.15,0.5103883329130378,6784.4180048749995,True,False
3307,1090.0,775,2237371,0.15,0.4502065950724745,6786.677824875,True,False
3308,900.0,887,2238258,0.15,0.46848472227921356,6789.266467667,True,False
3309,430.0,415,2238673,0.15,0.5302658765218579,6790.499778625,True,False
3310,1000.0,730,2239403,0.15,0.5761793949283086,6792.664464959,True,False
3311,400.0,432,2239835,0.15,0.5374163572710974,6793.97401,True,False
3312,1540.0,853,2240688,0.15,0.4556448449876821,6796.5070725,True,False
3313,1280.0,860,2241548,0.15,0.5364127579816552,6799.025213375,True,False
3314,1420.0,769,2242317,0.15,0.48321933683473617,6801.28663575,True,False
3315,990.0,646,2242963,0.15,0.5288398704543618,6803.184682874999,True,False
3316,1480.0,666,2243629,0.15,0.5102621587272176,6805.1483781669995,True,False
3317,2490.0,650,2244279,0.15,0.5088117173240508,6807.0483349999995,True,False
3318,1040.0,654,2244933,0.15,0.4864760499175002,6808.988345042,True,False
3319,960.0,730,2245663,0.15,0.4878835527451484,6811.140458042,True,False
3320,2640.0,898,2246561,0.15,0.5379489456944996,6813.750901459,True,False
3321,1790.0,1083,2247644,0.15,0.49070368187563884,6816.976556625,True,False
3322,1800.0,893,2248537,0.15,0.4962412332405958,6819.61680225,True,False
3323,570.0,556,2249093,0.15,0.5823689672372324,6821.27021275,True,False
3324,2640.0,860,2249953,0.15,0.4825955648754918,6823.770152292,True,False
3325,1270.0,1098,2251051,0.15,0.48253729814378016,6827.4202831249995,True,False
3326,2280.0,617,2251668,0.15,0.434965717792511,6830.281427209,True,False
3327,680.0,458,2252126,0.15,0.5006574213243368,6831.615736334,True,False
3328,1830.0,956,2253082,0.15,0.4577522324904737,6834.418364334,True,False
3329,1080.0,750,2253832,0.15,0.5233702631072795,6836.619822584,True,False
3330,1040.0,668,2254500,0.15,0.5143593953041259,6838.609365417,True,False
3331,1020.0,734,2255234,0.15,0.469517319661672,6840.765828167,True,False
3332,780.0,724,2255958,0.15,0.5027164941581573,6842.9867575,True,False
3333,800.0,714,2256672,0.15,0.5064681728458937,6845.078812125,True,False
3334,420.0,412,2257084,0.15,0.5216230887521818,6846.3052959999995,True,False
3335,1220.0,616,2257700,0.15,0.6335355225321534,6848.128245209,True,False
3336,1560.0,1108,2258808,0.15,0.4684438274547942,6851.363663917,True,False
3337,620.0,555,2259363,0.15,0.5120451728934827,6853.006427917,True,False
3338,990.0,759,2260122,0.15,0.567529927625468,6855.2629127089995,True,False
3339,1500.0,845,2260967,0.15,0.45854281386916673,6857.740333625,True,False
3340,1070.0,655,2261622,0.15,0.4666140352080508,6859.663474792,True,False
3341,930.0,640,2262262,0.15,0.5608277022838593,6861.54765725,True,False
3342,1490.0,817,2263079,0.15,0.5582892558738297,6863.953241375,True,False
3343,500.0,471,2263550,0.15,0.49250717000183414,6865.345402875,True,False
3344,800.0,556,2264106,0.15,0.5743652421364681,6866.992030834,True,False
3345,1320.0,858,2264964,0.15,0.531408544196639,6869.494609709,True,False
3346,1180.0,864,2265828,0.15,0.4899012882055508,6872.043421,True,False
3347,1480.0,904,2266732,0.15,0.5149054551678421,6874.673705,True,False
3348,1140.0,707,2267439,0.15,0.483796607025645,6876.7570255,True,False
3349,1050.0,727,2268166,0.15,0.5072819273714181,6878.88274625,True,False
3350,1900.0,1026,2269192,0.15,0.47390260161824727,6881.861369917,True,False
3351,980.0,708,2269900,0.15,0.48933835226600453,6884.988310584,True,False
3352,1970.0,1163,2271063,0.15,0.4762240592775674,6888.487571834,True,False
3353,880.0,600,2271663,0.15,0.495341796875,6890.3071845839995,True,False
3354,970.0,690,2272353,0.15,0.45492122602256047,6892.376179417,True,False
3355,850.0,529,2272882,0.15,0.5117852773630258,6893.943713084,True,False
3356,1840.0,768,2273650,0.15,0.5153664815394828,6896.2176994169995,True,False
3357,1080.0,660,2274310,0.15,0.5474527285857634,6898.174558625,True,False
3358,1860.0,1111,2275421,0.15,0.5168136499232525,6901.404196042,True,False
3359,1230.0,777,2276198,0.15,0.5484376686442759,6903.6981158339995,True,False
3360,2720.0,997,2277195,0.15,0.5019430230300589,6906.6174279589995,True,False
3361,990.0,888,2278083,0.15,0.5012791704487156,6909.212890042,True,False
3362,1030.0,633,2278716,0.15,0.521132083574556,6911.094992667,True,False
3363,1950.0,1040,2279756,0.15,0.4787065326307829,6914.1535375,True,False
3364,740.0,663,2280419,0.15,0.5435946262244022,6916.102324417,True,False
3365,2040.0,1107,2281526,0.15,0.5325434370107599,6919.309406084,True,False
3366,720.0,638,2282164,0.15,0.5433370624668896,6921.169481542,True,False
3367,1950.0,1052,2283216,0.15,0.4941305131173406,6924.254015042,True,False
3368,590.0,469,2283685,0.15,0.4567573424587902,6925.6240925,True,False
3369,390.0,443,2284128,0.15,0.4267499638167587,6926.941551084,True,False
3370,1840.0,760,2284888,0.15,0.49444053812246574,6929.176815584,True,False
3371,1210.0,787,2285675,0.15,0.47831158533844415,6931.454353125,True,False
3372,530.0,503,2286178,0.15,0.5078724554133793,6932.9649874589995,True,False
3373,1600.0,698,2286876,0.15,0.5607705124361174,6935.005766042,True,False
3374,720.0,642,2287518,0.15,0.5499428646173328,6936.8754135,True,False
3375,1220.0,793,2288311,0.15,0.5252115664006484,6939.1957167089995,True,False
3376,1160.0,846,2289157,0.15,0.505323542527995,6942.701897209,True,False
3377,1010.0,762,2289919,0.15,0.5166096449682587,6944.909449875,True,False
3378,810.0,680,2290599,0.15,0.5278955130892642,6946.932611667,True,False
3379,1110.0,697,2291296,0.15,0.512585403067725,6949.046119125,True,False
3380,540.0,507,2291803,0.15,0.5385107806632443,6950.56525575,True,False
3381,2120.0,1011,2292814,0.15,0.5240316812994452,6953.588030709,True,False
3382,1330.0,670,2293484,0.15,0.5000397308419148,6955.590901667,True,False
3383,1150.0,903,2294387,0.15,0.4673730883664555,6958.242535584,True,False
3384,3990.0,894,2295281,0.15,0.5134267137785044,6960.865120375,True,False
3385,1260.0,895,2296176,0.15,0.49562062698948595,6963.534364625,True,False
3386,1140.0,957,2297133,0.15,0.5510049928369383,6966.598807667,True,False
3387,1330.0,958,2298091,0.15,0.5158708612103342,6969.664072542,True,False
3388,1690.0,882,2298973,0.15,0.5073003281767552,6972.314361417,True,False
3389,1890.0,883,2299856,0.15,0.5446056252960706,6974.921278292,True,False
3390,1160.0,551,2300407,0.15,0.5205529635622553,6976.563303709,True,False
3391,1100.0,764,2301171,0.15,0.5359646529349357,6978.784762542,True,False
3392,380.0,453,2301624,0.15,0.48330195163164225,6980.131867584,True,False
3393,1200.0,744,2302368,0.15,0.5144785001713742,6982.300361334,True,False
3394,1080.0,780,2303148,0.15,0.4403047290750039,6984.595317834,True,False
3395,1460.0,775,2303923,0.15,0.5207113882652219,6986.861288625,True,False
3396,980.0,744,2304667,0.15,0.48551058544907516,6989.040554417,True,False
3397,1740.0,844,2305511,0.15,0.47385693412115226,6991.502386375,True,False
3398,1000.0,609,2306120,0.15,0.41472213140694925,6993.321589292,True,False
3399,1540.0,704,2306824,0.15,0.4321156924336471,6995.40853,True,False
3400,1090.0,782,2307606,0.15,0.4658085483771104,6997.680333,True,False
3401,940.0,613,2308219,0.15,0.4765859391856817,7000.51369875,True,False
3402,1120.0,783,2309002,0.15,0.46407340668445946,7002.763739125,True,False
3403,1400.0,995,2309997,0.15,0.533236368024445,7005.636865875,True,False
3404,780.0,589,2310586,0.15,0.511173796238137,7007.379720959,True,False
3405,1070.0,911,2311497,0.15,0.4425133881404212,7010.085855667,True,False
3406,1450.0,996,2312493,0.15,0.4339352075953081,7013.010694084,True,False
3407,800.0,474,2312967,0.15,0.46991686207258093,7014.425418291999,True,False
3408,990.0,841,2313808,0.15,0.47010225085850577,7016.928084917,True,False
3409,1070.0,567,2314375,0.15,0.45454611977998244,7018.96009575,True,False
3410,1660.0,973,2315348,0.15,0.5174267126522103,7021.860293959,True,False
3411,1790.0,667,2316015,0.15,0.4380394169634365,7023.809636542,True,False
3412,1620.0,660,2316675,0.15,0.502384042468938,7025.76752225,True,False
3413,1300.0,939,2317614,0.15,0.4683392695924069,7028.5399301669995,True,False
3414,600.0,447,2318061,0.15,0.49547752984134213,7029.856332875,True,False
3415,1170.0,680,2318741,0.15,0.48871605124543693,7031.846520292,True,False
3416,1990.0,982,2319723,0.15,0.4901140852850311,7034.755846375,True,False
3417,1440.0,743,2320466,0.15,0.4886474166746422,7036.9273150419995,True,False
3418,1040.0,617,2321083,0.15,0.5277241751938672,7038.734882584,True,False
3419,1150.0,993,2322076,0.15,0.45837902681655196,7041.672930875,True,False
3420,1100.0,589,2322665,0.15,0.48405901499751475,7043.435534667,True,False
3421,1630.0,669,2323334,0.15,0.39612468465894995,7045.437722042,True,False
3422,1250.0,525,2323859,0.15,0.47107087826455823,7047.010145084,True,False
3423,1450.0,695,2324554,0.15,0.4421680761051589,7049.065947459,True,False
3424,2100.0,718,2325272,0.15,0.5323836498790318,7051.183557125,True,False
3425,1320.0,684,2325956,0.15,0.5025270226580357,7053.211560042,True,False
3426,900.0,594,2326550,0.15,0.45666307316639937,7056.089621709,True,False
3427,1050.0,823,2327373,0.15,0.5007777014765346,7058.496356459001,True,False
3428,1270.0,921,2328294,0.15,0.4938110503813495,7061.160307916999,True,False
3429,920.0,549,2328843,0.15,0.5124320122991165,7062.784133667,True,False
3430,1000.0,739,2329582,0.15,0.4658156132375872,7064.957434499999,True,False
3431,1350.0,771,2330353,0.15,0.4925263249580724,7067.234051625,True,False
3432,910.0,658,2331011,0.15,0.47538731746920726,7069.179987541999,True,False
3433,1100.0,788,2331799,0.15,0.5202328869836584,7071.502831958999,True,False
3434,2070.0,1055,2332854,0.15,0.5005626892106552,7074.6119592919995,True,False
3435,1500.0,680,2333534,0.15,0.5082772636238266,7076.628188709,True,False
3436,460.0,458,2333992,0.15,0.5118246167898178,7078.006435959001,True,False
3437,1690.0,782,2334774,0.15,0.513696189568593,7080.651166125,True,False
3438,1370.0,738,2335512,0.15,0.5347997220786842,7082.865120959,True,False
3439,530.0,514,2336026,0.15,0.47702489979565144,7084.427149917,True,False
3440,1210.0,854,2336880,0.15,0.450437540484366,7086.949155042,True,False
3441,850.0,606,2337486,0.15,0.49954520684006987,7088.747293875001,True,False
3442,1510.0,787,2338273,0.15,0.5023540983799145,7091.058374249999,True,False
3443,1210.0,693,2338966,0.15,0.45150818611156046,7093.101791167,True,False
3444,1110.0,924,2339890,0.15,0.49849333630237747,7095.813606000001,True,False
3445,1130.0,848,2340738,0.15,0.4657335327059593,7098.433510833999,True,False
3446,790.0,482,2341220,0.15,0.44011617630473837,7099.841274666999,True,False
3447,1590.0,722,2341942,0.15,0.5400111137992806,7101.9878729170005,True,False
3448,970.0,825,2342767,0.15,0.4613640097159784,7104.395307917,True,False
3449,1700.0,780,2343547,0.15,0.42688749722945385,7106.686537667,True,False
3450,1190.0,799,2344346,0.15,0.4570293341577053,7109.015473,True,False
3451,820.0,568,2344914,0.15,0.4215648281322399,7111.476390584,True,False
3452,1770.0,750,2345664,0.15,0.5802772205243719,7113.6381682090005,True,False
3453,1260.0,1038,2346702,0.15,0.5277164362112068,7116.652959,True,False
3454,1460.0,552,2347254,0.15,0.5460356670985187,7118.290935624999,True,False
3455,1220.0,669,2347923,0.15,0.5281201423017564,7120.254260625,True,False
3456,2150.0,1059,2348982,0.15,0.4987448014740674,7123.322212583999,True,False
3457,1000.0,831,2349813,0.15,0.5669785385163357,7125.780962874999,True,False
3458,700.0,464,2350277,0.15,0.4110406816391082,7127.172123167001,True,False
3459,370.0,370,2350647,0.15,0.6307894798076671,7128.2971569169995,True,False
3460,1210.0,772,2351419,0.15,0.47652722821797733,7130.5602205000005,True,False
3461,1350.0,924,2352343,0.15,0.514238573578529,7133.2615104589995,True,False
3462,1460.0,592,2352935,0.15,0.46716957700413625,7135.010893959,True,False
3463,1210.0,882,2353817,0.15,0.5191772231216883,7137.606249792,True,False
3464,910.0,689,2354506,0.15,0.5027855648550876,7139.660002542,True,False
3465,1920.0,706,2355212,0.15,0.45220113373072135,7141.88930575,True,False
3466,970.0,518,2355730,0.15,0.4237616536922233,7143.440437167,True,False
3467,1450.0,831,2356561,0.15,0.5170388054102659,7145.930689667,True,False
3468,1320.0,925,2357486,0.15,0.4927672180972058,7148.652634542,True,False
3469,800.0,704,2358190,0.15,0.544645749413493,7150.727773125001,True,False
3470,1240.0,691,2358881,0.15,0.515509119698767,7152.7819420000005,True,False
3471,870.0,614,2359495,0.15,0.4589507890487808,7154.626423084,True,False
3472,1390.0,845,2360340,0.15,0.45750168015090925,7157.134334916999,True,False
3473,1340.0,721,2361061,0.15,0.5010052452484767,7159.250634292,True,False
3474,1120.0,830,2361891,0.15,0.5677308945552163,7161.673838125001,True,False
3475,1110.0,657,2362548,0.15,0.4582914672566183,7163.6053839589995,True,False
3476,1150.0,728,2363276,0.15,0.45404166032324783,7166.731265416999,True,False
3477,1110.0,695,2363971,0.15,0.5035486880237656,7168.740712125001,True,False
3478,1030.0,649,2364620,0.15,0.5168437346176136,7170.624865291999,True,False
3479,1140.0,654,2365274,0.15,0.4145732755127129,7172.547685584,True,False
3480,1340.0,785,2366059,0.15,0.47849702242077613,7174.849747417001,True,False
3481,1130.0,602,2366661,0.15,0.4960692022612553,7176.632529792,True,False
3482,1290.0,965,2367626,0.15,0.4808026406589385,7179.450518084,True,False
3483,1540.0,801,2368427,0.15,0.4836854237690568,7181.8055162499995,True,False
3484,1300.0,715,2369142,0.15,0.46238539093200054,7183.931848499999,True,False
3485,2090.0,1189,2370331,0.15,0.47305508537424934,7187.405100249999,True,False
3486,1380.0,653,2370984,0.15,0.46648120816524435,7189.3396770419995,True,False
3487,1230.0,900,2371884,0.15,0.5085889278517829,7192.023357625,True,False
3488,1480.0,740,2372624,0.15,0.5285500826062383,7194.200220125001,True,False
3489,1650.0,752,2373376,0.15,0.4893057347136609,7196.417049584,True,False
3490,940.0,666,2374042,0.15,0.46560538052973977,7198.4331126669995,True,False
3491,1440.0,633,2374675,0.15,0.5818678846559192,7200.291918792001,True,False
3492,1210.0,619,2375294,0.15,0.4922038315765319,7202.138104209001,True,False
3493,1530.0,650,2375944,0.15,0.4854460716978904,7204.077153584,True,False
3494,630.0,456,2376400,0.15,0.4613050717795104,7205.417701416999,True,False
3495,2420.0,862,2377262,0.15,0.3971105458084927,7207.9782239589995,True,False
3496,1280.0,950,2378212,0.15,0.467499185009163,7210.75878125,True,False
3497,1330.0,916,2379128,0.15,0.4969196705123223,7213.438618499999,True,False
3498,1350.0,686,2379814,0.15,0.41454660160499707,7215.43671775,True,False
3499,850.0,562,2380376,0.15,0.511172649972405,7217.086173625,True,False
3500,1160.0,703,2381079,0.15,0.4996692501647132,7219.138661,True,False
3501,1720.0,993,2382072,0.15,0.43265004862982587,7222.968200042001,True,False
3502,2370.0,808,2382880,0.15,0.41191788821822345,7225.30347525,True,False
3503,1090.0,698,2383578,0.15,0.4757697204577512,7227.412843667001,True,False
3504,2240.0,680,2384258,0.15,0.49465288861709483,7229.401648959,True,False
3505,840.0,540,2384798,0.15,0.49716747568713293,7230.986863916999,True,False
3506,1290.0,827,2385625,0.15,0.4550315785955116,7233.402918792,True,False
3507,1190.0,865,2386490,0.15,0.4776774126070517,7235.9447145839995,True,False
3508,1810.0,741,2387231,0.15,0.41749512210891054,7238.124058750001,True,False
3509,990.0,642,2387873,0.15,0.5036277239737303,7240.031200667,True,False
3510,570.0,466,2388339,0.15,0.4442237352888132,7241.403828666999,True,False
3511,2460.0,1176,2389515,0.15,0.4481757140027828,7244.813617167,True,False
3512,1520.0,704,2390219,0.15,0.46905441184274177,7246.881280250001,True,False
3513,910.0,511,2390730,0.15,0.4152263686992228,7248.420596749999,True,False
3514,1500.0,627,2391357,0.15,0.4473718065934576,7250.27091475,True,False
3515,1560.0,758,2392115,0.15,0.4955419927993149,7252.506369,True,False
3516,1120.0,748,2392863,0.15,0.4750503561793164,7254.699990667,True,False
3517,1050.0,643,2393506,0.15,0.4705484602021875,7256.631226667,True,False
3518,1560.0,619,2394125,0.15,0.4198369601561177,7258.445386834,True,False
3519,1750.0,712,2394837,0.15,0.4567283912656013,7260.548306542,True,False
3520,1360.0,1027,2395864,0.15,0.479668584141286,7263.546995084001,True,False
3521,1750.0,793,2396657,0.15,0.5152152091866792,7265.912301709,True,False
3522,1610.0,662,2397319,0.15,0.47791801216927443,7267.864417917,True,False
3523,490.0,444,2397763,0.15,0.39233087016655516,7269.18885,True,False
3524,990.0,670,2398433,0.15,0.5281158772607645,7271.1755540839995,True,False
3525,1490.0,742,2399175,0.15,0.5368205358047743,7273.438589083999,True,False
3526,520.0,411,2399586,0.15,0.5123933735981728,7275.5989094999995,True,False
3527,580.0,440,2400026,0.15,0.4925375328145244,7276.913206042001,True,False
3528,1000.0,651,2400677,0.15,0.5045206336064573,7278.863272459,True,False
3529,1080.0,843,2401520,0.15,0.49515373782382754,7281.617471125,True,False
3530,1910.0,894,2402414,0.15,0.513313876339673,7284.265017749999,True,False
3531,1270.0,829,2403243,0.15,0.5226084692178717,7286.691296917,True,False
3532,2020.0,972,2404215,0.15,0.47462092137631073,7289.663379334,True,False
3533,800.0,596,2404811,0.15,0.5110744256901261,7291.488710084,True,False
3534,2390.0,987,2405798,0.15,0.5389119647895759,7294.453620125,True,False
3535,1750.0,912,2406710,0.15,0.47688431926725205,7297.358401375,True,False
3536,960.0,646,2407356,0.15,0.46547346502358533,7299.284676,True,False
3537,600.0,600,2407956,0.15,0.4825744720796744,7301.062355792,True,False
3538,1220.0,826,2408782,0.15,0.5276400513078982,7303.498361208999,True,False
3539,1770.0,826,2409608,0.15,0.47959844847232247,7305.941520416999,True,False
3540,1660.0,819,2410427,0.15,0.4298175193515478,7308.353614375,True,False
3541,910.0,698,2411125,0.15,0.5130701885904585,7310.413868334,True,False
3542,2350.0,602,2411727,0.15,0.4295727827648322,7312.228796042001,True,False
3543,620.0,516,2412243,0.15,0.5309581798176433,7313.7420155419995,True,False
3544,1460.0,765,2413008,0.15,0.4772518895721684,7316.051449916999,True,False
3545,1070.0,714,2413722,0.15,0.5312839353017593,7318.129559167,True,False
3546,1370.0,1106,2414828,0.15,0.5406216635815934,7321.334506917,True,False
3547,960.0,536,2415364,0.15,0.46678736894877987,7322.921913708999,True,False
3548,1680.0,871,2416235,0.15,0.4895628278705931,7325.481629749999,True,False
3549,1010.0,683,2416918,0.15,0.6093440546016944,7327.509531667,True,False
3550,380.0,407,2417325,0.15,0.5637291247646014,7328.731300917,True,False
3551,360.0,389,2417714,0.15,0.4974334376681711,7330.598957125,True,False
3552,880.0,630,2418344,0.15,0.5355169232698935,7332.422412249999,True,False
3553,1220.0,681,2419025,0.15,0.5091907357468325,7334.466872417,True,False
3554,1810.0,1030,2420055,0.15,0.5503063911593842,7337.661323959,True,False
3555,1870.0,1057,2421112,0.15,0.5277060325977937,7340.768498709001,True,False
3556,1340.0,630,2421742,0.15,0.5329820283564033,7342.617184084001,True,False
3557,1430.0,886,2422628,0.15,0.46980981320679727,7345.225002624999,True,False
3558,670.0,468,2423096,0.15,0.5099883790836375,7346.623830875001,True,False
3559,1250.0,805,2423901,0.15,0.48945362447061347,7348.994907709,True,False
3560,710.0,671,2424572,0.15,0.5294174215800705,7351.012685584,True,False
3561,710.0,505,2425077,0.15,0.5137017349165584,7352.531517791999,True,False
3562,2100.0,1031,2426108,0.15,0.5324224430576775,7355.671195833999,True,False
3563,950.0,971,2427079,0.15,0.4975793515293559,7358.530564334001,True,False
3564,970.0,627,2427706,0.15,0.5776873952264239,7360.383746791999,True,False
3565,1010.0,752,2428458,0.15,0.5695529196490633,7362.583437459,True,False
3566,1080.0,742,2429200,0.15,0.5266369312841405,7364.770552499999,True,False
3567,2080.0,1017,2430217,0.15,0.5375170014270647,7367.774876875,True,False
3568,870.0,677,2430894,0.15,0.4924344512132498,7369.785881209001,True,False
3569,1870.0,1126,2432020,0.15,0.5638830774325005,7373.117967334,True,False
3570,1290.0,717,2432737,0.15,0.5186566296735955,7375.2403349589995,True,False
3571,2020.0,1186,2433923,0.15,0.5302631774967587,7378.728702625001,True,False
3572,1000.0,698,2434621,0.15,0.5690440678596497,7381.05119275,True,False
3573,680.0,521,2435142,0.15,0.5050671826761503,7382.7978460839995,True,False
3574,1280.0,807,2435949,0.15,0.46059493207842994,7385.185782375001,True,False
3575,1460.0,593,2436542,0.15,0.4901080528223837,7386.949472792,True,False
3576,1210.0,628,2437170,0.15,0.5834610830446717,7389.8887315,True,False
3577,890.0,650,2437820,0.15,0.5708083136498563,7391.789761334,True,False
3578,1470.0,702,2438522,0.15,0.5161010818822044,7393.84017475,True,False
3579,1550.0,727,2439249,0.15,0.5893481206762922,7396.0139305,True,False
3580,700.0,716,2439965,0.15,0.5244286537753137,7398.137733584,True,False
3581,580.0,426,2440391,0.15,0.5737860185920067,7399.391573209,True,False
3582,1520.0,681,2441072,0.15,0.5283152792188857,7401.3976935420005,True,False
3583,840.0,554,2441626,0.15,0.5368492651892744,7403.057281541999,True,False
3584,1180.0,964,2442590,0.15,0.5585710421761042,7405.890383584,True,False
3585,1210.0,745,2443335,0.15,0.5370140571587829,7408.112249167,True,False
3586,1770.0,728,2444063,0.15,0.46579179237340834,7410.300586042001,True,False
3587,1000.0,675,2444738,0.15,0.5179564279212049,7412.329626459,True,False
3588,1880.0,1144,2445882,0.15,0.5191424394716749,7415.704021625,True,False
3589,1150.0,669,2446551,0.15,0.5493670809054803,7417.7621537919995,True,False
3590,1000.0,600,2447151,0.15,0.5495449775954088,7419.540142875,True,False
3591,3250.0,855,2448006,0.15,0.5357984587480532,7422.095594416999,True,False
3592,1160.0,592,2448598,0.15,0.5257769811999153,7423.847729583999,True,False
3593,1030.0,822,2449420,0.15,0.5614631322836413,7426.355592084,True,False
3594,1230.0,832,2450252,0.15,0.5266374742898804,7428.82107375,True,False
3595,1400.0,905,2451157,0.15,0.45844704568781686,7431.453747750001,True,False
3596,860.0,753,2451910,0.15,0.4672495580892614,7433.68640075,True,False
3597,120.0,263,2452173,0.15,0.40263629433783615,7434.51086225,True,False
3598,840.0,655,2452828,0.15,0.5799040170159282,7436.443239417001,True,False
3599,1180.0,677,2453505,0.15,0.5408412878506282,7438.461945917,True,False
3600,1110.0,729,2454234,0.15,0.5444471269313779,7440.615429584,True,False
3601,1390.0,723,2454957,0.15,0.550395006962244,7443.608059499999,True,False
3602,1010.0,774,2455731,0.15,0.5642633925293393,7445.910036083999,True,False
3603,1550.0,839,2456570,0.15,0.5207147291728429,7448.4042272920005,True,False
3604,1000.0,751,2457321,0.15,0.62859083977627,7450.632614875,True,False
3605,960.0,826,2458147,0.15,0.5084285999747734,7453.066002459001,True,False
3606,660.0,506,2458653,0.15,0.575457067060189,7454.574393124999,True,False
3607,1370.0,798,2459451,0.15,0.5937355475958868,7456.922366292,True,False
3608,1130.0,682,2460133,0.15,0.5374254728966986,7458.924192042,True,False
3609,1150.0,675,2460808,0.15,0.5426228260676537,7460.905538874999,True,False
3610,1250.0,771,2461579,0.15,0.5788550330325961,7463.165143208999,True,False
3611,1220.0,672,2462251,0.15,0.5714068800388348,7465.150150584,True,False
3612,1040.0,857,2463108,0.15,0.5726330812933833,7467.67670825,True,False
3613,1550.0,622,2463730,0.15,0.4981363881018854,7469.52659825,True,False
3614,1860.0,959,2464689,0.15,0.47642139727249744,7472.362677667,True,False
3615,1760.0,828,2465517,0.15,0.5400222080629229,7474.785348291999,True,False
3616,570.0,470,2465987,0.15,0.4442537959314819,7476.220152375,True,False
3617,1540.0,798,2466785,0.15,0.5783895434811711,7478.549771584,True,False
3618,740.0,458,2467243,0.15,0.5419141931230562,7479.8843615840005,True,False
3619,1250.0,1040,2468283,0.15,0.5165352950302454,7483.0564564589995,True,False
3620,670.0,508,2468791,0.15,0.548163907030436,7484.571390583999,True,False
3621,410.0,378,2469169,0.15,0.49404967262556676,7485.686165124999,True,False
3622,1200.0,687,2469856,0.15,0.5628482455950837,7487.6890409590005,True,False
3623,1230.0,660,2470516,0.15,0.6180763445117257,7489.640539208999,True,False
3624,2370.0,804,2471320,0.15,0.5567575888476561,7492.021334709,True,False
3625,910.0,703,2472023,0.15,0.5539732176916939,7494.075976375,True,False
3626,980.0,600,2472623,0.15,0.5317223409811656,7496.722018834001,True,False
3627,1050.0,868,2473491,0.15,0.49987301944587637,7499.255524084,True,False
3628,1140.0,751,2474242,0.15,0.6039604697217966,7501.465946792,True,False
3629,2170.0,1125,2475367,0.15,0.5147513210296206,7504.813371458999,True,False
3630,1090.0,650,2476017,0.15,0.48467830563981107,7506.766129625,True,False
3631,1560.0,670,2476687,0.15,0.5477111435043598,7508.756802334,True,False
3632,1300.0,745,2477432,0.15,0.5730315871975001,7510.948066959,True,False
3633,1090.0,737,2478169,0.15,0.4930836724360352,7513.11156425,True,False
3634,890.0,608,2478777,0.15,0.5077372334015212,7514.919538208999,True,False
3635,1910.0,818,2479595,0.15,0.5508871573005237,7517.3179951249995,True,False
3636,1020.0,554,2480149,0.15,0.5169440380317701,7518.970936334,True,False
3637,1650.0,1044,2481193,0.15,0.5135458695534545,7522.059028917,True,False
3638,960.0,536,2481729,0.15,0.46450133132400795,7523.615164874999,True,False
3639,1420.0,706,2482435,0.15,0.46623956788839266,7525.6789191670005,True,False
3640,990.0,607,2483042,0.15,0.5922464888640925,7527.466561791999,True,False
3641,1540.0,979,2484021,0.15,0.5255155990622482,7530.345795,True,False
3642,610.0,473,2484494,0.15,0.5219753152233059,7531.7312627090005,True,False
3643,1070.0,725,2485219,0.15,0.5143835339592306,7533.869978042,True,False
3644,1300.0,681,2485900,0.15,0.5876606147714526,7535.875488999999,True,False
3645,1380.0,880,2486780,0.15,0.5878223895687948,7538.461455709,True,False
3646,1010.0,659,2487439,0.15,0.587690546836068,7540.400324249999,True,False
3647,860.0,717,2488156,0.15,0.48664751744104756,7542.500079291999,True,False
3648,540.0,460,2488616,0.15,0.5070763310660487,7543.855445583999,True,False
3649,1220.0,701,2489317,0.15,0.5324778524466923,7546.031391875001,True,False
3650,1690.0,1033,2490350,0.15,0.4598278603697008,7549.035015500001,True,False
3651,1520.0,873,2491223,0.15,0.5606851616720541,7552.753132000001,True,False
3652,1020.0,1079,2492302,0.15,0.4394550036225054,7555.904569542,True,False
3653,950.0,699,2493001,0.15,0.5144496531145913,7557.940511874999,True,False
3654,1120.0,813,2493814,0.15,0.5459174876803248,7560.336177167,True,False
3655,1020.0,747,2494561,0.15,0.5375814840277249,7562.539143917001,True,False
3656,1190.0,990,2495551,0.15,0.5447110675788118,7565.45140325,True,False
3657,1900.0,768,2496319,0.15,0.4724359321796025,7567.744234499999,True,False
3658,1030.0,662,2496981,0.15,0.4656124386083649,7569.704134791999,True,False
3659,1620.0,674,2497655,0.15,0.5253126190177032,7571.665072749999,True,False
3660,1480.0,776,2498431,0.15,0.4813359412028618,7574.288571959,True,False
3661,1660.0,794,2499225,0.15,0.6146812310919689,7576.709158125,True,False
3662,1010.0,649,2499874,0.15,0.49185998190516306,7578.619355583999,True,False
3663,1490.0,950,2500824,0.15,0.5428350275116307,7581.408281249999,True,False
3664,1480.0,1015,2501839,0.15,0.5122573852480165,7584.397676542,True,False
3665,2540.0,692,2502531,0.15,0.4710940732862908,7586.461429333999,True,False
3666,1660.0,865,2503396,0.15,0.4741571317963336,7589.020890958999,True,False
3667,1340.0,866,2504262,0.15,0.4882114126381499,7591.564538166999,True,False
3668,1220.0,666,2504928,0.15,0.4625984280855356,7593.525688291999,True,False
3669,450.0,451,2505379,0.15,0.4313181070610881,7594.856050959,True,False
3670,1240.0,830,2506209,0.15,0.4623093796320833,7597.308904334,True,False
3671,1780.0,769,2506978,0.15,0.44368971317696076,7599.559566999999,True,False
3672,880.0,722,2507700,0.15,0.5209658126146095,7601.715523374999,True,False
3673,1440.0,593,2508293,0.15,0.5081976508671368,7603.4749628750005,True,False
3674,530.0,477,2508770,0.15,0.6176441897239003,7604.894479459,True,False
3675,760.0,621,2509391,0.15,0.4682407554118864,7606.7132114999995,True,False
3676,1830.0,765,2510156,0.15,0.4685448110103607,7610.254588458999,True,False
3677,800.0,546,2510702,0.15,0.4809346942450194,7611.847323792,True,False
3678,1060.0,696,2511398,0.15,0.475272577127506,7613.879256959,True,False
3679,1650.0,671,2512069,0.15,0.525742059440485,7615.8514562499995,True,False
3680,1320.0,678,2512747,0.15,0.5306652178602106,7617.836455084001,True,False
3681,1060.0,646,2513393,0.15,0.5666441825436958,7619.7475325000005,True,False
3682,690.0,539,2513932,0.15,0.5319608981962557,7621.3642658750005,True,False
3683,1130.0,851,2514783,0.15,0.4943165798091663,7623.8900695,True,False
3684,1650.0,861,2515644,0.15,0.4852181348811697,7626.465465292001,True,False
3685,760.0,973,2516617,0.15,0.48643920604338864,7629.341648709001,True,False
3686,2240.0,686,2517303,0.15,0.5620070934208513,7631.38006475,True,False
3687,290.0,343,2517646,0.15,0.5037819323844688,7632.434121792,True,False
3688,1000.0,794,2518440,0.15,0.47239566130104976,7634.974907958999,True,False
3689,1160.0,709,2519149,0.15,0.5153528345843493,7637.168527125,True,False
3690,1520.0,568,2519717,0.15,0.5066613337208687,7638.857951834,True,False
3691,1110.0,705,2520422,0.15,0.46711426736278966,7640.977222541999,True,False
3692,340.0,376,2520798,0.15,0.3907662818723537,7642.1419012920005,True,False
3693,1720.0,823,2521621,0.15,0.46512494699179546,7644.568559,True,False
3694,1110.0,679,2522300,0.15,0.4952105487094206,7646.612035916999,True,False
3695,1640.0,801,2523101,0.15,0.4720757356286049,7648.969738209001,True,False
3696,430.0,396,2523497,0.15,0.499628631529784,7650.189455541999,True,False
3697,1260.0,604,2524101,0.15,0.5403710382663651,7651.983840459,True,False
3698,970.0,1110,2525211,0.15,0.5060708511230748,7655.230418209,True,False
3699,1730.0,828,2526039,0.15,0.4778053820637113,7657.660961917,True,False
3700,870.0,802,2526841,0.15,0.5298557334130083,7660.081858334,True,False
3701,1660.0,882,2527723,0.15,0.4626287729564038,7663.6466644170005,True,False
3702,1810.0,924,2528647,0.15,0.538509936237232,7666.3744225420005,True,False
3703,1790.0,965,2529612,0.15,0.4892049566034443,7669.214902667,True,False
3704,2110.0,1076,2530688,0.15,0.4936447378981955,7672.396959999999,True,False
3705,1100.0,662,2531350,0.15,0.4701210446881525,7674.442879375,True,False
3706,830.0,707,2532057,0.15,0.4463934807454125,7676.532457625,True,False
3707,1130.0,766,2532823,0.15,0.4878000250349494,7678.753344833999,True,False
3708,1350.0,727,2533550,0.15,0.47802259113926154,7680.896793125,True,False
3709,1440.0,912,2534462,0.15,0.560459333161513,7683.606300541999,True,False
3710,1550.0,1187,2535649,0.15,0.4593479847315987,7687.116110792001,True,False
3711,1710.0,703,2536352,0.15,0.4038007312284952,7689.2058685,True,False
3712,1600.0,682,2537034,0.15,0.43930871306973346,7691.223602499999,True,False
3713,310.0,460,2537494,0.15,0.4353195235781048,7692.587961541999,True,False
3714,1570.0,822,2538316,0.15,0.38973630798383824,7695.052700499999,True,False
3715,450.0,380,2538696,0.15,0.48645824797843634,7696.3088367089995,True,False
3716,1280.0,973,2539669,0.15,0.4178400781971437,7699.2035521669995,True,False
3717,1210.0,507,2540176,0.15,0.5117309803333808,7700.737726167,True,False
3718,1140.0,672,2540848,0.15,0.4877109811419532,7702.751099209,True,False
3719,1390.0,610,2541458,0.15,0.4527741638747485,7704.565023459,True,False
3720,1700.0,964,2542422,0.15,0.49729964421497835,7707.38160125,True,False
3721,2010.0,982,2543404,0.15,0.489803949628419,7710.268156916999,True,False
3722,1280.0,743,2544147,0.15,0.4171641118623115,7712.452244542,True,False
3723,1120.0,666,2544813,0.15,0.4856110791603248,7714.443695167,True,False
3724,1250.0,797,2545610,0.15,0.5012760272053018,7716.778456417001,True,False
3725,350.0,412,2546022,0.15,0.4516561025554694,7718.035384084001,True,False
3726,1580.0,726,2546748,0.15,0.4972160448739817,7721.1480495000005,True,False
3727,1550.0,1323,2548071,0.15,0.4317472517490387,7724.9983060839995,True,False
3728,1380.0,742,2548813,0.15,0.4520172715908097,7727.183622834001,True,False
3729,1190.0,902,2549715,0.15,0.4188750168018871,7729.840881542,True,False
3730,1530.0,962,2550677,0.15,0.47768911988285073,7732.716338292,True,False
3731,1630.0,945,2551622,0.15,0.46453353825767163,7735.5114177919995,True,False
3732,1110.0,772,2552394,0.15,0.5050624220636842,7737.939735084,True,False
3733,1610.0,642,2553036,0.15,0.45171972711263975,7739.821863583999,True,False
3734,1410.0,639,2553675,0.15,0.5159808191113502,7741.710052959,True,False
3735,1240.0,794,2554469,0.15,0.48620543415522455,7744.083884625,True,False
3736,1050.0,714,2555183,0.15,0.5724071842733394,7746.203451667,True,False
3737,2250.0,613,2555796,0.15,0.4888790570102729,7748.026982750001,True,False
3738,1390.0,773,2556569,0.15,0.477660648331741,7750.312337042001,True,False
3739,970.0,649,2557218,0.15,0.47992383237974146,7752.241483250001,True,False
3740,1090.0,787,2558005,0.15,0.48802979381253875,7754.566691958999,True,False
3741,1230.0,649,2558654,0.15,0.4601934084921707,7756.564817166999,True,False
3742,980.0,595,2559249,0.15,0.39976273927112554,7758.357139999999,True,False
3743,520.0,430,2559679,0.15,0.5007320000468013,7759.642238166999,True,False
3744,1130.0,912,2560591,0.15,0.5163565750576948,7762.33397775,True,False
3745,1820.0,723,2561314,0.15,0.5460758732004061,7764.457214917001,True,False
3746,1600.0,849,2562163,0.15,0.44546979349457994,7766.957402125,True,False
3747,1480.0,909,2563072,0.15,0.4404413652067122,7769.627800584,True,False
3748,1700.0,692,2563764,0.15,0.4731099634845822,7771.676388167,True,False
3749,1390.0,789,2564553,0.15,0.43829979085680193,7774.014840417,True,False
3750,1340.0,806,2565359,0.15,0.45201785317552623,7776.388509334,True,False
3751,1010.0,635,2565994,0.15,0.5083301652152583,7779.170414458999,True,False
3752,1320.0,781,2566775,0.15,0.4382418312323399,7781.440801709,True,False
3753,1630.0,795,2567570,0.15,0.4704362217655134,7783.7729097090005,True,False
3754,1090.0,875,2568445,0.15,0.4815837258481544,7786.3830799590005,True,False
3755,710.0,462,2568907,0.15,0.43608099617387935,7787.7513145,True,False
3756,1390.0,695,2569602,0.15,0.43116553020717086,7789.808367084,True,False
3757,960.0,720,2570322,0.15,0.44847381106681294,7791.964325874999,True,False
3758,1360.0,632,2570954,0.15,0.45452661392620847,7793.831950584,True,False
3759,1290.0,697,2571651,0.15,0.4469123688665615,7795.942709959,True,False
3760,900.0,628,2572279,0.15,0.41263532833119104,7797.780729542,True,False
3761,850.0,570,2572849,0.15,0.406316967381464,7799.483255459,True,False
3762,680.0,574,2573423,0.15,0.44630880237042486,7801.217950792,True,False
3763,450.0,442,2573865,0.15,0.4103947699338466,7802.569518249999,True,False
3764,1910.0,928,2574793,0.15,0.4999822487990404,7805.293188541999,True,False
3765,650.0,500,2575293,0.15,0.5102866386175156,7806.787293083999,True,False
3766,1440.0,698,2575991,0.15,0.46526685806697815,7808.847140708999,True,False
3767,520.0,411,2576402,0.15,0.5347316824984782,7810.117870042,True,False
3768,1240.0,771,2577173,0.15,0.4027201412100866,7812.4488985,True,False
3769,1230.0,865,2578038,0.15,0.4780555464396322,7815.007150291999,True,False
3770,1080.0,572,2578610,0.15,0.4840448264267061,7816.731253458999,True,False
3771,1490.0,960,2579570,0.15,0.4344845818045239,7819.598700375001,True,False
3772,1330.0,783,2580353,0.15,0.4590239011283432,7821.984148334,True,False
3773,990.0,621,2580974,0.15,0.427830314732367,7823.838376667,True,False
3774,1150.0,876,2581850,0.15,0.46581426079142585,7826.499683667001,True,False
3775,2320.0,1065,2582915,0.15,0.47916572809891594,7830.152372,True,False
3776,880.0,618,2583533,0.15,0.42676151092014003,7832.8982722499995,True,False
3777,1670.0,890,2584423,0.15,0.498261997157389,7835.477671709,True,False
3778,1040.0,750,2585173,0.15,0.46503067230607603,7837.685513459,True,False
3779,1000.0,832,2586005,0.15,0.4880003272197567,7840.166702292,True,False
3780,1910.0,911,2586916,0.15,0.5018550780062613,7842.853105375,True,False
3781,580.0,485,2587401,0.15,0.473703701141452,7844.315304084,True,False
3782,1380.0,939,2588340,0.15,0.41954076524744643,7847.082734541999,True,False
3783,1410.0,647,2588987,0.15,0.44744633526905725,7849.008181624999,True,False
3784,980.0,501,2589488,0.15,0.4647434964657776,7850.515929124999,True,False
3785,1500.0,643,2590131,0.15,0.5284674467518926,7852.428766709,True,False
3786,1380.0,714,2590845,0.15,0.5186407531939405,7854.548139625001,True,False
3787,1150.0,772,2591617,0.15,0.437510135530499,7856.839233874999,True,False
3788,1680.0,1064,2592681,0.15,0.44369751327019885,7859.948960375,True,False
3789,860.0,636,2593317,0.15,0.45417734198037935,7861.815991041999,True,False
3790,1370.0,842,2594159,0.15,0.41992213286104657,7864.305815209001,True,False
3791,1680.0,715,2594874,0.15,0.45541819746933837,7866.49882675,True,False
3792,800.0,780,2595654,0.15,0.43885180331193485,7868.780786124999,True,False
3793,940.0,649,2596303,0.15,0.45566237800651127,7870.693763917,True,False
3794,1200.0,880,2597183,0.15,0.467434930970723,7873.2794838340005,True,False
3795,720.0,586,2597769,0.15,0.49003021469732533,7875.014058542,True,False
3796,1320.0,682,2598451,0.15,0.458262872608269,7877.040475250001,True,False
3797,990.0,653,2599104,0.15,0.39451123987574405,7878.9944024999995,True,False
3798,1190.0,614,2599718,0.15,0.46006039427775963,7880.776257875,True,False
3799,900.0,646,2600364,0.15,0.4170865664879481,7882.677597125,True,False
3800,1460.0,689,2601053,0.15,0.4609656574334516,7884.699749917,True,False
3801,470.0,426,2601479,0.15,0.4299257814462455,7887.047363417,True,False
3802,220.0,285,2601764,0.15,0.43573376536369324,7887.903762542,True,False
3803,1420.0,946,2602710,0.15,0.4768785363915613,7890.773147375,True,False
3804,730.0,564,2603274,0.15,0.5033824497714956,7892.487808625,True,False
3805,560.0,498,2603772,0.15,0.5675094022750854,7894.017745667,True,False
3806,4210.0,940,2604712,0.15,0.4686612475425639,7896.7750411669995,True,False
3807,1060.0,673,2605385,0.15,0.4865504334281598,7898.777792624999,True,False
3808,2550.0,873,2606258,0.15,0.4348147132117814,7901.361516209,True,False
3809,1410.0,961,2607219,0.15,0.5088202940610548,7904.221585791999,True,False
3810,1680.0,951,2608170,0.15,0.48895947973267373,7907.321739374999,True,False
3811,600.0,502,2608672,0.15,0.46448373782729346,7908.880829708999,True,False
3812,1450.0,714,2609386,0.15,0.5120607244081041,7910.991778625,True,False
3813,270.0,346,2609732,0.15,0.516316529491852,7912.045940584,True,False
3814,1130.0,782,2610514,0.15,0.5163277540451441,7914.35940925,True,False
3815,880.0,586,2611100,0.15,0.47302753620204474,7916.131522625,True,False
3816,1280.0,658,2611758,0.15,0.4638492667638674,7918.087355000001,True,False
3817,1210.0,835,2612593,0.15,0.47829599806851747,7920.538599417,True,False
3818,1530.0,686,2613279,0.15,0.4493597135906331,7922.5481338340005,True,False
3819,820.0,658,2613937,0.15,0.5379859431223436,7924.505019125,True,False
3820,1270.0,636,2614573,0.15,0.5691357783082897,7926.388150416999,True,False
3821,1220.0,732,2615305,0.15,0.45483732854570846,7928.564219499999,True,False
3822,2030.0,984,2616289,0.15,0.5707633592551802,7931.539245542,True,False
3823,1390.0,862,2617151,0.15,0.49896146765975063,7934.096973250001,True,False
3824,1450.0,777,2617928,0.15,0.5554404358833264,7936.38357225,True,False
3825,1820.0,940,2618868,0.15,0.49588768231741925,7939.140059875,True,False
3826,980.0,740,2619608,0.15,0.5742229959851987,7942.168856959,True,False
3827,870.0,667,2620275,0.15,0.4585908724511244,7944.133988375,True,False
3828,1250.0,678,2620953,0.15,0.48725797428804285,7946.196406667,True,False
3829,1270.0,660,2621613,0.15,0.5033560560959758,7948.175213375001,True,False
3830,1170.0,702,2622315,0.15,0.4050248057288783,7950.289213792,True,False
3831,1100.0,709,2623024,0.15,0.4703205068794529,7952.479178041999,True,False
3832,1120.0,647,2623671,0.15,0.4406236268533683,7954.415440459,True,False
3833,1050.0,595,2624266,0.15,0.47286797234876043,7956.231732084,True,False
3834,2690.0,1075,2625341,0.15,0.47785614187167924,7959.41412025,True,False
3835,1530.0,689,2626030,0.15,0.47543728624492193,7961.444263291999,True,False
3836,1340.0,877,2626907,0.15,0.47211175289464324,7964.049821874999,True,False
3837,2770.0,1083,2627990,0.15,0.47838026106467546,7967.2129159589995,True,False
3838,1560.0,945,2628935,0.15,0.5093510461876453,7970.0030718749995,True,False
3839,1330.0,864,2629799,0.15,0.45916057388401693,7972.56012225,True,False
3840,1600.0,823,2630622,0.15,0.4857820401203285,7975.003514834,True,False
3841,1430.0,981,2631603,0.15,0.5221141002616104,7977.889653334,True,False
3842,2990.0,907,2632510,0.15,0.45992247717627344,7980.5880786669995,True,False
3843,1800.0,943,2633453,0.15,0.4957840444551686,7983.332885749999,True,False
3844,890.0,531,2633984,0.15,0.5054982312415776,7984.906230792,True,False
3845,1320.0,802,2634786,0.15,0.5264835087954998,7987.267269458999,True,False
3846,1950.0,886,2635672,0.15,0.4921001796652605,7989.868656792,True,False
3847,1020.0,749,2636421,0.15,0.3764150713615239,7992.097580709001,True,False
3848,1550.0,881,2637302,0.15,0.4058719092472033,7994.832751834,True,False
3849,1350.0,764,2638066,0.15,0.44911168983781524,7997.084098875,True,False
3850,1030.0,729,2638795,0.15,0.47449050446624286,7999.2234502090005,True,False
3851,1250.0,670,2639465,0.15,0.46882611526442425,8002.0593739589995,True,False
3852,1440.0,832,2640297,0.15,0.49450764511353695,8004.493639167001,True,False
3853,1580.0,641,2640938,0.15,0.45113783250562844,8006.40404325,True,False
3854,1690.0,783,2641721,0.15,0.45427305334988904,8008.991162959,True,False
3855,810.0,623,2642344,0.15,0.4798441921862272,8010.8511716250005,True,False
3856,1310.0,870,2643214,0.15,0.46107639609256645,8013.44093025,True,False
3857,1130.0,695,2643909,0.15,0.416402668660057,8015.521158041999,True,False
3858,1350.0,844,2644753,0.15,0.43933166203340646,8018.027360167001,True,False
3859,1300.0,633,2645386,0.15,0.48681202332807494,8019.913998875,True,False
3860,1370.0,878,2646264,0.15,0.44996415454555644,8022.7116213750005,True,False
3861,940.0,586,2646850,0.15,0.40438460129989334,8024.471198417,True,False
3862,1450.0,910,2647760,0.15,0.4261422445507426,8027.162307959,True,False
3863,1020.0,604,2648364,0.15,0.4533386948882349,8028.969253167,True,False
3864,1190.0,773,2649137,0.15,0.47976531540019524,8031.265488083999,True,False
3865,960.0,655,2649792,0.15,0.4666690017755439,8033.463807084,True,False
3866,1260.0,912,2650704,0.15,0.4316215795513831,8036.237614625,True,False
3867,870.0,638,2651342,0.15,0.4578785209816957,8038.128389709001,True,False
3868,1040.0,632,2651974,0.15,0.4917808408035508,8040.031725624999,True,False
3869,1170.0,752,2652726,0.15,0.3859794305518587,8042.273045125,True,False
3870,1670.0,904,2653630,0.15,0.4739819431792846,8045.102281834,True,False
3871,2180.0,776,2654406,0.15,0.46995301037719567,8047.4321497089995,True,False
3872,1550.0,1103,2655509,0.15,0.4331597129449896,8050.695850749999,True,False
3873,1050.0,858,2656367,0.15,0.4457091108730463,8053.223439791999,True,False
3874,990.0,769,2657136,0.15,0.4922884674115502,8055.503215459,True,False
3875,1590.0,698,2657834,0.15,0.45999837966485957,8057.672349792,True,False
3876,4080.0,680,2658514,0.15,0.4836451775887433,8060.573041749999,True,False
3877,940.0,703,2659217,0.15,0.44354062514718284,8062.622265958999,True,False
3878,1230.0,824,2660041,0.15,0.4466501067130311,8065.052791125,True,False
3879,1630.0,682,2660723,0.15,0.4291541150825865,8067.067025208999,True,False
3880,1270.0,968,2661691,0.15,0.38576782978147517,8069.9448705,True,False
3881,840.0,693,2662384,0.15,0.42475846405515727,8072.019318292,True,False
3882,1790.0,894,2663278,0.15,0.47509069079240873,8074.6625340420005,True,False
3883,950.0,517,2663795,0.15,0.3973611644072126,8076.191270459,True,False
3884,1140.0,753,2664548,0.15,0.4021739437387734,8078.412730458999,True,False
3885,1530.0,861,2665409,0.15,0.4269184992756955,8080.947403792,True,False
3886,1380.0,697,2666106,0.15,0.42800908963913203,8083.018428,True,False
3887,1120.0,705,2666811,0.15,0.3918082643808289,8085.10951625,True,False
3888,1000.0,730,2667541,0.15,0.4306462748291714,8087.278647709,True,False
3889,550.0,489,2668030,0.15,0.4547767294112776,8088.73603175,True,False
3890,1820.0,868,2668898,0.15,0.4239079526835872,8091.267334084,True,False
3891,900.0,708,2669606,0.15,0.3919348845963424,8093.359748459,True,False
3892,1930.0,845,2670451,0.15,0.48307109493497424,8095.838446084,True,False
3893,1050.0,672,2671123,0.15,0.4291746179085402,8097.818138959,True,False
3894,1000.0,587,2671710,0.15,0.43719107424523557,8099.56510375,True,False
3895,3100.0,779,2672489,0.15,0.41623950528028686,8101.873579542001,True,False
3896,1170.0,1152,2673641,0.15,0.3822173659637984,8105.256078959,True,False
3897,990.0,569,2674210,0.15,0.46291711128933327,8106.9605669170005,True,False
3898,930.0,504,2674714,0.15,0.425301801649824,8108.457745541999,True,False
3899,1570.0,706,2675420,0.15,0.4411009523996526,8110.553657875001,True,False
3900,1750.0,1128,2676548,0.15,0.45334880961541163,8114.22446475,True,False
3901,1520.0,844,2677392,0.15,0.461562405088784,8117.600756249999,True,False
3902,1070.0,652,2678044,0.15,0.4764528087128891,8119.525412917,True,False
3903,690.0,517,2678561,0.15,0.48277967729309734,8121.087283959,True,False
3904,910.0,915,2679476,0.15,0.4568772045285421,8123.957649499999,True,False
3905,460.0,426,2679902,0.15,0.4929437609213703,8125.221551833999,True,False
3906,1150.0,664,2680566,0.15,0.46731191931898336,8127.193533999999,True,False
3907,1890.0,844,2681410,0.15,0.4411710586875536,8129.73449575,True,False
3908,1030.0,703,2682113,0.15,0.41733699943870306,8131.918304333999,True,False
3909,990.0,730,2682843,0.15,0.4625847300739734,8134.091186749999,True,False
3910,1070.0,715,2683558,0.15,0.46693409542298187,8136.211316792001,True,False
3911,740.0,620,2684178,0.15,0.5417022781025979,8138.071738416999,True,False
3912,1250.0,772,2684950,0.15,0.4296901968399478,8140.365762750001,True,False
3913,1710.0,919,2685869,0.15,0.48946506138081136,8143.062821041999,True,False
3914,1340.0,551,2686420,0.15,0.4668263135936813,8144.736117459,True,False
3915,1680.0,712,2687132,0.15,0.4674357658440477,8146.935567209,True,False
3916,1460.0,812,2687944,0.15,0.4831706074438072,8149.589585291999,True,False
3917,1410.0,703,2688647,0.15,0.45047548736844745,8151.687248249999,True,False
3918,650.0,699,2689346,0.15,0.507213710461344,8153.778463042,True,False
3919,450.0,418,2689764,0.15,0.4922227751641046,8155.0632665,True,False
3920,1690.0,790,2690554,0.15,0.4679905632274405,8157.3948147090005,True,False
3921,990.0,730,2691284,0.15,0.5143568578069327,8159.5711586669995,True,False
3922,2530.0,864,2692148,0.15,0.4827024751101379,8162.155719959,True,False
3923,1010.0,959,2693107,0.15,0.5086320669830594,8164.981209709001,True,False
3924,820.0,572,2693679,0.15,0.4715202197015702,8166.712367375,True,False
3925,1020.0,849,2694528,0.15,0.49379802869519157,8169.224798292001,True,False
3926,1330.0,809,2695337,0.15,0.4757217577852235,8172.763599375,True,False
3927,1200.0,786,2696123,0.15,0.4481696240908029,8175.066038917,True,False
3928,1440.0,876,2696999,0.15,0.4874340340359026,8177.618177959,True,False
3929,1490.0,957,2697956,0.15,0.46295674989620844,8180.459084875,True,False
3930,1110.0,622,2698578,0.15,0.5116572517060465,8182.331234459,True,False
3931,1330.0,845,2699423,0.15,0.4948623591054107,8184.8341935,True,False
3932,990.0,539,2699962,0.15,0.5694892441784895,8186.560719292001,True,False
3933,1400.0,534,2700496,0.15,0.5343416983178303,8188.146801624999,True,False
3934,1260.0,853,2701349,0.15,0.4911036357773302,8190.638278959,True,False
3935,850.0,633,2701982,0.15,0.4741685814401017,8192.510853374999,True,False
3936,1550.0,592,2702574,0.15,0.48600230230068836,8194.262178124998,True,False
3937,1860.0,990,2703564,0.15,0.5551847434572635,8197.167614167,True,False
3938,1580.0,1106,2704670,0.15,0.47570045972647873,8200.406888417001,True,False
3939,1620.0,1016,2705686,0.15,0.5377363300933613,8203.393097875,True,False
3940,870.0,704,2706390,0.15,0.4978149023584344,8205.493390417,True,False
3941,1690.0,912,2707302,0.15,0.4577823197632505,8208.242956958999,True,False
3942,1110.0,706,2708008,0.15,0.5045071971197587,8210.352280709001,True,False
3943,1390.0,843,2708851,0.15,0.489061350268977,8212.835176625002,True,False
3944,1510.0,847,2709698,0.15,0.46340647845898036,8215.347497375002,True,False
3945,1370.0,908,2710606,0.15,0.4572370106493849,8218.049226125,True,False
3946,580.0,442,2711048,0.15,0.44550634920597076,8219.356798666999,True,False
3947,4030.0,698,2711746,0.15,0.42255544247127125,8221.403532625001,True,False
3948,1160.0,683,2712429,0.15,0.4562387516972614,8223.455333041999,True,False
3949,1360.0,846,2713275,0.15,0.49333060147920493,8225.956125084002,True,False
3950,1550.0,790,2714065,0.15,0.5065123563764071,8228.319930583999,True,False
3951,1540.0,933,2714998,0.15,0.4806169988387644,8231.833818542,True,False
3952,1080.0,683,2715681,0.15,0.4824226312121453,8233.838796542,True,False
3953,1270.0,822,2716503,0.15,0.5033290086722956,8236.293553667001,True,False
3954,1900.0,1079,2717582,0.15,0.5039064262200285,8239.418026459,True,False
3955,1540.0,778,2718360,0.15,0.43541477372248966,8241.708979874998,True,False
3956,1290.0,843,2719203,0.15,0.4956384781570662,8244.2205745,True,False
3957,1070.0,808,2720011,0.15,0.4673558338222527,8246.610275250001,True,False
3958,760.0,502,2720513,0.15,0.5234791618727502,8248.113411499999,True,False
3959,2410.0,1033,2721546,0.15,0.5073900183937116,8251.15391475,True,False
3960,1230.0,624,2722170,0.15,0.47732130180184656,8253.015993375,True,False
3961,890.0,672,2722842,0.15,0.5255264370214372,8255.022750542,True,False
3962,1060.0,867,2723709,0.15,0.47832344822619915,8257.574371125,True,False
3963,1600.0,633,2724342,0.15,0.49092346118598046,8259.450413542,True,False
3964,1620.0,742,2725084,0.15,0.487441430569336,8261.648046458999,True,False
3965,1070.0,915,2725999,0.15,0.5073995815361279,8264.337672292,True,False
3966,1410.0,826,2726825,0.15,0.46408603430370204,8266.801829917,True,False
3967,1220.0,776,2727601,0.15,0.4581022076692778,8269.128311334,True,False
3968,1270.0,685,2728286,0.15,0.4398369743374356,8271.190505042,True,False
3969,1300.0,1195,2729481,0.15,0.4898894656960382,8274.768096959,True,False
3970,1310.0,691,2730172,0.15,0.5218595242224677,8276.842494792,True,False
3971,1020.0,675,2730847,0.15,0.4787208225932859,8278.870338666999,True,False
3972,1130.0,639,2731486,0.15,0.48713158471509815,8280.802531124998,True,False
3973,910.0,911,2732397,0.15,0.5124993106644404,8283.523564709001,True,False
3974,1800.0,759,2733156,0.15,0.5198583073521915,8286.035566625,True,False
3975,1880.0,944,2734100,0.15,0.48212964021427146,8288.936916167,True,False
3976,260.0,468,2734568,0.15,0.45399108732867444,8291.833570709001,True,False
3977,1240.0,769,2735337,0.15,0.5171348238363862,8294.079150334,True,False
3978,1200.0,664,2736001,0.15,0.498705402869417,8296.047035459,True,False
3979,1610.0,1408,2737409,0.15,0.5240701465147801,8300.199090792,True,False
3980,1460.0,1243,2738652,0.15,0.47824148095880675,8303.860595709,True,False
3981,800.0,526,2739178,0.15,0.41533713520483206,8305.430541417001,True,False
3982,3300.0,951,2740129,0.15,0.47060684321307333,8308.300259833999,True,False
3983,890.0,665,2740794,0.15,0.5479698710323099,8310.298986917001,True,False
3984,910.0,555,2741349,0.15,0.4115430673034929,8311.957005249998,True,False
3985,1490.0,780,2742129,0.15,0.5000825397097147,8314.402149834,True,False
3986,1860.0,860,2742989,0.15,0.47896029841761256,8316.927232709,True,False
3987,1210.0,616,2743605,0.15,0.5645852350666152,8318.75411025,True,False
3988,920.0,818,2744423,0.15,0.4520312283991599,8321.161899458999,True,False
3989,1360.0,745,2745168,0.15,0.514191130584574,8323.376944709002,True,False
3990,2310.0,864,2746032,0.15,0.5919411052018404,8325.957939417,True,False
3991,650.0,654,2746686,0.15,0.5024995425361797,8327.895772333999,True,False
3992,1620.0,618,2747304,0.15,0.4403345502672657,8329.717376917,True,False
3993,1310.0,1003,2748307,0.15,0.469585498124361,8332.683631708998,True,False
3994,570.0,438,2748745,0.15,0.5175391621210358,8334.004046292,True,False
3995,2090.0,1052,2749797,0.15,0.5396365900400021,8337.085804041999,True,False
3996,1170.0,573,2750370,0.15,0.557493458261023,8338.783158417002,True,False
3997,930.0,600,2750970,0.15,0.45154700209697085,8340.567448334,True,False
3998,1470.0,915,2751885,0.15,0.48354739324885165,8343.264532124998,True,False
3999,1380.0,843,2752728,0.15,0.4520420953984509,8345.764214416999,True,False
4000,810.0,534,2753262,0.15,0.46731633536125483,8347.339543625,True,False
4001,1100.0,809,2754071,0.15,0.5515367579784723,8350.686974,True,False
4002,1110.0,689,2754760,0.15,0.4658957569068567,8352.706284374999,True,False
4003,1200.0,618,2755378,0.15,0.4508709630312084,8354.526801084,True,False
4004,660.0,471,2755849,0.15,0.4787987731397152,8355.912265459,True,False
4005,1360.0,615,2756464,0.15,0.5107721924394756,8357.728344459,True,False
4006,920.0,922,2757386,0.15,0.5603869793207749,8360.453246417,True,False
4007,1190.0,692,2758078,0.15,0.4994868122773363,8362.507501875,True,False
4008,550.0,518,2758596,0.15,0.6013292130942528,8364.051891292002,True,False
4009,700.0,474,2759070,0.15,0.4699766092254954,8365.439323458999,True,False
4010,710.0,560,2759630,0.15,0.5389351795294455,8367.100759666999,True,False
4011,1380.0,1042,2760672,0.15,0.463491833244247,8370.1544365,True,False
4012,1330.0,756,2761428,0.15,0.4978540375749901,8372.358480167,True,False
4013,1230.0,743,2762171,0.15,0.520830341045921,8374.569731459,True,False
4014,920.0,686,2762857,0.15,0.4851820008006207,8376.606621374998,True,False
4015,1520.0,953,2763810,0.15,0.4574252925813198,8379.434224208999,True,False
4016,1190.0,808,2764618,0.15,0.48025226305321894,8381.806391541999,True,False
4017,1050.0,698,2765316,0.15,0.437096532029765,8383.863322292,True,False
4018,1970.0,991,2766307,0.15,0.5033475456510478,8386.780079291999,True,False
4019,1590.0,751,2767058,0.15,0.4351600608689354,8389.009188708998,True,False
4020,1270.0,960,2768018,0.15,0.43546113890285293,8391.868730334001,True,False
4021,1160.0,720,2768738,0.15,0.46153199420207075,8393.988874292001,True,False
4022,1370.0,560,2769298,0.15,0.5328927437109606,8395.651991874998,True,False
4023,1530.0,697,2769995,0.15,0.4402635135184759,8397.700517166999,True,False
4024,590.0,524,2770519,0.15,0.6099041212378568,8399.258612583999,True,False
4025,1360.0,606,2771125,0.15,0.5231755490561849,8401.045024625,True,False
4026,640.0,526,2771651,0.15,0.48121725426602907,8403.54177475,True,False
4027,890.0,657,2772308,0.15,0.5463564276243701,8405.508623083999,True,False
4028,1720.0,804,2773112,0.15,0.46860516668107377,8407.884377334001,True,False
4029,650.0,518,2773630,0.15,0.5232813963594363,8409.404001416999,True,False
4030,2460.0,591,2774221,0.15,0.5069092935001528,8411.166760417,True,False
4031,2500.0,858,2775079,0.15,0.441765989516383,8413.689822666998,True,False
4032,1200.0,564,2775643,0.15,0.49523607176457735,8415.372209792,True,False
4033,1580.0,882,2776525,0.15,0.47413545101881027,8418.032150584,True,False
4034,1810.0,732,2777257,0.15,0.5123348892386493,8420.206575875,True,False
4035,1080.0,708,2777965,0.15,0.42775760616286324,8422.299673541998,True,False
4036,1250.0,720,2778685,0.15,0.5665455002751615,8424.417189042,True,False
4037,1290.0,756,2779441,0.15,0.518453751567495,8426.660536291998,True,False
4038,650.0,476,2779917,0.15,0.44447661904978153,8428.127952374998,True,False
4039,2220.0,1197,2781114,0.15,0.47463240556693,8431.777732416998,True,False
4040,1800.0,764,2781878,0.15,0.5059113197067645,8434.092538875,True,False
4041,1260.0,626,2782504,0.15,0.5334738629638769,8435.984706459,True,False
4042,1030.0,626,2783130,0.15,0.4712416288944391,8437.814799417,True,False
4043,1230.0,1243,2784373,0.15,0.47706460078333734,8441.610781084,True,False
4044,1180.0,674,2785047,0.15,0.545459499760043,8443.556915417,True,False
4045,1000.0,652,2785699,0.15,0.5016714700617673,8445.481904208998,True,False
4046,910.0,588,2786287,0.15,0.5648543479896727,8447.218777041999,True,False
4047,4220.0,806,2787093,0.15,0.4924167783396079,8449.577432167,True,False
4048,1060.0,772,2787865,0.15,0.460173966932482,8451.845248417001,True,False
4049,850.0,757,2788622,0.15,0.5410805602395345,8454.093086959001,True,False
4050,2640.0,1327,2789949,0.15,0.500396621043244,8457.954075917001,True,False
4051,1070.0,663,2790612,0.15,0.52571234367339,8460.899595833998,True,False
4052,1730.0,710,2791322,0.15,0.4747055602696656,8462.978545667,True,False
4053,920.0,696,2792018,0.15,0.48140189698201485,8465.044004167,True,False
4054,2980.0,893,2792911,0.15,0.46691479487135806,8467.639924459,True,False
4055,1390.0,708,2793619,0.15,0.4934935661948333,8469.735702209,True,False
4056,1330.0,588,2794207,0.15,0.548922482953996,8471.478702959,True,False
4057,1530.0,924,2795131,0.15,0.44306711017182376,8474.214104458999,True,False
4058,760.0,506,2795637,0.15,0.5029415995117248,8475.708167334,True,False
4059,2160.0,922,2796559,0.15,0.5182492374078087,8478.444828584,True,False
4060,570.0,702,2797261,0.15,0.44992393763227895,8480.524852499999,True,False
4061,1300.0,1006,2798267,0.15,0.4818218715518594,8483.448163709,True,False
4062,1560.0,1060,2799327,0.15,0.4709061008579326,8486.541306874999,True,False
4063,1190.0,755,2800082,0.15,0.5481170562130434,8488.756737084,True,False
4064,1240.0,700,2800782,0.15,0.4495526166898864,8490.836282291999,True,False
4065,1310.0,790,2801572,0.15,0.49215574746932644,8493.158823458998,True,False
4066,2660.0,1373,2802945,0.15,0.4837516397889432,8497.170576,True,False
4067,310.0,337,2803282,0.15,0.4978970755778608,8498.211354667,True,False
4068,1490.0,516,2803798,0.15,0.45616129450788795,8499.772908709001,True,False
4069,2350.0,993,2804791,0.15,0.5289775940679735,8503.254097709,True,False
4070,1820.0,1020,2805811,0.15,0.4304436508639186,8506.382594125,True,False
4071,1120.0,672,2806483,0.15,0.4846531676483296,8508.379420959001,True,False
4072,1270.0,861,2807344,0.15,0.5214398364984879,8510.89749925,True,False
4073,760.0,571,2807915,0.15,0.48525964841246605,8512.590449291998,True,False
4074,590.0,471,2808386,0.15,0.4885394467135607,8514.016281749999,True,False
4075,1060.0,570,2808956,0.15,0.4791225589863904,8515.68974225,True,False
4076,1160.0,631,2809587,0.15,0.4454111838416689,8518.469865667,True,False
4077,940.0,669,2810256,0.15,0.4270432064575808,8520.421055833998,True,False
4078,1330.0,819,2811075,0.15,0.4485185933025444,8522.788447042,True,False
4079,1010.0,677,2811752,0.15,0.5247243105050395,8524.777863917,True,False
4080,2450.0,849,2812601,0.15,0.4462339519962387,8527.247802083999,True,False
4081,1120.0,763,2813364,0.15,0.4531730956042,8529.491071834,True,False
4082,2210.0,1030,2814394,0.15,0.44673542939271443,8532.526975917,True,False
4083,1340.0,740,2815134,0.15,0.5162636164475132,8534.702056458998,True,False
4084,1410.0,927,2816061,0.15,0.4009580639480003,8537.405869541999,True,False
4085,1830.0,896,2816957,0.15,0.5673619575598943,8540.037475375,True,False
4086,1720.0,736,2817693,0.15,0.4733717378795795,8542.184086334,True,False
4087,1260.0,616,2818309,0.15,0.5000914073029121,8544.019124916998,True,False
4088,1610.0,679,2818988,0.15,0.43953113976646874,8546.026935000002,True,False
4089,1200.0,652,2819640,0.15,0.48158551834843644,8547.954883416998,True,False
4090,1480.0,920,2820560,0.15,0.4541876889117386,8550.690163584,True,False
4091,1370.0,684,2821244,0.15,0.4663027958911762,8552.746101,True,False
4092,1160.0,668,2821912,0.15,0.3848432160601645,8554.718184083998,True,False
4093,940.0,619,2822531,0.15,0.46888695734661895,8556.544347792002,True,False
4094,1380.0,683,2823214,0.15,0.4683625429694416,8558.535137333998,True,False
4095,1300.0,733,2823947,0.15,0.4747264443443773,8560.693672959002,True,False
4096,2270.0,836,2824783,0.15,0.44594714594514745,8563.277125084001,True,False
4097,1550.0,804,2825587,0.15,0.4371078722364274,8565.698440334,True,False
4098,1280.0,736,2826323,0.15,0.5235195330789556,8567.883260916999,True,False
4099,640.0,533,2826856,0.15,0.4703636330121489,8569.462313959,True,False
4100,490.0,423,2827279,0.15,0.4488306957341376,8570.733015667,True,False
4101,1530.0,781,2828060,0.15,0.42127795205736646,8574.254651209001,True,False
4102,1700.0,793,2828853,0.15,0.4679007452319969,8576.593180708998,True,False
4103,1560.0,675,2829528,0.15,0.5148948863942242,8578.57499125,True,False
4104,2430.0,1113,2830641,0.15,0.4475775823372302,8581.833357833999,True,False
4105,1710.0,612,2831253,0.15,0.4611780376118772,8583.682996833999,True,False
4106,2020.0,899,2832152,0.15,0.44253575285275776,8586.357093292001,True,False
4107,680.0,502,2832654,0.15,0.5168444221019745,8587.833497167001,True,False
4108,1860.0,821,2833475,0.15,0.500312141928731,8590.322684458999,True,False
4109,1390.0,672,2834147,0.15,0.44532488259885994,8592.31681325,True,False
4110,1860.0,744,2834891,0.15,0.46963530891044164,8594.503116791999,True,False
4111,1000.0,780,2835671,0.15,0.624652199829236,8596.804214042,True,False
4112,1030.0,826,2836497,0.15,0.4528502975613023,8599.240375583999,True,False
4113,1130.0,771,2837268,0.15,0.45723065953952663,8601.533814792001,True,False
4114,1600.0,896,2838164,0.15,0.48194664287646966,8604.207720792001,True,False
4115,520.0,392,2838556,0.15,0.40110802734080625,8605.361576084,True,False
4116,1830.0,771,2839327,0.15,0.449387284150968,8607.630783875,True,False
4117,960.0,530,2839857,0.15,0.5002872643614173,8609.182812167,True,False
4118,1220.0,744,2840601,0.15,0.4971043526004719,8611.35692125,True,False
4119,1660.0,857,2841458,0.15,0.4372052627955085,8613.869843584002,True,False
4120,2270.0,1009,2842467,0.15,0.4017185975339205,8616.820266709,True,False
4121,1360.0,687,2843154,0.15,0.46459468618728395,8618.845780333999,True,False
4122,270.0,341,2843495,0.15,0.5137203684624504,8619.859743209,True,False
4123,1560.0,792,2844287,0.15,0.44650743103990653,8622.223330583998,True,False
4124,480.0,427,2844714,0.15,0.513013265469921,8623.530446249999,True,False
4125,460.0,407,2845121,0.15,0.5685890078836796,8624.803481416999,True,False
4126,1190.0,681,2845802,0.15,0.5438211944173365,8627.608427584,True,False
4127,1210.0,792,2846594,0.15,0.4980349680691054,8629.921694584002,True,False
4128,860.0,652,2847246,0.15,0.49924777375042806,8631.836419917,True,False
4129,480.0,466,2847712,0.15,0.5624562395561454,8633.245217959,True,False
4130,1100.0,587,2848299,0.15,0.5365442303966169,8635.060091459,True,False
4131,880.0,745,2849044,0.15,0.49078595299612393,8637.252597084,True,False
4132,1190.0,945,2849989,0.15,0.5085509512889184,8640.022338416999,True,False
4133,680.0,496,2850485,0.15,0.6235322496823726,8641.48186475,True,False
4134,1030.0,796,2851281,0.15,0.567763617514965,8643.816930292,True,False
4135,1040.0,730,2852011,0.15,0.5966059436591772,8646.002380167,True,False
4136,1900.0,897,2852908,0.15,0.5519785346918636,8648.669897209002,True,False
4137,1600.0,791,2853699,0.15,0.5327746855274675,8651.0184415,True,False
4138,1460.0,987,2854686,0.15,0.4780084768589209,8653.947817125001,True,False
4139,1480.0,665,2855351,0.15,0.5474278307912579,8655.905692749999,True,False
4140,1650.0,1044,2856395,0.15,0.5693885214141502,8658.989901917,True,False
4141,1200.0,731,2857126,0.15,0.48472498678933074,8661.158309416998,True,False
4142,1260.0,674,2857800,0.15,0.4261430852423758,8663.149728417,True,False
4143,1200.0,630,2858430,0.15,0.5403459196447566,8665.025918209001,True,False
4144,1150.0,710,2859140,0.15,0.4133022857850857,8667.098393584001,True,False
4145,1230.0,730,2859870,0.15,0.5590523982441032,8669.233941209,True,False
4146,1370.0,755,2860625,0.15,0.42882796696254183,8671.450372750001,True,False
4147,950.0,540,2861165,0.15,0.4910841164765535,8673.054668666999,True,False
4148,1050.0,716,2861881,0.15,0.5108340428777913,8675.158682959001,True,False
4149,1700.0,826,2862707,0.15,0.4993439891818658,8677.578777667,True,False
4150,1980.0,1000,2863707,0.15,0.48491032150387764,8680.542392042,True,False
4151,1040.0,796,2864503,0.15,0.45651263885911386,8683.746718334001,True,False
4152,910.0,610,2865113,0.15,0.38472750636876796,8685.514565459001,True,False
4153,1250.0,747,2865860,0.15,0.5165175939785606,8687.702027374999,True,False
4154,960.0,1042,2866902,0.15,0.4870943050544996,8690.738063125002,True,False
4155,1620.0,749,2867651,0.15,0.5042517315496735,8693.255153958999,True,False
4156,2160.0,862,2868513,0.15,0.4624894937776305,8696.069887500002,True,False
4157,1300.0,862,2869375,0.15,0.495442505111528,8698.739038542,True,False
4158,1080.0,922,2870297,0.15,0.5368483859029684,8701.463957625001,True,False
4159,870.0,577,2870874,0.15,0.4708512740002738,8703.188450334,True,False
4160,2000.0,853,2871727,0.15,0.4947412827624961,8705.692495250001,True,False
4161,1700.0,1139,2872866,0.15,0.4976188080875497,8709.045547375,True,False
4162,1570.0,1003,2873869,0.15,0.46449763829489626,8711.999524874998,True,False
4163,610.0,502,2874371,0.15,0.5609236285686493,8713.471789791998,True,False
4164,1040.0,732,2875103,0.15,0.49924708288061165,8715.641867416998,True,False
4165,990.0,666,2875769,0.15,0.4071485603640893,8717.609160875,True,False
4166,1090.0,868,2876637,0.15,0.4672831946872346,8720.214016792,True,False
4167,1130.0,673,2877310,0.15,0.4756331308079617,8722.193833583999,True,False
4168,1400.0,600,2877910,0.15,0.4650769620637099,8723.962277874998,True,False
4169,500.0,446,2878356,0.15,0.3957548671002899,8725.287952916999,True,False
4170,1190.0,841,2879197,0.15,0.4816183766793637,8727.723603209,True,False
4171,1130.0,725,2879922,0.15,0.4677366506905187,8729.834086709001,True,False
4172,1250.0,706,2880628,0.15,0.4554230525331982,8731.902795875001,True,False
4173,1520.0,885,2881513,0.15,0.44224068849469744,8734.486810125,True,False
4174,730.0,504,2882017,0.15,0.5011538171342441,8736.003060959,True,False
4175,1380.0,872,2882889,0.15,0.4915861632982525,8738.576939084,True,False
4176,1710.0,832,2883721,0.15,0.4697246092658203,8741.99206375,True,False
4177,3900.0,572,2884293,0.15,0.5076661687735078,8743.662520917002,True,False
4178,1080.0,788,2885081,0.15,0.5696996043100575,8745.981332833999,True,False
4179,790.0,604,2885685,0.15,0.49458626233386677,8747.735522959,True,False
4180,1080.0,796,2886481,0.15,0.4456140657315901,8750.085778292,True,False
4181,1640.0,630,2887111,0.15,0.5034696094359562,8751.913945459,True,False
4182,1520.0,926,2888037,0.15,0.49459767910041685,8754.799433,True,False
4183,1750.0,836,2888873,0.15,0.42345684595655597,8757.428784209002,True,False
4184,1290.0,763,2889636,0.15,0.4348152057116568,8759.694088334,True,False
4185,1420.0,840,2890476,0.15,0.47711854797034037,8762.231453334,True,False
4186,1330.0,966,2891442,0.15,0.49552869812210565,8765.052177041998,True,False
4187,1020.0,656,2892098,0.15,0.46892145035288685,8766.992742375001,True,False
4188,1150.0,727,2892825,0.15,0.4573236950724335,8769.125579709002,True,False
4189,1170.0,837,2893662,0.15,0.5029524913387435,8771.583987667,True,False
4190,2280.0,916,2894578,0.15,0.44232842300136016,8774.290955125001,True,False
4191,850.0,628,2895206,0.15,0.4646372190991025,8776.154759666999,True,False
4192,1370.0,696,2895902,0.15,0.5280340098957906,8778.212906624998,True,False
4193,1370.0,664,2896566,0.15,0.5344663290643549,8780.166921208998,True,False
4194,1420.0,953,2897519,0.15,0.4555749899449469,8782.939617791999,True,False
4195,1040.0,853,2898372,0.15,0.5266479095357044,8785.445893749999,True,False
4196,1300.0,926,2899298,0.15,0.4537768726483052,8788.162265416999,True,False
4197,1140.0,610,2899908,0.15,0.4153573952761351,8789.966766209,True,False
4198,1390.0,677,2900585,0.15,0.5097028261282035,8791.973801667002,True,False
4199,1160.0,711,2901296,0.15,0.5311179106657424,8794.071743166998,True,False
4200,1220.0,644,2901940,0.15,0.38001991766765253,8795.987549375,True,False
4201,1350.0,870,2902810,0.15,0.4825591294240842,8799.626929417002,True,False
4202,1590.0,598,2903408,0.15,0.4002880750596523,8801.368260625,True,False
4203,920.0,724,2904132,0.15,0.5012010002086834,8803.608351625,True,False
4204,910.0,637,2904769,0.15,0.3931593286260119,8805.581494541999,True,False
4205,2300.0,1414,2906183,0.15,0.4289062934539811,8809.704106083998,True,False
4206,1720.0,929,2907112,0.15,0.4435137591520604,8812.448655959,True,False
4207,610.0,639,2907751,0.15,0.41389085207157916,8814.37148025,True,False
4208,1790.0,1028,2908779,0.15,0.4928138097204587,8817.626829042001,True,False
4209,1200.0,941,2909720,0.15,0.46632822205202057,8820.441428916998,True,False
4210,1300.0,824,2910544,0.15,0.4690980106881521,8822.869704792,True,False
4211,1380.0,582,2911126,0.15,0.49802099928773685,8824.618732084,True,False
4212,1720.0,921,2912047,0.15,0.4659877648820048,8827.466025583999,True,False
4213,1580.0,926,2912973,0.15,0.4105349051733983,8830.185299875,True,False
4214,1080.0,631,2913604,0.15,0.46976611112491995,8832.069856541999,True,False
4215,1620.0,663,2914267,0.15,0.43586964914293,8834.026090291998,True,False
4216,1300.0,753,2915020,0.15,0.49087321643949183,8836.274525875,True,False
4217,1620.0,1040,2916060,0.15,0.4254579212516546,8839.284506291999,True,False
4218,1160.0,713,2916773,0.15,0.4558603936450535,8841.348576792,True,False
4219,1060.0,746,2917519,0.15,0.5113502963576265,8843.511802083998,True,False
4220,1940.0,957,2918476,0.15,0.45749760971715053,8846.311951209002,True,False
4221,950.0,535,2919011,0.15,0.43023784413821714,8847.872587667,True,False
4222,1190.0,656,2919667,0.15,0.43955113943211915,8849.792366041998,True,False
4223,1430.0,733,2920400,0.15,0.5075508927845437,8852.002578667001,True,False
4224,1050.0,741,2921141,0.15,0.4749624448048102,8854.176407084,True,False
4225,1210.0,973,2922114,0.15,0.5107021136477651,8857.017233499999,True,False
4226,930.0,544,2922658,0.15,0.454963753821657,8859.518887834001,True,False
4227,1080.0,728,2923386,0.15,0.3955537830325928,8861.655994792,True,False
4228,550.0,512,2923898,0.15,0.46073812030954286,8863.167813167001,True,False
4229,1190.0,811,2924709,0.15,0.4811379715359857,8865.550388209002,True,False
4230,1140.0,647,2925356,0.15,0.47934372654115714,8867.448948459001,True,False
4231,1300.0,752,2926108,0.15,0.4839466766632618,8869.672748083998,True,False
4232,1030.0,756,2926864,0.15,0.3999057196908527,8871.9039715,True,False
4233,1680.0,590,2927454,0.15,0.3602260224470476,8873.617781875,True,False
4234,1230.0,664,2928118,0.15,0.4320658303079117,8875.557191459,True,False
4235,1540.0,658,2928776,0.15,0.35012121665658374,8877.610884958998,True,False
4236,790.0,691,2929467,0.15,0.45271634037584757,8879.656734708999,True,False
4237,1190.0,793,2930260,0.15,0.43408204469099715,8882.01433175,True,False
4238,660.0,658,2930918,0.15,0.397282559333778,8883.982481874998,True,False
4239,1270.0,663,2931581,0.15,0.4611637088728238,8885.971871292,True,False
4240,830.0,727,2932308,0.15,0.4159767897083209,8888.111882083998,True,False
4241,1330.0,906,2933214,0.15,0.4748656917857913,8890.878662459,True,False
4242,1280.0,1154,2934368,0.15,0.4518721721628133,8894.242417334,True,False
4243,1790.0,956,2935324,0.15,0.49694024459712177,8897.003691000002,True,False
4244,1200.0,581,2935905,0.15,0.41042625595783366,8898.709838084,True,False
4245,1230.0,782,2936687,0.15,0.4092083548506101,8900.98539875,True,False
4246,1140.0,696,2937383,0.15,0.47888504902179213,8903.032802667,True,False
4247,1340.0,725,2938108,0.15,0.43117925229963366,8905.176753708998,True,False
4248,500.0,516,2938624,0.15,0.4419983766915262,8906.7119685,True,False
4249,1170.0,671,2939295,0.15,0.5441948912011649,8908.673988958999,True,False
4250,1270.0,764,2940059,0.15,0.3605493974935322,8910.911472791999,True,False
4251,1140.0,983,2941042,0.15,0.4322110891523885,8914.805730042,True,False
4252,1120.0,702,2941744,0.15,0.537489173298871,8916.8799205,True,False
4253,1360.0,674,2942418,0.15,0.4164240953202049,8918.983543084,True,False
4254,1490.0,921,2943339,0.15,0.409029063647208,8921.810767833998,True,False
4255,1270.0,1253,2944592,0.15,0.46484490562301534,8925.491865917,True,False
4256,1180.0,721,2945313,0.15,0.45527568894128007,8927.633524417,True,False
4257,1210.0,1087,2946400,0.15,0.3818969496744959,8930.864926916998,True,False
4258,1510.0,927,2947327,0.15,0.3841698211637926,8933.597840584,True,False
4259,1140.0,750,2948077,0.15,0.36302030974246086,8935.822386167001,True,False
4260,1710.0,1237,2949314,0.15,0.4509034948875603,8939.553781709,True,False
4261,1050.0,764,2950078,0.15,0.4591898792155126,8941.843238667,True,False
4262,1640.0,720,2950798,0.15,0.36027844399213793,8944.01650175,True,False
4263,1480.0,695,2951493,0.15,0.4336777588502429,8946.081188334,True,False
4264,540.0,488,2951981,0.15,0.3836315564322667,8947.515394667,True,False
4265,1080.0,685,2952666,0.15,0.48900424292561606,8949.543183875001,True,False
4266,1220.0,682,2953348,0.15,0.4440326257363746,8951.585981125001,True,False
4267,850.0,700,2954048,0.15,0.49596802839211057,8953.658553624999,True,False
4268,1630.0,754,2954802,0.15,0.4156233753533439,8955.859931542,True,False
4269,3370.0,1181,2955983,0.15,0.4727598809589774,8959.310789416999,True,False
4270,970.0,569,2956552,0.15,0.42935351829428775,8961.022063917,True,False
4271,1380.0,643,2957195,0.15,0.4725029674824327,8962.92875875,True,False
4272,2180.0,986,2958181,0.15,0.41426735561386296,8965.821754542001,True,False
4273,1020.0,670,2958851,0.15,0.4627803661330731,8967.795534792,True,False
4274,1080.0,665,2959516,0.15,0.43888061547172286,8969.761402459,True,False
4275,1120.0,615,2960131,0.15,0.44527234774983787,8971.581593084,True,False
4276,980.0,706,2960837,0.15,0.47534454786508096,8974.649436042,True,False
4277,1170.0,714,2961551,0.15,0.4757597139209844,8976.737540041999,True,False
4278,2440.0,778,2962329,0.15,0.34591790793033744,8979.018416042,True,False
4279,640.0,439,2962768,0.15,0.46115625033324414,8980.323823959,True,False
4280,1200.0,705,2963473,0.15,0.5173206055875529,8982.399363166998,True,False
4281,820.0,539,2964012,0.15,0.5427540625135104,8984.031864,True,False
4282,920.0,681,2964693,0.15,0.44113184476599976,8986.021615124999,True,False
4283,1030.0,829,2965522,0.15,0.4036752918492193,8988.459733,True,False
4284,1390.0,735,2966257,0.15,0.40053871711311134,8990.644060958999,True,False
4285,1350.0,695,2966952,0.15,0.4858630082901867,8992.741770125001,True,False
4286,1950.0,976,2967928,0.15,0.4440635165474454,8995.594374375,True,False
4287,900.0,666,2968594,0.15,0.4746958936553404,8997.581774541999,True,False
4288,970.0,770,2969364,0.15,0.3623150489027636,8999.863737833999,True,False
4289,500.0,576,2969940,0.15,0.46612153771436876,9001.575842958999,True,False
4290,980.0,623,2970563,0.15,0.46882578422946314,9003.438664042002,True,False
4291,910.0,659,2971222,0.15,0.41778802402091747,9005.444081917001,True,False
4292,1560.0,713,2971935,0.15,0.39765896116582194,9007.690497250001,True,False
4293,710.0,712,2972647,0.15,0.3908159457398265,9010.042960334002,True,False
4294,850.0,671,2973318,0.15,0.45204228162765503,9012.028809291998,True,False
4295,1450.0,893,2974211,0.15,0.4212689139115971,9014.660039542,True,False
4296,1320.0,628,2974839,0.15,0.4901263339883962,9016.724398584,True,False
4297,860.0,860,2975699,0.15,0.4154821188297383,9019.439750000001,True,False
4298,1530.0,1007,2976706,0.15,0.437335440445514,9022.427965167,True,False
4299,820.0,617,2977323,0.15,0.4364196366884492,9024.264082834,True,False
4300,1290.0,879,2978202,0.15,0.4831075861034068,9026.854047125002,True,False
4301,1180.0,830,2979032,0.15,0.470046956736881,9030.131824291999,True,False
4302,1120.0,658,2979690,0.15,0.4131874882775109,9032.075745458998,True,False
4303,1530.0,950,2980640,0.15,0.4419341303971635,9034.851765874999,True,False
4304,1290.0,947,2981587,0.15,0.37576641047657544,9037.608734541998,True,False
4305,2010.0,841,2982428,0.15,0.4238841594042371,9040.115543875,True,False
4306,780.0,657,2983085,0.15,0.3528022916033501,9042.071798792,True,False
4307,1410.0,810,2983895,0.15,0.4676961598198603,9044.449722709,True,False
4308,990.0,609,2984504,0.15,0.46126073165461906,9046.279653667,True,False
4309,1340.0,546,2985050,0.15,0.48687961598967805,9047.86987725,True,False
4310,1520.0,1071,2986121,0.15,0.4273177752577102,9051.02690425,True,False
4311,1070.0,714,2986835,0.15,0.4295656767705183,9053.158844709,True,False
4312,1590.0,654,2987489,0.15,0.49639146098094744,9055.123198959001,True,False
4313,1300.0,644,2988133,0.15,0.4194553312585221,9057.038141834,True,False
4314,2160.0,1075,2989208,0.15,0.5297861650419944,9060.241142792001,True,False
4315,370.0,359,2989567,0.15,0.4359836432706104,9061.303825125,True,False
4316,1780.0,729,2990296,0.15,0.4158009679916778,9063.482150875,True,False
4317,1130.0,632,2990928,0.15,0.43423668945891947,9065.366145584001,True,False
4318,2150.0,937,2991865,0.15,0.44657131329051447,9068.212406542,True,False
4319,3210.0,896,2992761,0.15,0.46005245367996395,9071.092795,True,False
4320,1290.0,759,2993520,0.15,0.5066270354546999,9073.341372084,True,False
4321,1360.0,700,2994220,0.15,0.4990174543431827,9075.419671625,True,False
4322,1700.0,738,2994958,0.15,0.5531867242863645,9077.583059459,True,False
4323,540.0,439,2995397,0.15,0.5157507348467003,9078.890125499998,True,False
4324,1590.0,701,2996098,0.15,0.514968601848398,9080.949360375002,True,False
4325,2140.0,978,2997076,0.15,0.49169121138295346,9083.879841917002,True,False
4326,1600.0,667,2997743,0.15,0.47595669876739205,9086.865468584001,True,False
4327,1620.0,1193,2998936,0.15,0.5071026852049157,9090.358213209001,True,False
4328,1140.0,689,2999625,0.15,0.47980668937224286,9092.389991125001,True,False
4329,960.0,593,3000218,0.15,0.4737742169684655,9094.171674166999,True,False
4330,1150.0,737,3000955,0.15,0.4424689187789741,9096.325451042001,True,False
4331,1730.0,892,3001847,0.15,0.43520184011603685,9098.927911750001,True,False
4332,1340.0,838,3002685,0.15,0.49615170902439526,9101.414533667,True,False
4333,1750.0,683,3003368,0.15,0.41657473081559465,9103.441623874998,True,False
4334,1280.0,937,3004305,0.15,0.47583939453475493,9106.172394292,True,False
4335,1190.0,902,3005207,0.15,0.4877240765425894,9108.762750167,True,False
4336,1090.0,634,3005841,0.15,0.45783658756774925,9110.638700417,True,False
4337,710.0,534,3006375,0.15,0.4626856376802115,9112.200093042,True,False
4338,1860.0,804,3007179,0.15,0.4193200347435415,9114.583538667,True,False
4339,1720.0,572,3007751,0.15,0.4612824891309638,9116.279974375,True,False
4340,1230.0,761,3008512,0.15,0.520662514288076,9118.574367500001,True,False
4341,1600.0,946,3009458,0.15,0.47141329691571704,9121.322379834,True,False
4342,1880.0,762,3010220,0.15,0.43743512826284187,9123.547547958999,True,False
4343,1950.0,907,3011127,0.15,0.4653190061351103,9126.206586084001,True,False
4344,910.0,650,3011777,0.15,0.41940082874766155,9128.122176166999,True,False
4345,1020.0,660,3012437,0.15,0.46583459932695737,9130.192777875,True,False
4346,1530.0,901,3013338,0.15,0.5112386565738254,9132.913923417,True,False
4347,2110.0,1237,3014575,0.15,0.5005883613064837,9136.583375584,True,False
4348,1430.0,866,3015441,0.15,0.48957996036050505,9139.140654584,True,False
4349,1210.0,709,3016150,0.15,0.413636808972911,9141.230464249998,True,False
4350,970.0,598,3016748,0.15,0.4759992240866025,9143.003539459001,True,False
4351,910.0,820,3017568,0.15,0.46079602412334303,9146.417319167002,True,False
4352,1140.0,569,3018137,0.15,0.4870848908600673,9148.10179125,True,False
4353,1090.0,643,3018780,0.15,0.4646089375481842,9150.008334792,True,False
4354,1470.0,831,3019611,0.15,0.4432707988625563,9152.42445025,True,False
4355,1170.0,908,3020519,0.15,0.48547118239203213,9155.043153709,True,False
4356,1080.0,859,3021378,0.15,0.4461501724844755,9157.528087209,True,False
4357,1110.0,897,3022275,0.15,0.4514165933110884,9160.141809249999,True,False
4358,1210.0,833,3023108,0.15,0.4675538467163104,9162.573786666999,True,False
4359,1660.0,681,3023789,0.15,0.4405756500275696,9164.568978333999,True,False
4360,930.0,617,3024406,0.15,0.44028382071039895,9166.378876916999,True,False
4361,1200.0,902,3025308,0.15,0.42878196559912335,9169.028617042,True,False
4362,1110.0,560,3025868,0.15,0.4423368836620024,9170.651618959,True,False
4363,980.0,681,3026549,0.15,0.3870600803371738,9172.654884709002,True,False
4364,1260.0,744,3027293,0.15,0.42171548627397065,9174.812370667001,True,False
4365,1290.0,859,3028152,0.15,0.504051361735477,9177.325014709,True,False
4366,840.0,619,3028771,0.15,0.45519900375178884,9179.132390750001,True,False
4367,1380.0,815,3029586,0.15,0.45944468947310074,9181.517831834,True,False
4368,1260.0,683,3030269,0.15,0.4614292414346982,9183.549683500001,True,False
4369,3020.0,962,3031231,0.15,0.4387555547989905,9186.3782355,True,False
4370,1070.0,668,3031899,0.15,0.4655721995555712,9188.337188209,True,False
4371,1280.0,793,3032692,0.15,0.5099714630138334,9190.698144499998,True,False
4372,1200.0,720,3033412,0.15,0.4372171760019329,9192.865689834001,True,False
4373,1040.0,632,3034044,0.15,0.475608134241421,9194.751583375,True,False
4374,1740.0,1225,3035269,0.15,0.49646057814262273,9198.341024709,True,False
4375,1390.0,822,3036091,0.15,0.3650317327278416,9200.755550499998,True,False
4376,1050.0,768,3036859,0.15,0.43709431010453653,9204.116029042001,True,False
4377,1450.0,687,3037546,0.15,0.4456257777245239,9206.134099459,True,False
4378,1720.0,766,3038312,0.15,0.46861351708260673,9208.396828666999,True,False
4379,1010.0,637,3038949,0.15,0.3787498334481281,9210.39559625,True,False
4380,1600.0,827,3039776,0.15,0.4282052313575998,9212.817539791999,True,False
4381,1130.0,688,3040464,0.15,0.38244216330349445,9214.852510042001,True,False
4382,680.0,471,3040935,0.15,0.44627436460592806,9216.256759042,True,False
4383,970.0,688,3041623,0.15,0.5074703151056933,9218.293291625,True,False
4384,1170.0,709,3042332,0.15,0.43044034910670825,9220.386658791998,True,False
4385,1230.0,758,3043090,0.15,0.3823350547719254,9222.607745583999,True,False
4386,1650.0,711,3043801,0.15,0.523554081578603,9224.696807291999,True,False
4387,1190.0,634,3044435,0.15,0.44289965984187546,9226.57350775,True,False
4388,500.0,469,3044904,0.15,0.45167974294242214,9227.972419667,True,False
4389,1400.0,864,3045768,0.15,0.4146044380548928,9230.51365525,True,False
4390,1830.0,1079,3046847,0.15,0.5218562829450161,9233.607280042,True,False
4391,1400.0,846,3047693,0.15,0.39915595259868875,9236.108285916998,True,False
4392,1740.0,927,3048620,0.15,0.45267862274215137,9238.823203667002,True,False
4393,1750.0,777,3049397,0.15,0.46175835116468755,9241.099696209,True,False
4394,1290.0,832,3050229,0.15,0.4878523519549232,9243.548149458999,True,False
4395,1040.0,601,3050830,0.15,0.4106295779844125,9245.286553917002,True,False
4396,690.0,494,3051324,0.15,0.44163243460559076,9246.733675917,True,False
4397,340.0,371,3051695,0.15,0.4969900451276613,9247.822478958999,True,False
4398,570.0,495,3052190,0.15,0.39885249139080126,9249.278381375,True,False
4399,1670.0,759,3052949,0.15,0.46720564604589815,9251.479888375,True,False
4400,910.0,775,3053724,0.15,0.42675092570560497,9253.733423167,True,False
4401,1270.0,701,3054425,0.15,0.45732176056929996,9256.691496125,True,False
4402,1290.0,690,3055115,0.15,0.4962162056201419,9258.697237666998,True,False
4403,1010.0,731,3055846,0.15,0.4819818839349382,9260.823866499999,True,False
4404,1660.0,627,3056473,0.15,0.47767548642720387,9262.712395916999,True,False
4405,1850.0,709,3057182,0.15,0.5625292050131296,9264.827002792,True,False
4406,1060.0,812,3057994,0.15,0.5055989430382334,9267.217285916999,True,False
4407,1770.0,832,3058826,0.15,0.43767625419422984,9269.698078292,True,False
4408,1550.0,707,3059533,0.15,0.445617817384375,9271.773147917,True,False
4409,1750.0,830,3060363,0.15,0.5734896861412675,9274.278026459,True,False
4410,1250.0,748,3061111,0.15,0.5181023157376019,9276.456463375001,True,False
4411,1090.0,665,3061776,0.15,0.4318850785939993,9278.427195375,True,False
4412,910.0,559,3062335,0.15,0.5146048004142671,9280.090342959,True,False
4413,2040.0,1070,3063405,0.15,0.46339977249058323,9283.218344459001,True,False
4414,550.0,440,3063845,0.15,0.42695957632227377,9284.552113541999,True,False
4415,1490.0,733,3064578,0.15,0.4919564509815206,9286.753145667,True,False
4416,900.0,610,3065188,0.15,0.4941466897726059,9288.595498458999,True,False
4417,2810.0,856,3066044,0.15,0.5106812179018961,9291.080420458999,True,False
4418,1210.0,794,3066838,0.15,0.5369621948762373,9293.381153416998,True,False
4419,1760.0,930,3067768,0.15,0.5225793455483576,9296.176144624998,True,False
4420,850.0,629,3068397,0.15,0.45118047401403927,9298.047111749998,True,False
4421,1690.0,969,3069366,0.15,0.4391628082318247,9300.860444958998,True,False
4422,1410.0,587,3069953,0.15,0.5579355148737933,9302.563893625,True,False
4423,1320.0,755,3070708,0.15,0.45497736760548185,9304.764543917001,True,False
4424,1420.0,997,3071705,0.15,0.48936015834291297,9307.666842292001,True,False
4425,1130.0,600,3072305,0.15,0.45151391342282293,9309.430762959,True,False
4426,980.0,902,3073207,0.15,0.5166756165358756,9312.943918,True,False
4427,1110.0,690,3073897,0.15,0.5203423390671008,9314.968099624999,True,False
4428,1110.0,714,3074611,0.15,0.4757840878675493,9317.058538166999,True,False
4429,1470.0,837,3075448,0.15,0.4664938247629574,9319.503954374999,True,False
4430,1010.0,634,3076082,0.15,0.5139004538142229,9321.384691750001,True,False
4431,1390.0,963,3077045,0.15,0.5131077239003914,9324.234801958999,True,False
4432,980.0,670,3077715,0.15,0.46958297388460823,9326.191343292001,True,False
4433,1110.0,720,3078435,0.15,0.5027347879277335,9328.308332959,True,False
4434,1250.0,718,3079153,0.15,0.5710010540982088,9330.434106,True,False
4435,1000.0,670,3079823,0.15,0.6155200968691689,9332.403769292,True,False
4436,1100.0,775,3080598,0.15,0.575226420018169,9334.688526958998,True,False
4437,1020.0,707,3081305,0.15,0.4619408791179711,9336.752659917001,True,False
4438,1930.0,851,3082156,0.15,0.4587568115320564,9339.364592499998,True,False
4439,3060.0,841,3082997,0.15,0.6010705462523869,9341.840709125001,True,False
4440,2390.0,755,3083752,0.15,0.5256716805318046,9344.082827499999,True,False
4441,730.0,588,3084340,0.15,0.4916110829938026,9345.792508209,True,False
4442,1410.0,1102,3085442,0.15,0.5182446946339174,9348.986450959,True,False
4443,340.0,387,3085829,0.15,0.4620148860609409,9350.161100459001,True,False
4444,1570.0,785,3086614,0.15,0.5492940826379523,9352.469519209,True,False
4445,460.0,462,3087076,0.15,0.5323118518652588,9353.828512125001,True,False
4446,900.0,745,3087821,0.15,0.6126273879280655,9355.978973583999,True,False
4447,1470.0,720,3088541,0.15,0.49995509874489574,9358.097191375,True,False
4448,1160.0,949,3089490,0.15,0.5054015961125933,9360.854215625,True,False
4449,1860.0,840,3090330,0.15,0.5680086183406058,9363.310303458999,True,False
4450,1210.0,680,3091010,0.15,0.486629037909648,9365.317300416998,True,False
4451,1030.0,721,3091731,0.15,0.5021345433261659,9368.343720500001,True,False
4452,1370.0,849,3092580,0.15,0.5332180345562142,9370.820557125,True,False
4453,970.0,652,3093232,0.15,0.5897156333813638,9372.753057334001,True,False
4454,650.0,630,3093862,0.15,0.4868110330051677,9374.615138959001,True,False
4455,1000.0,669,3094531,0.15,0.48861714001901135,9376.603959,True,False
4456,1020.0,590,3095121,0.15,0.5074452798108797,9378.344169917,True,False
4457,810.0,501,3095622,0.15,0.5600894990563393,9379.800925584,True,False
4458,400.0,379,3096001,0.15,0.523732098152763,9380.957029124998,True,False
4459,490.0,445,3096446,0.15,0.5218027267638627,9382.325727,True,False
4460,1130.0,602,3097048,0.15,0.6165479802532702,9384.122534417002,True,False
4461,1140.0,824,3097872,0.15,0.5894531632222019,9386.527988667,True,False
4462,580.0,590,3098462,0.15,0.5322291067465633,9388.271182708999,True,False
4463,770.0,608,3099070,0.15,0.5378336934372783,9390.065607,True,False
4464,1060.0,780,3099850,0.15,0.4755223459158188,9392.340906292,True,False
4465,1650.0,817,3100667,0.15,0.5905811944063387,9394.707756959,True,False
4466,620.0,510,3101177,0.15,0.5646618638420478,9396.226243459001,True,False
4467,2070.0,1083,3102260,0.15,0.5776842055615464,9399.368314791998,True,False
4468,1440.0,540,3102800,0.15,0.5395133306582769,9400.969185167,True,False
4469,1340.0,691,3103491,0.15,0.5052210137594578,9403.0714105,True,False
4470,2190.0,1108,3104599,0.15,0.5132819552391444,9406.285362499999,True,False
4471,1640.0,844,3105443,0.15,0.6188768722575988,9408.740413917,True,False
4472,1160.0,812,3106255,0.15,0.530899442622227,9411.107877209,True,False
4473,1570.0,1219,3107474,0.15,0.6047345444071488,9414.677709042,True,False
4474,810.0,586,3108060,0.15,0.5100815063532518,9416.401549125,True,False
4475,2430.0,772,3108832,0.15,0.5608700488361053,9418.633159124998,True,False
4476,2070.0,879,3109711,0.15,0.5459357855935075,9422.321776292,True,False
4477,1230.0,704,3110415,0.15,0.5112932798537341,9424.362528667,True,False
4478,1110.0,792,3111207,0.15,0.4770553398764495,9426.662924834,True,False
4479,960.0,606,3111813,0.15,0.5570730269445401,9428.432440459,True,False
4480,1130.0,875,3112688,0.15,0.5122115904609906,9430.972552416999,True,False
4481,1300.0,836,3113524,0.15,0.541116072337308,9433.411175959001,True,False
4482,1210.0,633,3114157,0.15,0.45318100195896777,9435.267226959,True,False
4483,1610.0,887,3115044,0.15,0.5707805754767882,9437.855572125001,True,False
4484,1650.0,894,3115938,0.15,0.5749237080994208,9440.467562584,True,False
4485,1100.0,715,3116653,0.15,0.4886593122305817,9442.557465999998,True,False
4486,1250.0,728,3117381,0.15,0.5235149245504495,9444.672237167,True,False
4487,1520.0,762,3118143,0.15,0.5826668365221275,9446.892665959,True,False
4488,1390.0,922,3119065,0.15,0.5235587833892732,9449.577839417001,True,False
4489,940.0,720,3119785,0.15,0.5311829115781519,9451.672060375,True,False
4490,960.0,771,3120556,0.15,0.5481043488096079,9453.944048083998,True,False
4491,1170.0,754,3121310,0.15,0.5776675311016276,9456.194322209001,True,False
4492,2400.0,720,3122030,0.15,0.5483505294968685,9458.30096275,True,False
4493,1220.0,863,3122893,0.15,0.5755868018777283,9460.818220959001,True,False
4494,550.0,471,3123364,0.15,0.49077294867927745,9462.229183791998,True,False
4495,720.0,437,3123801,0.15,0.6081608997299037,9463.516856584,True,False
4496,1720.0,858,3124659,0.15,0.5505725957244356,9466.193880416999,True,False
4497,630.0,664,3125323,0.15,0.6061193727585207,9468.143613334,True,False
4498,1840.0,1100,3126423,0.15,0.548217841305516,9471.327485834001,True,False
4499,1120.0,587,3127010,0.15,0.5399313357208861,9473.057327792001,True,False
4500,1060.0,831,3127841,0.15,0.6194331927511555,9475.487143041999,True,False
4501,1410.0,780,3128621,0.15,0.5186769452614662,9478.754924500001,True,False
4502,2150.0,956,3129577,0.15,0.5696720372433443,9481.486294709,True,False
4503,920.0,711,3130288,0.15,0.6005336941962831,9483.545891167,True,False
4504,2120.0,1039,3131327,0.15,0.562436168114421,9486.580776499999,True,False
4505,2450.0,601,3131928,0.15,0.5276661968191728,9488.341721,True,False
4506,3030.0,980,3132908,0.15,0.5298412864913746,9491.190803375,True,False
4507,920.0,678,3133586,0.15,0.5686038654055116,9493.180883209,True,False
4508,1090.0,695,3134281,0.15,0.5353050895206545,9495.192304334,True,False
4509,760.0,777,3135058,0.15,0.5584652470712809,9497.454795999998,True,False
4510,1710.0,908,3135966,0.15,0.5027520460966926,9500.100061209,True,False
4511,1180.0,663,3136629,0.15,0.5207766125270401,9502.0704525,True,False
4512,1100.0,740,3137369,0.15,0.5190708395999831,9504.250858625,True,False
4513,1100.0,585,3137954,0.15,0.5231339154280212,9505.988316292001,True,False
4514,1160.0,647,3138601,0.15,0.5807473606165544,9507.867925375002,True,False
4515,1040.0,637,3139238,0.15,0.5027125052779725,9509.705717166999,True,False
4516,1910.0,1053,3140291,0.15,0.44217429944657555,9512.749008499999,True,False
4517,1230.0,685,3140976,0.15,0.4859681391092234,9514.792201584001,True,False
4518,2080.0,934,3141910,0.15,0.4937870445233558,9517.501141666999,True,False
4519,1420.0,771,3142681,0.15,0.4893705924403482,9519.931287625,True,False
4520,1380.0,566,3143247,0.15,0.4976065110758687,9521.734023,True,False
4521,2070.0,975,3144222,0.15,0.5582244697286457,9524.65823075,True,False
4522,1940.0,951,3145173,0.15,0.5131378228298756,9527.458834334,True,False
4523,970.0,616,3145789,0.15,0.5818023948700397,9529.289259917,True,False
4524,1220.0,832,3146621,0.15,0.5204160584566685,9531.871913709001,True,False
4525,1150.0,886,3147507,0.15,0.4648614633676693,9534.450319833999,True,False
4526,1280.0,746,3148253,0.15,0.4742321330994208,9537.552706125,True,False
4527,930.0,734,3148987,0.15,0.4460805668775501,9539.681198041999,True,False
4528,1020.0,728,3149715,0.15,0.5063186811467448,9541.811838999998,True,False
4529,1020.0,553,3150268,0.15,0.47193947895396526,9543.470464334001,True,False
4530,1170.0,644,3150912,0.15,0.4474710351006585,9545.364290459001,True,False
4531,1450.0,851,3151763,0.15,0.5180246863022165,9547.861242874998,True,False
4532,980.0,705,3152468,0.15,0.5278150315927921,9549.977027709,True,False
4533,1520.0,855,3153323,0.15,0.43414005679143985,9552.484407375,True,False
4534,1400.0,742,3154065,0.15,0.47314987772254535,9554.676722167002,True,False
4535,840.0,693,3154758,0.15,0.5308259160963097,9556.717990666999,True,False
4536,1520.0,965,3155723,0.15,0.491914828103113,9559.534868833998,True,False
4537,2650.0,750,3156473,0.15,0.4602234456291858,9561.748909709,True,False
4538,1530.0,761,3157234,0.15,0.4719700979559045,9564.026053083999,True,False
4539,1150.0,678,3157912,0.15,0.4588777022326694,9566.088405416998,True,False
4540,750.0,539,3158451,0.15,0.43999321936671415,9567.675506042,True,False
4541,1090.0,762,3159213,0.15,0.4588216722245616,9569.952770125,True,False
4542,990.0,687,3159900,0.15,0.42269461012856907,9571.983441625001,True,False
4543,1570.0,888,3160788,0.15,0.46338600678755354,9574.608139959,True,False
4544,1020.0,582,3161370,0.15,0.4245475200743511,9576.335675958999,True,False
4545,1310.0,844,3162214,0.15,0.44610740004275085,9578.839011,True,False
4546,1640.0,810,3163024,0.15,0.45343878938646737,9581.493852459,True,False
4547,1140.0,728,3163752,0.15,0.5127469520238075,9583.692430542,True,False
4548,1750.0,810,3164562,0.15,0.44163949418776105,9586.137379374999,True,False
4549,1330.0,858,3165420,0.15,0.506701733137286,9588.650882417001,True,False
4550,1120.0,564,3165984,0.15,0.5126696537572442,9590.351891041999,True,False
4551,1320.0,796,3166780,0.15,0.4699572841051835,9593.681888542,True,False
4552,2450.0,781,3167561,0.15,0.4809010127798105,9596.0250155,True,False
4553,1480.0,805,3168366,0.15,0.5192585405870457,9598.383079584,True,False
4554,1400.0,762,3169128,0.15,0.524914442868757,9600.625776208999,True,False
4555,1180.0,850,3169978,0.15,0.47909787912273183,9603.121242292,True,False
4556,1270.0,769,3170747,0.15,0.5281578603899106,9605.363872584,True,False
4557,1270.0,708,3171455,0.15,0.4312107308352061,9607.46714425,True,False
4558,2450.0,1048,3172503,0.15,0.4944811535302464,9610.545594917,True,False
4559,1210.0,636,3173139,0.15,0.4388562345279838,9612.41564875,True,False
4560,2360.0,1081,3174220,0.15,0.48797805486350043,9615.565552875,True,False
4561,1170.0,641,3174861,0.15,0.475848043942824,9617.464814874998,True,False
4562,1550.0,667,3175528,0.15,0.46896988488064556,9619.422778667002,True,False
4563,1540.0,822,3176350,0.15,0.48776827196522454,9621.811644624999,True,False
4564,1700.0,853,3177203,0.15,0.49382450609979495,9624.338053584,True,False
4565,1110.0,824,3178027,0.15,0.4720397633545607,9626.710482167,True,False
4566,1090.0,546,3178573,0.15,0.4241618420520838,9628.312880041998,True,False
4567,1120.0,762,3179335,0.15,0.4447647277069719,9630.524539625,True,False
4568,1340.0,680,3180015,0.15,0.4368517707375919,9632.523383167001,True,False
4569,1100.0,688,3180703,0.15,0.47217594658912615,9634.53028725,True,False
4570,770.0,536,3181239,0.15,0.5488656318899411,9636.127365042,True,False
4571,1840.0,885,3182124,0.15,0.42890707245683884,9638.725723209001,True,False
4572,2440.0,660,3182784,0.15,0.4241372991240386,9640.749006667,True,False
4573,1690.0,634,3183418,0.15,0.41604168161372596,9642.657306459001,True,False
4574,1030.0,560,3183978,0.15,0.542101357078978,9644.323352125,True,False
4575,1370.0,798,3184776,0.15,0.42907558642327787,9646.677886041998,True,False
4576,960.0,613,3185389,0.15,0.49951973800955257,9650.346409958998,True,False
4577,1760.0,937,3186326,0.15,0.45487720563880396,9653.097584833999,True,False
4578,1560.0,798,3187124,0.15,0.44137586567550896,9655.464299084,True,False
4579,1580.0,649,3187773,0.15,0.49411909314401353,9657.403936458999,True,False
4580,1690.0,601,3188374,0.15,0.4414110481242339,9659.235974292002,True,False
4581,1910.0,982,3189356,0.15,0.4696771852611526,9662.086285792,True,False
4582,1740.0,901,3190257,0.15,0.4864456425772773,9664.718513,True,False
4583,1050.0,746,3191003,0.15,0.5030073603635193,9666.913947709,True,False
4584,1840.0,704,3191707,0.15,0.45772100637920876,9668.965732875,True,False
4585,1180.0,938,3192645,0.15,0.44334459177991176,9671.696109459,True,False
4586,1910.0,775,3193420,0.15,0.4802019557694799,9673.985181,True,False
4587,1450.0,992,3194412,0.15,0.4370693166950537,9676.852005417,True,False
4588,1190.0,655,3195067,0.15,0.44004700849392664,9678.760839625,True,False
4589,2840.0,1158,3196225,0.15,0.5393824281363652,9682.121707292,True,False
4590,1270.0,809,3197034,0.15,0.45926612217237456,9684.478020292001,True,False
4591,730.0,554,3197588,0.15,0.49887926372692737,9686.153771709,True,False
4592,1230.0,726,3198314,0.15,0.4741116777803358,9688.326136167001,True,False
4593,820.0,599,3198913,0.15,0.46057052771250406,9690.108419125001,True,False
4594,1210.0,700,3199613,0.15,0.5121953945074763,9692.140898709,True,False
4595,1350.0,878,3200491,0.15,0.48657747014472474,9694.685349584,True,False
4596,1650.0,733,3201224,0.15,0.4800338318328495,9696.814777,True,False
4597,1060.0,674,3201898,0.15,0.44674706343738807,9698.777906084,True,False
4598,890.0,583,3202481,0.15,0.41775344832711026,9700.519778041999,True,False
4599,1230.0,842,3203323,0.15,0.5113302018316019,9703.409895,True,False
4600,1160.0,611,3203934,0.15,0.5051909024808922,9705.358964709001,True,False
4601,2160.0,1150,3205084,0.15,0.5255560589980127,9709.695668959,True,False
4602,1030.0,918,3206002,0.15,0.43774439674277493,9712.403370417,True,False
4603,1330.0,775,3206777,0.15,0.4793337423776843,9714.715918667,True,False
4604,1300.0,713,3207490,0.15,0.514522200303801,9716.809225417,True,False
4605,1860.0,1409,3208899,0.15,0.4408264970195226,9720.99910275,True,False
4606,1160.0,721,3209620,0.15,0.47259169010167623,9723.1853315,True,False
4607,1150.0,715,3210335,0.15,0.459354702215851,9725.271189333998,True,False
4608,1470.0,962,3211297,0.15,0.48061296365444095,9728.123872167002,True,False
4609,980.0,650,3211947,0.15,0.5142585726707806,9730.107404958999,True,False
4610,1050.0,734,3212681,0.15,0.46894936113739794,9732.59892325,True,False
4611,1910.0,924,3213605,0.15,0.43711183468500775,9735.338577292001,True,False
4612,1490.0,848,3214453,0.15,0.4798732099808612,9737.829245500001,True,False
4613,970.0,903,3215356,0.15,0.4609930997928687,9740.536426125,True,False
4614,1500.0,834,3216190,0.15,0.48638419871433425,9742.989711209,True,False
4615,1230.0,726,3216916,0.15,0.5026744522236206,9745.150394167002,True,False
4616,1260.0,654,3217570,0.15,0.4786453241128132,9747.096117500001,True,False
4617,1420.0,870,3218440,0.15,0.5075573017222619,9749.659713417,True,False
4618,1070.0,644,3219084,0.15,0.42426768630187706,9751.568280209001,True,False
4619,1140.0,664,3219748,0.15,0.5166521062962262,9753.507585874999,True,False
4620,1100.0,602,3220350,0.15,0.52891251852115,9755.301987874998,True,False
4621,1180.0,680,3221030,0.15,0.44560080315260325,9757.555386708998,True,False
4622,1940.0,869,3221899,0.15,0.5329950726526673,9760.156683083998,True,False
4623,1070.0,700,3222599,0.15,0.46961357793637687,9762.272141041998,True,False
4624,1490.0,762,3223361,0.15,0.4523889827322585,9764.790572667,True,False
4625,1020.0,838,3224199,0.15,0.4457436193618478,9767.264814499998,True,False
4626,2510.0,981,3225180,0.15,0.4458940580063234,9771.1253355,True,False
4627,1220.0,794,3225974,0.15,0.4888772282260235,9773.454186542,True,False
4628,2340.0,672,3226646,0.15,0.4499272049537727,9775.435856334,True,False
4629,1630.0,997,3227643,0.15,0.5092134759667887,9778.400735667,True,False
4630,1090.0,779,3228422,0.15,0.4082483498713909,9780.706681167001,True,False
4631,2740.0,1237,3229659,0.15,0.4728512006380797,9784.371487166998,True,False
4632,1650.0,792,3230451,0.15,0.45731102573600685,9787.045365709,True,False
4633,1610.0,1053,3231504,0.15,0.4489439375924342,9790.200340667001,True,False
4634,1880.0,913,3232417,0.15,0.4941726775284399,9792.928611209001,True,False
4635,2700.0,1109,3233526,0.15,0.49747682752807215,9796.241957916998,True,False
4636,1460.0,611,3234137,0.15,0.4361458707089518,9798.072547791999,True,False
4637,1360.0,795,3234932,0.15,0.4644122556525858,9800.408948875,True,False
4638,1450.0,802,3235734,0.15,0.4181370329856873,9802.774369709,True,False
4639,1070.0,818,3236552,0.15,0.480893503710991,9805.467543625,True,False
4640,1740.0,734,3237286,0.15,0.5009124888911274,9807.650483709,True,False
4641,420.0,434,3237720,0.15,0.42135073066851414,9808.963647542001,True,False
4642,1800.0,738,3238458,0.15,0.4372411764672269,9811.156041125,True,False
4643,1350.0,681,3239139,0.15,0.49991491033750424,9813.194100042001,True,False
4644,1250.0,710,3239849,0.15,0.5187333847364682,9815.291421709,True,False
4645,890.0,702,3240551,0.15,0.4606172854559762,9817.365347167,True,False
4646,1380.0,910,3241461,0.15,0.514670543568699,9820.057209792001,True,False
4647,1330.0,733,3242194,0.15,0.524278762236319,9822.222844917,True,False
4648,1600.0,674,3242868,0.15,0.5512632179189716,9824.408462250001,True,False
4649,1060.0,721,3243589,0.15,0.5084667887538672,9826.578494417001,True,False
4650,1470.0,865,3244454,0.15,0.5072634705100898,9829.206836083998,True,False
4651,1510.0,690,3245144,0.15,0.480164553991632,9832.010280542,True,False
4652,970.0,630,3245774,0.15,0.48810552539908963,9833.850558584,True,False
4653,2210.0,1209,3246983,0.15,0.5247207841533699,9837.391669208999,True,False
4654,1630.0,801,3247784,0.15,0.5331381781035988,9839.753707374999,True,False
4655,1000.0,749,3248533,0.15,0.5355027250268243,9842.005746750001,True,False
4656,960.0,641,3249174,0.15,0.4090451878029853,9843.908708625,True,False
4657,1050.0,594,3249768,0.15,0.47983293915354963,9845.670171124999,True,False
4658,1040.0,585,3250353,0.15,0.4476129935212331,9847.408290333999,True,False
4659,750.0,628,3250981,0.15,0.40573131392715844,9849.247360541998,True,False
4660,1430.0,705,3251686,0.15,0.47322772748091,9851.421830042,True,False
4661,1540.0,862,3252548,0.15,0.41952519632737945,9854.221997249999,True,False
4662,1230.0,726,3253274,0.15,0.4818667014083151,9856.380264125,True,False
4663,840.0,621,3253895,0.15,0.5364148664859033,9858.37529775,True,False
4664,1770.0,732,3254627,0.15,0.5057573875850015,9860.614004667,True,False
4665,1260.0,714,3255341,0.15,0.5128029055435565,9862.743916584,True,False
4666,1680.0,754,3256095,0.15,0.4449016412204884,9864.9833345,True,False
4667,1000.0,778,3256873,0.15,0.4735808886014498,9867.296577292,True,False
4668,1510.0,1055,3257928,0.15,0.5547364493831992,9870.443764833999,True,False
4669,1130.0,592,3258520,0.15,0.44562619380854274,9872.222687041998,True,False
4670,1090.0,713,3259233,0.15,0.5050821058200986,9874.356786084001,True,False
4671,1660.0,823,3260056,0.15,0.4764690945304713,9876.797057959,True,False
4672,960.0,574,3260630,0.15,0.5166536033466146,9878.513279334002,True,False
4673,1340.0,654,3261284,0.15,0.4915597278897355,9880.452916584,True,False
4674,1170.0,743,3262027,0.15,0.5130193102198678,9882.648126542,True,False
4675,930.0,895,3262922,0.15,0.49301660912377493,9885.334552417,True,False
4676,1640.0,667,3263589,0.15,0.4294369839979503,9888.288829042001,True,False
4677,670.0,459,3264048,0.15,0.45506088539310124,9889.660978084,True,False
4678,1510.0,745,3264793,0.15,0.46094471845094875,9891.869103709,True,False
4679,960.0,525,3265318,0.15,0.4885600303079336,9893.423846417001,True,False
4680,1770.0,817,3266135,0.15,0.4834945764319569,9895.817973917001,True,False
4681,1780.0,1090,3267225,0.15,0.5259208274739129,9899.053659875,True,False
4682,1640.0,680,3267905,0.15,0.4747873720000772,9901.291296333999,True,False
4683,1080.0,776,3268681,0.15,0.44689879082527356,9903.696082416998,True,False
4684,900.0,538,3269219,0.15,0.5783694809608495,9905.300768542002,True,False
4685,2200.0,1106,3270325,0.15,0.4641930017929645,9908.812220333999,True,False
4686,1180.0,702,3271027,0.15,0.49213909591947286,9910.90668725,True,False
4687,1260.0,730,3271757,0.15,0.5234870561729363,9913.080213834,True,False
4688,1330.0,773,3272530,0.15,0.4943631270543281,9915.392909375001,True,False
4689,1240.0,637,3273167,0.15,0.5325255135320267,9917.269901125,True,False
4690,1000.0,727,3273894,0.15,0.5019747926802426,9919.416981416998,True,False
4691,1900.0,1072,3274966,0.15,0.5353839026847437,9922.806414292001,True,False
4692,1610.0,655,3275621,0.15,0.48383323498433684,9924.735992041999,True,False
4693,1260.0,722,3276343,0.15,0.4468599673774507,9926.862925624999,True,False
4694,1660.0,895,3277238,0.15,0.554834665564288,9929.475972625001,True,False
4695,1050.0,668,3277906,0.15,0.4293489623034072,9931.421270959,True,False
4696,1800.0,966,3278872,0.15,0.5196916943739268,9934.253303709,True,False
4697,1820.0,848,3279720,0.15,0.5287363593519296,9936.88514975,True,False
4698,1440.0,993,3280713,0.15,0.5775684215008251,9939.820704000002,True,False
4699,1220.0,755,3281468,0.15,0.5749239882148763,9942.095216209,True,False
4700,930.0,597,3282065,0.15,0.504016498991307,9943.841489999999,True,False
4701,1350.0,907,3282972,0.15,0.4684210214189496,9947.3013215,True,False
4702,490.0,431,3283403,0.15,0.5627285824200817,9948.573771459,True,False
4703,1160.0,794,3284197,0.15,0.4710373334848701,9950.884622999998,True,False
4704,570.0,467,3284664,0.15,0.5384930732667955,9952.264740292001,True,False
4705,1030.0,566,3285230,0.15,0.5293704316759786,9953.9478475,True,False
4706,1940.0,1124,3286354,0.15,0.4920159455561129,9957.777203541998,True,False
4707,1230.0,856,3287210,0.15,0.4912644376473449,9960.336252459001,True,False
4708,1860.0,679,3287889,0.15,0.5487347637905794,9962.353964792,True,False
4709,1800.0,837,3288726,0.15,0.5155646973534634,9964.844784334,True,False
4710,1390.0,912,3289638,0.15,0.5353598171158841,9967.539165875001,True,False
4711,530.0,463,3290101,0.15,0.451442056174936,9968.921884,True,False
4712,1470.0,748,3290849,0.15,0.5213743614799836,9971.100907,True,False
4713,830.0,749,3291598,0.15,0.4347499215746308,9973.289081750001,True,False
4714,530.0,440,3292038,0.15,0.4900133284655484,9974.5937385,True,False
4715,1160.0,630,3292668,0.15,0.47001744108864024,9976.460795584,True,False
4716,1710.0,918,3293586,0.15,0.5502741574004748,9979.252119208999,True,False
4717,1330.0,811,3294397,0.15,0.45472935444028506,9981.631001292,True,False
4718,1150.0,801,3295198,0.15,0.5476493939384818,9983.986194542002,True,False
4719,690.0,437,3295635,0.15,0.5320762604338314,9985.284562666999,True,False
4720,2090.0,1345,3296980,0.15,0.49268847666349186,9989.197619042,True,False
4721,1560.0,891,3297871,0.15,0.5191705025195539,9991.774860041998,True,False
4722,960.0,748,3298619,0.15,0.5895455215863366,9994.03382175,True,False
4723,480.0,401,3299020,0.15,0.444475987022466,9995.319270042,True,False
4724,1260.0,877,3299897,0.15,0.5131733953000204,9998.004349874998,True,False
4725,1010.0,621,3300518,0.15,0.46564609946743135,9999.932321459,True,False
4726,1300.0,923,3301441,0.15,0.48011572888016185,10003.730318167,True,False
4727,2120.0,1006,3302447,0.15,0.48270528344994046,10006.711664584,True,False
4728,1360.0,727,3303174,0.15,0.5360849504205552,10008.864518458999,True,False
4729,1040.0,646,3303820,0.15,0.49198862698710993,10010.751150375,True,False
4730,1670.0,945,3304765,0.15,0.4736593615074279,10013.471234666998,True,False
4731,1260.0,1120,3305885,0.15,0.48317152043538436,10016.749511834001,True,False
4732,1630.0,827,3306712,0.15,0.49320605397224426,10019.231742167001,True,False
4733,1450.0,688,3307400,0.15,0.4441086840490962,10021.318475542,True,False
4734,2730.0,957,3308357,0.15,0.42774193322434084,10024.181299625001,True,False
4735,1030.0,693,3309050,0.15,0.4618954792015814,10026.202380375002,True,False
4736,1490.0,860,3309910,0.15,0.502815584665121,10028.705916125,True,False
4737,1500.0,720,3310630,0.15,0.47470079441037444,10030.806706709001,True,False
4738,1060.0,619,3311249,0.15,0.42639808092386494,10032.623172084,True,False
4739,1080.0,645,3311894,0.15,0.5079339558709852,10034.623393709,True,False
4740,2120.0,1004,3312898,0.15,0.43517590002472184,10037.774673834,True,False
4741,1340.0,900,3313798,0.15,0.5101476072933939,10040.442224209,True,False
4742,2280.0,1044,3314842,0.15,0.49156324970767873,10043.546799791999,True,False
4743,1130.0,714,3315556,0.15,0.4959424578860485,10045.632772959001,True,False
4744,1150.0,785,3316341,0.15,0.4233725669280607,10047.927022625001,True,False
4745,1390.0,760,3317101,0.15,0.481448254146074,10050.226422374999,True,False
4746,3610.0,1186,3318287,0.15,0.5143126060783461,10054.126938959002,True,False
4747,1100.0,733,3319020,0.15,0.3985417630199505,10056.306217917001,True,False
4748,1010.0,667,3319687,0.15,0.4925702383898827,10058.254967,True,False
4749,550.0,463,3320150,0.15,0.4844617802521278,10059.609188125,True,False
4750,920.0,539,3320689,0.15,0.432209459664645,10061.205009500001,True,False
4751,1940.0,808,3321497,0.15,0.4109653372059364,10064.466805584001,True,False
4752,1020.0,805,3322302,0.15,0.5241855103800546,10066.826548500001,True,False
4753,1240.0,725,3323027,0.15,0.4390645716236441,10068.976101334,True,False
4754,700.0,622,3323649,0.15,0.47717645630622524,10070.8524975,True,False
4755,1460.0,737,3324386,0.15,0.4218205613610537,10073.027051709,True,False
4756,1010.0,574,3324960,0.15,0.4533068196227153,10074.736052875,True,False
4757,970.0,556,3325516,0.15,0.5209515876264024,10076.393644167001,True,False
4758,1150.0,769,3326285,0.15,0.4756551481356534,10078.707575625001,True,False
4759,1380.0,618,3326903,0.15,0.4968161862585452,10080.571922833999,True,False
4760,1600.0,904,3327807,0.15,0.42819270821271743,10083.22579525,True,False
4761,1180.0,626,3328433,0.15,0.43654760651907343,10085.09773375,True,False
4762,1500.0,721,3329154,0.15,0.4483793601807621,10087.220584458999,True,False
4763,1330.0,677,3329831,0.15,0.5343410837403416,10089.205259625,True,False
4764,960.0,650,3330481,0.15,0.604161913500973,10091.137173084,True,False
4765,1270.0,779,3331260,0.15,0.45680534495757175,10093.427214291998,True,False
4766,820.0,591,3331851,0.15,0.4511288866704824,10095.176237584,True,False
4767,2510.0,687,3332538,0.15,0.4414047915055308,10097.195670875,True,False
4768,1030.0,724,3333262,0.15,0.48777117905366485,10099.3297495,True,False
4769,1780.0,780,3334042,0.15,0.4711958231070103,10101.609996916999,True,False
4770,1510.0,865,3334907,0.15,0.44676701976331296,10104.163149917,True,False
4771,1720.0,998,3335905,0.15,0.4946303054094315,10107.234619916999,True,False
4772,1260.0,1004,3336909,0.15,0.4450687203274305,10110.17339325,True,False
4773,950.0,641,3337550,0.15,0.5163767896592617,10112.070688875,True,False
4774,1270.0,793,3338343,0.15,0.44455056069324717,10114.402782124998,True,False
4775,1270.0,652,3338995,0.15,0.47508837552341215,10116.300147792,True,False
4776,1780.0,853,3339848,0.15,0.4729788624028736,10119.874188499998,True,False
4777,1800.0,939,3340787,0.15,0.44661718129347533,10122.6808505,True,False
4778,1340.0,717,3341504,0.15,0.4457638654857874,10124.810099834001,True,False
4779,530.0,436,3341940,0.15,0.5673300612957106,10126.138109209001,True,False
4780,1210.0,654,3342594,0.15,0.5563768186817871,10128.079536000001,True,False
4781,1050.0,791,3343385,0.15,0.43648164004388484,10130.395014083999,True,False
4782,1120.0,662,3344047,0.15,0.5480996694528695,10132.359850084002,True,False
4783,1650.0,701,3344748,0.15,0.44021124722944066,10134.431903166998,True,False
4784,1490.0,643,3345391,0.15,0.42041764275636523,10136.342009708998,True,False
4785,270.0,295,3345686,0.15,0.5070079452282673,10137.224584709002,True,False
4786,1350.0,916,3346602,0.15,0.4735854630517127,10139.883743958999,True,False
4787,1320.0,650,3347252,0.15,0.45382434627943974,10141.775663542001,True,False
4788,1280.0,722,3347974,0.15,0.45800234803722967,10143.928625917,True,False
4789,1150.0,668,3348642,0.15,0.520098644637776,10145.890608541999,True,False
4790,1320.0,830,3349472,0.15,0.5265196158120838,10148.380549041998,True,False
4791,1630.0,809,3350281,0.15,0.45654117375022113,10151.030795375002,True,False
4792,1170.0,717,3350998,0.15,0.4859730373214743,10153.253577,True,False
4793,1340.0,1024,3352022,0.15,0.49161128731793724,10156.488058167,True,False
4794,1650.0,707,3352729,0.15,0.5033555072074556,10158.581506625,True,False
4795,1200.0,672,3353401,0.15,0.4482505072263025,10160.575343749999,True,False
4796,1200.0,568,3353969,0.15,0.5322146841757734,10162.278490459,True,False
4797,860.0,651,3354620,0.15,0.43663621072206027,10164.207436542001,True,False
4798,580.0,458,3355078,0.15,0.47487193646661024,10165.543682417,True,False
4799,1250.0,895,3355973,0.15,0.549570765046935,10168.192469334,True,False
4800,1720.0,769,3356742,0.15,0.4606752869828294,10170.570706041999,True,False
4801,1500.0,748,3357490,0.15,0.49995865111045024,10173.672501459001,True,False
4802,1460.0,1236,3358726,0.15,0.48583032783952734,10177.258777459,True,False
4803,520.0,493,3359219,0.15,0.44124285688972087,10178.717148374999,True,False
4804,1280.0,743,3359962,0.15,0.5104427210265591,10180.886803500001,True,False
4805,1860.0,983,3360945,0.15,0.4784241402294578,10183.73802275,True,False
4806,1020.0,610,3361555,0.15,0.4308360812107199,10185.532741167,True,False
4807,1230.0,922,3362477,0.15,0.511335752356104,10188.264189875,True,False
4808,1600.0,649,3363126,0.15,0.4030963738483411,10190.191747624998,True,False
4809,1270.0,673,3363799,0.15,0.4348945564457348,10192.155521917,True,False
4810,1510.0,584,3364383,0.15,0.4081373928140288,10193.854549584,True,False
4811,1140.0,554,3364937,0.15,0.4819054891415637,10195.47348625,True,False
4812,1100.0,940,3365877,0.15,0.4919598140932144,10198.226347333999,True,False
4813,1320.0,692,3366569,0.15,0.5086761563585672,10200.248425709,True,False
4814,2020.0,885,3367454,0.15,0.5240279930681665,10202.814769166998,True,False
4815,1160.0,586,3368040,0.15,0.4633237378937857,10204.551540792,True,False
4816,1210.0,648,3368688,0.15,0.5282095980681019,10206.454871999998,True,False
4817,1610.0,668,3369356,0.15,0.5463570297924344,10208.429226708999,True,False
4818,1230.0,893,3370249,0.15,0.5284543724338036,10211.053692209,True,False
4819,1320.0,823,3371072,0.15,0.4463753256114941,10213.464549625001,True,False
4820,1260.0,1227,3372299,0.15,0.4551965333764849,10217.063083500001,True,False
4821,1060.0,671,3372970,0.15,0.44715623269301086,10219.045122167001,True,False
4822,1320.0,868,3373838,0.15,0.4120565225383104,10221.579739917,True,False
4823,1840.0,831,3374669,0.15,0.5202877203432413,10224.052971666999,True,False
4824,1000.0,788,3375457,0.15,0.4148866845115187,10226.368529542,True,False
4825,1890.0,904,3376361,0.15,0.4939908923630693,10229.004351584,True,False
4826,1260.0,712,3377073,0.15,0.4412263630146391,10232.386239084,True,False
4827,550.0,499,3377572,0.15,0.4072153648138046,10234.018113792,True,False
4828,290.0,313,3377885,0.15,0.42575800113188916,10234.948751834,True,False
4829,750.0,760,3378645,0.15,0.4656859468472631,10237.199433334,True,False
4830,1120.0,688,3379333,0.15,0.41142145414338555,10239.246371375,True,False
4831,1360.0,887,3380220,0.15,0.48763566759524046,10241.839778500002,True,False
4832,1340.0,709,3380929,0.15,0.44070562535086594,10243.952314084,True,False
4833,1360.0,811,3381740,0.15,0.4656610156735176,10246.342240584,True,False
4834,1390.0,695,3382435,0.15,0.47370515470904423,10248.378296084,True,False
4835,1000.0,505,3382940,0.15,0.45636197549151625,10249.866375583999,True,False
4836,1660.0,1018,3383958,0.15,0.4956045144010247,10252.835859750001,True,False
4837,1220.0,618,3384576,0.15,0.4116469056615906,10254.698629916998,True,False
4838,980.0,537,3385113,0.15,0.43054158040391866,10256.290543167,True,False
4839,550.0,504,3385617,0.15,0.5280695857391471,10257.774770959,True,False
4840,1310.0,688,3386305,0.15,0.4869553999498833,10259.799742292002,True,False
4841,1020.0,547,3386852,0.15,0.4256798492839737,10261.426663875001,True,False
4842,810.0,473,3387325,0.15,0.41170418761291744,10262.804727209,True,False
4843,490.0,516,3387841,0.15,0.43180160513219906,10264.318261666998,True,False
4844,2080.0,1268,3389109,0.15,0.464636662005438,10267.975627959,True,False
4845,1420.0,965,3390074,0.15,0.4161417274987055,10270.809014334001,True,False
4846,1290.0,858,3390932,0.15,0.4006918279237525,10273.314704334,True,False
4847,2530.0,981,3391913,0.15,0.4638538142552181,10276.215785584001,True,False
4848,910.0,723,3392636,0.15,0.4912849825225482,10278.331037208998,True,False
4849,1260.0,886,3393522,0.15,0.40231856632960866,10280.894713792,True,False
4850,1940.0,1031,3394553,0.15,0.5392482804004536,10283.863837,True,False
4851,1120.0,612,3395165,0.15,0.5574851806452071,10286.841345583998,True,False
4852,990.0,693,3395858,0.15,0.4542152515983995,10288.862862709,True,False
4853,1390.0,958,3396816,0.15,0.5428043042309583,10291.675019875001,True,False
4854,1190.0,713,3397529,0.15,0.501930774932497,10294.188552042,True,False
4855,1230.0,691,3398220,0.15,0.5061606042130145,10296.282912416998,True,False
4856,1330.0,892,3399112,0.15,0.5087072425960425,10299.005310292,True,False
4857,480.0,417,3399529,0.15,0.4163116081975974,10300.258641125001,True,False
4858,1180.0,650,3400179,0.15,0.40745252352437855,10302.190310875001,True,False
4859,670.0,541,3400720,0.15,0.3977493873304304,10303.8146575,True,False
4860,1570.0,666,3401386,0.15,0.49182875176151114,10305.848577375,True,False
4861,1460.0,818,3402204,0.15,0.46528733092837216,10308.356918834,True,False
4862,1820.0,1014,3403218,0.15,0.44927377886922937,10311.601233709,True,False
4863,1280.0,697,3403915,0.15,0.4847664262714057,10313.691978333998,True,False
4864,1080.0,623,3404538,0.15,0.4529137678253345,10315.550335208998,True,False
4865,1140.0,665,3405203,0.15,0.4268667547997222,10317.52992325,True,False
4866,1030.0,570,3405773,0.15,0.4068963608437485,10319.241388834002,True,False
4867,960.0,880,3406653,0.15,0.48637183792889116,10321.842503417,True,False
4868,1540.0,600,3407253,0.15,0.4227162677049637,10323.652149041998,True,False
4869,990.0,982,3408235,0.15,0.47978360488706706,10326.573724334,True,False
4870,1220.0,705,3408940,0.15,0.4227458667957177,10328.687411542,True,False
4871,1230.0,758,3409698,0.15,0.550882433260244,10330.961996167,True,False
4872,1210.0,824,3410522,0.15,0.500937845304753,10333.823743583998,True,False
4873,550.0,513,3411035,0.15,0.38522104680305347,10335.388140250001,True,False
4874,640.0,590,3411625,0.15,0.4344963683067141,10337.17298825,True,False
4875,1210.0,618,3412243,0.15,0.5160064609697113,10339.035986625,True,False
4876,1890.0,861,3413104,0.15,0.4503220850256858,10342.645276084,True,False
4877,960.0,692,3413796,0.15,0.4576758551976584,10344.670609,True,False
4878,1930.0,808,3414604,0.15,0.4909400708309495,10347.044133917,True,False
4879,980.0,692,3415296,0.15,0.4698189953503581,10349.090787917,True,False
4880,1230.0,687,3415983,0.15,0.4886497404665975,10351.125330209,True,False
4881,1630.0,924,3416907,0.15,0.48952534656116975,10353.848293,True,False
4882,1110.0,622,3417529,0.15,0.47825516354388153,10355.697850084001,True,False
4883,1360.0,747,3418276,0.15,0.4952028920864039,10357.909853417,True,False
4884,1100.0,648,3418924,0.15,0.4861393176295139,10359.889034,True,False
4885,2090.0,793,3419717,0.15,0.48342364985081887,10362.343635624999,True,False
4886,1160.0,653,3420370,0.15,0.4479984559255875,10364.327235583998,True,False
4887,1300.0,693,3421063,0.15,0.4664844408889726,10366.399841292001,True,False
4888,1480.0,983,3422046,0.15,0.4727739177159662,10369.259054084,True,False
4889,1810.0,906,3422952,0.15,0.5408221713640616,10371.877350542,True,False
4890,1550.0,720,3423672,0.15,0.5005234460863802,10373.98826825,True,False
4891,2550.0,681,3424353,0.15,0.48283699698307936,10375.977354667,True,False
4892,1170.0,661,3425014,0.15,0.42680539068850604,10377.893196375,True,False
4893,1650.0,851,3425865,0.15,0.4816909072124902,10380.392282792,True,False
4894,1130.0,612,3426477,0.15,0.4823961823789123,10382.20933075,True,False
4895,930.0,665,3427142,0.15,0.5588044932628252,10384.203548500001,True,False
4896,990.0,537,3427679,0.15,0.5148908198991818,10385.773359125,True,False
4897,1180.0,677,3428356,0.15,0.49335840914179296,10387.762001292002,True,False
4898,2060.0,904,3429260,0.15,0.4772371720951215,10390.417120709,True,False
4899,1630.0,628,3429888,0.15,0.4931448957627746,10392.334700042,True,False
4900,2470.0,1144,3431032,0.15,0.47595290626054043,10395.882117334,True,False
4901,590.0,493,3431525,0.15,0.4406884840833462,10398.304229417,True,False
4902,1830.0,1007,3432532,0.15,0.45575767752551843,10401.242828125,True,False
4903,1270.0,1014,3433546,0.15,0.43657997268226306,10404.224958167,True,False
4904,1040.0,755,3434301,0.15,0.5900684443731157,10406.447785334,True,False
4905,1340.0,786,3435087,0.15,0.4576328567096165,10408.747062834002,True,False
4906,2500.0,665,3435752,0.15,0.5162272767392461,10410.70191475,True,False
4907,1050.0,887,3436639,0.15,0.4487460283267552,10413.286867667,True,False
4908,1050.0,649,3437288,0.15,0.5291230753521247,10415.224942125002,True,False
4909,1530.0,1045,3438333,0.15,0.4484249471304974,10418.259123084,True,False
4910,2090.0,974,3439307,0.15,0.4283975738066214,10421.229694167,True,False
4911,1150.0,663,3439970,0.15,0.42376124603023013,10423.305776709,True,False
4912,1210.0,697,3440667,0.15,0.48968097010905715,10425.481961000001,True,False
4913,1670.0,727,3441394,0.15,0.5010998667023339,10427.622223209,True,False
4914,250.0,311,3441705,0.15,0.528869251983288,10428.589387959,True,False
4915,2420.0,1270,3442975,0.15,0.4444746011251155,10432.290999834,True,False
4916,1430.0,839,3443814,0.15,0.46040087054882733,10434.720316459,True,False
4917,1540.0,838,3444652,0.15,0.5001192096443403,10437.177316541998,True,False
4918,1130.0,971,3445623,0.15,0.5057199432645455,10439.981225791998,True,False
4919,1370.0,710,3446333,0.15,0.5440825676817572,10442.052098,True,False
4920,1180.0,739,3447072,0.15,0.4776907087983312,10444.227623750001,True,False
4921,1440.0,839,3447911,0.15,0.48658448136879495,10446.663989959,True,False
4922,190.0,275,3448186,0.15,0.40680326672567835,10447.494023209001,True,False
4923,660.0,507,3448693,0.15,0.5061763745593274,10449.010725249998,True,False
4924,1650.0,1241,3449934,0.15,0.42041553081043304,10452.640675792001,True,False
4925,810.0,486,3450420,0.15,0.47100185932683164,10454.1257825,True,False
4926,1410.0,932,3451352,0.15,0.5780990742498713,10457.886922375,True,False
4927,890.0,565,3451917,0.15,0.4753057234359126,10459.540863999999,True,False
4928,1470.0,920,3452837,0.15,0.5025018477569456,10462.256315792001,True,False
4929,720.0,540,3453377,0.15,0.4918795391365334,10463.829340542,True,False
4930,660.0,576,3453953,0.15,0.5582667612988088,10465.566923834001,True,False
4931,2520.0,835,3454788,0.15,0.49916241325117183,10468.038577709001,True,False
4932,590.0,492,3455280,0.15,0.46845205019160013,10469.478915417,True,False
4933,1220.0,767,3456047,0.15,0.4586607492406955,10471.720988375,True,False
4934,1360.0,676,3456723,0.15,0.5581297934848881,10473.704296834,True,False
4935,1350.0,856,3457579,0.15,0.5274291736918075,10476.251606375,True,False
4936,1700.0,968,3458547,0.15,0.5056318403644995,10479.070955,True,False
4937,2000.0,869,3459416,0.15,0.4973879783935503,10481.616362249999,True,False
4938,1290.0,756,3460172,0.15,0.5297938143765485,10483.854826833998,True,False
4939,1730.0,920,3461092,0.15,0.5522080565276353,10486.551032,True,False
4940,860.0,662,3461754,0.15,0.5083279131036816,10488.471373708999,True,False
4941,1290.0,661,3462415,0.15,0.5524747866572756,10490.515105916998,True,False
4942,1090.0,740,3463155,0.15,0.505686161566425,10492.697050792001,True,False
4943,1740.0,836,3463991,0.15,0.585990128762414,10495.152245334,True,False
4944,1830.0,805,3464796,0.15,0.5008587464690208,10497.521986749998,True,False
4945,1360.0,687,3465483,0.15,0.4623051594659599,10499.546861333998,True,False
4946,1410.0,953,3466436,0.15,0.5630549751066264,10502.35626575,True,False
4947,1380.0,837,3467273,0.15,0.5431805662632558,10504.836357584001,True,False
4948,1190.0,699,3467972,0.15,0.4586092207687242,10506.901717292,True,False
4949,2460.0,848,3468820,0.15,0.5647321041532845,10509.395358624999,True,False
4950,1390.0,666,3469486,0.15,0.5193964151822659,10511.342528459001,True,False
4951,1210.0,1079,3470565,0.15,0.5248856490960827,10515.572838667002,True,False
4952,2280.0,878,3471443,0.15,0.5087508108449853,10518.176557833998,True,False
4953,1940.0,855,3472298,0.15,0.49335922029252366,10520.689321000002,True,False
4954,1090.0,754,3473052,0.15,0.5345714797103216,10522.922880916998,True,False
4955,1230.0,747,3473799,0.15,0.503722102972128,10525.139402792,True,False
4956,890.0,632,3474431,0.15,0.4844284934239297,10527.003672833998,True,False
4957,1620.0,1026,3475457,0.15,0.5053090001184652,10530.031994917,True,False
4958,1600.0,954,3476411,0.15,0.5226684357626599,10532.810620084001,True,False
4959,2090.0,892,3477303,0.15,0.4575151352738051,10535.417044541999,True,False
4960,1450.0,790,3478093,0.15,0.4988856211756215,10537.760321000002,True,False
4961,1160.0,542,3478635,0.15,0.46090168676994464,10539.368125624998,True,False
4962,1180.0,714,3479349,0.15,0.5344529421219613,10541.472743416998,True,False
4963,1930.0,1018,3480367,0.15,0.5119204176223184,10544.455144625,True,False
4964,1460.0,946,3481313,0.15,0.4733995775444598,10547.214143000001,True,False
4965,2070.0,913,3482226,0.15,0.41479902570707755,10549.863543209001,True,False
4966,1090.0,790,3483016,0.15,0.44621865699688595,10552.20336775,True,False
4967,990.0,573,3483589,0.15,0.44084400584647704,10554.045921166999,True,False
4968,370.0,413,3484002,0.15,0.47013283397966216,10555.259572792002,True,False
4969,1800.0,949,3484951,0.15,0.4753835685079611,10558.066065042,True,False
4970,960.0,661,3485612,0.15,0.5338722694530544,10560.033807167001,True,False
4971,1040.0,523,3486135,0.15,0.48724332062097697,10561.557772791999,True,False
4972,2190.0,1015,3487150,0.15,0.4786746039341285,10564.583043584,True,False
4973,1150.0,722,3487872,0.15,0.4441634934416133,10566.794939625,True,False
4974,1190.0,593,3488465,0.15,0.44236296616696025,10568.621754542,True,False
4975,1230.0,881,3489346,0.15,0.45736641795797783,10571.199126250001,True,False
4976,1390.0,1024,3490370,0.15,0.44244419017923065,10575.266278584,True,False
4977,1000.0,763,3491133,0.15,0.4901102390432857,10577.517919458998,True,False
4978,1870.0,974,3492107,0.15,0.5128752664038183,10580.368868292,True,False
4979,920.0,837,3492944,0.15,0.5285771685696784,10582.800449167,True,False
4980,1060.0,648,3493592,0.15,0.473739960771284,10584.72935025,True,False
4981,420.0,427,3494019,0.15,0.46754879532557614,10586.015541042001,True,False
4982,1250.0,746,3494765,0.15,0.48486529139273943,10588.31170075,True,False
4983,1070.0,747,3495512,0.15,0.4544315119398469,10590.51424225,True,False
4984,1110.0,599,3496111,0.15,0.5574995018291793,10592.29059375,True,False
4985,1090.0,653,3496764,0.15,0.502883281922195,10594.220848124998,True,False
4986,910.0,558,3497322,0.15,0.45215512930060464,10595.847181709,True,False
4987,1430.0,965,3498287,0.15,0.48728218857059835,10598.695237625001,True,False
4988,1530.0,649,3498936,0.15,0.5782502092009673,10600.613418417,True,False
4989,1450.0,861,3499797,0.15,0.4451779435193816,10603.143938209,True,False
4990,1240.0,710,3500507,0.15,0.4959442255187169,10605.224289999998,True,False
4991,1880.0,995,3501502,0.15,0.4666139451136072,10608.158984541999,True,False
4992,960.0,626,3502128,0.15,0.5001715126500768,10610.01015175,True,False
4993,1010.0,750,3502878,0.15,0.6673607626222672,10612.201282499998,True,False
4994,1260.0,583,3503461,0.15,0.5477996739520602,10613.909402959001,True,False
4995,950.0,659,3504120,0.15,0.48485345406965774,10615.840838625001,True,False
4996,1140.0,685,3504805,0.15,0.43828866330155153,10617.984279917,True,False
4997,900.0,555,3505360,0.15,0.43336891216768636,10619.612654084001,True,False
4998,1220.0,829,3506189,0.15,0.4825837681978797,10622.093492875,True,False
4999,1780.0,660,3506849,0.15,0.42506690883275233,10624.057270000001,True,False
5000,1730.0,647,3507496,0.15,0.4461033613777455,10625.985665959,True,False
5001,1630.0,663,3508159,0.15,0.47738955210555684,10628.912096459,True,False
5002,1240.0,875,3509034,0.15,0.455053610208372,10631.440472834001,True,False
5003,1070.0,550,3509584,0.15,0.44566826198412024,10633.057155209,True,False
5004,1730.0,931,3510515,0.15,0.5332865343461263,10635.744590499999,True,False
5005,930.0,632,3511147,0.15,0.4950203092037877,10637.61930825,True,False
5006,870.0,542,3511689,0.15,0.5770991218878943,10639.225095458998,True,False
5007,1700.0,932,3512621,0.15,0.5045673501210152,10641.993310000002,True,False
5008,1330.0,930,3513551,0.15,0.4999235527076084,10644.710078834,True,False
5009,980.0,619,3514170,0.15,0.4649657016800296,10646.556258459,True,False
5010,1560.0,848,3515018,0.15,0.507756529551632,10649.036548125001,True,False
5011,1000.0,820,3515838,0.15,0.5217277270264742,10651.421487042,True,False
5012,1680.0,641,3516479,0.15,0.5005820682272315,10653.292644709,True,False
5013,1580.0,1107,3517586,0.15,0.5122033124957704,10656.546622167,True,False
5014,1570.0,956,3518542,0.15,0.5018436902798868,10659.351023250001,True,False
5015,950.0,684,3519226,0.15,0.43939703023224547,10661.374831624998,True,False
5016,1100.0,717,3519943,0.15,0.45768884873257004,10663.475595749998,True,False
5017,700.0,660,3520603,0.15,0.5088400465972496,10665.433822459,True,False
5018,2610.0,743,3521346,0.15,0.47712081518544947,10667.657157500002,True,False
5019,1880.0,995,3522341,0.15,0.4962770695008906,10671.26218925,True,False
5020,1710.0,944,3523285,0.15,0.40085625654812584,10674.084702584001,True,False
5021,1070.0,653,3523938,0.15,0.4181070320445336,10676.045898,True,False
5022,1000.0,628,3524566,0.15,0.4443582019703403,10677.8986515,True,False
5023,1360.0,942,3525508,0.15,0.4735095929038727,10680.707532959,True,False
5024,1690.0,947,3526455,0.15,0.43498262150560396,10683.618541791999,True,False
5025,1170.0,1091,3527546,0.15,0.423569812142587,10686.902690792002,True,False
5026,1160.0,834,3528380,0.15,0.4523840021145971,10690.276079750001,True,False
5027,970.0,701,3529081,0.15,0.4355066690700395,10692.339727499999,True,False
5028,1630.0,1203,3530284,0.15,0.5098181210483032,10695.870826709,True,False
5029,1950.0,739,3531023,0.15,0.48373454262542986,10698.064011375001,True,False
5030,1270.0,688,3531711,0.15,0.47592039544915044,10700.116056916999,True,False
5031,1460.0,852,3532563,0.15,0.46923166845745884,10702.640661459001,True,False
5032,1140.0,609,3533172,0.15,0.4695227139331157,10704.467685542,True,False
5033,1210.0,637,3533809,0.15,0.43879005912714786,10706.372368542001,True,False
5034,1180.0,733,3534542,0.15,0.5156629948261006,10708.536552834,True,False
5035,1340.0,813,3535355,0.15,0.5111098895812857,10710.916504459,True,False
5036,1380.0,917,3536272,0.15,0.45577840072953185,10713.613366375,True,False
5037,1110.0,668,3536940,0.15,0.4297129713043481,10715.571519709,True,False
5038,1030.0,850,3537790,0.15,0.4278707051263103,10718.088795,True,False
5039,1950.0,900,3538690,0.15,0.4401884220706092,10720.72070975,True,False
5040,980.0,853,3539543,0.15,0.4325844775622999,10723.223641249999,True,False
5041,1620.0,638,3540181,0.15,0.47672943137586116,10725.142845209,True,False
5042,1020.0,725,3540906,0.15,0.42877121401425883,10727.279278625,True,False
5043,1090.0,688,3541594,0.15,0.5224973059497601,10729.296469,True,False
5044,370.0,424,3542018,0.15,0.46101142522299066,10730.619336459,True,False
5045,1700.0,886,3542904,0.15,0.3989934394018607,10733.324179209001,True,False
5046,1760.0,799,3543703,0.15,0.40164118671986326,10735.692889334001,True,False
5047,1280.0,835,3544538,0.15,0.4300945426502296,10738.170446959,True,False
5048,1620.0,818,3545356,0.15,0.3850697365839307,10740.587443708999,True,False
5049,1230.0,708,3546064,0.15,0.46675897903193186,10742.640031374998,True,False
5050,1180.0,615,3546679,0.15,0.4304349547605109,10744.439186459,True,False
5051,970.0,733,3547412,0.15,0.4539153163280824,10747.571717709001,True,False
5052,1020.0,644,3548056,0.15,0.4279770483233914,10749.468945249999,True,False
5053,1990.0,934,3548990,0.15,0.41848150730260963,10752.210884167001,True,False
5054,1480.0,873,3549863,0.15,0.4396798526270127,10754.887340459001,True,False
5055,360.0,462,3550325,0.15,0.4859684330636057,10756.360836333999,True,False
5056,970.0,553,3550878,0.15,0.45229396699131397,10758.022031959,True,False
5057,1750.0,866,3551744,0.15,0.5271452206277079,10760.585990333999,True,False
5058,2000.0,1155,3552899,0.15,0.42249251938321525,10763.952008749999,True,False
5059,400.0,359,3553258,0.15,0.43320704483323624,10765.032573584002,True,False
5060,1700.0,661,3553919,0.15,0.5102542458610101,10766.983702500002,True,False
5061,1410.0,617,3554536,0.15,0.3948303276973386,10768.809577791999,True,False
5062,1510.0,693,3555229,0.15,0.46036590317081166,10770.832410750001,True,False
5063,1370.0,758,3555987,0.15,0.49828441594801254,10773.058086417,True,False
5064,1060.0,617,3556604,0.15,0.445021582515009,10774.902172916998,True,False
5065,1520.0,633,3557237,0.15,0.3868673692304122,10776.766934416999,True,False
5066,1010.0,648,3557885,0.15,0.3888730622460077,10778.667655834,True,False
5067,1380.0,759,3558644,0.15,0.4205021099040383,10780.898480208998,True,False
5068,1270.0,748,3559392,0.15,0.46373512137701167,10783.087604917,True,False
5069,1850.0,894,3560286,0.15,0.4074848218749991,10785.695567334002,True,False
5070,1390.0,659,3560945,0.15,0.462590471768018,10787.646934459,True,False
5071,1550.0,863,3561808,0.15,0.4063390478905704,10790.231012917,True,False
5072,1120.0,678,3562486,0.15,0.5020642473235638,10792.237298459,True,False
5073,970.0,618,3563104,0.15,0.4480766773223877,10794.101643917002,True,False
5074,1670.0,968,3564072,0.15,0.41644111811375817,10796.927924167001,True,False
5075,1540.0,956,3565028,0.15,0.4264182464597614,10799.706775042,True,False
5076,890.0,650,3565678,0.15,0.37961103629182885,10802.529877459001,True,False
5077,1040.0,728,3566406,0.15,0.45518208671729643,10804.631174084,True,False
5078,3120.0,1343,3567749,0.15,0.46102784999779295,10808.546177791999,True,False
5079,1050.0,686,3568435,0.15,0.45280299327004025,10810.670228333998,True,False
5080,1790.0,818,3569253,0.15,0.41389674871433074,10813.074525334,True,False
5081,1280.0,727,3569980,0.15,0.39641169032880236,10815.182112834002,True,False
5082,1170.0,626,3570606,0.15,0.441485598969918,10817.021943959,True,False
5083,2080.0,828,3571434,0.15,0.4650780577302555,10819.422478959,True,False
5084,1110.0,725,3572159,0.15,0.38742075127791303,10821.557274042,True,False
5085,4540.0,942,3573101,0.15,0.4900918781631074,10824.38564625,True,False
5086,1310.0,734,3573835,0.15,0.4355547353218162,10826.622166000001,True,False
5087,1690.0,755,3574590,0.15,0.4649883388053803,10828.821538042,True,False
5088,1720.0,806,3575396,0.15,0.4538117291239819,10831.153759208999,True,False
5089,1150.0,616,3576012,0.15,0.3646489256484942,10832.940681917,True,False
5090,1630.0,1030,3577042,0.15,0.4326161604795011,10836.011442333998,True,False
5091,1160.0,1032,3578074,0.15,0.47386182844638824,10839.027311041998,True,False
5092,1830.0,713,3578787,0.15,0.4893034403160047,10841.121535709,True,False
5093,1450.0,753,3579540,0.15,0.4922094814991825,10843.343412084,True,False
5094,1800.0,734,3580274,0.15,0.42383732166283766,10845.522126125,True,False
5095,1110.0,523,3580797,0.15,0.4446674245800681,10847.078952417,True,False
5096,1370.0,836,3581633,0.15,0.4416103751251572,10849.522525334,True,False
5097,820.0,583,3582216,0.15,0.37205754991059437,10851.231292625002,True,False
5098,1290.0,675,3582891,0.15,0.5072875130212023,10853.279827084,True,False
5099,1820.0,855,3583746,0.15,0.4311736844410406,10855.798823042001,True,False
5100,1150.0,618,3584364,0.15,0.5005760156819897,10857.636783167,True,False
5101,2030.0,953,3585317,0.15,0.4561765671652906,10861.511363667,True,False
5102,1480.0,840,3586157,0.15,0.37855214802991777,10863.969900875,True,False
5103,370.0,464,3586621,0.15,0.5664048545576376,10865.345231125,True,False
5104,1330.0,996,3587617,0.15,0.45957558733751497,10868.285249584002,True,False
5105,1340.0,718,3588335,0.15,0.44883955561415445,10870.413841667,True,False
5106,1220.0,843,3589178,0.15,0.49853226235268805,10872.900005042,True,False
5107,940.0,722,3589900,0.15,0.459646824026964,10875.088349041998,True,False
5108,1430.0,964,3590864,0.15,0.4994889556495975,10877.900103,True,False
5109,1050.0,774,3591638,0.15,0.44942541663665225,10880.174603459,True,False
5110,780.0,535,3592173,0.15,0.4690665697206312,10881.753348916998,True,False
5111,680.0,581,3592754,0.15,0.48459435223505415,10883.472847417,True,False
5112,2690.0,1084,3593838,0.15,0.41557437351928866,10886.67410325,True,False
5113,1530.0,1081,3594919,0.15,0.457475219004684,10889.842938041998,True,False
5114,1140.0,610,3595529,0.15,0.4854288217581175,10891.653177249998,True,False
5115,1310.0,697,3596226,0.15,0.4344781405110469,10893.704620584002,True,False
5116,690.0,572,3596798,0.15,0.4332521429637095,10895.382109916998,True,False
5117,1020.0,670,3597468,0.15,0.5876949304892194,10897.373299750001,True,False
5118,1260.0,681,3598149,0.15,0.49691596846370134,10899.409229166999,True,False
5119,1660.0,823,3598972,0.15,0.45511478265222993,10901.857074084,True,False
5120,400.0,434,3599406,0.15,0.43914149629159105,10903.163535708998,True,False
5121,1290.0,798,3600204,0.15,0.45877680554986,10905.541003875001,True,False
5122,1210.0,627,3600831,0.15,0.5211944968367999,10907.412193375,True,False
5123,880.0,516,3601347,0.15,0.5053610161177872,10908.958816834001,True,False
5124,1420.0,664,3602011,0.15,0.5841189341013691,10910.924814792,True,False
5125,1760.0,1272,3603283,0.15,0.42034518123610215,10914.790192459,True,False
5126,1570.0,1203,3604486,0.15,0.44985541003289015,10919.303814292001,True,False
5127,1030.0,747,3605233,0.15,0.5221898705962508,10921.496919959001,True,False
5128,1390.0,752,3605985,0.15,0.4364036712795496,10923.70815125,True,False
5129,1170.0,649,3606634,0.15,0.4626479293737147,10925.620914916999,True,False
5130,1280.0,721,3607355,0.15,0.5078513678991132,10927.745351459002,True,False
5131,1080.0,727,3608082,0.15,0.5209069421085027,10929.886848292,True,False
5132,1240.0,662,3608744,0.15,0.41451360621904754,10931.843666542001,True,False
5133,1310.0,685,3609429,0.15,0.4503393565789301,10933.867767791999,True,False
5134,1890.0,1250,3610679,0.15,0.49904711823910475,10937.637300584,True,False
5135,1300.0,771,3611450,0.15,0.41254434954625957,10939.951316375002,True,False
5136,1310.0,904,3612354,0.15,0.4738839702202683,10942.603577417001,True,False
5137,1670.0,1082,3613436,0.15,0.41795414276558535,10945.767463708999,True,False
5138,2020.0,907,3614343,0.15,0.47885741013209376,10948.463195208999,True,False
5139,1100.0,690,3615033,0.15,0.48659643694500015,10950.533537167,True,False
5140,1590.0,1087,3616120,0.15,0.4716401351341868,10953.693097,True,False
5141,1370.0,503,3616623,0.15,0.5757552212476731,10955.19804625,True,False
5142,1230.0,749,3617372,0.15,0.42306348669560667,10957.400368542,True,False
5143,1350.0,824,3618196,0.15,0.3916199497010523,10959.791579208999,True,False
5144,1570.0,675,3618871,0.15,0.39553929151346284,10961.744972292,True,False
5145,1180.0,572,3619443,0.15,0.45584527715728,10963.417754458998,True,False
5146,1830.0,816,3620259,0.15,0.41941084723700495,10965.783361292,True,False
5147,880.0,674,3620933,0.15,0.37474011475517904,10967.766529542001,True,False
5148,1080.0,944,3621877,0.15,0.3699131319457192,10970.563280292,True,False
5149,1080.0,870,3622747,0.15,0.3888508970012313,10973.102993959,True,False
5150,850.0,554,3623301,0.15,0.39927740995403677,10974.758088334002,True,False
5151,870.0,690,3623991,0.15,0.4342608033397863,10977.644637709,True,False
5152,1690.0,728,3624719,0.15,0.4695395300840283,10979.760255875,True,False
5153,1290.0,724,3625443,0.15,0.4284647407617358,10981.862977459,True,False
5154,630.0,522,3625965,0.15,0.4456717326440884,10983.396945959,True,False
5155,2110.0,1035,3627000,0.15,0.41623893118387945,10986.470107042001,True,False
5156,1230.0,714,3627714,0.15,0.49135276520352683,10988.607941667,True,False
5157,1160.0,677,3628391,0.15,0.45490480192314237,10990.632266249999,True,False
5158,1430.0,871,3629262,0.15,0.44676484102639585,10993.21071825,True,False
5159,1530.0,831,3630093,0.15,0.38770133958986175,10995.641984000002,True,False
5160,1600.0,918,3631011,0.15,0.4499937134864028,10998.359453917,True,False
5161,2230.0,907,3631918,0.15,0.4153018139532484,11001.036061792001,True,False
5162,570.0,681,3632599,0.15,0.40954122771235074,11003.153431792001,True,False
5163,1230.0,767,3633366,0.15,0.4165155348988871,11005.416090042,True,False
5164,1090.0,774,3634140,0.15,0.4325747720359527,11007.673473833998,True,False
5165,900.0,592,3634732,0.15,0.3812112143212879,11009.427338124999,True,False
5166,2590.0,940,3635672,0.15,0.39005714471035813,11012.204952167001,True,False
5167,1280.0,650,3636322,0.15,0.4245724959505929,11014.127614709,True,False
5168,1330.0,758,3637080,0.15,0.41859513550604643,11016.348629208998,True,False
5169,2500.0,670,3637750,0.15,0.3987832976404778,11018.319610625,True,False
5170,960.0,731,3638481,0.15,0.42358522239278573,11020.473091959,True,False
5171,1420.0,798,3639279,0.15,0.3899639790606259,11022.807723792,True,False
5172,1140.0,724,3640003,0.15,0.4601014936085564,11024.942744167001,True,False
5173,1230.0,614,3640617,0.15,0.5112597439196203,11026.755657667,True,False
5174,1010.0,612,3641229,0.15,0.406042442943146,11028.583646916999,True,False
5175,1080.0,739,3641968,0.15,0.4460962056710913,11030.7529775,True,False
5176,1540.0,1269,3643237,0.15,0.41585442416769475,11035.296541875,True,False
5177,1270.0,740,3643977,0.15,0.39525251376467785,11037.446234084,True,False
5178,1700.0,651,3644628,0.15,0.43789993313375425,11039.356425375001,True,False
5179,1200.0,830,3645458,0.15,0.4916220800096286,11041.768335666999,True,False
5180,1080.0,782,3646240,0.15,0.4827052690088749,11044.105263124999,True,False
5181,1450.0,730,3646970,0.15,0.4691971018910408,11046.274185958999,True,False
5182,1410.0,825,3647795,0.15,0.41966768958180856,11048.726239542,True,False
5183,1330.0,669,3648464,0.15,0.4639497937723285,11050.702560334,True,False
5184,1490.0,715,3649179,0.15,0.40901839913109717,11052.7970255,True,False
5185,550.0,491,3649670,0.15,0.45188138961065105,11054.276486874998,True,False
5186,1680.0,737,3650407,0.15,0.47069509282870137,11056.45534225,True,False
5187,2060.0,995,3651402,0.15,0.43457004233416785,11059.340865041999,True,False
5188,2060.0,995,3652397,0.15,0.4136175520149579,11062.218861417,True,False
5189,1510.0,766,3653163,0.15,0.3825858731544455,11064.436842625,True,False
5190,1610.0,736,3653899,0.15,0.402636610781369,11066.687505875001,True,False
5191,1330.0,721,3654620,0.15,0.45921543565738265,11068.813973125001,True,False
5192,1130.0,626,3655246,0.15,0.4606979093872584,11070.627190917,True,False
5193,1170.0,836,3656082,0.15,0.36122952326775737,11073.051429374998,True,False
5194,700.0,544,3656626,0.15,0.46741640074726415,11074.656214499999,True,False
5195,960.0,696,3657322,0.15,0.4190032411923354,11076.699009667002,True,False
5196,2180.0,1007,3658329,0.15,0.4935007835664446,11079.658380084002,True,False
5197,920.0,596,3658925,0.15,0.4581425613004889,11081.433070667,True,False
5198,1300.0,733,3659658,0.15,0.43827688384577224,11083.572692000002,True,False
5199,1140.0,644,3660302,0.15,0.49704566602566225,11085.505655124998,True,False
5200,1330.0,833,3661135,0.15,0.43949009753906954,11087.941429958999,True,False
5201,1190.0,636,3661771,0.15,0.44326023452874247,11090.803039125,True,False
5202,1040.0,653,3662424,0.15,0.4561231988595753,11092.734102167,True,False
5203,1250.0,733,3663157,0.15,0.46031738088919166,11094.903932209,True,False
5204,240.0,328,3663485,0.15,0.3949808781830276,11095.869195667,True,False
5205,1580.0,976,3664461,0.15,0.5167473576596526,11098.711658917,True,False
5206,900.0,657,3665118,0.15,0.42017542234644656,11100.665353166998,True,False
5207,940.0,622,3665740,0.15,0.469771044042248,11102.524666541998,True,False
5208,1580.0,807,3666547,0.15,0.4796251587903322,11104.875276458999,True,False
5209,720.0,508,3667055,0.15,0.474662067852621,11106.385478084001,True,False
5210,1940.0,1042,3668097,0.15,0.477157701991527,11109.438965875,True,False
5211,1080.0,805,3668902,0.15,0.48273975754258647,11111.776960833999,True,False
5212,2190.0,981,3669883,0.15,0.4605705798280482,11114.653511459,True,False
5213,1420.0,823,3670706,0.15,0.4810107193742562,11117.080516541999,True,False
5214,1450.0,787,3671493,0.15,0.407919254361978,11119.357323167002,True,False
5215,850.0,648,3672141,0.15,0.5061319290119924,11121.240871083999,True,False
5216,1890.0,990,3673131,0.15,0.4586057845759488,11124.123055459,True,False
5217,1400.0,778,3673909,0.15,0.5013090294905198,11126.425521459001,True,False
5218,1070.0,595,3674504,0.15,0.4535411651802543,11128.197227584002,True,False
5219,1290.0,796,3675300,0.15,0.4216353776092505,11130.611031166998,True,False
5220,410.0,376,3675676,0.15,0.4033407965239058,11131.776731499998,True,False
5221,1290.0,696,3676372,0.15,0.45088134123676127,11133.813194916998,True,False
5222,1070.0,760,3677132,0.15,0.44594201151477664,11136.0876255,True,False
5223,840.0,719,3677851,0.15,0.41337476112989074,11138.210830334,True,False
5224,1170.0,724,3678575,0.15,0.4286064855877866,11140.376988584001,True,False
5225,1530.0,915,3679490,0.15,0.4795780445420586,11143.046867166999,True,False
5226,1160.0,583,3680073,0.15,0.5366925984008671,11145.688558167,True,False
5227,410.0,395,3680468,0.15,0.41177306045787504,11146.873586792,True,False
5228,1640.0,741,3681209,0.15,0.5471961122106861,11149.068475459,True,False
5229,1240.0,795,3682004,0.15,0.5015678329758309,11151.408625208998,True,False
5230,1770.0,727,3682731,0.15,0.47614131443902274,11153.53900525,True,False
5231,1390.0,906,3683637,0.15,0.454890847599979,11156.215653250001,True,False
5232,1130.0,536,3684173,0.15,0.4400197600584422,11157.785198000001,True,False
5233,1600.0,935,3685108,0.15,0.4605463897634266,11160.526662417,True,False
5234,1200.0,878,3685986,0.15,0.411497490659152,11163.11168275,True,False
5235,420.0,424,3686410,0.15,0.4325373089819584,11164.416176916999,True,False
5236,770.0,549,3686959,0.15,0.4349956365614912,11166.047883833999,True,False
5237,1030.0,722,3687681,0.15,0.5449657645179422,11168.170151999999,True,False
5238,1500.0,935,3688616,0.15,0.4354434593174702,11170.890554041998,True,False
5239,1090.0,720,3689336,0.15,0.5328007190177838,11172.988269209,True,False
5240,1590.0,816,3690152,0.15,0.4441645084058537,11175.359393667,True,False
5241,250.0,392,3690544,0.15,0.5538990569053864,11176.533768624999,True,False
5242,1100.0,782,3691326,0.15,0.45720223020284606,11178.827101167,True,False
5243,1370.0,969,3692295,0.15,0.5050020963877193,11181.661009584,True,False
5244,1850.0,777,3693072,0.15,0.459361308774887,11183.915039874999,True,False
5245,1120.0,687,3693759,0.15,0.474525585029906,11185.896130500001,True,False
5246,1280.0,899,3694658,0.15,0.5287189021375445,11188.495864542001,True,False
5247,1200.0,712,3695370,0.15,0.5071390246909656,11190.570139374999,True,False
5248,1730.0,731,3696101,0.15,0.5043650720614553,11192.720115667002,True,False
5249,1060.0,865,3696966,0.15,0.45643148923085797,11195.435666334,True,False
5250,1400.0,964,3697930,0.15,0.505779610753554,11198.273113333998,True,False
5251,880.0,781,3698711,0.15,0.5367025522849499,11201.377079000002,True,False
5252,1490.0,770,3699481,0.15,0.47602680958614446,11203.608024042001,True,False
5253,2290.0,1088,3700569,0.15,0.47024233135230403,11206.773768874998,True,False
5254,2010.0,524,3701093,0.15,0.5171032903986122,11208.318272584002,True,False
5255,1120.0,679,3701772,0.15,0.5281865499475423,11210.335637125001,True,False
5256,970.0,842,3702614,0.15,0.49784917199895495,11212.815601834001,True,False
5257,1290.0,907,3703521,0.15,0.49549765366289583,11215.469501209001,True,False
5258,1180.0,904,3704425,0.15,0.5014316376990977,11218.132725750002,True,False
5259,970.0,622,3705047,0.15,0.5026613298923739,11219.976355792001,True,False
5260,2160.0,979,3706026,0.15,0.5458849967438347,11222.834112666998,True,False
5261,1560.0,660,3706686,0.15,0.48333629044619475,11224.797528459,True,False
5262,910.0,681,3707367,0.15,0.45284186868983156,11226.806543416998,True,False
5263,740.0,662,3708029,0.15,0.6022385308990278,11228.786315583999,True,False
5264,1330.0,781,3708810,0.15,0.5328248595580076,11231.078440375,True,False
5265,1480.0,1107,3709917,0.15,0.5431942655721727,11234.406042499999,True,False
5266,1200.0,755,3710672,0.15,0.5414437352822571,11236.621024749998,True,False
5267,1180.0,651,3711323,0.15,0.4739825560906787,11238.552412875,True,False
5268,2080.0,854,3712177,0.15,0.4951272134747461,11241.067401249999,True,False
5269,2130.0,1096,3713273,0.15,0.49617410638797893,11244.312544584001,True,False
5270,1220.0,716,3713989,0.15,0.5141014502534653,11246.454876209002,True,False
5271,1170.0,713,3714702,0.15,0.5071698098202769,11248.574013541998,True,False
5272,2260.0,1142,3715844,0.15,0.5298296263167909,11251.918195958999,True,False
5273,1110.0,688,3716532,0.15,0.5384965845232093,11253.935610875,True,False
5274,860.0,570,3717102,0.15,0.5975769971248129,11255.603540625001,True,False
5275,1410.0,678,3717780,0.15,0.506439708173275,11257.693877292,True,False
5276,1700.0,627,3718407,0.15,0.5576776216905086,11260.482272209,True,False
5277,780.0,566,3718973,0.15,0.6116805978014436,11262.131297249998,True,False
5278,2070.0,833,3719806,0.15,0.5325874498543831,11264.567898083998,True,False
5279,1010.0,598,3720404,0.15,0.5159836462140084,11266.352068666998,True,False
5280,1290.0,802,3721206,0.15,0.5175022646039724,11268.754740291999,True,False
5281,1210.0,760,3721966,0.15,0.5338547175652102,11271.020977459,True,False
5282,1370.0,759,3722725,0.15,0.4819375618507988,11273.291275959,True,False
5283,960.0,712,3723437,0.15,0.5522998977410659,11275.413016667,True,False
5284,1840.0,880,3724317,0.15,0.4928958666595546,11278.051922709,True,False
5285,2120.0,904,3725221,0.15,0.4591381423900613,11280.681282500002,True,False
5286,1270.0,697,3725918,0.15,0.5305447895293949,11282.761804417001,True,False
5287,650.0,593,3726511,0.15,0.4228558029878784,11284.557977125001,True,False
5288,440.0,589,3727100,0.15,0.5169043604888626,11286.309564542,True,False
5289,530.0,453,3727553,0.15,0.5899542071650513,11287.649644500001,True,False
5290,1060.0,650,3728203,0.15,0.5049959739417206,11289.597289541998,True,False
5291,1280.0,690,3728893,0.15,0.4986454319919465,11291.636723667001,True,False
5292,1260.0,860,3729753,0.15,0.4617072098476942,11294.191181334001,True,False
5293,1290.0,1262,3731015,0.15,0.5872592179311646,11297.866352000001,True,False
5294,990.0,751,3731766,0.15,0.5634185145510003,11300.087819084001,True,False
5295,1830.0,630,3732396,0.15,0.43556148577717285,11301.964176709,True,False
5296,450.0,407,3732803,0.15,0.5186675643861884,11303.171565,True,False
5297,1120.0,736,3733539,0.15,0.5798938956273638,11305.332218917,True,False
5298,1250.0,661,3734200,0.15,0.5508399529898741,11307.300166624998,True,False
5299,2280.0,963,3735163,0.15,0.5003330562263727,11310.138363041999,True,False
5300,1650.0,928,3736091,0.15,0.45786604877754017,11312.820079500001,True,False
5301,1070.0,598,3736689,0.15,0.5000954114397367,11315.558524917,True,False
5302,940.0,648,3737337,0.15,0.5780626588765486,11317.446458334001,True,False
5303,2100.0,966,3738303,0.15,0.5440483128814282,11320.248807667002,True,False
5304,1260.0,670,3738973,0.15,0.5264534927195027,11322.300184374999,True,False
5305,2110.0,910,3739883,0.15,0.5141654474094576,11324.946544709,True,False
5306,810.0,544,3740427,0.15,0.4714307821191409,11326.569916625001,True,False
5307,790.0,583,3741010,0.15,0.4411217015083522,11328.311871667,True,False
5308,1310.0,1089,3742099,0.15,0.490829976138604,11331.455637,True,False
5309,1310.0,685,3742784,0.15,0.5285437561918137,11333.490776874998,True,False
5310,1430.0,810,3743594,0.15,0.5035594404850265,11335.882947458998,True,False
5311,1160.0,843,3744437,0.15,0.4078964329020107,11338.372475791999,True,False
5312,940.0,611,3745048,0.15,0.4927632339250029,11340.188431834002,True,False
5313,880.0,550,3745598,0.15,0.49949097551786115,11341.78780125,True,False
5314,1440.0,825,3746423,0.15,0.47847123661087554,11344.214213833999,True,False
5315,1120.0,750,3747173,0.15,0.4808749622328484,11346.441000833998,True,False
5316,1510.0,936,3748109,0.15,0.5389354646715343,11349.145275292001,True,False
5317,1640.0,653,3748762,0.15,0.5155804202966163,11351.036806834,True,False
5318,1160.0,725,3749487,0.15,0.49774534238800816,11353.14210425,True,False
5319,820.0,505,3749992,0.15,0.49838738331175225,11354.642551417,True,False
5320,650.0,507,3750499,0.15,0.5375134471863036,11356.128734499998,True,False
5321,1580.0,618,3751117,0.15,0.5239980203490103,11357.939555875,True,False
5322,1240.0,741,3751858,0.15,0.5166632690945188,11360.110544542,True,False
5323,1110.0,773,3752631,0.15,0.5060289436903025,11362.413090125,True,False
5324,1210.0,579,3753210,0.15,0.4976648780292478,11364.122759834001,True,False
5325,1610.0,843,3754053,0.15,0.5185128638953395,11366.606427209,True,False
5326,1250.0,699,3754752,0.15,0.4901390882049288,11369.593365792,True,False
5327,1760.0,1120,3755872,0.15,0.4689589579722711,11372.883409458998,True,False
5328,1260.0,743,3756615,0.15,0.47516177119435493,11375.085835958998,True,False
5329,1050.0,641,3757256,0.15,0.4789490242089544,11376.974310375,True,False
5330,1380.0,678,3757934,0.15,0.5858938112943131,11378.983419917,True,False
5331,1640.0,1094,3759028,0.15,0.48290810598074085,11382.183800334002,True,False
5332,1520.0,792,3759820,0.15,0.47212613626110433,11384.467475917001,True,False
5333,1160.0,675,3760495,0.15,0.5031343951289143,11386.509422792002,True,False
5334,1550.0,693,3761188,0.15,0.48853893599462234,11388.541541292001,True,False
5335,4020.0,664,3761852,0.15,0.5169666490281921,11390.530231459,True,False
5336,1060.0,729,3762581,0.15,0.5208642058647596,11392.674327666999,True,False
5337,1630.0,741,3763322,0.15,0.5098860402767723,11394.837313249998,True,False
5338,690.0,492,3763814,0.15,0.584410886938979,11396.301935542,True,False
5339,1010.0,600,3764414,0.15,0.606924075037241,11398.100453874998,True,False
5340,1860.0,731,3765145,0.15,0.46108780182450193,11400.293543917,True,False
5341,840.0,705,3765850,0.15,0.5433072417297147,11402.359037541999,True,False
5342,1650.0,707,3766557,0.15,0.5264995759826595,11404.435893209,True,False
5343,1870.0,1032,3767589,0.15,0.5121741813802442,11407.44370675,True,False
5344,960.0,560,3768149,0.15,0.427850239617484,11409.132817583999,True,False
5345,1170.0,647,3768796,0.15,0.476360580895418,11411.049703875,True,False
5346,1420.0,778,3769574,0.15,0.4922123738017279,11413.330655083999,True,False
5347,1140.0,610,3770184,0.15,0.5531733440223083,11415.141088584001,True,False
5348,1890.0,856,3771040,0.15,0.5212550510730699,11417.621296459001,True,False
5349,900.0,553,3771593,0.15,0.4183108334740003,11419.247700084,True,False
5350,2950.0,1048,3772641,0.15,0.4949402586194395,11422.341102625,True,False
5351,1330.0,759,3773400,0.15,0.502960342168808,11425.448270166999,True,False
5352,1680.0,920,3774320,0.15,0.5066544238639914,11428.147048584,True,False
5353,1170.0,614,3774934,0.15,0.47932552492696473,11429.943918624998,True,False
5354,1040.0,600,3775534,0.15,0.4290199077129364,11431.697428667001,True,False
5355,2490.0,697,3776231,0.15,0.4743676886133764,11433.724901958998,True,False
5356,1120.0,772,3777003,0.15,0.49581417595784283,11436.032502125,True,False
5357,1680.0,637,3777640,0.15,0.4008534548804164,11437.909562709,True,False
5358,1340.0,756,3778396,0.15,0.5215202844332135,11440.134785584,True,False
5359,1260.0,736,3779132,0.15,0.450568827274053,11442.306208625,True,False
5360,970.0,608,3779740,0.15,0.5121489031926582,11444.108328875001,True,False
5361,960.0,675,3780415,0.15,0.4915969329220908,11446.101070624998,True,False
5362,1390.0,798,3781213,0.15,0.5274334228038788,11448.454514583998,True,False
5363,1020.0,751,3781964,0.15,0.5502762093030392,11450.781333542,True,False
5364,1300.0,910,3782874,0.15,0.49197350931456435,11453.432371459,True,False
5365,790.0,686,3783560,0.15,0.42146658251971697,11455.453768,True,False
5366,1070.0,756,3784316,0.15,0.5069917100604879,11457.693418209,True,False
5367,1360.0,828,3785144,0.15,0.45698154652896134,11460.150644292,True,False
5368,1360.0,940,3786084,0.15,0.4750889832669116,11462.892656125001,True,False
5369,1790.0,774,3786858,0.15,0.48663517828895636,11465.169179375,True,False
5370,1010.0,679,3787537,0.15,0.4992505506557577,11467.170365958998,True,False
5371,920.0,644,3788181,0.15,0.48189091414028074,11469.085868875001,True,False
5372,1680.0,710,3788891,0.15,0.46849192131710593,11471.18643925,True,False
5373,1660.0,1017,3789908,0.15,0.5153531963042185,11474.20088225,True,False
5374,1050.0,854,3790762,0.15,0.5310983756128611,11476.710147667,True,False
5375,880.0,545,3791307,0.15,0.40995744451442184,11478.342868291998,True,False
5376,1200.0,627,3791934,0.15,0.4444313940538722,11481.224857459001,True,False
5377,2310.0,570,3792504,0.15,0.5030710885783175,11482.884383542001,True,False
5378,1940.0,1037,3793541,0.15,0.4734232242733355,11485.875330125,True,False
5379,470.0,410,3793951,0.15,0.46316854684960607,11487.065399,True,False
5380,1950.0,826,3794777,0.15,0.4857213433094071,11489.488730459001,True,False
5381,1150.0,675,3795452,0.15,0.5170524094319908,11491.588170209001,True,False
5382,1640.0,928,3796380,0.15,0.5018193989606767,11494.361714042,True,False
5383,1880.0,976,3797356,0.15,0.49138898707804135,11497.247045459,True,False
5384,840.0,636,3797992,0.15,0.46518316368261975,11499.307644166998,True,False
5385,360.0,336,3798328,0.15,0.5257759044567744,11500.418070084,True,False
5386,1060.0,642,3798970,0.15,0.4893671900499612,11502.396737292001,True,False
5387,1430.0,975,3799945,0.15,0.5845639323968379,11505.260148209,True,False
5388,1070.0,712,3800657,0.15,0.48357683951767644,11507.401392291998,True,False
5389,1680.0,645,3801302,0.15,0.4747359005283125,11509.353167624999,True,False
5390,1810.0,694,3801996,0.15,0.45307984699805576,11511.426725459001,True,False
5391,3030.0,1313,3803309,0.15,0.4643053904902644,11515.393191333998,True,False
5392,1200.0,665,3803974,0.15,0.5104054084204765,11517.384984334,True,False
5393,1780.0,895,3804869,0.15,0.4815563022025994,11520.109268208998,True,False
5394,1160.0,885,3805754,0.15,0.4935833090975274,11522.729432667002,True,False
5395,700.0,664,3806418,0.15,0.4788654766617769,11524.682598584,True,False
5396,1080.0,781,3807199,0.15,0.45975990960231194,11526.972147917,True,False
5397,1450.0,769,3807968,0.15,0.5157333129891459,11529.250880625,True,False
5398,1640.0,1106,3809074,0.15,0.4267469925293024,11532.525079916999,True,False
5399,1220.0,636,3809710,0.15,0.48854338068444775,11534.403183792001,True,False
5400,1230.0,690,3810400,0.15,0.4673698028990988,11536.435468084,True,False
5401,1510.0,866,3811266,0.15,0.4910937015105177,11539.919723584,True,False
5402,290.0,335,3811601,0.15,0.49871749377676416,11540.933619584,True,False
5403,1140.0,758,3812359,0.15,0.5089941952752057,11543.137002917,True,False
5404,1410.0,1249,3813608,0.15,0.5096542921405249,11546.820196708999,True,False
5405,2350.0,628,3814236,0.15,0.488695623151436,11548.683321249999,True,False
5406,1300.0,679,3814915,0.15,0.4378009875409702,11550.66961325,True,False
5407,1180.0,616,3815531,0.15,0.497429088580531,11552.510280667,True,False
5408,1800.0,879,3816410,0.15,0.48350343050604516,11555.092623292,True,False
5409,1570.0,1035,3817445,0.15,0.45640021412989346,11558.153784541999,True,False
5410,1180.0,979,3818424,0.15,0.5222225553223065,11561.018243792001,True,False
5411,1150.0,735,3819159,0.15,0.4844198939823062,11563.181554416999,True,False
5412,1350.0,788,3819947,0.15,0.47923021249208353,11565.48904625,True,False
5413,1510.0,904,3820851,0.15,0.4595718409173784,11568.113040875,True,False
5414,1190.0,819,3821670,0.15,0.4927873054292144,11570.5146375,True,False
5415,1290.0,835,3822505,0.15,0.424170563879766,11572.989534708999,True,False
5416,980.0,645,3823150,0.15,0.4801104027569664,11575.010817375001,True,False
5417,1120.0,833,3823983,0.15,0.47370707634120035,11577.438367084,True,False
5418,1050.0,786,3824769,0.15,0.5116837106380366,11579.880307833999,True,False
5419,1130.0,706,3825475,0.15,0.4427861637774516,11581.9378005,True,False
5420,710.0,524,3825999,0.15,0.43187405151947766,11583.496730458999,True,False
5421,1720.0,791,3826790,0.15,0.4997028522193432,11585.825692458999,True,False
5422,2040.0,1090,3827880,0.15,0.47488586369888247,11589.051973583999,True,False
5423,1070.0,701,3828581,0.15,0.3658961942366191,11591.283964334001,True,False
5424,780.0,659,3829240,0.15,0.48474823913790965,11593.248092958998,True,False
5425,1020.0,780,3830020,0.15,0.4817010758396907,11595.514293542,True,False
5426,810.0,522,3830542,0.15,0.49146109681863054,11597.957115917001,True,False
5427,1220.0,662,3831204,0.15,0.5093985543283354,11599.8820945,True,False
5428,730.0,774,3831978,0.15,0.521353976945803,11602.142538625001,True,False
5429,2000.0,817,3832795,0.15,0.4985347240432805,11604.538863167,True,False
5430,1450.0,925,3833720,0.15,0.4856968679433239,11607.273465834001,True,False
5431,1840.0,891,3834611,0.15,0.4823459998645761,11609.882825125002,True,False
5432,1310.0,782,3835393,0.15,0.5493645252165745,11612.196121417,True,False
5433,1760.0,796,3836189,0.15,0.5045560784825128,11614.516955084,True,False
5434,1450.0,752,3836941,0.15,0.4870851912159235,11616.717199584,True,False
5435,1050.0,756,3837697,0.15,0.463593327257999,11618.949784334,True,False
5436,1130.0,593,3838290,0.15,0.45679704799644044,11620.706425042,True,False
5437,890.0,685,3838975,0.15,0.4252981057292537,11622.737612166999,True,False
5438,690.0,597,3839572,0.15,0.45402588536341987,11624.533899917002,True,False
5439,1270.0,777,3840349,0.15,0.5629430930946291,11626.856440250001,True,False
5440,1160.0,787,3841136,0.15,0.4734016609600353,11629.223451458998,True,False
5441,1020.0,674,3841810,0.15,0.49037177075764965,11631.220184917001,True,False
5442,1120.0,692,3842502,0.15,0.4735080018381163,11633.310097209,True,False
5443,1170.0,753,3843255,0.15,0.515207000988278,11635.575513708998,True,False
5444,1640.0,888,3844143,0.15,0.4680497062367362,11638.216331374999,True,False
5445,530.0,600,3844743,0.15,0.5156098728875319,11640.008317459,True,False
5446,970.0,726,3845469,0.15,0.5110788859099478,11642.228582209002,True,False
5447,1060.0,854,3846323,0.15,0.4608360991721422,11644.760521375,True,False
5448,1230.0,930,3847253,0.15,0.4828465417858869,11647.527367125,True,False
5449,1040.0,693,3847946,0.15,0.5318286130366298,11649.593426333999,True,False
5450,1340.0,845,3848791,0.15,0.5161308383489672,11652.113306292002,True,False
5451,1490.0,712,3849503,0.15,0.4537282132784302,11655.118414249999,True,False
5452,1750.0,894,3850397,0.15,0.5011650660474386,11657.737394791999,True,False
5453,830.0,653,3851050,0.15,0.5277244239314202,11659.662197583999,True,False
5454,1520.0,873,3851923,0.15,0.45411044342118667,11662.229123583998,True,False
5455,1250.0,755,3852678,0.15,0.5032945941128428,11664.473753541999,True,False
5456,1360.0,683,3853361,0.15,0.5404361979654658,11666.495856209,True,False
5457,1200.0,634,3853995,0.15,0.4524030990049809,11668.381792666998,True,False
5458,1480.0,926,3854921,0.15,0.45709511207352427,11671.116781334,True,False
5459,2110.0,828,3855749,0.15,0.4538722996406509,11673.540966417,True,False
5460,1210.0,533,3856282,0.15,0.4587885301588173,11675.148548083998,True,False
5461,1760.0,726,3857008,0.15,0.4631561873951456,11677.295124125001,True,False
5462,1680.0,688,3857696,0.15,0.4555862430743007,11679.370031584,True,False
5463,1140.0,610,3858306,0.15,0.4752548187971115,11681.190824166999,True,False
5464,410.0,415,3858721,0.15,0.48556928823773676,11682.443559959,True,False
5465,1320.0,1056,3859777,0.15,0.5281960987909273,11685.538641750001,True,False
5466,1260.0,647,3860424,0.15,0.46733595421652735,11687.469663749998,True,False
5467,1470.0,877,3861301,0.15,0.5513214453306372,11690.058130959002,True,False
5468,1230.0,856,3862157,0.15,0.4548379143821859,11692.576810375002,True,False
5469,1520.0,666,3862823,0.15,0.4691126540931593,11694.52875025,True,False
5470,600.0,637,3863460,0.15,0.46431135036982596,11696.397353875,True,False
5471,1370.0,871,3864331,0.15,0.4828129656235194,11698.92731,True,False
5472,1730.0,724,3865055,0.15,0.4887037212183462,11701.043333667,True,False
5473,1040.0,745,3865800,0.15,0.5433241033697511,11703.257904792,True,False
5474,1600.0,1103,3866903,0.15,0.4669697467847304,11706.515578625,True,False
5475,1570.0,575,3867478,0.15,0.4199435749194688,11708.204271416998,True,False
5476,580.0,507,3867985,0.15,0.4760172128912032,11711.306074875,True,False
5477,1720.0,826,3868811,0.15,0.5240511812848373,11713.741081417,True,False
5478,2190.0,1320,3870131,0.15,0.5309069514048822,11717.732608209,True,False
5479,1160.0,760,3870891,0.15,0.42193753389935745,11720.0561175,True,False
5480,250.0,310,3871201,0.15,0.5324056668159289,11720.993783167,True,False
5481,1210.0,924,3872125,0.15,0.46576660090968725,11723.724190166999,True,False
5482,2390.0,682,3872807,0.15,0.472457608843551,11725.737626417002,True,False
5483,1360.0,811,3873618,0.15,0.5503881400441889,11728.170698417001,True,False
5484,1170.0,946,3874564,0.15,0.508848738852684,11730.949810875001,True,False
5485,1220.0,936,3875500,0.15,0.524204744424066,11733.702620749998,True,False
5486,1730.0,829,3876329,0.15,0.4983272790044978,11736.182969959002,True,False
5487,1160.0,763,3877092,0.15,0.529714032188448,11738.449922875,True,False
5488,1120.0,926,3878018,0.15,0.4849804458873613,11741.194153375,True,False
5489,1260.0,690,3878708,0.15,0.5211964382257076,11743.319059083999,True,False
5490,1200.0,673,3879381,0.15,0.5133810109858002,11745.312275291999,True,False
5491,1430.0,990,3880371,0.15,0.5435914076894883,11748.219052417,True,False
5492,940.0,682,3881053,0.15,0.4390415532285707,11750.247139084,True,False
5493,1770.0,686,3881739,0.15,0.46623042138696413,11752.308981792,True,False
5494,1180.0,780,3882519,0.15,0.4952570380308689,11754.608837374999,True,False
5495,1400.0,685,3883204,0.15,0.4702097796076952,11756.628027584,True,False
5496,2520.0,740,3883944,0.15,0.48862574809306375,11758.831774958999,True,False
5497,1100.0,652,3884596,0.15,0.569373298550676,11760.752644959,True,False
5498,1450.0,662,3885258,0.15,0.5078626102570332,11762.694521917001,True,False
5499,1920.0,1248,3886506,0.15,0.4772486139853031,11766.3032695,True,False
5500,1130.0,592,3887098,0.15,0.5204512911873895,11768.044126166998,True,False
5501,990.0,542,3887640,0.15,0.4145855818710783,11770.8732475,True,False
5502,970.0,651,3888291,0.15,0.46225323997162004,11772.801215833999,True,False
5503,1390.0,693,3888984,0.15,0.4542501811580411,11774.834373292,True,False
5504,400.0,455,3889439,0.15,0.5403939155878219,11776.197358834,True,False
5505,1160.0,886,3890325,0.15,0.49217913823353276,11778.814494834001,True,False
5506,1110.0,954,3891279,0.15,0.5330758387175929,11781.591447625,True,False
5507,610.0,585,3891864,0.15,0.49123908599623206,11783.320656417,True,False
5508,1100.0,722,3892586,0.15,0.49835919642613996,11785.43865425,True,False
5509,1390.0,661,3893247,0.15,0.49672966987797706,11787.400263291998,True,False
5510,970.0,635,3893882,0.15,0.46528470853589615,11789.33270625,True,False
5511,1530.0,933,3894815,0.15,0.4861706553162935,11792.092184500001,True,False
5512,1970.0,682,3895497,0.15,0.5936070118556943,11794.097264749998,True,False
5513,1880.0,905,3896402,0.15,0.5294173416574445,11796.747946959,True,False
5514,1470.0,863,3897265,0.15,0.4607511065831339,11799.279286,True,False
5515,980.0,815,3898080,0.15,0.5531712738322276,11801.670753875002,True,False
5516,2040.0,962,3899042,0.15,0.5069428885355591,11804.490931249999,True,False
5517,2600.0,1068,3900110,0.15,0.562314339289058,11807.609724375001,True,False
5518,1460.0,813,3900923,0.15,0.45070463774973535,11809.982844792,True,False
5519,2610.0,856,3901779,0.15,0.41531940420793595,11812.46020175,True,False
5520,2160.0,1092,3902871,0.15,0.5777350249307933,11815.615042166999,True,False
5521,1670.0,915,3903786,0.15,0.4665339783354618,11818.306168084,True,False
5522,1140.0,675,3904461,0.15,0.5386622511070861,11820.307439084001,True,False
5523,1540.0,831,3905292,0.15,0.4494410683042728,11822.745669875,True,False
5524,1730.0,881,3906173,0.15,0.5037478671155192,11825.308116834,True,False
5525,1530.0,893,3907066,0.15,0.4517736030667352,11827.896376542001,True,False
5526,1690.0,671,3907737,0.15,0.4797121785758507,11830.886914625,True,False
5527,1050.0,732,3908469,0.15,0.44769679258267087,11833.051011374999,True,False
5528,870.0,635,3909104,0.15,0.5012588326192502,11835.070108291999,True,False
5529,2840.0,1237,3910341,0.15,0.4720225430615126,11838.706516875001,True,False
5530,970.0,714,3911055,0.15,0.4742619431671802,11840.815535000002,True,False
5531,910.0,659,3911714,0.15,0.49688921083103527,11842.773829417001,True,False
5532,1140.0,599,3912313,0.15,0.4458012976249059,11844.541316874998,True,False
5533,900.0,622,3912935,0.15,0.4926150219575051,11846.419810417,True,False
5534,1280.0,869,3913804,0.15,0.525789984595885,11848.990793417,True,False
5535,2480.0,902,3914706,0.15,0.4458421860138575,11851.613193709,True,False
5536,1450.0,740,3915446,0.15,0.5224984152896984,11853.782294375,True,False
5537,1350.0,813,3916259,0.15,0.42842797189950943,11856.158825167,True,False
5538,1800.0,1129,3917388,0.15,0.46034580432273475,11859.421525792,True,False
5539,1000.0,610,3917998,0.15,0.4623225316601364,11861.226723209002,True,False
5540,930.0,719,3918717,0.15,0.5006626187927193,11863.337541166999,True,False
5541,1590.0,601,3919318,0.15,0.3995500448346138,11865.099789167001,True,False
5542,2000.0,786,3920104,0.15,0.5313972200309565,11867.423568875001,True,False
5543,790.0,665,3920769,0.15,0.4056667476802705,11869.392674833998,True,False
5544,2430.0,642,3921411,0.15,0.4790969919413328,11871.2625095,True,False
5545,1620.0,784,3922195,0.15,0.42342471331357956,11873.5654965,True,False
5546,1520.0,540,3922735,0.15,0.5425714070046389,11875.1798255,True,False
5547,170.0,321,3923056,0.15,0.49185465423413266,11876.178181584,True,False
5548,1890.0,686,3923742,0.15,0.4941313732960071,11878.192282791999,True,False
5549,1020.0,598,3924340,0.15,0.5660993099212647,11879.972427125002,True,False
5550,2220.0,914,3925254,0.15,0.5579999426477834,11882.628828834,True,False
5551,1020.0,587,3925841,0.15,0.5347682166667211,11885.357570291999,True,False
5552,1110.0,723,3926564,0.15,0.5116632222223677,11887.456992250001,True,False
5553,1950.0,836,3927400,0.15,0.47261595433693754,11889.887783834001,True,False
5554,1110.0,556,3927956,0.15,0.48883380060144466,11891.50030725,True,False
5555,1810.0,687,3928643,0.15,0.5870011358233224,11893.507243875,True,False
5556,1090.0,712,3929355,0.15,0.45860001327616445,11895.58992875,True,False
5557,390.0,405,3929760,0.15,0.5449787056913563,11896.824217334,True,False
5558,940.0,635,3930395,0.15,0.4867949043931086,11898.775440209,True,False
5559,1160.0,950,3931345,0.15,0.5248222871362662,11901.630975417,True,False
5560,2000.0,860,3932205,0.15,0.5231300141922263,11904.153533042001,True,False
5561,2160.0,973,3933178,0.15,0.5956577671530806,11906.994230459,True,False
5562,1310.0,1054,3934232,0.15,0.48136272546694137,11910.111604041998,True,False
5563,1500.0,987,3935219,0.15,0.5312707362378516,11912.956976000001,True,False
5564,1420.0,906,3936125,0.15,0.46538226546038614,11915.578139666999,True,False
5565,1780.0,1127,3937252,0.15,0.5112728379825329,11918.841825167001,True,False
5566,1190.0,665,3937917,0.15,0.41908071288861426,11920.785330542,True,False
5567,950.0,679,3938596,0.15,0.49482187102822695,11922.804003709,True,False
5568,4390.0,1047,3939643,0.15,0.4664124088269084,11925.825070959,True,False
5569,1510.0,955,3940598,0.15,0.47326366712483403,11928.664472708999,True,False
5570,1290.0,674,3941272,0.15,0.5132026073671657,11930.654978458999,True,False
5571,1220.0,944,3942216,0.15,0.5332507278012523,11933.365235917001,True,False
5572,1280.0,820,3943036,0.15,0.4667360842954822,11935.736328750001,True,False
5573,1370.0,554,3943590,0.15,0.4981798145758069,11937.352349666999,True,False
5574,2170.0,960,3944550,0.15,0.46286867071564,11940.193724249999,True,False
5575,1110.0,727,3945277,0.15,0.4301918128525818,11942.363900208999,True,False
5576,1130.0,794,3946071,0.15,0.44343679616547593,11945.779302709001,True,False
5577,1470.0,924,3946995,0.15,0.5594558704209018,11948.459251,True,False
5578,1260.0,664,3947659,0.15,0.47869415428624096,11950.415422709,True,False
5579,1420.0,569,3948228,0.15,0.5094489850155957,11952.116395334,True,False
5580,980.0,630,3948858,0.15,0.49611081296850923,11953.949944208998,True,False
5581,1660.0,952,3949810,0.15,0.4962442713249631,11956.730403083999,True,False
5582,1200.0,912,3950722,0.15,0.5236773456267098,11959.440833749999,True,False
5583,2560.0,1002,3951724,0.15,0.5430426634996536,11962.52299025,True,False
5584,1460.0,820,3952544,0.15,0.510148822388998,11964.925468417001,True,False
5585,1060.0,813,3953357,0.15,0.5412665330277288,11967.315559709,True,False
5586,1840.0,915,3954272,0.15,0.5186511811731164,11969.959030999999,True,False
5587,1310.0,964,3955236,0.15,0.5406152031913832,11972.745375834002,True,False
5588,1710.0,867,3956103,0.15,0.5379319056454632,11975.265709917,True,False
5589,1070.0,692,3956795,0.15,0.5004123005736081,11977.296494958999,True,False
5590,890.0,728,3957523,0.15,0.5299591099904789,11979.424142917,True,False
5591,1250.0,721,3958244,0.15,0.5207134507473002,11981.557618959,True,False
5592,1300.0,731,3958975,0.15,0.4637496342862045,11983.706413791999,True,False
5593,820.0,1090,3960065,0.15,0.5637116599213946,11986.868438000001,True,False
5594,1560.0,1109,3961174,0.15,0.4824486205939351,11990.091516208999,True,False
5595,1640.0,845,3962019,0.15,0.5014156613728447,11992.563057459,True,False
5596,930.0,659,3962678,0.15,0.5849088336933743,11994.491514334,True,False
5597,2600.0,956,3963634,0.15,0.4701067379141951,11997.281039083999,True,False
5598,1370.0,771,3964405,0.15,0.45058394377867794,11999.543673,True,False
5599,1000.0,730,3965135,0.15,0.4903705215061104,12001.681679166999,True,False
5600,1790.0,1244,3966379,0.15,0.4939226051522988,12005.303260459,True,False
5601,720.0,714,3967093,0.15,0.5325315827763947,12008.306615000001,True,False
5602,1070.0,645,3967738,0.15,0.4851615791735442,12010.234382999999,True,False
5603,1440.0,677,3968415,0.15,0.507652294441793,12012.230979459,True,False
5604,1040.0,659,3969074,0.15,0.4652507795077382,12014.175111417,True,False
5605,1280.0,826,3969900,0.15,0.44171235339653087,12016.569460458999,True,False
5606,1540.0,742,3970642,0.15,0.47662994128626746,12018.725561,True,False
5607,1060.0,618,3971260,0.15,0.5532615445313915,12020.54948975,True,False
5608,1880.0,791,3972051,0.15,0.45856981342516573,12022.840363750001,True,False
5609,1820.0,847,3972898,0.15,0.4666348067375849,12025.315261959,True,False
5610,1130.0,589,3973487,0.15,0.547427352897975,12027.228554083998,True,False
5611,1440.0,981,3974468,0.15,0.5178487791217924,12030.092643917,True,False
5612,950.0,539,3975007,0.15,0.44441323443802433,12031.677007334001,True,False
5613,580.0,612,3975619,0.15,0.5175859155802945,12033.49884675,True,False
5614,1230.0,731,3976350,0.15,0.5532249432932483,12035.613610875,True,False
5615,1150.0,897,3977247,0.15,0.4576518381280558,12038.218133999999,True,False
5616,1880.0,884,3978131,0.15,0.4635921733546581,12040.773670292001,True,False
5617,1490.0,764,3978895,0.15,0.553469766653021,12043.033823624999,True,False
5618,1170.0,714,3979609,0.15,0.47293493759365723,12045.190686792,True,False
5619,900.0,692,3980301,0.15,0.46067310232303044,12047.220774334,True,False
5620,1000.0,618,3980919,0.15,0.520462039761342,12049.047609709,True,False
5621,1180.0,647,3981566,0.15,0.510514225764775,12050.953444750001,True,False
5622,2530.0,1214,3982780,0.15,0.4730092608614972,12054.460636291999,True,False
5623,1270.0,688,3983468,0.15,0.45623237353771234,12056.467432166999,True,False
5624,1050.0,778,3984246,0.15,0.4383214834271018,12058.730214917,True,False
5625,880.0,714,3984960,0.15,0.46345596698076363,12060.816325791999,True,False
5626,1210.0,705,3985665,0.15,0.5197598055343736,12063.793015459,True,False
5627,1610.0,1186,3986851,0.15,0.546751058584935,12067.213848874999,True,False
5628,1540.0,767,3987618,0.15,0.4791695256717503,12069.461889792,True,False
5629,2840.0,915,3988533,0.15,0.483783898069869,12072.172732709001,True,False
5630,1950.0,873,3989406,0.15,0.5261392993254399,12074.726143167001,True,False
5631,1170.0,943,3990349,0.15,0.4762082666284957,12077.506918333998,True,False
5632,1190.0,598,3990947,0.15,0.4561719951413622,12079.26640525,True,False
5633,1250.0,671,3991618,0.15,0.5388513994624927,12081.212376709002,True,False
5634,1120.0,661,3992279,0.15,0.5218674986651449,12083.152021000002,True,False
5635,1380.0,625,3992904,0.15,0.4997603398789266,12084.994523709,True,False
5636,1000.0,586,3993490,0.15,0.43758275431312926,12086.726052041999,True,False
5637,1440.0,930,3994420,0.15,0.4633850505167834,12089.415137584001,True,False
5638,740.0,535,3994955,0.15,0.5097421723649018,12091.124634459,True,False
5639,940.0,676,3995631,0.15,0.5373672733645467,12093.10834625,True,False
5640,1170.0,633,3996264,0.15,0.4357545621833711,12094.988119709,True,False
5641,1060.0,705,3996969,0.15,0.45248109322379937,12097.079215709,True,False
5642,1380.0,803,3997772,0.15,0.4867050146211439,12099.445085209001,True,False
5643,1480.0,761,3998533,0.15,0.5323484055305782,12101.70324775,True,False
5644,4170.0,972,3999505,0.15,0.4984744788749228,12104.563066292001,True,False
5645,870.0,505,4000010,0.15,0.487016641667911,12106.104689374999,True,False
5646,1220.0,822,4000832,0.15,0.48464281560437195,12108.515125083999,True,False
5647,830.0,694,4001526,0.15,0.5304679066976371,12110.546118334001,True,False
5648,1410.0,820,4002346,0.15,0.5422747276905107,12112.954501959,True,False
5649,980.0,735,4003081,0.15,0.48349426030788734,12115.162703083999,True,False
5650,1380.0,718,4003799,0.15,0.49702168397563795,12117.295889583998,True,False
5651,1760.0,904,4004703,0.15,0.4712698779406801,12121.034421625001,True,False
5652,1220.0,847,4005550,0.15,0.5582421224142583,12123.585563584002,True,False
5653,1700.0,883,4006433,0.15,0.4814525746584478,12126.31180825,True,False
5654,1040.0,641,4007074,0.15,0.5197461519390345,12128.220046916998,True,False
5655,1160.0,832,4007906,0.15,0.49616604900130856,12130.667727917,True,False
5656,1400.0,679,4008585,0.15,0.5230434093405218,12132.704596625,True,False
5657,1100.0,777,4009362,0.15,0.4836068202539818,12134.979878958999,True,False
5658,1920.0,704,4010066,0.15,0.4942131601697342,12137.080119041999,True,False
5659,1290.0,1114,4011180,0.15,0.4905669597848769,12140.309058625,True,False
5660,2420.0,852,4012032,0.15,0.4466823239771413,12142.772155042,True,False
5661,1820.0,696,4012728,0.15,0.47542972785645515,12144.791251292001,True,False
5662,1380.0,1013,4013741,0.15,0.5309955833457676,12147.719520042,True,False
5663,1110.0,815,4014556,0.15,0.4639862572372544,12150.135896417,True,False
5664,1900.0,790,4015346,0.15,0.5347719919409244,12152.453337084,True,False
5665,1330.0,930,4016276,0.15,0.485924110456086,12155.278321041998,True,False
5666,1340.0,1068,4017344,0.15,0.49060122347837976,12158.436329042,True,False
5667,1350.0,771,4018115,0.15,0.48425719879257184,12160.697503917,True,False
5668,1120.0,671,4018786,0.15,0.5028103376250892,12162.693943792001,True,False
5669,1600.0,1247,4020033,0.15,0.5089191718456837,12166.353215292002,True,False
5670,1420.0,793,4020826,0.15,0.4894196261661221,12168.65213975,True,False
5671,1200.0,648,4021474,0.15,0.581169600839968,12170.558137667002,True,False
5672,950.0,800,4022274,0.15,0.4669134671613574,12172.897346000002,True,False
5673,1010.0,828,4023102,0.15,0.5523265821922229,12175.833454417,True,False
5674,2720.0,912,4024014,0.15,0.5617042508695209,12178.675570250001,True,False
5675,980.0,494,4024508,0.15,0.4628972245320197,12180.177656291999,True,False
5676,1210.0,943,4025451,0.15,0.5193278637338192,12183.851766791999,True,False
5677,1910.0,1109,4026560,0.15,0.4713996724366284,12187.064200666999,True,False
5678,1020.0,550,4027110,0.15,0.4205171890067358,12188.697738874998,True,False
5679,1130.0,842,4027952,0.15,0.5573816725286828,12191.204214083999,True,False
5680,1460.0,830,4028782,0.15,0.5393297562852574,12193.629694584,True,False
5681,1370.0,786,4029568,0.15,0.5363411389026546,12196.007526792,True,False
5682,1360.0,751,4030319,0.15,0.4498749160192867,12198.226080084001,True,False
5683,1230.0,786,4031105,0.15,0.4459721151417887,12200.550130833999,True,False
5684,1370.0,510,4031615,0.15,0.539511782916512,12202.049958209001,True,False
5685,970.0,733,4032348,0.15,0.46687370320053206,12204.195620167,True,False
5686,1650.0,1029,4033377,0.15,0.468913123504429,12207.179136833998,True,False
5687,960.0,790,4034167,0.15,0.5175104133293108,12209.483930125,True,False
5688,1470.0,988,4035155,0.15,0.46397600543161155,12212.379245708998,True,False
5689,1210.0,686,4035841,0.15,0.439416179043609,12214.415362374999,True,False
5690,1030.0,591,4036432,0.15,0.44050735557401505,12216.187123667001,True,False
5691,2400.0,950,4037382,0.15,0.4352139713329102,12218.983315041998,True,False
5692,850.0,613,4037995,0.15,0.517738592585707,12220.768676917,True,False
5693,1110.0,780,4038775,0.15,0.5641219861996479,12223.073491833999,True,False
5694,970.0,613,4039388,0.15,0.49442430401777293,12224.949900750002,True,False
5695,1350.0,1103,4040491,0.15,0.522813417098739,12228.192901709,True,False
5696,920.0,636,4041127,0.15,0.44691108527985757,12230.08174225,True,False
5697,1300.0,681,4041808,0.15,0.49530023467122464,12232.107108084001,True,False
5698,1150.0,659,4042467,0.15,0.5315714705644584,12234.048406209,True,False
5699,650.0,806,4043273,0.15,0.5519557593039947,12236.509369833999,True,False
5700,1270.0,713,4043986,0.15,0.46168815650129585,12238.631309584001,True,False
5701,1560.0,858,4044844,0.15,0.47341565891753795,12242.013294749999,True,False
5702,940.0,631,4045475,0.15,0.45062436229863745,12243.859204417,True,False
5703,1610.0,1042,4046517,0.15,0.45658321687202347,12246.880167459,True,False
5704,1840.0,964,4047481,0.15,0.48663654348414964,12249.710414209,True,False
5705,930.0,671,4048152,0.15,0.4356190222980721,12251.68324075,True,False
5706,950.0,663,4048815,0.15,0.45673564126094185,12253.627818292,True,False
5707,1780.0,818,4049633,0.15,0.41743743772186886,12256.081117541999,True,False
5708,800.0,535,4050168,0.15,0.4929011169987828,12257.644180833999,True,False
5709,2040.0,1047,4051215,0.15,0.44398482851826826,12260.686559124999,True,False
5710,1020.0,716,4051931,0.15,0.5359796604880408,12262.779035625,True,False
5711,1340.0,672,4052603,0.15,0.4485393998523553,12264.752069499998,True,False
5712,1260.0,912,4053515,0.15,0.440432104559844,12267.396283458998,True,False
5713,1450.0,874,4054389,0.15,0.4500022845929616,12269.987474334,True,False
5714,1050.0,806,4055195,0.15,0.5311673267267236,12272.393258334,True,False
5715,1180.0,679,4055874,0.15,0.4048217657734366,12274.396064917,True,False
5716,1400.0,733,4056607,0.15,0.4541646323568834,12276.538650334001,True,False
5717,820.0,567,4057174,0.15,0.44722496287923463,12278.227295959001,True,False
5718,2120.0,1011,4058185,0.15,0.4678919959386347,12281.183806917,True,False
5719,1580.0,1210,4059395,0.15,0.47079840156909647,12284.841118749999,True,False
5720,2170.0,975,4060370,0.15,0.4605127503087775,12287.67193,True,False
5721,870.0,564,4060934,0.15,0.4260338820675586,12289.317573291999,True,False
5722,1040.0,665,4061599,0.15,0.47147418621433784,12291.258545166998,True,False
5723,1670.0,1358,4062957,0.15,0.5082543462953146,12295.191200459001,True,False
5724,1820.0,993,4063950,0.15,0.5192279398080802,12298.1617215,True,False
5725,1440.0,955,4064905,0.15,0.45338116349286117,12301.080721958999,True,False
5726,1100.0,840,4065745,0.15,0.4275669004235949,12304.642219875,True,False
5727,360.0,442,4066187,0.15,0.44335870458321136,12305.972406375,True,False
5728,610.0,485,4066672,0.15,0.43649446481808285,12307.429237417,True,False
5729,1980.0,759,4067431,0.15,0.42047978192567825,12309.682082542,True,False
5730,1230.0,835,4068266,0.15,0.4732652609214258,12312.1728195,True,False
5731,710.0,557,4068823,0.15,0.4611691785373276,12313.810650417,True,False
5732,1070.0,662,4069485,0.15,0.4695292594562094,12315.772737791998,True,False
5733,1260.0,859,4070344,0.15,0.5007638148790182,12318.322235125,True,False
5734,1000.0,696,4071040,0.15,0.48932740473370445,12320.462109249998,True,False
5735,2120.0,1140,4072180,0.15,0.4714867042344913,12323.776406166999,True,False
5736,2360.0,908,4073088,0.15,0.44271977403352963,12326.470113084,True,False
5737,1280.0,790,4073878,0.15,0.45155783549783196,12328.834353667,True,False
5738,1390.0,872,4074750,0.15,0.43874487400465056,12331.383616084,True,False
5739,840.0,706,4075456,0.15,0.42754194089921854,12333.490797834002,True,False
5740,1270.0,754,4076210,0.15,0.48551463617130797,12335.6943145,True,False
5741,1740.0,742,4076952,0.15,0.44210297718483915,12337.885589500002,True,False
5742,1820.0,813,4077765,0.15,0.48341824910764036,12340.265347334,True,False
5743,1290.0,773,4078538,0.15,0.46891363320264173,12342.548177625002,True,False
5744,1990.0,833,4079371,0.15,0.5541329675425704,12344.966501042,True,False
5745,2080.0,796,4080167,0.15,0.46719306729846266,12347.329668292,True,False
5746,1350.0,726,4080893,0.15,0.5432193655070368,12349.473950750002,True,False
5747,1050.0,722,4081615,0.15,0.4945095240241951,12351.578680499999,True,False
5748,1490.0,675,4082290,0.15,0.4652856452577918,12353.574585542,True,False
5749,1310.0,869,4083159,0.15,0.5378332303210338,12356.133345709,True,False
5750,1640.0,825,4083984,0.15,0.4880814055961687,12358.66444525,True,False
5751,920.0,884,4084868,0.15,0.44726388992497285,12362.517185459,True,False
5752,2290.0,676,4085544,0.15,0.3939515683777939,12364.555291875,True,False
5753,1110.0,626,4086170,0.15,0.44259655532928616,12366.420154959,True,False
5754,1330.0,654,4086824,0.15,0.44913627756986674,12368.387753459,True,False
5755,1340.0,654,4087478,0.15,0.4687838709793208,12370.335566334,True,False
5756,1290.0,710,4088188,0.15,0.45586254125398196,12372.457818167,True,False
5757,1820.0,1014,4089202,0.15,0.5043450785071953,12375.463951541999,True,False
5758,1150.0,661,4089863,0.15,0.5045551482926716,12377.427944292001,True,False
5759,1460.0,1136,4090999,0.15,0.5049990455449467,12380.781680334,True,False
5760,1410.0,717,4091716,0.15,0.4606652474237813,12382.910310333998,True,False
5761,1740.0,948,4092664,0.15,0.4564766672593129,12385.689307959,True,False
5762,1880.0,1019,4093683,0.15,0.4811400415038499,12389.036449959,True,False
5763,1800.0,961,4094644,0.15,0.4432065503911359,12391.880910875,True,False
5764,910.0,812,4095456,0.15,0.49556979863661266,12394.528903209,True,False
5765,1660.0,798,4096254,0.15,0.5054703151161347,12396.929983041999,True,False
5766,1230.0,795,4097049,0.15,0.5115482161317638,12399.285322625,True,False
5767,950.0,659,4097708,0.15,0.43469574681737205,12401.361308042,True,False
5768,1260.0,886,4098594,0.15,0.5160371199991908,12404.062454542,True,False
5769,1870.0,837,4099431,0.15,0.464045987887816,12406.5232455,True,False
5770,1390.0,834,4100265,0.15,0.45474511078385077,12408.989584833998,True,False
5771,1250.0,682,4100947,0.15,0.5034209893906818,12411.092639834002,True,False
5772,2780.0,1064,4102011,0.15,0.48903421766327737,12414.278058749998,True,False
5773,390.0,458,4102469,0.15,0.44340561550596486,12415.640145541998,True,False
5774,1620.0,1013,4103482,0.15,0.4400240548043383,12418.661102458998,True,False
5775,1200.0,726,4104208,0.15,0.45623625061669193,12420.856190709,True,False
5776,670.0,620,4104828,0.15,0.5025190514902915,12423.706193167,True,False
5777,2430.0,1075,4105903,0.15,0.46294565662852866,12426.902434625,True,False
5778,220.0,377,4106280,0.15,0.56878589595619,12428.06034675,True,False
5779,440.0,468,4106748,0.15,0.5462053143697926,12429.444712834,True,False
5780,1680.0,852,4107600,0.15,0.5799635521053148,12431.968141583999,True,False
5781,790.0,623,4108223,0.15,0.5581920801631866,12433.799533417001,True,False
5782,830.0,762,4108985,0.15,0.5043003044203314,12436.038476083999,True,False
5783,1270.0,671,4109656,0.15,0.5426474898343995,12438.009714250002,True,False
5784,940.0,673,4110329,0.15,0.4665099931437345,12439.975017334,True,False
5785,1340.0,778,4111107,0.15,0.5091291671023541,12442.253142792,True,False
5786,1450.0,908,4112015,0.15,0.5008369432803292,12444.884883916999,True,False
5787,1200.0,649,4112664,0.15,0.49163779177548694,12446.792374417,True,False
5788,770.0,788,4113452,0.15,0.5060081500843697,12449.1142345,True,False
5789,880.0,564,4114016,0.15,0.45039950924139494,12450.800673417001,True,False
5790,960.0,708,4114724,0.15,0.42258870180717295,12452.853621041999,True,False
5791,1150.0,672,4115396,0.15,0.48993686506790773,12454.813963084001,True,False
5792,840.0,568,4115964,0.15,0.4839959991439967,12456.475211792,True,False
5793,1340.0,1013,4116977,0.15,0.5161391312307991,12459.407168917001,True,False
5794,1580.0,782,4117759,0.15,0.45628053748454805,12461.682773459,True,False
5795,1060.0,731,4118490,0.15,0.5419244320014787,12463.826143167,True,False
5796,1140.0,626,4119116,0.15,0.45733321913678177,12465.700640792002,True,False
5797,760.0,521,4119637,0.15,0.5152260247331399,12467.276555208999,True,False
5798,400.0,404,4120041,0.15,0.4714110075394706,12468.488191542001,True,False
5799,750.0,606,4120647,0.15,0.5115314041640585,12470.266278584,True,False
5800,1100.0,610,4121257,0.15,0.6557944965323591,12472.083632792,True,False
5801,1180.0,703,4121960,0.15,0.5501246947625821,12475.340179667,True,False
5802,1770.0,783,4122743,0.15,0.5427923258298483,12477.624496084001,True,False
5803,790.0,600,4123343,0.15,0.49798643589019775,12479.427321584,True,False
5804,1670.0,746,4124089,0.15,0.4741265123540705,12481.665589417,True,False
5805,1410.0,747,4124836,0.15,0.5192621998130319,12483.875361375001,True,False
5806,2030.0,875,4125711,0.15,0.5011129763421662,12486.453757625,True,False
5807,900.0,658,4126369,0.15,0.4863751729329427,12488.424369042,True,False
5808,920.0,590,4126959,0.15,0.5618734473273868,12490.195109708999,True,False
5809,850.0,546,4127505,0.15,0.5768498182296753,12491.800593042,True,False
5810,240.0,390,4127895,0.15,0.5195274465170103,12492.974315333999,True,False
5811,2060.0,867,4128762,0.15,0.5849488898425058,12495.554069958998,True,False
5812,1600.0,1119,4129881,0.15,0.5442537412047386,12498.826261584,True,False
5813,1200.0,628,4130509,0.15,0.5069372581828172,12500.683199042,True,False
5814,940.0,556,4131065,0.15,0.58889783029076,12502.336517959,True,False
5815,1610.0,776,4131841,0.15,0.5228430954835463,12504.626936959,True,False
5816,1650.0,900,4132741,0.15,0.5406187155511644,12507.263803667,True,False
5817,1060.0,695,4133436,0.15,0.5076131703353476,12509.335875708999,True,False
5818,1190.0,713,4134149,0.15,0.5129659612024768,12511.442389125,True,False
5819,1320.0,683,4134832,0.15,0.541941381075926,12513.429102834001,True,False
5820,1090.0,698,4135530,0.15,0.5910438529547604,12515.453214083998,True,False
5821,760.0,827,4136357,0.15,0.559418263570698,12517.853171292001,True,False
5822,1660.0,960,4137317,0.15,0.6005991879229744,12520.633979667,True,False
5823,1090.0,618,4137935,0.15,0.5952987936990601,12522.477954417001,True,False
5824,1780.0,1228,4139163,0.15,0.6010564578278446,12526.078772709,True,False
5825,1070.0,769,4139932,0.15,0.5032111405554213,12528.3962785,True,False
5826,1260.0,659,4140591,0.15,0.5185600718165316,12531.473234959001,True,False
5827,1200.0,653,4141244,0.15,0.5852516077277137,12533.412755209,True,False
5828,1520.0,869,4142113,0.15,0.4809525124213663,12535.966651625,True,False
5829,2760.0,871,4142984,0.15,0.6437635343487657,12538.657777459,True,False
5830,1810.0,891,4143875,0.15,0.5559000406447832,12541.247187166999,True,False
5831,2070.0,865,4144740,0.15,0.4990394034418642,12543.788817959,True,False
5832,1110.0,895,4145635,0.15,0.5192885661806761,12546.417335958999,True,False
5833,1690.0,1156,4146791,0.15,0.5677426621369425,12549.794286959,True,False
5834,2010.0,814,4147605,0.15,0.513472757649188,12552.390649459001,True,False
5835,1310.0,646,4148251,0.15,0.5120779304585842,12554.345347209,True,False
5836,1440.0,814,4149065,0.15,0.48719463774970934,12556.727125667,True,False
5837,1220.0,677,4149742,0.15,0.5625079225241785,12558.723251459,True,False
5838,2920.0,1110,4150852,0.15,0.6121931127507052,12562.00348925,True,False
5839,1710.0,1032,4151884,0.15,0.5544079545914202,12565.087591709002,True,False
5840,1840.0,713,4152597,0.15,0.4911627165052328,12567.196502625,True,False
5841,1100.0,680,4153277,0.15,0.5738565716673346,12569.214332917,True,False
5842,1990.0,1087,4154364,0.15,0.5505964613848311,12572.441122167002,True,False
5843,1590.0,885,4155249,0.15,0.45176508058519926,12575.102318042002,True,False
5844,2130.0,990,4156239,0.15,0.49323209903018195,12578.043309749999,True,False
5845,1060.0,630,4156869,0.15,0.4932776515053797,12579.902025125,True,False
5846,1480.0,950,4157819,0.15,0.5337357438692061,12582.678987125,True,False
5847,970.0,761,4158580,0.15,0.5617426888558877,12585.012182916998,True,False
5848,660.0,515,4159095,0.15,0.44848074845504016,12586.600686792,True,False
5849,1270.0,948,4160043,0.15,0.4794489425068666,12589.442955041999,True,False
5850,1170.0,815,4160858,0.15,0.5380292316423911,12591.855041499999,True,False
5851,1320.0,882,4161740,0.15,0.5547835105414843,12595.677553792,True,False
5852,1270.0,904,4162644,0.15,0.4711763389342654,12598.356053584,True,False
5853,1750.0,793,4163437,0.15,0.5801764995311246,12600.701159291999,True,False
5854,1580.0,715,4164152,0.15,0.447108719435484,12602.953156542,True,False
5855,2480.0,837,4164989,0.15,0.5759696568313398,12605.431026792001,True,False
5856,1590.0,753,4165742,0.15,0.5954373424595341,12607.665581459001,True,False
5857,1420.0,799,4166541,0.15,0.5004401417449117,12610.062085541998,True,False
5858,2630.0,1211,4167752,0.15,0.4578251744014989,12613.892618041999,True,False
5859,1360.0,780,4168532,0.15,0.4896167470476566,12616.304355834,True,False
5860,1190.0,764,4169296,0.15,0.44989444377846743,12618.605325792,True,False
5861,1570.0,1014,4170310,0.15,0.46797339250094333,12621.593434999999,True,False
5862,1520.0,843,4171153,0.15,0.512991368276248,12624.141589792001,True,False
5863,840.0,488,4171641,0.15,0.4008088334784156,12625.598979999999,True,False
5864,540.0,446,4172087,0.15,0.46145158402017644,12626.94970125,True,False
5865,1980.0,874,4172961,0.15,0.482607261026831,12629.553135125,True,False
5866,2960.0,1137,4174098,0.15,0.5283898228228512,12632.89979525,True,False
5867,1780.0,850,4174948,0.15,0.4869148674565302,12635.420357459,True,False
5868,2620.0,832,4175780,0.15,0.4914863138244702,12637.870545458998,True,False
5869,1800.0,876,4176656,0.15,0.5563969516182599,12640.462861791999,True,False
5870,2490.0,916,4177572,0.15,0.4662979511975201,12643.203658375001,True,False
5871,1570.0,1267,4178839,0.15,0.4650824280290664,12646.941653584,True,False
5872,1490.0,790,4179629,0.15,0.4671622895532184,12649.280092124998,True,False
5873,2130.0,1030,4180659,0.15,0.4534908108384229,12652.305025834,True,False
5874,1070.0,804,4181463,0.15,0.5035537026118283,12654.677480167,True,False
5875,1160.0,695,4182158,0.15,0.5117343286073756,12656.744141584,True,False
5876,1320.0,729,4182887,0.15,0.465822120903285,12659.898139666999,True,False
5877,1940.0,902,4183789,0.15,0.4837169997987494,12662.514722249998,True,False
5878,1190.0,685,4184474,0.15,0.49146639429337796,12664.519373625,True,False
5879,1270.0,777,4185251,0.15,0.4419285525212583,12666.850421333998,True,False
5880,1310.0,912,4186163,0.15,0.44568572520164024,12669.514572375,True,False
5881,1580.0,845,4187008,0.15,0.5029619373381138,12672.022738084,True,False
5882,1590.0,1168,4188176,0.15,0.4410415533164593,12675.510180334,True,False
5883,1370.0,957,4189133,0.15,0.42997693248623087,12678.341875499998,True,False
5884,2250.0,1115,4190248,0.15,0.4468104550114242,12681.593887667,True,False
5885,1820.0,806,4191054,0.15,0.46985419072321993,12683.965356292,True,False
5886,1220.0,1002,4192056,0.15,0.4857645472326127,12686.890138625,True,False
5887,1200.0,867,4192923,0.15,0.49949595025154175,12689.428723375,True,False
5888,1190.0,947,4193870,0.15,0.4776428475787368,12692.219560375,True,False
5889,1540.0,961,4194831,0.15,0.50754083081459,12695.019980542002,True,False
5890,250.0,324,4195155,0.15,0.4102326215785227,12696.016367167002,True,False
5891,3950.0,666,4195821,0.15,0.514706397752562,12697.988399958998,True,False
5892,2190.0,904,4196725,0.15,0.4292238807651849,12700.627236084001,True,False
5893,1590.0,848,4197573,0.15,0.4114400345199513,12703.125784167001,True,False
5894,1580.0,1156,4198729,0.15,0.47871628862557525,12706.578970416998,True,False
5895,1360.0,950,4199679,0.15,0.4632226806212578,12709.340832958998,True,False
5896,1130.0,912,4200591,0.15,0.4924271898180769,12712.019250624999,True,False
5897,1980.0,904,4201495,0.15,0.5110283879711565,12714.679343542,True,False
5898,970.0,834,4202329,0.15,0.5075338216917367,12717.123082334001,True,False
5899,1900.0,938,4203267,0.15,0.4634942591636099,12719.842215917,True,False
5900,1870.0,839,4204106,0.15,0.5014485748750823,12722.317211167,True,False
5901,1330.0,903,4205009,0.15,0.5274955956018077,12725.961748209,True,False
5902,980.0,647,4205656,0.15,0.5203131529284112,12727.851444584001,True,False
5903,1080.0,780,4206436,0.15,0.5695392301449409,12730.300280833999,True,False
5904,1040.0,679,4207115,0.15,0.4435776474736851,12732.308639084,True,False
5905,1320.0,837,4207952,0.15,0.4798393618847643,12734.750215917,True,False
5906,1820.0,816,4208768,0.15,0.5425789668498671,12737.132847125002,True,False
5907,440.0,491,4209259,0.15,0.4901914448767412,12738.585135334,True,False
5908,1130.0,745,4210004,0.15,0.4461990058581459,12740.786050167,True,False
5909,2660.0,773,4210777,0.15,0.4908840978624289,12743.050935667,True,False
5910,1120.0,722,4211499,0.15,0.45700525004002784,12745.241972209002,True,False
5911,1560.0,832,4212331,0.15,0.43740017185560787,12747.772536959,True,False
5912,1620.0,692,4213023,0.15,0.5065641478996057,12749.82962,True,False
5913,570.0,654,4213677,0.15,0.54054346044616,12751.761210042001,True,False
5914,540.0,440,4214117,0.15,0.46247847459533,12753.088346749999,True,False
5915,1100.0,808,4214925,0.15,0.5167617432699345,12755.491829209,True,False
5916,1390.0,767,4215692,0.15,0.5455495102020601,12757.782629541998,True,False
5917,1400.0,840,4216532,0.15,0.5507645870958056,12760.275060334,True,False
5918,550.0,488,4217020,0.15,0.5513571594826511,12761.717181375,True,False
5919,1760.0,832,4217852,0.15,0.5591820437604418,12764.173830209002,True,False
5920,1360.0,670,4218522,0.15,0.5197072216493641,12766.151828875001,True,False
5921,2470.0,895,4219417,0.15,0.542309180434261,12768.776474541999,True,False
5922,1920.0,1041,4220458,0.15,0.5175113994914752,12771.809427791999,True,False
5923,1460.0,816,4221274,0.15,0.5020679776721141,12774.235778417002,True,False
5924,650.0,574,4221848,0.15,0.5894161329811646,12775.940470000001,True,False
5925,1380.0,803,4222651,0.15,0.5196000688895583,12778.314318542001,True,False
5926,1250.0,681,4223332,0.15,0.46527414616436985,12781.552855834001,True,False
5927,1560.0,583,4223915,0.15,0.5927355818707367,12783.257259709,True,False
5928,1610.0,807,4224722,0.15,0.48844074074289584,12785.611187625,True,False
5929,1310.0,852,4225574,0.15,0.6074232421990292,12788.096923334,True,False
5930,1420.0,723,4226297,0.15,0.4275693723839291,12790.222963708999,True,False
5931,870.0,724,4227021,0.15,0.5460643980713838,12792.37863975,True,False
5932,1650.0,630,4227651,0.15,0.4403992242114559,12794.337312,True,False
5933,1450.0,981,4228632,0.15,0.46944041737938313,12797.188259292001,True,False
5934,640.0,924,4229556,0.15,0.5096203724801283,12799.886613709,True,False
5935,1500.0,821,4230377,0.15,0.548316662413318,12802.270750042,True,False
5936,1760.0,1077,4231454,0.15,0.5752304602123548,12805.417938292001,True,False
5937,1350.0,762,4232216,0.15,0.5512236374679036,12807.660443834,True,False
5938,1610.0,738,4232954,0.15,0.49301498164625274,12809.847284874999,True,False
5939,1590.0,1034,4233988,0.15,0.49072010884183714,12812.87812125,True,False
5940,610.0,532,4234520,0.15,0.4786830602171726,12814.447577374998,True,False
5941,1050.0,674,4235194,0.15,0.5059412285419447,12816.467913042,True,False
5942,520.0,653,4235847,0.15,0.5611180120084914,12818.594631417,True,False
5943,1300.0,808,4236655,0.15,0.5654651442229157,12820.996234792,True,False
5944,710.0,730,4237385,0.15,0.5139808508216358,12823.145543167,True,False
5945,1220.0,691,4238076,0.15,0.5078086073515732,12825.202197416998,True,False
5946,1900.0,963,4239039,0.15,0.5954416459426284,12828.017644084,True,False
5947,1770.0,907,4239946,0.15,0.6329844832289061,12830.672937750001,True,False
5948,1250.0,834,4240780,0.15,0.5345914373129749,12833.117998417001,True,False
5949,2720.0,1038,4241818,0.15,0.5678293444360085,12836.180234750002,True,False
5950,1140.0,625,4242443,0.15,0.4949254416502439,12838.030163750002,True,False
5951,1190.0,665,4243108,0.15,0.5416663791426641,12841.079357958999,True,False
5952,1890.0,988,4244096,0.15,0.5630270884587214,12843.946477041998,True,False
5953,2160.0,953,4245049,0.15,0.49912158503126697,12846.730655874999,True,False
5954,1540.0,1190,4246239,0.15,0.5180258926016714,12850.185404374999,True,False
5955,1370.0,804,4247043,0.15,0.4837326069376362,12852.527753709,True,False
5956,1240.0,849,4247892,0.15,0.5721595696580242,12855.00503725,True,False
5957,930.0,618,4248510,0.15,0.4932388470254161,12856.839312749998,True,False
5958,1200.0,787,4249297,0.15,0.4980833521727378,12859.272471042,True,False
5959,2380.0,675,4249972,0.15,0.5276306264499235,12861.268332667001,True,False
5960,470.0,453,4250425,0.15,0.6078976932088885,12862.631022041998,True,False
5961,1040.0,925,4251350,0.15,0.5848475784643904,12865.296140209,True,False
5962,2130.0,919,4252269,0.15,0.6047011726576349,12867.963752959,True,False
5963,1610.0,974,4253243,0.15,0.5243514822834313,12870.782996667,True,False
5964,1170.0,696,4253939,0.15,0.5000261774008301,12872.819547250001,True,False
5965,2430.0,1099,4255038,0.15,0.5442256076769395,12876.067711250002,True,False
5966,880.0,602,4255640,0.15,0.5855551312202649,12877.864219374998,True,False
5967,1830.0,723,4256363,0.15,0.5370092109673553,12880.038541041999,True,False
5968,1320.0,1023,4257386,0.15,0.5661627445660997,12883.050567625,True,False
5969,1080.0,644,4258030,0.15,0.5804796517820832,12884.960123125002,True,False
5970,960.0,513,4258543,0.15,0.5382911011110991,12886.473058374999,True,False
5971,1340.0,739,4259282,0.15,0.5504248155935391,12888.638930124998,True,False
5972,2070.0,878,4260160,0.15,0.538596765155142,12891.184854542,True,False
5973,1140.0,676,4260836,0.15,0.5335410037160625,12893.183004334001,True,False
5974,870.0,534,4261370,0.15,0.5802335265211593,12894.760251833999,True,False
5975,1220.0,585,4261955,0.15,0.5331931468354513,12896.487935959001,True,False
5976,1160.0,522,4262477,0.15,0.5150801195898129,12898.976527499999,True,False
5977,1430.0,1024,4263501,0.15,0.5704984962067101,12901.997117625,True,False
5978,1140.0,688,4264189,0.15,0.5450914462291917,12904.042971084,True,False
5979,2440.0,715,4264904,0.15,0.5271828392697446,12906.1454595,True,False
5980,1710.0,904,4265808,0.15,0.5416619022731233,12908.793669416998,True,False
5981,2000.0,810,4266618,0.15,0.5961344709048176,12911.170918834,True,False
5982,1370.0,814,4267432,0.15,0.5339473845327601,12913.560696584002,True,False
5983,820.0,745,4268177,0.15,0.4944315392483947,12915.741565249999,True,False
5984,1730.0,696,4268873,0.15,0.6473715639319914,12917.788537625001,True,False
5985,1500.0,870,4269743,0.15,0.6146977180915494,12920.365748417,True,False
5986,1670.0,835,4270578,0.15,0.5043210901284332,12922.941739458998,True,False
5987,1230.0,960,4271538,0.15,0.4963661371730268,12925.768364167001,True,False
5988,2660.0,977,4272515,0.15,0.5262899125819324,12928.639919000001,True,False
5989,990.0,603,4273118,0.15,0.4994553548610763,12930.434227958998,True,False
5990,1540.0,970,4274088,0.15,0.5246480195610611,12933.235541417002,True,False
5991,1290.0,872,4274960,0.15,0.5744585776957897,12935.772995250001,True,False
5992,1810.0,1020,4275980,0.15,0.5223673551690344,12938.799347167002,True,False
5993,1980.0,916,4276896,0.15,0.5498902942806352,12941.460642667,True,False
5994,1460.0,841,4277737,0.15,0.5337455611143793,12943.925828542,True,False
5995,1050.0,682,4278419,0.15,0.48650779018507284,12945.920513624998,True,False
5996,1380.0,709,4279128,0.15,0.48397733472036514,12948.007917916999,True,False
5997,400.0,440,4279568,0.15,0.47442572685805234,12949.296523292,True,False
5998,2000.0,943,4280511,0.15,0.5243931816613421,12952.022617625,True,False
5999,2080.0,951,4281462,0.15,0.4849025991220935,12954.777065084,True,False
6000,850.0,694,4282156,0.15,0.5029322959739586,12956.802727167,True,False
6001,530.0,415,4282571,0.15,0.5413654895083418,12959.498387959,True,False
6002,1480.0,677,4283248,0.15,0.5429575914845747,12961.490181917,True,False
6003,1860.0,999,4284247,0.15,0.5948464628383816,12964.421366416998,True,False
6004,1440.0,932,4285179,0.15,0.4746171632230026,12967.154534709,True,False
6005,1820.0,822,4286001,0.15,0.5259828950884273,12969.588182750002,True,False
6006,1500.0,829,4286830,0.15,0.5107743591430106,12972.050195584,True,False
6007,1590.0,738,4287568,0.15,0.4972250352034698,12974.227214334001,True,False
6008,1190.0,662,4288230,0.15,0.5181287495475827,12976.13671875,True,False
6009,1530.0,776,4289006,0.15,0.5259449193158101,12978.402356209,True,False
6010,1120.0,614,4289620,0.15,0.467486400495876,12980.224272959,True,False
6011,2260.0,898,4290518,0.15,0.5010845397732088,12982.852482334001,True,False
6012,1170.0,1115,4291633,0.15,0.5426762978075653,12986.214832417001,True,False
6013,1650.0,662,4292295,0.15,0.4884482362956712,12988.152244875,True,False
6014,2410.0,867,4293162,0.15,0.5138654791265039,12990.676780709,True,False
6015,1490.0,685,4293847,0.15,0.43305822605626626,12992.687862667,True,False
6016,1830.0,928,4294775,0.15,0.5107057194129146,12995.500939292,True,False
6017,1890.0,1117,4295892,0.15,0.5251279918743031,12998.911311208998,True,False
6018,2690.0,881,4296773,0.15,0.5069466236640107,13001.533510209,True,False
6019,2500.0,950,4297723,0.15,0.4896612976548038,13004.332196042,True,False
6020,1130.0,650,4298373,0.15,0.5097449522442613,13006.262508333999,True,False
6021,1220.0,802,4299175,0.15,0.47114968553185466,13008.70552475,True,False
6022,1090.0,641,4299816,0.15,0.46453286202983085,13010.73974525,True,False
6023,1570.0,1219,4301035,0.15,0.508337072145782,13014.391130125001,True,False
6024,790.0,615,4301650,0.15,0.4553186974742196,13016.252955334,True,False
6025,600.0,454,4302104,0.15,0.5313798729003522,13017.605872084001,True,False
6026,1050.0,663,4302767,0.15,0.5023562865275325,13020.453657667,True,False
6027,1540.0,673,4303440,0.15,0.5211152015529441,13022.480401334,True,False
6028,1240.0,805,4304245,0.15,0.5202278649777322,13024.860466875001,True,False
6029,1480.0,1018,4305263,0.15,0.47999228525349474,13027.860337875001,True,False
6030,2590.0,1094,4306357,0.15,0.4604065841349372,13031.109509041999,True,False
6031,1770.0,1054,4307411,0.15,0.49673023168351715,13034.246815458999,True,False
6032,750.0,491,4307902,0.15,0.5753484025476424,13035.710373292,True,False
6033,1030.0,802,4308704,0.15,0.5722947863500509,13038.123423542002,True,False
6034,1560.0,718,4309422,0.15,0.5112188693198412,13040.476630375,True,False
6035,2020.0,990,4310412,0.15,0.5279843758551344,13043.480093375001,True,False
6036,1130.0,726,4311138,0.15,0.5398014001342473,13045.665775667,True,False
6037,1390.0,772,4311910,0.15,0.5177571290978495,13047.971583334001,True,False
6038,1240.0,699,4312609,0.15,0.47726338884660174,13050.184523167001,True,False
6039,2000.0,893,4313502,0.15,0.5069344762061209,13052.797490624998,True,False
6040,1030.0,765,4314267,0.15,0.5711825950295514,13055.070022542,True,False
6041,2150.0,674,4314941,0.15,0.5118200611433333,13057.0841725,True,False
6042,1250.0,895,4315836,0.15,0.5786183135184858,13059.702850000001,True,False
6043,1650.0,783,4316619,0.15,0.49732550031099565,13061.979860417,True,False
6044,1330.0,708,4317327,0.15,0.4399390743445542,13064.040219041999,True,False
6045,1330.0,969,4318296,0.15,0.532389730153751,13066.866387417002,True,False
6046,1150.0,729,4319025,0.15,0.563383937823576,13069.013900041999,True,False
6047,1880.0,1192,4320217,0.15,0.5350114453158923,13072.494641834,True,False
6048,810.0,585,4320802,0.15,0.5262180231001279,13074.24528725,True,False
6049,1600.0,682,4321484,0.15,0.5002653684619575,13076.256297417,True,False
6050,1280.0,819,4322303,0.15,0.4775529075048718,13078.652896709002,True,False
6051,1420.0,859,4323162,0.15,0.4787890661247941,13082.350052375,True,False
6052,1930.0,1051,4324213,0.15,0.5347805364276973,13085.462093292,True,False
6053,350.0,349,4324562,0.15,0.39872734248638153,13086.521338667,True,False
6054,1700.0,924,4325486,0.15,0.5187164492808379,13089.248996416998,True,False
6055,270.0,351,4325837,0.15,0.5620459162376144,13090.333730209,True,False
6056,1420.0,878,4326715,0.15,0.5590339493533792,13092.916345083999,True,False
6057,870.0,611,4327326,0.15,0.49703333122667925,13094.711959084001,True,False
6058,2980.0,1184,4328510,0.15,0.5276165096139586,13098.151052334,True,False
6059,610.0,542,4329052,0.15,0.5667466489488587,13099.735746584,True,False
6060,1940.0,1012,4330064,0.15,0.5522276046188924,13102.699219417002,True,False
6061,2300.0,1027,4331091,0.15,0.5305785421223845,13105.681648167,True,False
6062,1690.0,911,4332002,0.15,0.5674635855513707,13108.386889334,True,False
6063,960.0,606,4332608,0.15,0.46251339043833706,13110.198536791999,True,False
6064,1210.0,704,4333312,0.15,0.5317354589192704,13112.255756875002,True,False
6065,1150.0,948,4334260,0.15,0.4709312832179452,13115.118654292,True,False
6066,1490.0,553,4334813,0.15,0.5340557919032332,13116.761402291999,True,False
6067,960.0,592,4335405,0.15,0.49495341205919113,13118.518346292,True,False
6068,1080.0,593,4335998,0.15,0.4239083013019046,13120.282815042,True,False
6069,1130.0,700,4336698,0.15,0.6276346911702837,13122.340310291998,True,False
6070,1330.0,1031,4337729,0.15,0.5047290365016738,13125.363491625001,True,False
6071,1520.0,820,4338549,0.15,0.5320927338992677,13127.762602334002,True,False
6072,1540.0,903,4339452,0.15,0.4790455815011421,13130.436437375,True,False
6073,4390.0,1067,4340519,0.15,0.5603827873062819,13133.561019042001,True,False
6074,1090.0,780,4341299,0.15,0.5076586931943894,13135.851442709001,True,False
6075,2460.0,1004,4342303,0.15,0.5497028345605767,13138.978698459,True,False
6076,1170.0,672,4342975,0.15,0.46662593273712055,13142.075658041998,True,False
6077,1110.0,658,4343633,0.15,0.5201844959548025,13144.053370958998,True,False
6078,1140.0,596,4344229,0.15,0.47586604197753357,13145.810879292,True,False
6079,1120.0,670,4344899,0.15,0.535765233600211,13147.773120625,True,False
6080,1880.0,1046,4345945,0.15,0.5662864875190585,13150.955967458998,True,False
6081,2780.0,791,4346736,0.15,0.5826568985828245,13153.499563667,True,False
6082,1230.0,727,4347463,0.15,0.5853001483566853,13155.632361291999,True,False
6083,1930.0,926,4348389,0.15,0.5542455043900629,13158.354452625,True,False
6084,1840.0,1050,4349439,0.15,0.5131095403819593,13161.407045584001,True,False
6085,450.0,492,4349931,0.15,0.5836939288348686,13162.876720249998,True,False
6086,2020.0,968,4350899,0.15,0.5782090405787318,13165.707259458999,True,False
6087,1430.0,786,4351685,0.15,0.5521035350216221,13168.037366292,True,False
6088,1240.0,737,4352422,0.15,0.5167556780835857,13170.217164500002,True,False
6089,1720.0,897,4353319,0.15,0.5737570228520781,13172.829773375,True,False
6090,1420.0,933,4354252,0.15,0.5722680202661417,13175.566362834,True,False
6091,1690.0,843,4355095,0.15,0.4807499328007301,13178.238308249998,True,False
6092,1850.0,849,4355944,0.15,0.5348916586505975,13180.90593275,True,False
6093,480.0,506,4356450,0.15,0.4988000967672893,13182.507132959,True,False
6094,650.0,530,4356980,0.15,0.4929656229521099,13184.107202833999,True,False
6095,2620.0,1053,4358033,0.15,0.5824433742763878,13187.194970417,True,False
6096,1180.0,948,4358981,0.15,0.48275409582295,13189.985807666999,True,False
6097,1230.0,696,4359677,0.15,0.5814228348177055,13192.046756959,True,False
6098,1510.0,802,4360479,0.15,0.5396214216947556,13194.396131459001,True,False
6099,1860.0,934,4361413,0.15,0.522314189049678,13197.1319085,True,False
6100,950.0,643,4362056,0.15,0.5817863165591814,13199.033668917,True,False
6101,1780.0,900,4362956,0.15,0.5781388909949197,13202.61192725,True,False
6102,1890.0,983,4363939,0.15,0.5415395588290934,13205.468917958999,True,False
6103,1120.0,691,4364630,0.15,0.5205312989695223,13207.515321209,True,False
6104,1550.0,911,4365541,0.15,0.5133992168202735,13210.679541624999,True,False
6105,1260.0,634,4366175,0.15,0.5550385049626797,13212.696630209,True,False
6106,770.0,568,4366743,0.15,0.5331029959127936,13214.399317,True,False
6107,990.0,611,4367354,0.15,0.48115555026562384,13216.217549709,True,False
6108,1540.0,850,4368204,0.15,0.6464089581944014,13218.723233834,True,False
6109,3060.0,1086,4369290,0.15,0.6023303883432022,13221.889579209,True,False
6110,1380.0,814,4370104,0.15,0.5945842323788241,13224.309367417001,True,False
6111,1510.0,924,4371028,0.15,0.5254272450874378,13227.012701667001,True,False
6112,1820.0,902,4371930,0.15,0.5335966044664383,13229.645283499998,True,False
6113,1780.0,917,4372847,0.15,0.52919301175915,13232.354494959,True,False
6114,1020.0,679,4373526,0.15,0.4791489445111331,13234.359496375,True,False
6115,1140.0,611,4374137,0.15,0.5743582930440218,13236.182293584,True,False
6116,2210.0,992,4375129,0.15,0.5144365013787343,13239.090802709,True,False
6117,880.0,599,4375728,0.15,0.46255029276013376,13240.895513709002,True,False
6118,1160.0,827,4376555,0.15,0.5663289717823556,13243.425054584,True,False
6119,480.0,407,4376962,0.15,0.5220794886642811,13244.677437041999,True,False
6120,1690.0,777,4377739,0.15,0.5691314305073207,13246.988053666999,True,False
6121,1140.0,786,4378525,0.15,0.5568064799919952,13249.528717459001,True,False
6122,1860.0,1000,4379525,0.15,0.4953526147603989,13252.604825625,True,False
6123,1260.0,670,4380195,0.15,0.4954804665224995,13254.6212615,True,False
6124,2050.0,994,4381189,0.15,0.55347627030319,13257.655802292,True,False
6125,550.0,524,4381713,0.15,0.4445840985947893,13259.252589708998,True,False
6126,1530.0,1039,4382752,0.15,0.45028327657626227,13263.772179084,True,False
6127,720.0,578,4383330,0.15,0.5118259058023492,13265.464838417,True,False
6128,1490.0,821,4384151,0.15,0.4971950452138738,13267.85110775,True,False
6129,680.0,634,4384785,0.15,0.5468018337053323,13269.714636208999,True,False
6130,1360.0,831,4385616,0.15,0.5395151699105134,13272.204985249999,True,False
6131,920.0,540,4386156,0.15,0.41813559217585455,13273.801066167001,True,False
6132,1230.0,881,4387037,0.15,0.47132891064340415,13276.389270667001,True,False
6133,700.0,574,4387611,0.15,0.4777760258191949,13278.09429275,True,False
6134,910.0,1051,4388662,0.15,0.5051630472502328,13281.156049083998,True,False
6135,1190.0,864,4389526,0.15,0.49886703705070196,13283.670743792001,True,False
6136,1620.0,840,4390366,0.15,0.5171715407854035,13286.157824209,True,False
6137,1970.0,985,4391351,0.15,0.5761463121488327,13289.035659583998,True,False
6138,3100.0,1004,4392355,0.15,0.48793941961816584,13291.990229292001,True,False
6139,2000.0,893,4393248,0.15,0.5070271488678243,13294.618791166999,True,False
6140,820.0,589,4393837,0.15,0.5677191345464616,13296.408705041998,True,False
6141,1200.0,676,4394513,0.15,0.5231941051384401,13298.411181417,True,False
6142,1800.0,1273,4395786,0.15,0.555257148946981,13302.184645709,True,False
6143,1030.0,751,4396537,0.15,0.45084983142132457,13304.401409625,True,False
6144,1280.0,725,4397262,0.15,0.49691078264410327,13306.716743917,True,False
6145,1490.0,865,4398127,0.15,0.48461864943857547,13309.281609167,True,False
6146,1310.0,741,4398868,0.15,0.4896799661619689,13311.495285,True,False
6147,1010.0,686,4399554,0.15,0.5203235075313445,13313.569261542001,True,False
6148,1670.0,898,4400452,0.15,0.47118024316098955,13316.247839084,True,False
6149,1340.0,792,4401244,0.15,0.4754066669353933,13318.635065875002,True,False
6150,1680.0,996,4402240,0.15,0.5021981094855381,13321.84113325,True,False
6151,1010.0,715,4402955,0.15,0.5430320281158673,13325.156236625,True,False
6152,1270.0,815,4403770,0.15,0.529228749411071,13327.572119042,True,False
6153,420.0,445,4404215,0.15,0.5171931643743772,13328.921679625,True,False
6154,910.0,712,4404927,0.15,0.5925655971082409,13331.077591709,True,False
6155,520.0,543,4405470,0.15,0.5449801701504517,13332.732932874998,True,False
6156,1740.0,1001,4406471,0.15,0.577138800740242,13335.703388917002,True,False
6157,1270.0,678,4407149,0.15,0.5061701001489863,13337.749762084,True,False
6158,1250.0,743,4407892,0.15,0.553430229185089,13339.9897895,True,False
6159,2650.0,958,4408850,0.15,0.5737635802524359,13342.834155875,True,False
6160,1060.0,730,4409580,0.15,0.6012009011754573,13345.022888250001,True,False
6161,1710.0,694,4410274,0.15,0.5629730111773993,13347.517692709,True,False
6162,1120.0,640,4410914,0.15,0.5246494920924306,13349.459690417,True,False
6163,1070.0,728,4411642,0.15,0.4590320037780227,13351.6425925,True,False
6164,2730.0,1486,4413128,0.15,0.519869236696151,13356.33348225,True,False
6165,2130.0,844,4413972,0.15,0.5587250176481726,13358.861227624999,True,False
6166,1200.0,638,4414610,0.15,0.5485630919161083,13360.772681375001,True,False
6167,1510.0,880,4415490,0.15,0.5120592665265907,13363.373473874999,True,False
6168,950.0,565,4416055,0.15,0.5810974108200546,13365.074638292,True,False
6169,2120.0,1065,4417120,0.15,0.5317533917529753,13368.245767459,True,False
6170,2230.0,959,4418079,0.15,0.5420005082710019,13371.123518,True,False
6171,1300.0,1004,4419083,0.15,0.5404419203203513,13374.387184750001,True,False
6172,1390.0,867,4419950,0.15,0.46969170154239726,13376.962042,True,False
6173,2040.0,1126,4421076,0.15,0.5572443056508158,13380.298754,True,False
6174,1030.0,804,4421880,0.15,0.5357589210888639,13382.689200542001,True,False
6175,970.0,666,4422546,0.15,0.44327379520758087,13384.674394709,True,False
6176,1310.0,864,4423410,0.15,0.533193372465946,13388.255676542001,True,False
6177,1970.0,933,4424343,0.15,0.5162416213060141,13390.967667042001,True,False
6178,1460.0,963,4425306,0.15,0.5381246546739364,13394.1394215,True,False
6179,2110.0,918,4426224,0.15,0.5855002989587577,13396.863953917,True,False
6180,1950.0,872,4427096,0.15,0.5160375292831605,13399.446319458999,True,False
6181,1890.0,941,4428037,0.15,0.5609485920439375,13402.276987334,True,False
6182,1190.0,915,4428952,0.15,0.44027293216453367,13405.001993667,True,False
6183,1240.0,716,4429668,0.15,0.5042616879806838,13407.132985542,True,False
6184,2260.0,881,4430549,0.15,0.5061989898031408,13410.042871000001,True,False
6185,1030.0,680,4431229,0.15,0.45702725955668616,13412.136565709,True,False
6186,1290.0,1000,4432229,0.15,0.5368390685915947,13415.078982916999,True,False
6187,3080.0,928,4433157,0.15,0.5294805686150131,13417.796555292,True,False
6188,1050.0,650,4433807,0.15,0.5048539136294965,13419.718320125,True,False
6189,1500.0,708,4434515,0.15,0.5607157649714395,13421.818183167,True,False
6190,1290.0,737,4435252,0.15,0.5476672195904964,13424.045141125,True,False
6191,2860.0,1140,4436392,0.15,0.4441851297230051,13427.398594209,True,False
6192,1690.0,776,4437168,0.15,0.484310734133745,13429.694397542,True,False
6193,1270.0,731,4437899,0.15,0.38306867666951905,13431.838021084,True,False
6194,1130.0,673,4438572,0.15,0.4704784804723672,13434.012465042,True,False
6195,2920.0,942,4439514,0.15,0.49997019888238703,13436.784831959001,True,False
6196,1810.0,842,4440356,0.15,0.4229453040454625,13439.280851667001,True,False
6197,1400.0,683,4441039,0.15,0.49882809204213757,13441.306943042,True,False
6198,1740.0,974,4442013,0.15,0.3890095281368885,13444.225154167001,True,False
6199,2520.0,927,4442940,0.15,0.4467295803579277,13446.956093459,True,False
6200,1630.0,940,4443880,0.15,0.46185664206426197,13449.710732167001,True,False
6201,1450.0,741,4444621,0.15,0.4542607068612769,13453.09009975,True,False
6202,1090.0,822,4445443,0.15,0.451260100995622,13455.463117374999,True,False
6203,1570.0,1096,4446539,0.15,0.46604347158304965,13458.64523825,True,False
6204,2250.0,1136,4447675,0.15,0.5541039611094855,13461.923695834,True,False
6205,320.0,378,4448053,0.15,0.38669740730210356,13463.069713709,True,False
6206,1840.0,888,4448941,0.15,0.5391246724101875,13465.923562249998,True,False
6207,1470.0,991,4449932,0.15,0.4681039441737436,13468.912541459002,True,False
6208,1970.0,1138,4451070,0.15,0.43451175287785665,13472.262972917,True,False
6209,2000.0,986,4452056,0.15,0.4557382944021148,13475.160227708999,True,False
6210,280.0,332,4452388,0.15,0.5504000937364187,13476.159119291999,True,False
6211,900.0,540,4452928,0.15,0.47786042226685416,13477.760828958999,True,False
6212,180.0,315,4453243,0.15,0.48995333986404616,13478.716036709,True,False
6213,750.0,739,4453982,0.15,0.4905853584006026,13480.902481375,True,False
6214,1900.0,912,4454894,0.15,0.5296194483771136,13483.58812675,True,False
6215,1650.0,988,4455882,0.15,0.48399986842503917,13486.51554375,True,False
6216,1430.0,854,4456736,0.15,0.4840428335156953,13489.0266625,True,False
6217,1170.0,883,4457619,0.15,0.5316057482903654,13491.5809195,True,False
6218,1050.0,668,4458287,0.15,0.47073400854885933,13493.544579917001,True,False
6219,1720.0,904,4459191,0.15,0.4468797879804552,13496.219439917,True,False
6220,1610.0,904,4460095,0.15,0.529504152196171,13498.963964999999,True,False
6221,2010.0,970,4461065,0.15,0.4769244089170738,13501.795964583998,True,False
6222,1770.0,866,4461931,0.15,0.49913988193428077,13504.332937374998,True,False
6223,1170.0,650,4462581,0.15,0.49648427547304175,13506.248589084,True,False
6224,790.0,832,4463413,0.15,0.5205954780014088,13508.686597959,True,False
6225,1260.0,921,4464334,0.15,0.5013416115680467,13511.380681458999,True,False
6226,1190.0,662,4464996,0.15,0.4839645450463496,13514.364733584,True,False
6227,1550.0,1013,4466009,0.15,0.5015947794313488,13517.284939417,True,False
6228,1620.0,980,4466989,0.15,0.46362221849207974,13520.140528667001,True,False
6229,2550.0,779,4467768,0.15,0.5037594777651322,13522.424309209,True,False
6230,1220.0,602,4468370,0.15,0.43859361777702965,13524.195462959,True,False
6231,1940.0,890,4469260,0.15,0.4963805840221221,13526.805568584,True,False
6232,1380.0,962,4470222,0.15,0.4083244082828363,13529.618324416999,True,False
6233,1730.0,900,4471122,0.15,0.48146422058343885,13532.274514459,True,False
6234,1860.0,1011,4472133,0.15,0.5227810601766402,13535.237796209,True,False
6235,940.0,625,4472758,0.15,0.5234617392222086,13537.102834667,True,False
6236,1460.0,1004,4473762,0.15,0.56524161305798,13540.107730042,True,False
6237,1810.0,850,4474612,0.15,0.444692741397401,13542.618895209001,True,False
6238,1710.0,809,4475421,0.15,0.4882270413460118,13545.008723959,True,False
6239,1010.0,680,4476101,0.15,0.47582108001498613,13547.015126584,True,False
6240,1260.0,983,4477084,0.15,0.43216563512881595,13549.888021499999,True,False
6241,1610.0,653,4477737,0.15,0.5894561311218636,13551.792973459,True,False
6242,1780.0,984,4478721,0.15,0.5245505038921426,13554.700333292,True,False
6243,1230.0,710,4479431,0.15,0.472943820901173,13556.814114583998,True,False
6244,1250.0,739,4480170,0.15,0.520509890768979,13559.006844917,True,False
6245,390.0,402,4480572,0.15,0.47449739823246945,13560.284719750001,True,False
6246,1570.0,912,4481484,0.15,0.5200096946863229,13563.130053500001,True,False
6247,1930.0,878,4482362,0.15,0.4823065679435316,13565.718001666999,True,False
6248,1900.0,842,4483204,0.15,0.5155855730105351,13568.205981167,True,False
6249,1310.0,747,4483951,0.15,0.5218225226447146,13570.41215725,True,False
6250,1410.0,870,4484821,0.15,0.5140867014543726,13572.958323874998,True,False
6251,1050.0,872,4485693,0.15,0.509756765302715,13576.602493875002,True,False
6252,1510.0,944,4486637,0.15,0.503914146668325,13579.377186999998,True,False
6253,1330.0,843,4487480,0.15,0.4642856194862822,13581.839959375,True,False
6254,2790.0,918,4488398,0.15,0.47531490294693857,13584.544471875,True,False
6255,2710.0,739,4489137,0.15,0.4602472591239053,13586.714989334,True,False
6256,1230.0,782,4489919,0.15,0.47040017591072963,13589.019743875,True,False
6257,1370.0,615,4490534,0.15,0.5440767081333445,13590.862883292,True,False
6258,1090.0,730,4491264,0.15,0.47039061776601554,13593.0167095,True,False
6259,1620.0,899,4492163,0.15,0.5222991216661674,13595.644529875,True,False
6260,2040.0,919,4493082,0.15,0.5205880672063516,13598.362688334,True,False
6261,1160.0,690,4493772,0.15,0.5267649153408976,13600.435476916999,True,False
6262,1980.0,1045,4494817,0.15,0.5141191279865316,13603.691520125001,True,False
6263,2050.0,833,4495650,0.15,0.49849891343798775,13606.220224334,True,False
6264,1230.0,706,4496356,0.15,0.5238684247442558,13608.337952209,True,False
6265,1190.0,898,4497254,0.15,0.5946928079772208,13610.965699334,True,False
6266,1980.0,1112,4498366,0.15,0.5214964914664948,13614.562215124999,True,False
6267,940.0,525,4498891,0.15,0.5430707365046931,13616.187280958999,True,False
6268,1720.0,1054,4499945,0.15,0.5276486536657269,13619.304278750002,True,False
6269,1320.0,798,4500743,0.15,0.48098070425304335,13621.648931542,True,False
6270,1610.0,1051,4501794,0.15,0.5535600650559813,13624.783472916999,True,False
6271,1430.0,885,4502679,0.15,0.5019152763202719,13627.447791916999,True,False
6272,1150.0,957,4503636,0.15,0.453700039939334,13630.285446792,True,False
6273,1140.0,598,4504234,0.15,0.4995771615497218,13632.052027000002,True,False
6274,1200.0,767,4505001,0.15,0.4910624490585178,13634.296109916999,True,False
6275,1620.0,747,4505748,0.15,0.4444695445385209,13636.493459541998,True,False
6276,1410.0,834,4506582,0.15,0.48090299845744783,13639.880818500002,True,False
6277,1060.0,546,4507128,0.15,0.5232045069663194,13641.480644416999,True,False
6278,1160.0,733,4507861,0.15,0.499844342388742,13643.610397584001,True,False
6279,1370.0,943,4508804,0.15,0.5179316378119638,13646.368214499998,True,False
6280,1010.0,591,4509395,0.15,0.5969482875194679,13648.156469667,True,False
6281,1280.0,651,4510046,0.15,0.5518892901075398,13650.101607249999,True,False
6282,1780.0,1008,4511054,0.15,0.544270892228399,13653.068035125001,True,False
6283,210.0,315,4511369,0.15,0.551285798979711,13654.083205292001,True,False
6284,1170.0,808,4512177,0.15,0.5296461174246108,13656.474455250001,True,False
6285,630.0,528,4512705,0.15,0.4980399790361072,13658.062840125,True,False
6286,2750.0,1004,4513709,0.15,0.5170016604590701,13661.002087959001,True,False
6287,470.0,427,4514136,0.15,0.552814975659424,13662.287423834001,True,False
6288,4550.0,1019,4515155,0.15,0.5087285711774676,13665.247458334,True,False
6289,990.0,599,4515754,0.15,0.5781002616882325,13667.036227334,True,False
6290,1710.0,636,4516390,0.15,0.5244513526090286,13668.923803124999,True,False
6291,1300.0,841,4517231,0.15,0.5935466785516058,13671.392581084001,True,False
6292,1870.0,1296,4518527,0.15,0.5224040122127828,13675.166349125,True,False
6293,1150.0,720,4519247,0.15,0.5115423411958747,13677.292481917,True,False
6294,1970.0,1278,4520525,0.15,0.5416274384595454,13680.986022375,True,False
6295,910.0,719,4521244,0.15,0.5253162498275439,13683.07467075,True,False
6296,2400.0,1138,4522382,0.15,0.5573812651802117,13686.379018917,True,False
6297,850.0,621,4523003,0.15,0.49380256658600225,13688.217843167,True,False
6298,1310.0,722,4523725,0.15,0.4758028406958554,13690.485758374998,True,False
6299,950.0,665,4524390,0.15,0.5655441868556551,13692.458299375001,True,False
6300,2080.0,863,4525253,0.15,0.5644483928810116,13694.977797,True,False
6301,1400.0,816,4526069,0.15,0.49828991608000267,13698.651354875,True,False
6302,920.0,512,4526581,0.15,0.5031057094456628,13700.163997084,True,False
6303,1300.0,792,4527373,0.15,0.5483210082307006,13702.482232792001,True,False
6304,1510.0,995,4528368,0.15,0.5398920521319631,13705.382160083998,True,False
6305,1850.0,1180,4529548,0.15,0.5131481414124117,13708.826446916999,True,False
6306,1900.0,1021,4530569,0.15,0.5572743496474097,13711.784177000001,True,False
6307,930.0,856,4531425,0.15,0.5471810717309746,13714.306140584002,True,False
6308,1270.0,964,4532389,0.15,0.4872978665707517,13717.125725625,True,False
6309,1180.0,714,4533103,0.15,0.538932156027033,13719.240755625,True,False
6310,1470.0,722,4533825,0.15,0.5908315367790875,13721.372111166998,True,False
6311,1560.0,844,4534669,0.15,0.6022664068081368,13723.849061417,True,False
6312,1200.0,667,4535336,0.15,0.5564467135125292,13725.809104208998,True,False
6313,1550.0,644,4535980,0.15,0.5236777156036093,13727.702282167,True,False
6314,1680.0,1016,4536996,0.15,0.5323166113317482,13730.678926208999,True,False
6315,1350.0,679,4537675,0.15,0.48646639481451387,13732.664143667,True,False
6316,950.0,517,4538192,0.15,0.6161176807605303,13734.227997041999,True,False
6317,830.0,680,4538872,0.15,0.5529103009139791,13736.231189916998,True,False
6318,1720.0,832,4539704,0.15,0.599584907758981,13738.680617334001,True,False
6319,2590.0,1062,4540766,0.15,0.587079997051437,13741.821917000001,True,False
6320,1830.0,933,4541699,0.15,0.5096862399271118,13745.071962667,True,False
6321,1770.0,902,4542601,0.15,0.5630685871681281,13747.740008375,True,False
6322,1380.0,696,4543297,0.15,0.607676414408903,13749.803084791998,True,False
6323,1620.0,872,4544169,0.15,0.5158044067681382,13752.394950167,True,False
6324,1920.0,825,4544994,0.15,0.5809457902480097,13754.972343792,True,False
6325,2130.0,1163,4546157,0.15,0.6466287898341405,13758.436934709,True,False
6326,1200.0,805,4546962,0.15,0.5567942960419465,13762.028995417,True,False
6327,900.0,492,4547454,0.15,0.5223720584943042,13763.470148375,True,False
6328,1460.0,815,4548269,0.15,0.6455847702043898,13765.840046292,True,False
6329,2820.0,1074,4549343,0.15,0.6094248717956579,13768.967908125,True,False
6330,2860.0,818,4550161,0.15,0.5912378487790503,13771.3705935,True,False
6331,1840.0,788,4550949,0.15,0.5722063484833325,13773.667632042001,True,False
6332,1050.0,612,4551561,0.15,0.5764748162888234,13775.480562917,True,False
6333,1640.0,672,4552233,0.15,0.5510085437092043,13777.486720542001,True,False
6334,760.0,525,4552758,0.15,0.6330337547163927,13779.055477792,True,False
6335,1630.0,766,4553524,0.15,0.6275925796168546,13781.485980541998,True,False
6336,1220.0,565,4554089,0.15,0.6306546289235988,13783.210386833998,True,False
6337,810.0,611,4554700,0.15,0.5840393086664037,13785.032277875001,True,False
6338,1150.0,976,4555676,0.15,0.611531918776817,13787.903592416998,True,False
6339,1310.0,595,4556271,0.15,0.5419468605840528,13789.65411575,True,False
6340,490.0,429,4556700,0.15,0.4793568034138944,13790.955115125002,True,False
6341,1710.0,830,4557530,0.15,0.6058850617008509,13793.396102292001,True,False
6342,2040.0,1059,4558589,0.15,0.5965619222173151,13796.518849249998,True,False
6343,1230.0,1020,4559609,0.15,0.5924264796808654,13799.512416041998,True,False
6344,1030.0,743,4560352,0.15,0.5855046275963065,13801.697327334,True,False
6345,5060.0,1065,4561417,0.15,0.5944412220129394,13804.877288542,True,False
6346,1420.0,756,4562173,0.15,0.5794773862633125,13807.213730084,True,False
6347,970.0,774,4562947,0.15,0.6479237584175224,13809.515021374998,True,False
6348,1830.0,1077,4564024,0.15,0.6038012767555537,13812.824805959,True,False
6349,1830.0,896,4564920,0.15,0.6261868000562701,13815.562296584001,True,False
6350,1970.0,762,4565682,0.15,0.596456596961147,13818.000010542,True,False
6351,1460.0,894,4566576,0.15,0.5306910493610693,13821.738680625,True,False
6352,2250.0,940,4567516,0.15,0.5741661674798804,13824.519307584,True,False
6353,1290.0,632,4568148,0.15,0.5669741074118433,13826.387536709,True,False
6354,1340.0,826,4568974,0.15,0.5611610888566786,13828.827731624999,True,False
6355,2300.0,809,4569783,0.15,0.628796222997774,13831.190019541998,True,False
6356,490.0,403,4570186,0.15,0.47529847551100324,13832.422335625,True,False
6357,2420.0,842,4571028,0.15,0.5708310318784127,13834.917048374999,True,False
6358,1350.0,897,4571925,0.15,0.5212623073187258,13837.550820666998,True,False
6359,2260.0,960,4572885,0.15,0.5806589315334956,13840.404265166999,True,False
6360,2030.0,976,4573861,0.15,0.6035969471406253,13843.316441374998,True,False
6361,1470.0,1146,4575007,0.15,0.5514087017912132,13846.702835291999,True,False
6362,1140.0,661,4575668,0.15,0.5362155836030661,13848.680861583998,True,False
6363,1800.0,1192,4576860,0.15,0.5125254047096975,13852.199009375,True,False
6364,1000.0,954,4577814,0.15,0.5164735845344908,13855.003248709,True,False
6365,2200.0,989,4578803,0.15,0.6370914174839553,13857.930565625,True,False
6366,1900.0,1018,4579821,0.15,0.49563059114358005,13860.92289225,True,False
6367,720.0,462,4580283,0.15,0.5036595918562101,13862.331799084,True,False
6368,1790.0,665,4580948,0.15,0.5302627889249854,13864.308051291999,True,False
6369,2100.0,718,4581666,0.15,0.5367853009251243,13866.421669,True,False
6370,1400.0,956,4582622,0.15,0.5747546462272002,13869.235146459,True,False
6371,1880.0,1151,4583773,0.15,0.539939306391817,13872.655810708999,True,False
6372,400.0,348,4584121,0.15,0.4947479408362816,13873.698220667,True,False
6373,2440.0,788,4584909,0.15,0.5295800593903828,13876.02489375,True,False
6374,1760.0,796,4585705,0.15,0.5439603371760953,13878.348591083999,True,False
6375,1880.0,1001,4586706,0.15,0.5832573610246181,13881.23941025,True,False
6376,1590.0,917,4587623,0.15,0.49718703895677124,13885.000451542,True,False
6377,3370.0,786,4588409,0.15,0.5528254256333192,13887.326983750001,True,False
6378,850.0,614,4589023,0.15,0.47035060316519023,13889.126615959001,True,False
6379,1480.0,889,4589912,0.15,0.5874637576496654,13891.74241725,True,False
6380,2130.0,898,4590810,0.15,0.5671944596937725,13894.389197917,True,False
6381,1780.0,795,4591605,0.15,0.4737108892681611,13896.719391709,True,False
6382,1480.0,965,4592570,0.15,0.47568346232299485,13899.538244542,True,False
6383,970.0,582,4593152,0.15,0.4871781488803968,13901.261944292,True,False
6384,1760.0,868,4594020,0.15,0.48249819867896593,13903.829503417,True,False
6385,1140.0,670,4594690,0.15,0.5166098901076231,13905.932381375002,True,False
6386,1280.0,900,4595590,0.15,0.5631896440850364,13908.598308334,True,False
6387,780.0,536,4596126,0.15,0.5201448505160524,13910.21234025,True,False
6388,1860.0,827,4596953,0.15,0.5667101532796731,13912.676862834,True,False
6389,1310.0,755,4597708,0.15,0.5267758042250992,13914.889028124999,True,False
6390,1510.0,807,4598515,0.15,0.4743577243750961,13917.256014458999,True,False
6391,1220.0,856,4599371,0.15,0.5170625162737392,13919.752066334,True,False
6392,1580.0,935,4600306,0.15,0.4983781752550704,13922.514838667,True,False
6393,1420.0,1000,4601306,0.15,0.5602731896936893,13925.511440875001,True,False
6394,1700.0,817,4602123,0.15,0.5401780566602361,13928.007704417,True,False
6395,1140.0,717,4602840,0.15,0.5660392052597469,13930.177830334,True,False
6396,740.0,610,4603450,0.15,0.4798855679599862,13931.987577584001,True,False
6397,1860.0,923,4604373,0.15,0.5530419901851967,13934.690999916998,True,False
6398,1910.0,988,4605361,0.15,0.688789057707497,13937.590751542,True,False
6399,1550.0,781,4606142,0.15,0.4341707760706926,13939.904680250002,True,False
6400,1650.0,718,4606860,0.15,0.6235071440951692,13942.061905375002,True,False
6401,1160.0,785,4607645,0.15,0.5604081015881835,13945.4205105,True,False
6402,2010.0,935,4608580,0.15,0.5402046645808424,13948.2305515,True,False
6403,2030.0,798,4609378,0.15,0.5311356018386294,13950.571229624999,True,False
6404,1050.0,754,4610132,0.15,0.47903007875989984,13952.800875542001,True,False
6405,1490.0,1004,4611136,0.15,0.5214974127442713,13955.741010667,True,False
6406,3380.0,972,4612108,0.15,0.48612890594903335,13958.614372,True,False
6407,900.0,536,4612644,0.15,0.4900779934294188,13960.319258542,True,False
6408,1600.0,1038,4613682,0.15,0.5234177718406479,13963.618093000001,True,False
6409,2340.0,1011,4614693,0.15,0.5333387859077322,13966.708614292002,True,False
6410,430.0,362,4615055,0.15,0.5626371251212225,13967.84835575,True,False
6411,1490.0,1071,4616126,0.15,0.47744514125941406,13971.468545917,True,False
6412,1910.0,863,4616989,0.15,0.5177753128939204,13974.085134083998,True,False
6413,1750.0,845,4617834,0.15,0.5603526559486208,13976.868250791998,True,False
6414,1690.0,948,4618782,0.15,0.5258291060348603,13979.800791500002,True,False
6415,1210.0,632,4619414,0.15,0.5064767567983156,13981.700173334,True,False
6416,1150.0,769,4620183,0.15,0.5525580946123227,13984.064030375,True,False
6417,3110.0,1157,4621340,0.15,0.49846606868608245,13987.517050499999,True,False
6418,1700.0,971,4622311,0.15,0.5257528553570597,13990.397196499998,True,False
6419,1270.0,887,4623198,0.15,0.5540854650306272,13993.055635042001,True,False
6420,2280.0,1109,4624307,0.15,0.5159136286334871,13996.306403334002,True,False
6421,1120.0,705,4625012,0.15,0.4940181334139937,13998.391319084,True,False
6422,2070.0,727,4625739,0.15,0.5867402898507882,14000.533110542001,True,False
6423,1280.0,681,4626420,0.15,0.5350448455204043,14002.550953958998,True,False
6424,1190.0,777,4627197,0.15,0.4849207274538955,14004.841201791998,True,False
6425,1920.0,910,4628107,0.15,0.5603952667130248,14007.476598834,True,False
6426,1480.0,807,4628914,0.15,0.45138676663731586,14010.816163917,True,False
6427,1630.0,891,4629805,0.15,0.4613153075824404,14013.41003675,True,False
6428,1650.0,727,4630532,0.15,0.5346798347002202,14015.545843417,True,False
6429,1920.0,796,4631328,0.15,0.4882569909470165,14017.876901874999,True,False
6430,1350.0,903,4632231,0.15,0.48920921961466474,14020.518520334,True,False
6431,870.0,687,4632918,0.15,0.5630799621170344,14022.556209292,True,False
6432,1820.0,976,4633894,0.15,0.49319384448596687,14025.370665167,True,False
6433,1430.0,699,4634593,0.15,0.4879777658837182,14027.40420075,True,False
6434,1080.0,631,4635224,0.15,0.39977688530955136,14029.239110875002,True,False
6435,1470.0,833,4636057,0.15,0.4863864734339026,14031.6611835,True,False
6436,1480.0,835,4636892,0.15,0.4424597973173315,14034.113752209,True,False
6437,1580.0,805,4637697,0.15,0.5124010371035012,14036.461663792,True,False
6438,560.0,471,4638168,0.15,0.5678634641029067,14037.847547417,True,False
6439,1540.0,763,4638931,0.15,0.48481030283789883,14040.1322765,True,False
6440,2910.0,952,4639883,0.15,0.5170794140954479,14042.977716166999,True,False
6441,2130.0,924,4640807,0.15,0.5478474665836338,14045.655221542002,True,False
6442,940.0,838,4641645,0.15,0.4604139744525864,14048.141349041998,True,False
6443,3100.0,1002,4642647,0.15,0.4680358788967133,14051.042171417,True,False
6444,1590.0,690,4643337,0.15,0.48419899523602744,14053.076912334,True,False
6445,1900.0,969,4644306,0.15,0.499009018686931,14056.009055834002,True,False
6446,1580.0,922,4645228,0.15,0.5034693706280742,14058.723229750001,True,False
6447,1730.0,970,4646198,0.15,0.44196363467692346,14061.538961834001,True,False
6448,1870.0,766,4646964,0.15,0.5119875650852919,14063.790224042,True,False
6449,1360.0,560,4647524,0.15,0.5387567161449365,14065.464581875,True,False
6450,1240.0,720,4648244,0.15,0.5143827353914578,14067.570502416998,True,False
6451,2040.0,948,4649192,0.15,0.5460875564989661,14071.291344166999,True,False
6452,2000.0,809,4650001,0.15,0.46782079073462157,14073.659882875,True,False
6453,1740.0,1115,4651116,0.15,0.5076646518002275,14076.908758041998,True,False
6454,2070.0,994,4652110,0.15,0.5517357642191553,14079.781757249999,True,False
6455,1580.0,897,4653007,0.15,0.4816907014963882,14082.413128417,True,False
6456,2130.0,916,4653923,0.15,0.47729758755608936,14085.065797459,True,False
6457,1440.0,714,4654637,0.15,0.469096480593002,14087.150867834,True,False
6458,1680.0,984,4655621,0.15,0.507590281466643,14090.029706209,True,False
6459,1310.0,809,4656430,0.15,0.5416984829941008,14092.393203959,True,False
6460,2150.0,1019,4657449,0.15,0.5035470184157876,14095.373602749998,True,False
6461,900.0,880,4658329,0.15,0.5755916959521445,14097.944144292,True,False
6462,2100.0,908,4659237,0.15,0.5133373149822462,14100.591075042,True,False
6463,1250.0,1089,4660326,0.15,0.5783836916636895,14103.759457417,True,False
6464,790.0,507,4660833,0.15,0.5100634093359699,14105.273969584,True,False
6465,820.0,543,4661376,0.15,0.5708102160955176,14106.898437875,True,False
6466,1610.0,967,4662343,0.15,0.5271928249491201,14109.709792083999,True,False
6467,1730.0,983,4663326,0.15,0.6163256138684304,14112.595564459,True,False
6468,1760.0,882,4664208,0.15,0.5229128616023387,14115.193453708998,True,False
6469,1340.0,829,4665037,0.15,0.5275480386571608,14117.608712083998,True,False
6470,1950.0,975,4666012,0.15,0.5220230905125376,14120.447627583999,True,False
6471,1350.0,973,4666985,0.15,0.6252517840621893,14123.259364334,True,False
6472,2800.0,1385,4668370,0.15,0.5822840978127684,14127.342896292,True,False
6473,730.0,769,4669139,0.15,0.4715572533120091,14129.646626875001,True,False
6474,1180.0,737,4669876,0.15,0.5255815464499834,14131.820814709,True,False
6475,1500.0,807,4670683,0.15,0.47188882826276085,14134.221279124999,True,False
6476,2370.0,871,4671554,0.15,0.506442743293736,14138.155755749998,True,False
6477,1930.0,958,4672512,0.15,0.470073889195919,14140.947136709001,True,False
6478,1640.0,650,4673162,0.15,0.5677273535618076,14142.865099874998,True,False
6479,1880.0,1094,4674256,0.15,0.535871687270429,14146.083159958998,True,False
6480,1180.0,862,4675118,0.15,0.4972904230966124,14148.571865584,True,False
6481,1730.0,747,4675865,0.15,0.6012797854880598,14150.747071667,True,False
6482,1680.0,905,4676770,0.15,0.5026408569738928,14153.360705209001,True,False
6483,1990.0,940,4677710,0.15,0.5461562672194015,14156.103645209001,True,False
6484,1540.0,791,4678501,0.15,0.4863554757803377,14158.402568292,True,False
6485,1070.0,610,4679111,0.15,0.49198608953309686,14160.185199874999,True,False
6486,1920.0,998,4680109,0.15,0.5375666411519051,14163.076671458999,True,False
6487,1230.0,629,4680738,0.15,0.48565075892931336,14164.932265709002,True,False
6488,1770.0,820,4681558,0.15,0.49450193545440346,14167.297410791998,True,False
6489,1120.0,712,4682270,0.15,0.5332642869835489,14169.358834542,True,False
6490,1500.0,947,4683217,0.15,0.519328867458593,14172.120575875,True,False
6491,1630.0,1097,4684314,0.15,0.5591817294811681,14175.303442125001,True,False
6492,1280.0,668,4684982,0.15,0.5292678351352315,14177.2543735,True,False
6493,1830.0,1123,4686105,0.15,0.48723336455024435,14180.649733667,True,False
6494,2470.0,1136,4687241,0.15,0.5182731538801126,14184.011940584001,True,False
6495,2020.0,1058,4688299,0.15,0.4417664200970621,14187.072658292,True,False
6496,1470.0,1036,4689335,0.15,0.4799423041721108,14190.109445458998,True,False
6497,3160.0,749,4690084,0.15,0.5329421339358421,14192.337261917,True,False
6498,1470.0,993,4691077,0.15,0.4714547612914635,14195.255144125,True,False
6499,1210.0,760,4691837,0.15,0.4728242350252051,14197.49607275,True,False
6500,2520.0,883,4692720,0.15,0.545275434379664,14200.137943667,True,False
6501,1610.0,865,4693585,0.15,0.4808295246006714,14203.768768124999,True,False
6502,1100.0,692,4694277,0.15,0.4569197841893042,14205.844029749998,True,False
6503,3520.0,966,4695243,0.15,0.5428276670424276,14208.722673917,True,False
6504,460.0,391,4695634,0.15,0.4931955074473303,14209.8884775,True,False
6505,1910.0,966,4696600,0.15,0.5258113791134732,14212.73670175,True,False
6506,1290.0,1069,4697669,0.15,0.494961454934172,14215.851448375,True,False
6507,1670.0,1039,4698708,0.15,0.5133130581333087,14218.872333374999,True,False
6508,1450.0,743,4699451,0.15,0.49911765158176424,14221.042178417,True,False
6509,1660.0,910,4700361,0.15,0.5909426584839821,14223.713079834,True,False
6510,1620.0,977,4701338,0.15,0.5372469565052478,14226.570970583998,True,False
6511,2290.0,843,4702181,0.15,0.458544126972203,14229.04053875,True,False
6512,1550.0,849,4703030,0.15,0.4742013211098482,14231.551228542,True,False
6513,1810.0,738,4703768,0.15,0.47341718355546125,14233.79572925,True,False
6514,1590.0,792,4704560,0.15,0.5446161815915445,14236.172993208998,True,False
6515,3060.0,832,4705392,0.15,0.5444928522293384,14238.620483709,True,False
6516,1770.0,1369,4706761,0.15,0.546771911414046,14242.563354083999,True,False
6517,2100.0,808,4707569,0.15,0.5344302556154752,14244.908859333998,True,False
6518,1860.0,920,4708489,0.15,0.488236814348594,14247.570762791998,True,False
6519,2590.0,1018,4709507,0.15,0.4619944229370027,14250.525886291998,True,False
6520,1700.0,866,4710373,0.15,0.5072040231683836,14253.032175917,True,False
6521,1920.0,1101,4711474,0.15,0.47790206416086717,14256.224188042,True,False
6522,330.0,342,4711816,0.15,0.5047025450093802,14257.240515041998,True,False
6523,1460.0,854,4712670,0.15,0.477976123771757,14259.740965417,True,False
6524,2920.0,971,4713641,0.15,0.4548105228646302,14262.575092084,True,False
6525,1810.0,1030,4714671,0.15,0.5136929582587012,14265.626370834001,True,False
6526,1010.0,686,4715357,0.15,0.4796086010891338,14268.701137167001,True,False
6527,1810.0,837,4716194,0.15,0.58936120762209,14271.116865875,True,False
6528,1860.0,895,4717089,0.15,0.48769680563626544,14273.707240209002,True,False
6529,1600.0,844,4717933,0.15,0.5053844634814285,14276.1824195,True,False
6530,1370.0,799,4718732,0.15,0.5084453721717,14278.558888250001,True,False
6531,3340.0,858,4719590,0.15,0.5163477444760153,14281.06434125,True,False
6532,1310.0,757,4720347,0.15,0.4297673069926166,14283.283237042,True,False
6533,1250.0,730,4721077,0.15,0.48811986879572844,14285.420104583998,True,False
6534,970.0,635,4721712,0.15,0.5774166096681319,14287.289106959,True,False
6535,2590.0,874,4722586,0.15,0.47853456834040653,14289.804409166998,True,False
6536,1520.0,829,4723415,0.15,0.5181863333867944,14292.200712584,True,False
6537,2100.0,934,4724349,0.15,0.5369672385545877,14294.923342375001,True,False
6538,1720.0,986,4725335,0.15,0.5030241965399525,14297.77005875,True,False
6539,1760.0,836,4726171,0.15,0.5708758412151815,14300.228305042001,True,False
6540,960.0,571,4726742,0.15,0.5018899534548913,14301.895910542,True,False
6541,1550.0,701,4727443,0.15,0.5820040044614246,14303.945820208999,True,False
6542,1550.0,1024,4728467,0.15,0.4733273851161357,14306.937961791999,True,False
6543,520.0,436,4728903,0.15,0.5476148758732945,14308.249681124998,True,False
6544,1600.0,805,4729708,0.15,0.48705748959195494,14310.601129874998,True,False
6545,1050.0,711,4730419,0.15,0.46904212935159434,14312.8956565,True,False
6546,580.0,509,4730928,0.15,0.5152739105978981,14314.446199083999,True,False
6547,1790.0,901,4731829,0.15,0.5837753750880559,14317.087827750001,True,False
6548,1190.0,762,4732591,0.15,0.5152453043743184,14319.322428250001,True,False
6549,1390.0,855,4733446,0.15,0.5388058814281058,14321.864663708999,True,False
6550,1160.0,775,4734221,0.15,0.5410359004109176,14324.28175025,True,False
6551,1400.0,998,4735219,0.15,0.5337965922602209,14328.375082875002,True,False
6552,1590.0,917,4736136,0.15,0.4885948853000351,14331.187290625,True,False
6553,3120.0,974,4737110,0.15,0.5205913215201088,14334.060210125,True,False
6554,1540.0,974,4738084,0.15,0.5517889833780097,14336.917542374998,True,False
6555,1380.0,888,4738972,0.15,0.4971924873219954,14339.524249999999,True,False
6556,330.0,409,4739381,0.15,0.5234264878957879,14340.765266125,True,False
6557,1400.0,788,4740169,0.15,0.5347840871075689,14343.081929167001,True,False
6558,1010.0,702,4740871,0.15,0.5181829874004636,14345.142971083998,True,False
6559,1630.0,781,4741652,0.15,0.5371545450571849,14347.445864124998,True,False
6560,1020.0,656,4742308,0.15,0.5002265784253435,14349.379030334,True,False
6561,1520.0,885,4743193,0.15,0.5643381122415422,14352.012647333999,True,False
6562,980.0,725,4743918,0.15,0.6030840098610899,14354.153157249999,True,False
6563,490.0,459,4744377,0.15,0.5766669782607452,14355.508384792,True,False
6564,1640.0,825,4745202,0.15,0.605415393498916,14357.915561499998,True,False
6565,2390.0,969,4746171,0.15,0.6070956190632395,14360.747811417,True,False
6566,1730.0,1043,4747214,0.15,0.5994858104607155,14363.801834584,True,False
6567,660.0,571,4747785,0.15,0.555651282409688,14365.503564999999,True,False
6568,1170.0,728,4748513,0.15,0.5756227227930839,14367.64042775,True,False
6569,2050.0,991,4749504,0.15,0.525547178702489,14370.532354916999,True,False
6570,1100.0,774,4750278,0.15,0.5431011894360726,14372.795153333998,True,False
6571,1700.0,1288,4751566,0.15,0.5513453038397783,14376.550058334,True,False
6572,900.0,803,4752369,0.15,0.5639221942172715,14378.921307292,True,False
6573,770.0,693,4753062,0.15,0.5578138768845211,14380.934528209,True,False
6574,1890.0,919,4753981,0.15,0.5158819031132305,14383.580555625002,True,False
6575,2060.0,965,4754946,0.15,0.5654229451264583,14386.376949834,True,False
6576,1330.0,625,4755571,0.15,0.47802813986364084,14389.493414749999,True,False
6577,1070.0,603,4756174,0.15,0.49507572388412147,14391.2442945,True,False
6578,2030.0,1062,4757236,0.15,0.522264073665877,14394.403706917,True,False
6579,1420.0,1170,4758406,0.15,0.5626176276996936,14397.78143975,True,False
6580,1710.0,883,4759289,0.15,0.5366989931100095,14400.388423291999,True,False
6581,1760.0,939,4760228,0.15,0.5545796934594499,14403.114596959,True,False
6582,1010.0,784,4761012,0.15,0.505582540391051,14405.396000666999,True,False
6583,1230.0,812,4761824,0.15,0.49576885069679155,14407.751769334001,True,False
6584,1170.0,763,4762587,0.15,0.6401656372766745,14410.001844499999,True,False
6585,580.0,600,4763187,0.15,0.5177285637458166,14411.742430167,True,False
6586,2050.0,869,4764056,0.15,0.6313552510574323,14414.30804375,True,False
6587,1540.0,974,4765030,0.15,0.5393240336221432,14417.135623584,True,False
6588,1900.0,875,4765905,0.15,0.5796085591321667,14419.706502166999,True,False
6589,1190.0,798,4766703,0.15,0.6034427136182785,14422.033982959001,True,False
6590,1380.0,845,4767548,0.15,0.5773400698770892,14424.503428875,True,False
6591,1640.0,796,4768344,0.15,0.6112324344602662,14426.809065000001,True,False
6592,860.0,840,4769184,0.15,0.6423772790602276,14429.248482084,True,False
6593,1150.0,800,4769984,0.15,0.5334425374865532,14431.570734375,True,False
6594,1360.0,779,4770763,0.15,0.5415618777198276,14433.846750708999,True,False
6595,1740.0,675,4771438,0.15,0.5807033055103742,14435.841286916999,True,False
6596,1360.0,740,4772178,0.15,0.598716333266851,14438.024578875,True,False
6597,1420.0,755,4772933,0.15,0.6001034676240234,14440.239594833998,True,False
6598,1750.0,994,4773927,0.15,0.4996892907206089,14443.13965025,True,False
6599,1340.0,920,4774847,0.15,0.594917554181555,14445.838428125,True,False
6600,2240.0,1046,4775893,0.15,0.56327977802121,14448.898968124999,True,False
6601,1410.0,896,4776789,0.15,0.5557055107450911,14452.676974958998,True,False
6602,1590.0,941,4777730,0.15,0.590474593385737,14455.405891334001,True,False
6603,1050.0,652,4778382,0.15,0.5768702136226959,14457.332076292001,True,False
6604,1080.0,522,4778904,0.15,0.6287105589650059,14459.0308325,True,False
6605,1940.0,705,4779609,0.15,0.5247154170223935,14461.137908166998,True,False
6606,2570.0,939,4780548,0.15,0.6153614644674544,14463.883899084001,True,False
6607,3310.0,868,4781416,0.15,0.5329719432350677,14466.4352975,True,False
6608,2510.0,747,4782163,0.15,0.5662467643137901,14468.621478542002,True,False
6609,2400.0,980,4783143,0.15,0.5639450736800019,14471.46319075,True,False
6610,1210.0,1036,4784179,0.15,0.5883029911048624,14474.498006958998,True,False
6611,1880.0,1031,4785210,0.15,0.5084367605258328,14477.495213125,True,False
6612,2450.0,765,4785975,0.15,0.5234841537413173,14479.751397,True,False
6613,1310.0,955,4786930,0.15,0.5624088434245297,14482.551828042,True,False
6614,760.0,505,4787435,0.15,0.5749633002375799,14484.055911959,True,False
6615,1890.0,926,4788361,0.15,0.5740433941627371,14486.759737875,True,False
6616,1850.0,939,4789300,0.15,0.5327429458181909,14489.482169084,True,False
6617,980.0,836,4790136,0.15,0.5378295871201885,14491.921300292,True,False
6618,1640.0,691,4790827,0.15,0.6484494827427837,14493.957297834,True,False
6619,1950.0,778,4791605,0.15,0.5580411134622036,14496.227629042001,True,False
6620,1610.0,1176,4792781,0.15,0.5529293370540855,14499.635308542001,True,False
6621,420.0,447,4793228,0.15,0.539433134121022,14500.984360458999,True,False
6622,550.0,586,4793814,0.15,0.6173405000200011,14502.730428125,True,False
6623,1990.0,863,4794677,0.15,0.542789263650775,14505.248798375,True,False
6624,1420.0,1072,4795749,0.15,0.5391683409185107,14508.395195542002,True,False
6625,1120.0,689,4796438,0.15,0.5419556798283444,14510.438887,True,False
6626,2400.0,917,4797355,0.15,0.4855910955428036,14514.294373624998,True,False
6627,1560.0,821,4798176,0.15,0.6296751914383139,14516.71255525,True,False
6628,1680.0,861,4799037,0.15,0.5768543673809184,14519.2438205,True,False
6629,160.0,311,4799348,0.15,0.5804166379265296,14520.195343417,True,False
6630,1130.0,734,4800082,0.15,0.5403446855603672,14522.516341916998,True,False
6631,1440.0,854,4800936,0.15,0.502131016454964,14525.045116541998,True,False
6632,1330.0,801,4801737,0.15,0.578481523245573,14527.390669459,True,False
6633,2390.0,732,4802469,0.15,0.5173764500787349,14529.55784075,True,False
6634,1770.0,877,4803346,0.15,0.5078545691760163,14532.161395959,True,False
6635,1630.0,1120,4804466,0.15,0.5276731253202472,14535.420768334,True,False
6636,1840.0,1069,4805535,0.15,0.5850080548042662,14538.570098625001,True,False
6637,2120.0,945,4806480,0.15,0.5745051218990536,14541.349954334,True,False
6638,1670.0,916,4807396,0.15,0.559575422752372,14544.081825209,True,False
6639,2130.0,775,4808171,0.15,0.5295131082207428,14546.376329375002,True,False
6640,1570.0,1116,4809287,0.15,0.5749617498301264,14549.644809834,True,False
6641,1470.0,766,4810053,0.15,0.5325861039261023,14551.892316875,True,False
6642,1420.0,887,4810940,0.15,0.5664089235502321,14554.451668917001,True,False
6643,1460.0,685,4811625,0.15,0.46930149929565296,14556.445784959,True,False
6644,1790.0,1188,4812813,0.15,0.5752256241209981,14559.866852333998,True,False
6645,1140.0,793,4813606,0.15,0.565019674674429,14562.17302775,True,False
6646,2170.0,825,4814431,0.15,0.5227110940709855,14564.581526834001,True,False
6647,1670.0,858,4815289,0.15,0.46511229134576265,14567.084023542,True,False
6648,1560.0,889,4816178,0.15,0.5113401547879786,14569.702007125,True,False
6649,1290.0,814,4816992,0.15,0.5043735542864192,14572.120524999998,True,False
6650,1110.0,582,4817574,0.15,0.48626978870095877,14573.814411791998,True,False
6651,1430.0,836,4818410,0.15,0.49297036059450305,14577.337727375001,True,False
6652,1170.0,836,4819246,0.15,0.43062563365298595,14579.798763874998,True,False
6653,1660.0,1030,4820276,0.15,0.607926810781161,14582.838805042,True,False
6654,410.0,498,4820774,0.15,0.6103492727683436,14584.345598791999,True,False
6655,1410.0,869,4821643,0.15,0.546789253156306,14587.034707499999,True,False
6656,1620.0,936,4822579,0.15,0.5602984933707958,14589.760226292,True,False
6657,1640.0,894,4823473,0.15,0.5205441622529179,14592.442655625,True,False
6658,1980.0,1168,4824641,0.15,0.5584481994889371,14595.854138125,True,False
6659,1900.0,744,4825385,0.15,0.5334207462447305,14598.043471459001,True,False
6660,1470.0,1086,4826471,0.15,0.5560844537846716,14601.196460333998,True,False
6661,2200.0,1017,4827488,0.15,0.5414076888678121,14604.173581709001,True,False
6662,2900.0,1085,4828573,0.15,0.5214587499514717,14607.312177209002,True,False
6663,1040.0,784,4829357,0.15,0.48834520608794935,14609.601470792,True,False
6664,2390.0,935,4830292,0.15,0.4922969507164935,14612.4202545,True,False
6665,1310.0,573,4830865,0.15,0.53730529369591,14614.119631459002,True,False
6666,1640.0,851,4831716,0.15,0.469355432920053,14616.622455792,True,False
6667,1690.0,949,4832665,0.15,0.44341435990756073,14619.386499084001,True,False
6668,1450.0,770,4833435,0.15,0.45003112180468935,14621.650451959002,True,False
6669,1050.0,795,4834230,0.15,0.5067890412618766,14623.998285500002,True,False
6670,1610.0,940,4835170,0.15,0.48415750024166515,14626.733928375,True,False
6671,2360.0,1017,4836187,0.15,0.5041284237907627,14629.812355084,True,False
6672,1540.0,933,4837120,0.15,0.5100741282614887,14632.578406666998,True,False
6673,2050.0,775,4837895,0.15,0.4758962948705248,14634.863462417,True,False
6674,1900.0,905,4838800,0.15,0.42632767538404676,14637.522301542002,True,False
6675,2400.0,1029,4839829,0.15,0.5372546704826652,14640.583581959,True,False
6676,2170.0,1139,4840968,0.15,0.4783206499459451,14645.171975000001,True,False
6677,960.0,633,4841601,0.15,0.46444214871035344,14647.060300459001,True,False
6678,2530.0,947,4842548,0.15,0.47954962937012,14650.011617125001,True,False
6679,3180.0,1509,4844057,0.15,0.4890113223334206,14654.430021917,True,False
6680,1080.0,711,4844768,0.15,0.5035901662338985,14656.568116875002,True,False
6681,1210.0,762,4845530,0.15,0.4706557044073155,14658.819217334,True,False
6682,1460.0,865,4846395,0.15,0.4526554310556363,14661.38108825,True,False
6683,1960.0,857,4847252,0.15,0.4585861046646917,14663.910804709001,True,False
6684,1340.0,767,4848019,0.15,0.470854749074157,14666.128770167,True,False
6685,910.0,645,4848664,0.15,0.452763830760011,14668.019735041999,True,False
6686,1440.0,1048,4849712,0.15,0.46507043001874715,14671.06526875,True,False
6687,1630.0,809,4850521,0.15,0.38213288839353193,14673.429238875,True,False
6688,290.0,383,4850904,0.15,0.49235985381528735,14674.572916375,True,False
6689,1420.0,1057,4851961,0.15,0.5161965859941009,14677.653996042001,True,False
6690,800.0,597,4852558,0.15,0.4326480639060872,14679.432856750002,True,False
6691,1300.0,742,4853300,0.15,0.44184731043154196,14681.608685084,True,False
6692,2770.0,897,4854197,0.15,0.4515855378205223,14684.242629459,True,False
6693,330.0,393,4854590,0.15,0.5059911934088688,14685.41523975,True,False
6694,1130.0,702,4855292,0.15,0.5515243952501226,14687.502098,True,False
6695,1810.0,1118,4856410,0.15,0.48467665438049584,14690.776466084,True,False
6696,1890.0,1110,4857520,0.15,0.5058463458373821,14694.106773209001,True,False
6697,1630.0,928,4858448,0.15,0.5360643603549949,14696.811338250001,True,False
6698,1100.0,638,4859086,0.15,0.48142705670317765,14698.6782495,True,False
6699,2860.0,986,4860072,0.15,0.4950668432934564,14701.544937667,True,False
6700,1430.0,554,4860626,0.15,0.43230704844429874,14703.185158834,True,False
6701,1230.0,1067,4861693,0.15,0.5390518573897608,14707.866599792,True,False
6702,1630.0,750,4862443,0.15,0.5286010272681394,14710.077449834,True,False
6703,1180.0,736,4863179,0.15,0.43949488979642803,14712.229719209,True,False
6704,2360.0,992,4864171,0.15,0.49147220604842706,14715.241263291999,True,False
6705,1320.0,730,4864901,0.15,0.5223638208511748,14717.401316125,True,False
6706,980.0,702,4865603,0.15,0.5287090447970799,14719.469656166999,True,False
6707,1330.0,940,4866543,0.15,0.5211509144686638,14722.259368042,True,False
6708,1400.0,863,4867406,0.15,0.5370464012785642,14724.813114959,True,False
6709,2420.0,975,4868381,0.15,0.4811809411669364,14727.685470291999,True,False
6710,1600.0,952,4869333,0.15,0.4814543692128999,14730.471063042001,True,False
6711,2540.0,709,4870042,0.15,0.47563471038967875,14732.532625209002,True,False
6712,1210.0,698,4870740,0.15,0.5100781985265868,14734.607545333998,True,False
6713,1370.0,917,4871657,0.15,0.4492842055954787,14737.274890375,True,False
6714,1270.0,569,4872226,0.15,0.44116724870154556,14738.959592667,True,False
6715,1250.0,984,4873210,0.15,0.4893382977603412,14741.855527625,True,False
6716,1620.0,962,4874172,0.15,0.5186494889039222,14744.65517025,True,False
6717,2280.0,1055,4875227,0.15,0.4468578874441607,14747.699060167,True,False
6718,1930.0,659,4875886,0.15,0.5814960626038638,14749.634344417002,True,False
6719,1810.0,995,4876881,0.15,0.5081140978269308,14752.591916583999,True,False
6720,1500.0,1010,4877891,0.15,0.4839011439905753,14755.524215624999,True,False
6721,730.0,507,4878398,0.15,0.5016228289702745,14757.052712042001,True,False
6722,1230.0,694,4879092,0.15,0.45609170618070954,14759.079607167001,True,False
6723,2570.0,980,4880072,0.15,0.4921599514326271,14761.910293709,True,False
6724,1930.0,942,4881014,0.15,0.5165672571101088,14764.687653,True,False
6725,1300.0,773,4881787,0.15,0.47171240971650485,14766.960960417,True,False
6726,1080.0,885,4882672,0.15,0.5236374031718787,14770.574680875001,True,False
6727,1810.0,906,4883578,0.15,0.5544635170856408,14773.220567875,True,False
6728,2340.0,974,4884552,0.15,0.533836660815067,14776.119791083998,True,False
6729,2050.0,929,4885481,0.15,0.5926555783391513,14778.997365167,True,False
6730,5050.0,1026,4886507,0.15,0.5636105231824331,14782.188324292001,True,False
6731,1420.0,860,4887367,0.15,0.5003747591099074,14784.727361500001,True,False
6732,1520.0,1114,4888481,0.15,0.44240454656462513,14788.038080125,True,False
6733,1950.0,1168,4889649,0.15,0.4881367936781416,14791.455875209002,True,False
6734,1450.0,886,4890535,0.15,0.4292186988829488,14794.080510417,True,False
6735,1600.0,858,4891393,0.15,0.5060954146606977,14796.645235084,True,False
6736,1750.0,957,4892350,0.15,0.4360764332770304,14799.459420333998,True,False
6737,950.0,678,4893028,0.15,0.48775208671303355,14801.477641624999,True,False
6738,1840.0,868,4893896,0.15,0.48057445698344764,14804.057664667002,True,False
6739,1030.0,756,4894652,0.15,0.49934173438441815,14806.296495084,True,False
6740,1240.0,699,4895351,0.15,0.4587448191368717,14808.34115475,True,False
6741,2030.0,968,4896319,0.15,0.496397633136304,14811.257020666999,True,False
6742,2080.0,763,4897082,0.15,0.5142539276970619,14813.504416875,True,False
6743,1560.0,1052,4898134,0.15,0.5118853557755738,14816.597329959,True,False
6744,590.0,536,4898670,0.15,0.5768433879338094,14818.193491334001,True,False
6745,1440.0,887,4899557,0.15,0.4835829602739027,14820.804425292,True,False
6746,1170.0,728,4900285,0.15,0.49532139546923587,14822.947388375,True,False
6747,800.0,822,4901107,0.15,0.49750923230880645,14825.364544834,True,False
6748,1370.0,801,4901908,0.15,0.5516671770025249,14827.7324595,True,False
6749,1730.0,1072,4902980,0.15,0.4967005721001483,14830.914743459001,True,False
6750,1960.0,961,4903941,0.15,0.4906035693672796,14833.744718041999,True,False
6751,2350.0,947,4904888,0.15,0.502379669544566,14837.234029374998,True,False
6752,1060.0,652,4905540,0.15,0.47308796287679966,14839.142318417002,True,False
6753,1850.0,991,4906531,0.15,0.52116501666153,14842.1061925,True,False
6754,1410.0,1019,4907550,0.15,0.5377179624403224,14845.081046125,True,False
6755,1540.0,1016,4908566,0.15,0.500868813963387,14848.068871,True,False
6756,1040.0,703,4909269,0.15,0.5138313738544557,14850.128307542,True,False
6757,1510.0,1009,4910278,0.15,0.508343258902194,14853.045674542002,True,False
6758,1540.0,955,4911233,0.15,0.4212913729219257,14855.811584125,True,False
6759,1340.0,818,4912051,0.15,0.44672617480597077,14858.194764333999,True,False
6760,1630.0,1441,4913492,0.15,0.47632010087081933,14862.374529666999,True,False
6761,2120.0,936,4914428,0.15,0.4731940816228206,14865.125938875,True,False
6762,1120.0,674,4915102,0.15,0.5289184025355748,14867.103264459001,True,False
6763,1370.0,753,4915855,0.15,0.5300989258400304,14869.2943735,True,False
6764,1480.0,940,4916795,0.15,0.5037222324850711,14872.016632374998,True,False
6765,1960.0,914,4917709,0.15,0.4527238684189892,14874.673321625,True,False
6766,430.0,484,4918193,0.15,0.5548172553708731,14876.116045667,True,False
6767,1570.0,936,4919129,0.15,0.44314056794103396,14878.833805334001,True,False
6768,730.0,527,4919656,0.15,0.5207415557833333,14880.397676792,True,False
6769,1290.0,632,4920288,0.15,0.5053438558420048,14882.277366709,True,False
6770,2250.0,900,4921188,0.15,0.4382040809922748,14884.932266917,True,False
6771,2040.0,929,4922117,0.15,0.4416257742920826,14887.635910917,True,False
6772,1870.0,770,4922887,0.15,0.48129029929017025,14889.925376625,True,False
6773,460.0,441,4923328,0.15,0.515762694045767,14891.233606709,True,False
6774,1430.0,960,4924288,0.15,0.449842522572726,14894.071995416998,True,False
6775,3040.0,983,4925271,0.15,0.4811135267420691,14896.933434625,True,False
6776,1770.0,842,4926113,0.15,0.5024038707546148,14900.522420667,True,False
6777,1730.0,971,4927084,0.15,0.5133006187010204,14903.355925042,True,False
6778,1390.0,974,4928058,0.15,0.4816861901999501,14906.278794541999,True,False
6779,1540.0,582,4928640,0.15,0.4917305241504761,14908.027113749999,True,False
6780,1420.0,888,4929528,0.15,0.5479157460299698,14910.623983834,True,False
6781,690.0,667,4930195,0.15,0.5032466512218298,14912.557926583999,True,False
6782,1290.0,636,4930831,0.15,0.49188448015436437,14914.417878834,True,False
6783,1470.0,953,4931784,0.15,0.5877784865608275,14917.177083709,True,False
6784,2100.0,820,4932604,0.15,0.5624127988408252,14919.591417,True,False
6785,1700.0,991,4933595,0.15,0.5006444192065401,14922.480623709002,True,False
6786,1910.0,1098,4934693,0.15,0.544840661531145,14925.6839215,True,False
6787,1670.0,925,4935618,0.15,0.5094388836583534,14928.395203917,True,False
6788,2160.0,925,4936543,0.15,0.4665920632161619,14931.0976515,True,False
6789,2190.0,990,4937533,0.15,0.5006568923352226,14934.005289,True,False
6790,2090.0,908,4938441,0.15,0.5051952557482383,14936.668813959,True,False
6791,1520.0,1164,4939605,0.15,0.4639067043553513,14940.079470792,True,False
6792,340.0,441,4940046,0.15,0.5027207038619301,14941.388558167,True,False
6793,1810.0,829,4940875,0.15,0.5288321108777742,14943.830926542,True,False
6794,1920.0,1146,4942021,0.15,0.5553151494742271,14947.156792624999,True,False
6795,2120.0,1410,4943431,0.15,0.5393073939802971,14951.2005135,True,False
6796,1400.0,793,4944224,0.15,0.4957602932000879,14953.514533917001,True,False
6797,1240.0,846,4945070,0.15,0.48534864685123,14955.992689416998,True,False
6798,1520.0,1035,4946105,0.15,0.47721815086239555,14958.996119042,True,False
6799,1200.0,654,4946759,0.15,0.5077390526335663,14960.925624084,True,False
6800,1520.0,1051,4947810,0.15,0.5571848478437377,14963.968308333999,True,False
6801,1290.0,777,4948587,0.15,0.5349786975949081,14967.262449917002,True,False
6802,4020.0,810,4949397,0.15,0.49961899485200495,14969.745514167,True,False
6803,1910.0,811,4950208,0.15,0.5285745255025149,14972.169007542001,True,False
6804,1240.0,954,4951162,0.15,0.533517041314049,14974.932851583999,True,False
6805,1350.0,898,4952060,0.15,0.47047839833630456,14977.569702959001,True,False
6806,1590.0,832,4952892,0.15,0.555881595167403,14980.023724458999,True,False
6807,1300.0,654,4953546,0.15,0.5788747903210986,14982.133241459,True,False
6808,2840.0,1058,4954604,0.15,0.5747565094592436,14985.2677445,True,False
6809,2450.0,648,4955252,0.15,0.5712475169588018,14987.194532083999,True,False
6810,1750.0,915,4956167,0.15,0.49910589457865345,14989.871285624999,True,False
6811,1890.0,673,4956840,0.15,0.5540801882743835,14991.853802500002,True,False
6812,1090.0,715,4957555,0.15,0.4515623395027739,14993.958807709001,True,False
6813,1180.0,524,4958079,0.15,0.44886438002568163,14995.507688709,True,False
6814,1360.0,890,4958969,0.15,0.5237070075800067,14998.141794459,True,False
6815,1960.0,965,4959934,0.15,0.4884050222291491,15000.987878375,True,False
6816,930.0,553,4960487,0.15,0.5693726361445759,15002.684790374999,True,False
6817,1940.0,834,4961321,0.15,0.5081830370155248,15005.153091959,True,False
6818,1940.0,1062,4962383,0.15,0.5446013204331668,15008.252812375002,True,False
6819,1380.0,694,4963077,0.15,0.4829405664798172,15010.315546834001,True,False
6820,3270.0,1257,4964334,0.15,0.5239112139887111,15013.954638542,True,False
6821,1430.0,1041,4965375,0.15,0.4586970042150754,15016.980548667001,True,False
6822,2310.0,910,4966285,0.15,0.5241119554102943,15019.649397166999,True,False
6823,1180.0,851,4967136,0.15,0.5029966031581583,15022.205974084001,True,False
6824,2250.0,844,4967980,0.15,0.4936638866414391,15024.685960374998,True,False
6825,2350.0,1066,4969046,0.15,0.5515935395221064,15027.782876124998,True,False
6826,1390.0,921,4969967,0.15,0.5333382675829141,15031.545578124998,True,False
6827,1180.0,690,4970657,0.15,0.5136333950337647,15033.713004000001,True,False
6828,720.0,615,4971272,0.15,0.5733318823305044,15035.546349208998,True,False
6829,1830.0,934,4972206,0.15,0.5799050144051789,15038.324845750001,True,False
6830,1200.0,760,4972966,0.15,0.4985297782640708,15040.57674325,True,False
6831,1490.0,783,4973749,0.15,0.42015497158376536,15042.880420209,True,False
6832,1660.0,730,4974479,0.15,0.5953979402944282,15045.045007708999,True,False
6833,1710.0,832,4975311,0.15,0.48470836906478953,15047.479672541998,True,False
6834,1420.0,817,4976128,0.15,0.5133810463475018,15049.891763917,True,False
6835,1630.0,588,4976716,0.15,0.5883680359035933,15051.616281042,True,False
6836,1610.0,1244,4977960,0.15,0.5098011446967002,15055.234423334,True,False
6837,2180.0,977,4978937,0.15,0.5002692013246114,15058.073413834001,True,False
6838,1910.0,823,4979760,0.15,0.45210577084601505,15060.467832125,True,False
6839,1960.0,810,4980570,0.15,0.4709068863920056,15062.831981542,True,False
6840,1470.0,832,4981402,0.15,0.5166582911848449,15065.237594209,True,False
6841,1670.0,814,4982216,0.15,0.5047602647659826,15067.610896625,True,False
6842,2270.0,1093,4983309,0.15,0.4745500960520336,15070.802717834002,True,False
6843,1210.0,736,4984045,0.15,0.47795739247585123,15072.976763958999,True,False
6844,2860.0,1080,4985125,0.15,0.4852852825213362,15076.122336125001,True,False
6845,1550.0,717,4985842,0.15,0.49658831745885607,15078.258935834001,True,False
6846,1050.0,681,4986523,0.15,0.4824009080143536,15080.26762725,True,False
6847,890.0,620,4987143,0.15,0.5267780124179778,15082.110879749998,True,False
6848,1810.0,783,4987926,0.15,0.5016154625586101,15084.419877792,True,False
6849,2210.0,908,4988834,0.15,0.5487326580522344,15087.069183459,True,False
6850,1400.0,732,4989566,0.15,0.5799478769220942,15089.231269459,True,False
6851,1980.0,818,4990384,0.15,0.45022020194588636,15092.779969209001,True,False
6852,1190.0,710,4991094,0.15,0.5007995688645853,15094.870276999998,True,False
6853,1020.0,713,4991807,0.15,0.49719423126806034,15096.984694542,True,False
6854,1760.0,771,4992578,0.15,0.4361077689908329,15099.414697625001,True,False
6855,1100.0,708,4993286,0.15,0.5466189084753479,15101.529784041999,True,False
6856,1510.0,1063,4994349,0.15,0.5142078836609546,15104.708379542,True,False
6857,2120.0,907,4995256,0.15,0.6455885250006478,15107.360807042001,True,False
6858,2930.0,1111,4996367,0.15,0.46464664575102527,15110.618101249998,True,False
6859,1890.0,954,4997321,0.15,0.5081253847005975,15113.467097249999,True,False
6860,1470.0,920,4998241,0.15,0.5065880743057831,15116.271787124999,True,False
6861,3250.0,1043,4999284,0.15,0.5226519355029439,15119.312485542,True,False
6862,1860.0,819,5000103,0.15,0.578771933036692,15121.732065875,True,False
6863,2070.0,1322,5001425,0.15,0.49539746431875803,15125.581414959,True,False
6864,2760.0,1143,5002568,0.15,0.5103413636398899,15128.911034084002,True,False
6865,1520.0,883,5003451,0.15,0.49086204211820256,15131.49182975,True,False
6866,1250.0,800,5004251,0.15,0.48310292553156614,15133.887675792,True,False
6867,1890.0,954,5005205,0.15,0.512621748179322,15136.696809124998,True,False
6868,1420.0,844,5006049,0.15,0.4939418503246601,15139.16075875,True,False
6869,2250.0,1200,5007249,0.15,0.5746723595261574,15142.635747625001,True,False
6870,1550.0,909,5008158,0.15,0.5559445422323265,15145.300654792001,True,False
6871,1800.0,883,5009041,0.15,0.46435277571910105,15147.895089541998,True,False
6872,1600.0,734,5009775,0.15,0.5475874065212865,15150.073545416999,True,False
6873,2040.0,856,5010631,0.15,0.48177125022929407,15152.603665375002,True,False
6874,1370.0,803,5011434,0.15,0.46429792995476604,15154.930166125,True,False
6875,1660.0,806,5012240,0.15,0.5297461020031778,15157.285840084001,True,False
6876,1690.0,881,5013121,0.15,0.46925301802429287,15160.763202209,True,False
6877,500.0,488,5013609,0.15,0.4847859922857558,15162.293081250002,True,False
6878,1940.0,883,5014492,0.15,0.4506925440886441,15164.885704666998,True,False
6879,2190.0,819,5015311,0.15,0.45318229255430836,15167.255519416998,True,False
6880,1770.0,1088,5016399,0.15,0.49764095230356736,15170.47927425,True,False
6881,1270.0,994,5017393,0.15,0.46533559011407644,15173.3794265,True,False
6882,1880.0,1050,5018443,0.15,0.47163430703732806,15176.432725958999,True,False
6883,1480.0,963,5019406,0.15,0.4394051838527082,15179.260762541999,True,False
6884,1410.0,731,5020137,0.15,0.411972192019387,15181.404786959,True,False
6885,1560.0,946,5021083,0.15,0.4377864214070773,15184.1767765,True,False
6886,1360.0,840,5021923,0.15,0.44151263542118524,15186.608678292,True,False
6887,2950.0,977,5022900,0.15,0.5069870547980678,15189.457710292001,True,False
6888,450.0,468,5023368,0.15,0.4011527476911871,15190.857219334,True,False
6889,2560.0,1241,5024609,0.15,0.496384777417106,15194.67899275,True,False
6890,1100.0,1028,5025637,0.15,0.44662950393754686,15197.687811749998,True,False
6891,1700.0,830,5026467,0.15,0.465491633736281,15200.181899667,True,False
6892,1780.0,1105,5027572,0.15,0.4552144229627258,15203.435317709002,True,False
6893,1280.0,729,5028301,0.15,0.44817747683315484,15205.627816375,True,False
6894,1650.0,985,5029286,0.15,0.44404645345923377,15208.546736625001,True,False
6895,1280.0,934,5030220,0.15,0.43623492777602285,15211.280644041999,True,False
6896,1270.0,756,5030976,0.15,0.5123165905002564,15213.558381499999,True,False
6897,2030.0,1154,5032130,0.15,0.44343590503558517,15216.960708458999,True,False
6898,1610.0,923,5033053,0.15,0.4282903029095559,15219.670767625,True,False
6899,2890.0,978,5034031,0.15,0.4476943154071198,15222.57578575,True,False
6900,2600.0,987,5035018,0.15,0.41694572215017517,15225.644657709,True,False
6901,1690.0,928,5035946,0.15,0.4962573737419885,15229.298003417,True,False
6902,2270.0,1135,5037081,0.15,0.44621213473064797,15232.595061042,True,False
6903,1070.0,729,5037810,0.15,0.4065354507375549,15234.721814084001,True,False
6904,1390.0,776,5038586,0.15,0.4459121191163653,15236.992824917,True,False
6905,1190.0,777,5039363,0.15,0.4299702260297598,15239.280107709,True,False
6906,1630.0,774,5040137,0.15,0.39443730966178414,15241.562601792,True,False
6907,1640.0,963,5041100,0.15,0.4365508810489504,15244.403032499999,True,False
6908,1830.0,949,5042049,0.15,0.4400029858959375,15247.176341709,True,False
6909,1770.0,814,5042863,0.15,0.4124033020194528,15249.540295042,True,False
6910,2060.0,883,5043746,0.15,0.4558537860666465,15252.119477875,True,False
6911,2050.0,1040,5044786,0.15,0.44149893092421383,15255.156895792003,True,False
6912,1070.0,861,5045647,0.15,0.40297338207100714,15257.685415167001,True,False
6913,1680.0,931,5046578,0.15,0.42002032000107825,15260.440937167,True,False
6914,1690.0,996,5047574,0.15,0.4086897870353666,15263.345782417,True,False
6915,2930.0,999,5048573,0.15,0.49541137117147444,15266.290067375001,True,False
6916,2090.0,928,5049501,0.15,0.4029830181007755,15268.983951959002,True,False
6917,1810.0,1025,5050526,0.15,0.3967673690349329,15272.013473042,True,False
6918,1480.0,816,5051342,0.15,0.5241025995974448,15274.445300542,True,False
6919,1450.0,990,5052332,0.15,0.4567394512254865,15277.340535459,True,False
6920,1620.0,786,5053118,0.15,0.40516363650712434,15279.649113292002,True,False
6921,1380.0,1034,5054152,0.15,0.41568980774479025,15282.713857417002,True,False
6922,1390.0,856,5055008,0.15,0.498879500255685,15285.229269834002,True,False
6923,2300.0,1233,5056241,0.15,0.45432304944117347,15288.832264875,True,False
6924,1770.0,839,5057080,0.15,0.4610989596517313,15291.389824000002,True,False
6925,1380.0,917,5057997,0.15,0.3945898437083548,15294.079651125001,True,False
6926,1280.0,876,5058873,0.15,0.37515325398613875,15297.949517375,True,False
6927,980.0,647,5059520,0.15,0.3843292762743838,15299.844617459003,True,False
6928,1170.0,510,5060030,0.15,0.41452640869955376,15301.349822750002,True,False
6929,1750.0,827,5060857,0.15,0.4596199642344949,15303.795859959002,True,False
6930,1140.0,734,5061591,0.15,0.4416282030809772,15305.970221125,True,False
6931,910.0,573,5062164,0.15,0.47733884315109915,15307.667690584,True,False
6932,1000.0,749,5062913,0.15,0.444769333589842,15309.864033667,True,False
6933,2020.0,1216,5064129,0.15,0.43339826401911286,15313.427811292,True,False
6934,1950.0,1027,5065156,0.15,0.39407836095020465,15316.475270125,True,False
6935,1580.0,906,5066062,0.15,0.46791758569600306,15319.128233084,True,False
6936,1570.0,945,5067007,0.15,0.43745700535127674,15321.876013709,True,False
6937,2040.0,1131,5068138,0.15,0.411753053773629,15325.159241792,True,False
6938,1550.0,683,5068821,0.15,0.41180033624520773,15327.186747917,True,False
6939,710.0,650,5069471,0.15,0.44434011773562726,15329.124161084,True,False
6940,2340.0,1048,5070519,0.15,0.5022339962764095,15332.200821000002,True,False
6941,800.0,551,5071070,0.15,0.38897862922454224,15333.813649125,True,False
6942,1620.0,1028,5072098,0.15,0.4276255425428138,15336.875630542,True,False
6943,1360.0,1235,5073333,0.15,0.44564191358085586,15340.554783667001,True,False
6944,2250.0,1030,5074363,0.15,0.4968234048395305,15343.599635917002,True,False
6945,960.0,671,5075034,0.15,0.5157767206962619,15345.586959209002,True,False
6946,1040.0,611,5075645,0.15,0.4013169695154514,15347.370568709,True,False
6947,1500.0,795,5076440,0.15,0.47766503766553486,15349.688211459,True,False
6948,1850.0,848,5077288,0.15,0.4120365444500491,15352.207426667002,True,False
6949,1740.0,1014,5078302,0.15,0.4168861961588558,15355.239733209,True,False
6950,1600.0,1067,5079369,0.15,0.46817932305822657,15358.339103834001,True,False
6951,2070.0,807,5080176,0.15,0.49761523029739313,15361.895355042001,True,False
6952,1760.0,929,5081105,0.15,0.4470520255252205,15364.620044875002,True,False
6953,1410.0,918,5082023,0.15,0.48420973304317505,15367.278712709001,True,False
6954,1930.0,1098,5083121,0.15,0.4293598116527904,15370.498518334,True,False
6955,1530.0,986,5084107,0.15,0.40630735765870024,15373.351454459,True,False
6956,1780.0,1053,5085160,0.15,0.4632496644432346,15376.4583025,True,False
6957,1120.0,652,5085812,0.15,0.4592504218860638,15378.391647625001,True,False
6958,650.0,450,5086262,0.15,0.3809867720119655,15379.705118459002,True,False
6959,1520.0,852,5087114,0.15,0.43755730056147063,15382.177194374999,True,False
6960,1100.0,593,5087707,0.15,0.4031390432973166,15383.915959167,True,False
6961,2040.0,915,5088622,0.15,0.43505116353649237,15386.636179959001,True,False
6962,1050.0,762,5089384,0.15,0.39117040356416355,15388.862447459,True,False
6963,850.0,651,5090035,0.15,0.43821176684197083,15390.7759535,True,False
6964,1510.0,651,5090686,0.15,0.5060277050532447,15392.715235959,True,False
6965,1640.0,779,5091465,0.15,0.42765141737002593,15394.995716334,True,False
6966,950.0,688,5092153,0.15,0.4862009909783685,15397.005020334,True,False
6967,940.0,616,5092769,0.15,0.5356866516076125,15398.815873334002,True,False
6968,1660.0,1130,5093899,0.15,0.48833983119392227,15402.101544125002,True,False
6969,1620.0,785,5094684,0.15,0.5075364713438877,15404.403114749999,True,False
6970,1230.0,765,5095449,0.15,0.4944833081742232,15406.648635334,True,False
6971,1470.0,692,5096141,0.15,0.5036625875472334,15408.680843000002,True,False
6972,1240.0,716,5096857,0.15,0.5166471132269784,15410.779274,True,False
6973,1560.0,974,5097831,0.15,0.5129006654330732,15413.625660584003,True,False
6974,1740.0,840,5098671,0.15,0.4095636436627025,15416.225053667,True,False
6975,910.0,642,5099313,0.15,0.523646373278606,15418.337707625,True,False
6976,1720.0,921,5100234,0.15,0.5182395216563473,15422.340985542,True,False
6977,1180.0,1021,5101255,0.15,0.45765097731468724,15425.327228334001,True,False
6978,1110.0,992,5102247,0.15,0.5588284655203742,15428.234813875002,True,False
6979,2770.0,988,5103235,0.15,0.5253629633772229,15431.113646917001,True,False
6980,2690.0,1111,5104346,0.15,0.49130452861138385,15434.378985292002,True,False
6981,2600.0,1010,5105356,0.15,0.4984121897180561,15437.361190667001,True,False
6982,1650.0,1032,5106388,0.15,0.4672358087155708,15440.397909750001,True,False
6983,1710.0,867,5107255,0.15,0.5166940877765969,15442.923967834002,True,False
6984,1480.0,939,5108194,0.15,0.46647421229392927,15445.626661084,True,False
6985,1670.0,883,5109077,0.15,0.4989219707061802,15448.231961584002,True,False
6986,1660.0,970,5110047,0.15,0.4513556238356208,15451.039777584,True,False
6987,500.0,519,5110566,0.15,0.4924136890814855,15452.576630250001,True,False
6988,1610.0,866,5111432,0.15,0.4668923815549244,15455.10487675,True,False
6989,1810.0,902,5112334,0.15,0.43487081584003234,15457.753321709002,True,False
6990,1640.0,895,5113229,0.15,0.46426759101450443,15460.436895542,True,False
6991,1160.0,998,5114227,0.15,0.4216502142479142,15463.333961167002,True,False
6992,1690.0,671,5114898,0.15,0.49996432032258736,15465.314307375,True,False
6993,1610.0,811,5115709,0.15,0.4840220280468758,15467.703606167,True,False
6994,1410.0,681,5116390,0.15,0.46485326504882646,15469.706758792,True,False
6995,1100.0,573,5116963,0.15,0.5053088595712936,15471.427319292,True,False
6996,1900.0,986,5117949,0.15,0.49744289727346136,15474.372197625002,True,False
6997,1550.0,816,5118765,0.15,0.4708715057110085,15476.754138167002,True,False
6998,1730.0,952,5119717,0.15,0.4444081039175767,15479.540432000002,True,False
6999,1860.0,836,5120553,0.15,0.45265219242949234,15482.098529292001,True,False
7000,810.0,559,5121112,0.15,0.5017917219017233,15483.763347667002,True,False
7001,4280.0,852,5121964,0.15,0.46065643160415926,15487.458755833999,True,False
7002,1100.0,766,5122730,0.15,0.4795624527943696,15489.701615792,True,False
7003,1780.0,937,5123667,0.15,0.40085798521072435,15492.447863542002,True,False
7004,2870.0,1076,5124743,0.15,0.42732189905909357,15495.593075,True,False
7005,1730.0,875,5125618,0.15,0.43160947687821843,15498.20029,True,False
7006,770.0,630,5126248,0.15,0.38721813219068923,15500.073609542,True,False
7007,1600.0,1047,5127295,0.15,0.4456417348763952,15503.133869292,True,False
7008,2190.0,828,5128123,0.15,0.48820582107789273,15505.559040459,True,False
7009,1210.0,716,5128839,0.15,0.3937615956590828,15507.651369542,True,False
7010,1790.0,986,5129825,0.15,0.4895632595487452,15510.541545167001,True,False
7011,1300.0,1060,5130885,0.15,0.4462150143283718,15513.637312709001,True,False
7012,2000.0,1146,5132031,0.15,0.37299361718180296,15516.964084584,True,False
7013,2010.0,866,5132897,0.15,0.4412446157311514,15519.461199459001,True,False
7014,1340.0,799,5133696,0.15,0.5097189642116428,15521.790245292003,True,False
7015,1480.0,881,5134577,0.15,0.4571000743996013,15524.342783625001,True,False
7016,1230.0,780,5135357,0.15,0.41712457235807027,15526.615435542,True,False
7017,1620.0,867,5136224,0.15,0.4501554968719658,15529.140811417,True,False
7018,2150.0,1032,5137256,0.15,0.4473856926657433,15532.164254250001,True,False
7019,1630.0,1049,5138305,0.15,0.466847829662889,15535.210972542001,True,False
7020,1880.0,896,5139201,0.15,0.45376320645612267,15537.822845292001,True,False
7021,1490.0,820,5140021,0.15,0.3894843629220637,15540.250769000002,True,False
7022,1860.0,780,5140801,0.15,0.43013393993561083,15542.525705834,True,False
7023,1350.0,897,5141698,0.15,0.4205373933738364,15545.15006675,True,False
7024,1540.0,840,5142538,0.15,0.37021232736962184,15547.761001417002,True,False
7025,1380.0,860,5143398,0.15,0.44996948294168293,15550.311398375,True,False
7026,1800.0,744,5144142,0.15,0.4360260618950731,15553.634479834,True,False
7027,1610.0,894,5145036,0.15,0.45347764805358437,15556.224974,True,False
7028,2260.0,886,5145922,0.15,0.4111957819415973,15558.812053042002,True,False
7029,1530.0,891,5146813,0.15,0.4512439581979016,15561.409149625,True,False
7030,1860.0,785,5147598,0.15,0.4270854381730362,15563.683269834,True,False
7031,1400.0,1000,5148598,0.15,0.4480412413477898,15566.610544709001,True,False
7032,2150.0,875,5149473,0.15,0.4860832776585126,15569.1627065,True,False
7033,1960.0,847,5150320,0.15,0.5021008256611958,15571.628072917,True,False
7034,1220.0,744,5151064,0.15,0.47486170557557894,15573.777983667002,True,False
7035,1540.0,806,5151870,0.15,0.5337739915619442,15576.116479250002,True,False
7036,860.0,632,5152502,0.15,0.5427822428224962,15577.976269334002,True,False
7037,1610.0,894,5153396,0.15,0.4746286105031946,15580.585135959001,True,False
7038,210.0,280,5153676,0.15,0.4521157103989806,15581.432050875002,True,False
7039,1290.0,787,5154463,0.15,0.5195856561922297,15583.744297000001,True,False
7040,1330.0,1050,5155513,0.15,0.50790796103133,15586.828863042,True,False
7041,1890.0,831,5156344,0.15,0.4992757748024395,15589.262210959001,True,False
7042,1630.0,690,5157034,0.15,0.4359403809662475,15591.278828000002,True,False
7043,3140.0,986,5158020,0.15,0.48156332297001775,15594.188914375001,True,False
7044,1080.0,635,5158655,0.15,0.5499945547950419,15596.060828667,True,False
7045,1630.0,906,5159561,0.15,0.4945926190341622,15598.717860167002,True,False
7046,1660.0,910,5160471,0.15,0.4555634290045579,15601.358763584001,True,False
7047,450.0,423,5160894,0.15,0.5404640956307357,15602.661877084,True,False
7048,2330.0,958,5161852,0.15,0.49467169782146814,15605.453432209,True,False
7049,1720.0,716,5162568,0.15,0.4558320544118988,15607.557979000001,True,False
7050,2010.0,953,5163521,0.15,0.45260501158337635,15610.470405834,True,False
7051,1170.0,643,5164164,0.15,0.4815944099555845,15613.443891125,True,False
7052,2090.0,978,5165142,0.15,0.4865168293968576,15616.263554542002,True,False
7053,1190.0,763,5165905,0.15,0.4660716588896607,15618.479920334,True,False
7054,1940.0,966,5166871,0.15,0.528750744443464,15621.267888917002,True,False
7055,2340.0,1123,5167994,0.15,0.48787259981301334,15624.544596667001,True,False
7056,1630.0,1110,5169104,0.15,0.4395504191303425,15627.801237,True,False
7057,1620.0,1099,5170203,0.15,0.4677908211728952,15631.099334875002,True,False
7058,1660.0,746,5170949,0.15,0.4648673697748286,15633.273804750002,True,False
7059,1000.0,661,5171610,0.15,0.5212934392871279,15635.191214625,True,False
7060,420.0,450,5172060,0.15,0.49365236049732275,15636.528772625003,True,False
7061,1820.0,778,5172838,0.15,0.45830294489860535,15638.809014584,True,False
7062,1070.0,784,5173622,0.15,0.4779476388832744,15641.101047959,True,False
7063,1230.0,1140,5174762,0.15,0.4903847396373749,15644.425569750001,True,False
7064,1340.0,1023,5175785,0.15,0.5559661702718586,15647.398187834002,True,False
7065,2190.0,938,5176723,0.15,0.5098109267906755,15650.181280417,True,False
7066,980.0,796,5177519,0.15,0.46902005314527445,15652.504612749999,True,False
7067,1640.0,714,5178233,0.15,0.50992760624133,15654.620576459001,True,False
7068,1750.0,886,5179119,0.15,0.47065185313850505,15657.19554275,True,False
7069,1600.0,772,5179891,0.15,0.5702789346711623,15659.446654917,True,False
7070,1360.0,804,5180695,0.15,0.5257736530470017,15661.817914875002,True,False
7071,1060.0,707,5181402,0.15,0.4435834029300065,15663.91136925,True,False
7072,1100.0,669,5182071,0.15,0.5824052620076847,15665.861765334,True,False
7073,1690.0,1026,5183097,0.15,0.5522310050197149,15668.898400709,True,False
7074,830.0,550,5183647,0.15,0.5529263105488171,15670.552026875,True,False
7075,2320.0,852,5184499,0.15,0.5738021057676261,15673.073503667001,True,False
7076,1820.0,921,5185420,0.15,0.5660712320954253,15676.803941542003,True,False
7077,1810.0,1426,5186846,0.15,0.549225774164615,15680.927750792001,True,False
7078,960.0,562,5187408,0.15,0.47447446030927887,15682.592652292002,True,False
7079,1620.0,847,5188255,0.15,0.5904238115272251,15685.076332584002,True,False
7080,2600.0,802,5189057,0.15,0.5834297090768814,15687.407256417002,True,False
7081,890.0,618,5189675,0.15,0.5482788988715642,15689.250709834,True,False
7082,1050.0,638,5190313,0.15,0.5074235691688955,15691.115872042003,True,False
7083,1450.0,1228,5191541,0.15,0.5432748340240131,15694.661143375,True,False
7084,1190.0,714,5192255,0.15,0.5282529966717355,15696.768155292,True,False
7085,2360.0,970,5193225,0.15,0.5731513013626323,15699.589402125002,True,False
7086,1310.0,1252,5194477,0.15,0.5123143826905912,15703.2721675,True,False
7087,1940.0,926,5195403,0.15,0.5176774799436717,15705.988160084002,True,False
7088,790.0,704,5196107,0.15,0.5596670403822579,15708.046312167,True,False
7089,1770.0,889,5196996,0.15,0.6136599503825063,15710.671785834002,True,False
7090,1210.0,1035,5198031,0.15,0.5425155067513155,15713.677136875001,True,False
7091,1120.0,741,5198772,0.15,0.5112668147651098,15715.847342417,True,False
7092,2070.0,853,5199625,0.15,0.510659300035714,15718.342934834,True,False
7093,1560.0,856,5200481,0.15,0.5599951338127395,15720.831845250003,True,False
7094,1480.0,900,5201381,0.15,0.5937200119429165,15723.467586125,True,False
7095,2190.0,790,5202171,0.15,0.48322800539320493,15725.767388667002,True,False
7096,1310.0,817,5202988,0.15,0.5094958793099333,15728.182917542003,True,False
7097,1790.0,1271,5204259,0.15,0.5229947215845157,15731.85848625,True,False
7098,900.0,634,5204893,0.15,0.49966120274749193,15733.706994791999,True,False
7099,3450.0,896,5205789,0.15,0.5166954971583826,15736.308208500002,True,False
7100,1570.0,748,5206537,0.15,0.5025399419314721,15738.574877167,True,False
7101,1760.0,1019,5207556,0.15,0.5508818312602884,15742.716934625001,True,False
7102,1320.0,784,5208340,0.15,0.42807972777102676,15744.996960709002,True,False
7103,970.0,565,5208905,0.15,0.490648146005387,15746.667498834002,True,False
7104,1360.0,723,5209628,0.15,0.5021249956518247,15748.822185834,True,False
7105,2040.0,1000,5210628,0.15,0.5181398012340069,15751.732315334,True,False
7106,800.0,700,5211328,0.15,0.45558576622179575,15753.804591125001,True,False
7107,2940.0,861,5212189,0.15,0.5028257467025934,15756.347068084,True,False
7108,2290.0,944,5213133,0.15,0.5239919427845438,15759.117025334002,True,False
7109,1260.0,721,5213854,0.15,0.5843512857953708,15761.231711750002,True,False
7110,3050.0,824,5214678,0.15,0.5511845884826577,15763.626074250002,True,False
7111,1910.0,1003,5215681,0.15,0.47189391253004037,15766.554565792001,True,False
7112,1280.0,850,5216531,0.15,0.4522152109387911,15769.020441209002,True,False
7113,2250.0,1122,5217653,0.15,0.52980253832196,15772.290827,True,False
7114,1120.0,821,5218474,0.15,0.48158490403396326,15774.683192292,True,False
7115,2580.0,809,5219283,0.15,0.49585687649427074,15777.049889459002,True,False
7116,740.0,574,5219857,0.15,0.5182476633538803,15778.747538292002,True,False
7117,1820.0,976,5220833,0.15,0.45514302758774794,15781.642461417,True,False
7118,1520.0,785,5221618,0.15,0.4930799677968025,15783.972868834,True,False
7119,2110.0,1052,5222670,0.15,0.5358672392742262,15787.070100667002,True,False
7120,2240.0,1057,5223727,0.15,0.5125658994427684,15790.214334625001,True,False
7121,1970.0,1153,5224880,0.15,0.4841018210335999,15793.555369792,True,False
7122,3320.0,921,5225801,0.15,0.49159288059758105,15796.289760542,True,False
7123,580.0,815,5226616,0.15,0.559680946755643,15798.685069750001,True,False
7124,830.0,722,5227338,0.15,0.511591207029091,15800.812802,True,False
7125,1650.0,899,5228237,0.15,0.5408080118894577,15803.555081292001,True,False
7126,1800.0,950,5229187,0.15,0.5602437624637084,15807.998146209,True,False
7127,1110.0,632,5229819,0.15,0.47303545060037056,15809.868168459001,True,False
7128,2290.0,906,5230725,0.15,0.5042080138091999,15812.550187667002,True,False
7129,1710.0,1075,5231800,0.15,0.5166695653062771,15815.6816635,True,False
7130,1680.0,1084,5232884,0.15,0.4914497025723387,15818.886397500002,True,False
7131,2050.0,1008,5233892,0.15,0.4942512554190462,15821.829679167,True,False
7132,1540.0,881,5234773,0.15,0.5376158768480475,15824.445950875,True,False
7133,2340.0,873,5235646,0.15,0.4890201168664552,15827.002915417,True,False
7134,900.0,580,5236226,0.15,0.49319751180451493,15828.733534417002,True,False
7135,1640.0,1002,5237228,0.15,0.48159803527284906,15831.672736792,True,False
7136,1550.0,801,5238029,0.15,0.5303666667640209,15834.063298917,True,False
7137,1880.0,979,5239008,0.15,0.4745837419008722,15836.920561375002,True,False
7138,1770.0,1001,5240009,0.15,0.4983018644452095,15839.838130125001,True,False
7139,1470.0,813,5240822,0.15,0.5144604331827516,15842.218465292,True,False
7140,1600.0,975,5241797,0.15,0.6034503529062036,15845.102685459002,True,False
7141,1460.0,838,5242635,0.15,0.5165732371037086,15847.560941667001,True,False
7142,1600.0,962,5243597,0.15,0.5332173828143797,15850.40348175,True,False
7143,1330.0,803,5244400,0.15,0.4229598537235711,15852.759005709002,True,False
7144,1750.0,880,5245280,0.15,0.5113037792796439,15855.338955209001,True,False
7145,1640.0,998,5246278,0.15,0.4790914905478198,15858.263661084002,True,False
7146,1720.0,998,5247276,0.15,0.5499008512496948,15861.167787209,True,False
7147,2910.0,870,5248146,0.15,0.4677899409137014,15863.711473459,True,False
7148,1830.0,989,5249135,0.15,0.48640259961608934,15866.785249709003,True,False
7149,950.0,602,5249737,0.15,0.45934874352240407,15868.583442042,True,False
7150,2480.0,1408,5251145,0.15,0.4582911763255569,15872.673042125,True,False
7151,2180.0,831,5251976,0.15,0.4438211961577718,15876.204482459001,True,False
7152,440.0,421,5252397,0.15,0.4673945249546142,15877.435153084,True,False
7153,3000.0,1102,5253499,0.15,0.5293311229890043,15880.621612792002,True,False
7154,2300.0,1234,5254733,0.15,0.4404710565955893,15884.212743042,True,False
7155,2340.0,1122,5255855,0.15,0.48991930676358086,15887.452355959002,True,False
7156,2300.0,889,5256744,0.15,0.5055983224925439,15890.098260542,True,False
7157,1670.0,893,5257637,0.15,0.41648675992483514,15892.703535834,True,False
7158,2140.0,826,5258463,0.15,0.5063823342901989,15895.100570292001,True,False
7159,370.0,393,5258856,0.15,0.46619352931627117,15896.273197000002,True,False
7160,1810.0,991,5259847,0.15,0.4213099451019214,15899.145416750001,True,False
7161,1590.0,931,5260778,0.15,0.4738677937073769,15901.861269542002,True,False
7162,1460.0,872,5261650,0.15,0.5709854727696388,15904.411682792,True,False
7163,1750.0,938,5262588,0.15,0.4040981302553035,15907.146062959,True,False
7164,1520.0,954,5263542,0.15,0.4960979908516928,15909.949157125,True,False
7165,1940.0,858,5264400,0.15,0.4538646834534268,15912.427518417,True,False
7166,1230.0,1034,5265434,0.15,0.47015011671555135,15915.401622042002,True,False
7167,1800.0,894,5266328,0.15,0.4406636523615037,15918.013447584002,True,False
7168,1830.0,826,5267154,0.15,0.5031013233062712,15920.411048042002,True,False
7169,3660.0,1153,5268307,0.15,0.4774242557016098,15923.754871417,True,False
7170,2940.0,893,5269200,0.15,0.4973370203349207,15926.382402,True,False
7171,1900.0,965,5270165,0.15,0.504826307420414,15929.203189417,True,False
7172,1580.0,770,5270935,0.15,0.48060628220749396,15931.462479709,True,False
7173,2060.0,1174,5272109,0.15,0.43447123688398576,15934.874427459003,True,False
7174,2210.0,952,5273061,0.15,0.5277239482442871,15937.629099792,True,False
7175,2900.0,858,5273919,0.15,0.490125506385186,15940.152244249999,True,False
7176,2140.0,819,5274738,0.15,0.49155393820710297,15943.672150417002,True,False
7177,1290.0,650,5275388,0.15,0.45537265426724965,15945.590451750002,True,False
7178,1300.0,807,5276195,0.15,0.4337137979802801,15947.961428958999,True,False
7179,1120.0,800,5276995,0.15,0.45767227575182917,15950.315861834002,True,False
7180,1580.0,877,5277872,0.15,0.46359397521750495,15952.884314334002,True,False
7181,720.0,604,5278476,0.15,0.5063679590821266,15954.672998500002,True,False
7182,2540.0,1186,5279662,0.15,0.4719547152368201,15958.1177255,True,False
7183,1630.0,1014,5280676,0.15,0.48263740299020225,15961.063287834,True,False
7184,1470.0,804,5281480,0.15,0.4948858789247067,15963.405982959,True,False
7185,1230.0,744,5282224,0.15,0.41681690389911336,15965.587800584002,True,False
7186,1260.0,819,5283043,0.15,0.44370385120604555,15968.006900084001,True,False
7187,2130.0,932,5283975,0.15,0.46197703148162417,15970.703273792002,True,False
7188,1540.0,867,5284842,0.15,0.5315702439109851,15973.243897084001,True,False
7189,1480.0,866,5285708,0.15,0.47548873533713654,15975.736148875,True,False
7190,1720.0,1383,5287091,0.15,0.432435474836308,15979.690930667002,True,False
7191,2060.0,847,5287938,0.15,0.4543973222937224,15982.152464542,True,False
7192,2140.0,1124,5289062,0.15,0.46216593600570943,15985.403822375,True,False
7193,4250.0,1088,5290150,0.15,0.4892132153241512,15988.575225917,True,False
7194,1650.0,823,5290973,0.15,0.4479086200878458,15990.978931500002,True,False
7195,1360.0,809,5291782,0.15,0.436651787361001,15993.348651667002,True,False
7196,2540.0,793,5292575,0.15,0.4989019223310129,15995.813660959,True,False
7197,2040.0,755,5293330,0.15,0.492674619038269,15998.067822542002,True,False
7198,2030.0,860,5294190,0.15,0.44578703799566555,16000.593512750002,True,False
7199,1140.0,692,5294882,0.15,0.4090309948848851,16002.621511667,True,False
7200,1770.0,883,5295765,0.15,0.49098878697707105,16005.192293250002,True,False
7201,1600.0,754,5296519,0.15,0.456588135517024,16008.518180084,True,False
7202,1270.0,699,5297218,0.15,0.5320109610046659,16010.611176375001,True,False
7203,2700.0,1079,5298297,0.15,0.49044134371258596,16013.776024375002,True,False
7204,1840.0,922,5299219,0.15,0.43245731964707373,16016.473000875001,True,False
7205,1750.0,1005,5300224,0.15,0.41969980775482124,16019.410122792,True,False
7206,1810.0,978,5301202,0.15,0.4903370809481769,16022.299107458999,True,False
7207,1370.0,662,5301864,0.15,0.5413924796304789,16024.26957325,True,False
7208,1120.0,762,5302626,0.15,0.5181862475448533,16026.509223542002,True,False
7209,1910.0,822,5303448,0.15,0.5575609885662505,16028.912281375,True,False
7210,1830.0,1011,5304459,0.15,0.48881874180265833,16031.866362875,True,False
7211,930.0,621,5305080,0.15,0.5197232851328758,16033.694878584,True,False
7212,1370.0,812,5305892,0.15,0.5373305330062147,16036.078717167002,True,False
7213,1410.0,907,5306799,0.15,0.5255179534443711,16038.724479959,True,False
7214,1380.0,825,5307624,0.15,0.5333340640949167,16041.142336375,True,False
7215,1390.0,944,5308568,0.15,0.5856026211216793,16043.899336167,True,False
7216,1280.0,758,5309326,0.15,0.5177060637682204,16046.128938625,True,False
7217,1600.0,852,5310178,0.15,0.5790155711867999,16048.629221667,True,False
7218,1770.0,729,5310907,0.15,0.5530201239245278,16050.770735125,True,False
7219,2200.0,1066,5311973,0.15,0.5250199352868934,16053.88683625,True,False
7220,1260.0,657,5312630,0.15,0.5425589314502913,16055.815012959,True,False
7221,790.0,586,5313216,0.15,0.5356544507604067,16057.695195709002,True,False
7222,1360.0,759,5313975,0.15,0.5705207416777889,16059.974846959001,True,False
7223,2030.0,736,5314711,0.15,0.5145465853502569,16062.142059875001,True,False
7224,1650.0,860,5315571,0.15,0.5450173206800638,16064.660577542,True,False
7225,1660.0,747,5316318,0.15,0.5219652937217192,16066.854944417002,True,False
7226,730.0,723,5317041,0.15,0.5338946990462956,16070.044090584,True,False
7227,1100.0,830,5317871,0.15,0.5504738304062166,16072.588686334002,True,False
7228,1400.0,973,5318844,0.15,0.5669548951211523,16075.458879583999,True,False
7229,1580.0,803,5319647,0.15,0.5675262027978897,16077.82574275,True,False
7230,380.0,421,5320068,0.15,0.5158151925172446,16079.139866625002,True,False
7231,1080.0,608,5320676,0.15,0.5620890829320017,16080.947528084002,True,False
7232,1650.0,779,5321455,0.15,0.5153804109575822,16083.218985750002,True,False
7233,1460.0,720,5322175,0.15,0.5132072579529551,16085.33776075,True,False
7234,1480.0,982,5323157,0.15,0.6007617654778609,16088.211008042003,True,False
7235,1120.0,793,5323950,0.15,0.5232181466288037,16090.543757959,True,False
7236,2110.0,953,5324903,0.15,0.6338909741710214,16093.319175125001,True,False
7237,1700.0,1167,5326070,0.15,0.5396888457902081,16096.734686584,True,False
7238,1540.0,733,5326803,0.15,0.5981601328064835,16098.909601875002,True,False
7239,3320.0,1093,5327896,0.15,0.5186220826241221,16102.070051292001,True,False
7240,1280.0,696,5328592,0.15,0.5885377587943241,16104.099651834,True,False
7241,650.0,507,5329099,0.15,0.6330499896217906,16105.5666905,True,False
7242,2190.0,857,5329956,0.15,0.4886145236187203,16108.069541834,True,False
7243,2500.0,897,5330853,0.15,0.621805164896484,16110.678663500003,True,False
7244,1150.0,566,5331419,0.15,0.5511702720789199,16112.341376167002,True,False
7245,1220.0,840,5332259,0.15,0.532941356052955,16114.7944915,True,False
7246,1460.0,806,5333065,0.15,0.5114216125099966,16117.178647417,True,False
7247,1940.0,1252,5334317,0.15,0.47098458898714934,16120.818536917002,True,False
7248,1690.0,892,5335209,0.15,0.48155005085762304,16123.534076709002,True,False
7249,2810.0,871,5336080,0.15,0.4578699777159122,16126.148545417,True,False
7250,1550.0,905,5336985,0.15,0.48577054052621915,16128.818795959,True,False
7251,2140.0,819,5337804,0.15,0.5268294438356307,16132.268151667002,True,False
7252,1930.0,1017,5338821,0.15,0.5216019360392582,16135.216818334,True,False
7253,1310.0,599,5339420,0.15,0.5658379080891609,16136.983500667,True,False
7254,2020.0,1003,5340423,0.15,0.5627672992646694,16139.891573875,True,False
7255,1550.0,1162,5341585,0.15,0.5079148866978708,16143.271935375,True,False
7256,1390.0,824,5342409,0.15,0.6092115718762852,16145.693942375001,True,False
7257,2050.0,1105,5343514,0.15,0.47011714363875595,16148.908085334002,True,False
7258,1910.0,978,5344492,0.15,0.5210091331175395,16151.738791625,True,False
7259,2270.0,827,5345319,0.15,0.5416671334973817,16154.169307,True,False
7260,2710.0,788,5346107,0.15,0.5430013079026024,16156.480278375002,True,False
7261,2300.0,1124,5347231,0.15,0.4968860294417979,16159.742837459002,True,False
7262,1490.0,1104,5348335,0.15,0.5048919287712678,16162.953357959002,True,False
7263,1920.0,958,5349293,0.15,0.5272301445404689,16165.749883709002,True,False
7264,1490.0,930,5350223,0.15,0.5586982975746023,16168.445945750002,True,False
7265,1760.0,946,5351169,0.15,0.49641485147586856,16171.212600584,True,False
7266,2220.0,824,5351993,0.15,0.5808439118046205,16173.637437084002,True,False
7267,800.0,652,5352645,0.15,0.551517686229542,16175.549778667002,True,False
7268,1320.0,669,5353314,0.15,0.5745197217799947,16177.506437709002,True,False
7269,1540.0,995,5354309,0.15,0.5604269212209078,16180.408692917,True,False
7270,1590.0,801,5355110,0.15,0.5567366394400597,16182.749347,True,False
7271,770.0,564,5355674,0.15,0.5523562193550962,16184.464802500002,True,False
7272,1490.0,1097,5356771,0.15,0.5554276052182608,16187.793575833999,True,False
7273,1300.0,782,5357553,0.15,0.5263137338036785,16190.117661417,True,False
7274,1850.0,833,5358386,0.15,0.672145398405309,16192.558516500001,True,False
7275,1500.0,786,5359172,0.15,0.5873060836102152,16194.872102542002,True,False
7276,1450.0,793,5359965,0.15,0.5396701102003907,16198.267558792002,True,False
7277,1930.0,1210,5361175,0.15,0.5203604457887593,16201.777983834,True,False
7278,1610.0,883,5362058,0.15,0.5511171902062127,16204.382002209,True,False
7279,1860.0,840,5362898,0.15,0.5222559149421396,16206.853803375001,True,False
7280,1910.0,828,5363726,0.15,0.5272838575540534,16209.297395917001,True,False
7281,2020.0,855,5364581,0.15,0.5239299836211673,16211.843127959,True,False
7282,1890.0,984,5365565,0.15,0.5685332086755008,16214.708089875,True,False
7283,2860.0,1052,5366617,0.15,0.5461806291749722,16217.746573334,True,False
7284,2120.0,794,5367411,0.15,0.5526388353771634,16220.073608667,True,False
7285,1690.0,999,5368410,0.15,0.6522897771596908,16222.969766125,True,False
7286,1300.0,816,5369226,0.15,0.49401771028836566,16225.380675209002,True,False
7287,1550.0,752,5369978,0.15,0.5455443742585943,16227.589910125,True,False
7288,2070.0,889,5370867,0.15,0.5476000050233828,16230.214770542,True,False
7289,1740.0,856,5371723,0.15,0.5355731326842976,16232.721147292003,True,False
7290,720.0,874,5372597,0.15,0.5109986072601793,16235.289128375,True,False
7291,2230.0,1210,5373807,0.15,0.4898984883202622,16238.84099,True,False
7292,1240.0,703,5374510,0.15,0.5366636070168831,16240.918691334002,True,False
7293,1300.0,773,5375283,0.15,0.4989254877666118,16243.220763709,True,False
7294,4470.0,928,5376211,0.15,0.4719315541843916,16245.948361292001,True,False
7295,1250.0,758,5376969,0.15,0.5144962811548459,16248.175507292002,True,False
7296,1460.0,1008,5377977,0.15,0.5279046773378339,16251.221938084,True,False
7297,1520.0,843,5378820,0.15,0.4861515105406255,16253.696444959001,True,False
7298,1550.0,780,5379600,0.15,0.5408733145548748,16256.019064542,True,False
7299,2110.0,948,5380548,0.15,0.5819055348131728,16258.7828945,True,False
7300,1300.0,960,5381508,0.15,0.5520280208438635,16261.591377167002,True,False
7301,2930.0,864,5382372,0.15,0.5193646361844407,16265.192671125002,True,False
7302,2350.0,886,5383258,0.15,0.5034010594382006,16267.769364959,True,False
7303,1120.0,785,5384043,0.15,0.5441303794101184,16270.085977792001,True,False
7304,2010.0,950,5384993,0.15,0.5338182724824473,16272.8735085,True,False
7305,920.0,630,5385623,0.15,0.5188729863637572,16274.743723542,True,False
7306,950.0,588,5386211,0.15,0.5248125532046467,16276.497047917,True,False
7307,1570.0,864,5387075,0.15,0.5553236472661849,16279.032149417002,True,False
7308,2020.0,868,5387943,0.15,0.5398061891099275,16281.554822375001,True,False
7309,1400.0,654,5388597,0.15,0.4293150581056025,16283.455053417001,True,False
7310,1400.0,932,5389529,0.15,0.514232030338228,16286.1662355,True,False
7311,1900.0,851,5390380,0.15,0.5610664406432792,16288.654027792,True,False
7312,1360.0,860,5391240,0.15,0.5874557252540145,16291.13510675,True,False
7313,380.0,425,5391665,0.15,0.5307646222272009,16292.409634542,True,False
7314,2040.0,793,5392458,0.15,0.5985813555166577,16294.759392459,True,False
7315,390.0,385,5392843,0.15,0.6539918845519423,16295.903762667,True,False
7316,1800.0,881,5393724,0.15,0.546116528737599,16298.514239625001,True,False
7317,1560.0,942,5394666,0.15,0.5431235319756447,16301.257084375,True,False
7318,2730.0,1047,5395713,0.15,0.5726474848298626,16304.338119875,True,False
7319,1080.0,669,5396382,0.15,0.5778269221682748,16306.429966792002,True,False
7320,2050.0,829,5397211,0.15,0.6110859115918478,16309.210771542002,True,False
7321,2220.0,886,5398097,0.15,0.5793614600961273,16311.818198459001,True,False
7322,1360.0,942,5399039,0.15,0.5994269507996579,16314.650799334002,True,False
7323,1430.0,921,5399960,0.15,0.650338628204354,16317.341726042,True,False
7324,790.0,642,5400602,0.15,0.5754548383876681,16319.241344917002,True,False
7325,1170.0,800,5401402,0.15,0.513751399666071,16321.606521417001,True,False
7326,790.0,603,5402005,0.15,0.5487426341764184,16324.296517167,True,False
7327,1460.0,740,5402745,0.15,0.5757977399471644,16326.458901417001,True,False
7328,1390.0,1072,5403817,0.15,0.5901335903735303,16329.534356750002,True,False
7329,1610.0,801,5404618,0.15,0.546857250444591,16331.869340584002,True,False
7330,1930.0,876,5405494,0.15,0.5770754267772039,16334.429240166999,True,False
7331,1620.0,1102,5406596,0.15,0.5994503903540148,16337.65039725,True,False
7332,1070.0,1033,5407629,0.15,0.5435898913893589,16340.691780042001,True,False
7333,1600.0,1099,5408728,0.15,0.5341501872647892,16343.9189835,True,False
7334,1750.0,804,5409532,0.15,0.616171615077785,16346.30991425,True,False
7335,1470.0,1305,5410837,0.15,0.5913178281961409,16350.441006834,True,False
7336,2390.0,1096,5411933,0.15,0.5591576269617046,16353.660996667,True,False
7337,1530.0,839,5412772,0.15,0.5601705387944267,16356.16141425,True,False
7338,1310.0,803,5413575,0.15,0.6193024098873139,16358.520494584001,True,False
7339,1230.0,776,5414351,0.15,0.5929524479145857,16360.80740125,True,False
7340,1180.0,794,5415145,0.15,0.561899742588925,16363.153208167001,True,False
7341,2100.0,877,5416022,0.15,0.5373843328933737,16365.699532209,True,False
7342,2090.0,1047,5417069,0.15,0.547786106305723,16368.768351959,True,False
7343,1100.0,628,5417697,0.15,0.5263332551357093,16370.616479875,True,False
7344,1680.0,893,5418590,0.15,0.5972686144001281,16373.231816959,True,False
7345,400.0,481,5419071,0.15,0.4446619778871536,16374.670565167002,True,False
7346,1330.0,839,5419910,0.15,0.5943964421749115,16377.129298459,True,False
7347,1720.0,1045,5420955,0.15,0.6372263722150262,16380.300008792,True,False
7348,2510.0,935,5421890,0.15,0.5544399548417482,16383.022917000002,True,False
7349,1300.0,1086,5422976,0.15,0.5985380990759415,16386.230891792,True,False
7350,1440.0,1032,5424008,0.15,0.6199919949321784,16389.249875792,True,False
7351,1670.0,1053,5425061,0.15,0.6126143807694032,16393.443407584,True,False
7352,1350.0,890,5425951,0.15,0.5566433670150267,16396.069219084,True,False
7353,1780.0,732,5426683,0.15,0.6232959111857284,16398.222720084003,True,False
7354,1060.0,720,5427403,0.15,0.6077394583159023,16400.338511334,True,False
7355,1510.0,757,5428160,0.15,0.5498400695229831,16402.582758125,True,False
7356,1510.0,1098,5429258,0.15,0.599183057128948,16405.765566959002,True,False
7357,1190.0,675,5429933,0.15,0.5460103383431067,16407.762363209,True,False
7358,1720.0,1024,5430957,0.15,0.5768838148796931,16410.911773709002,True,False
7359,1750.0,1089,5432046,0.15,0.5093801040750217,16414.158734459,True,False
7360,2750.0,724,5432770,0.15,0.5776853185579263,16416.292044792,True,False
7361,1340.0,888,5433658,0.15,0.6546895325452358,16418.891568209,True,False
7362,1440.0,937,5434595,0.15,0.46438325215608645,16421.608897584,True,False
7363,2160.0,1008,5435603,0.15,0.5364953180154165,16424.588657709002,True,False
7364,3170.0,1070,5436673,0.15,0.5468342701223359,16427.694443125,True,False
7365,1880.0,924,5437597,0.15,0.564265107727928,16430.398823334002,True,False
7366,1530.0,991,5438588,0.15,0.5297663070922417,16433.28299725,True,False
7367,2200.0,768,5439356,0.15,0.5479651301478347,16435.51237325,True,False
7368,1400.0,887,5440243,0.15,0.49365826264630613,16438.088222625,True,False
7369,2230.0,814,5441057,0.15,0.46054708658188,16440.460449500002,True,False
7370,670.0,552,5441609,0.15,0.4682602289578189,16442.199274625,True,False
7371,1530.0,783,5442392,0.15,0.5217982444303985,16444.484697125,True,False
7372,1800.0,1060,5443452,0.15,0.5314958662638124,16447.556440042,True,False
7373,2110.0,1335,5444787,0.15,0.46753148222202295,16451.415338834002,True,False
7374,1960.0,909,5445696,0.15,0.494342626938433,16454.079910875,True,False
7375,1420.0,841,5446537,0.15,0.441746443900324,16456.551320042,True,False
7376,1300.0,752,5447289,0.15,0.46787434162453134,16459.891783584,True,False
7377,620.0,522,5447811,0.15,0.45059017166495324,16461.408213459003,True,False
7378,2060.0,852,5448663,0.15,0.505291960853646,16463.879176875,True,False
7379,1130.0,658,5449321,0.15,0.4255888529799201,16465.801907167002,True,False
7380,1970.0,967,5450288,0.15,0.48774818423365757,16468.635689959,True,False
7381,1450.0,762,5451050,0.15,0.45022463673039487,16470.884657500003,True,False
7382,2650.0,929,5451979,0.15,0.5327226155405415,16473.605299000003,True,False
7383,1670.0,785,5452764,0.15,0.5239224444866786,16475.911306917,True,False
7384,1630.0,930,5453694,0.15,0.5318179653379423,16478.644432459,True,False
7385,2150.0,783,5454477,0.15,0.47636639927418867,16480.929627959,True,False
7386,2090.0,1158,5455635,0.15,0.49518101726848773,16484.309762125,True,False
7387,1230.0,832,5456467,0.15,0.46148470122940266,16486.774865459,True,False
7388,1500.0,919,5457386,0.15,0.5198911703475143,16489.460673542002,True,False
7389,1510.0,852,5458238,0.15,0.4541894382854023,16491.973587750002,True,False
7390,1770.0,1121,5459359,0.15,0.4935314084802355,16495.246672542,True,False
7391,1390.0,806,5460165,0.15,0.4458847803128238,16497.637656459,True,False
7392,1890.0,1103,5461268,0.15,0.5577112542654293,16500.870264667,True,False
7393,1000.0,706,5461974,0.15,0.5522192033769732,16502.966391042002,True,False
7394,2190.0,934,5462908,0.15,0.575190623728638,16505.875956209,True,False
7395,2760.0,1021,5463929,0.15,0.5364764041760388,16508.859704167,True,False
7396,1230.0,813,5464742,0.15,0.49292255761881765,16511.23212325,True,False
7397,1870.0,867,5465609,0.15,0.4989882492318681,16513.761939792003,True,False
7398,1370.0,1026,5466635,0.15,0.4756249448109884,16516.770617834,True,False
7399,1460.0,792,5467427,0.15,0.5148296068714122,16519.112913625002,True,False
7400,970.0,602,5468029,0.15,0.5929656894199106,16520.911320209,True,False
7401,1910.0,929,5468958,0.15,0.47442340677411393,16524.653116625002,True,False
7402,2420.0,954,5469912,0.15,0.5812931058297097,16527.428301334,True,False
7403,1180.0,659,5470571,0.15,0.5059536014933411,16529.368854792,True,False
7404,2330.0,714,5471285,0.15,0.4826969244626647,16531.497991,True,False
7405,1190.0,915,5472200,0.15,0.5275036164896978,16534.227049042,True,False
7406,2520.0,1004,5473204,0.15,0.5280589323594751,16537.207773209,True,False
7407,1290.0,833,5474037,0.15,0.49079687678470063,16539.702943959,True,False
7408,1060.0,854,5474891,0.15,0.49180821584703777,16542.977031167,True,False
7409,1740.0,927,5475818,0.15,0.5365931281241877,16545.760110709,True,False
7410,1470.0,788,5476606,0.15,0.4918090618655161,16548.146987334,True,False
7411,1480.0,904,5477510,0.15,0.5081462571315006,16550.865283292,True,False
7412,1960.0,1086,5478596,0.15,0.5154716073371032,16554.129925167003,True,False
7413,1340.0,907,5479503,0.15,0.5235108940211017,16556.849517584,True,False
7414,1400.0,688,5480191,0.15,0.4620338591725327,16558.927698667,True,False
7415,1780.0,746,5480937,0.15,0.5164886874590009,16561.192050542002,True,False
7416,2260.0,1043,5481980,0.15,0.5070883121298647,16564.371715584002,True,False
7417,1890.0,857,5482837,0.15,0.547965706578482,16566.982094334002,True,False
7418,1760.0,1034,5483871,0.15,0.5269903400263121,16570.202854709,True,False
7419,1560.0,750,5484621,0.15,0.5007643382600013,16572.453048542,True,False
7420,2010.0,1002,5485623,0.15,0.4831945517063141,16575.477674167,True,False
7421,1610.0,1172,5486795,0.15,0.5312986768553282,16578.994036250002,True,False
7422,1040.0,848,5487643,0.15,0.5160671842969814,16581.577124875002,True,False
7423,1510.0,747,5488390,0.15,0.4272758322444192,16583.855786709002,True,False
7424,1390.0,816,5489206,0.15,0.4853878104876654,16586.318977125,True,False
7425,2050.0,941,5490147,0.15,0.4744943358162616,16589.180019792002,True,False
7426,2460.0,791,5490938,0.15,0.5530286716541859,16592.678581625,True,False
7427,1150.0,677,5491615,0.15,0.507879719711267,16594.732625542,True,False
7428,1230.0,704,5492319,0.15,0.5128702465868131,16596.839854125003,True,False
7429,2120.0,828,5493147,0.15,0.5050182955492521,16599.322811584,True,False
7430,2500.0,756,5493903,0.15,0.5007976562415482,16601.657330875,True,False
7431,1180.0,804,5494707,0.15,0.5290067718545003,16604.653560459003,True,False
7432,740.0,632,5495339,0.15,0.5234077097494391,16606.533288834,True,False
7433,1830.0,895,5496234,0.15,0.5572680156411869,16609.183517875,True,False
7434,950.0,844,5497078,0.15,0.522752030907084,16611.755444667,True,False
7435,1160.0,711,5497789,0.15,0.5574346287699228,16613.914275584,True,False
7436,1520.0,799,5498588,0.15,0.5321937683969736,16616.346767375002,True,False
7437,1320.0,814,5499402,0.15,0.5521677314060662,16618.807959625,True,False
7438,1180.0,699,5500101,0.15,0.4872118945632662,16620.946796834,True,False
7439,1890.0,1150,5501251,0.15,0.6176127230923766,16624.438462709,True,False
7440,1780.0,865,5502116,0.15,0.5600630816776082,16627.057840334,True,False
7441,1970.0,827,5502943,0.15,0.5118418172435854,16629.557430834,True,False
7442,1300.0,885,5503828,0.15,0.4797146088770918,16632.257253667,True,False
7443,2450.0,1175,5505003,0.15,0.5472611324677288,16635.848697542002,True,False
7444,1680.0,773,5505776,0.15,0.47460684356922955,16638.194075417,True,False
7445,1440.0,785,5506561,0.15,0.539004737245185,16640.582884292002,True,False
7446,1190.0,761,5507322,0.15,0.5130818765414389,16642.903197125,True,False
7447,1840.0,882,5508204,0.15,0.5389518332562295,16645.538516417,True,False
7448,2110.0,972,5509176,0.15,0.5201368422971832,16648.470625334,True,False
7449,1820.0,803,5509979,0.15,0.5272408531233669,16650.896724584,True,False
7450,1550.0,788,5510767,0.15,0.5524609048051883,16653.284534292,True,False
7451,1270.0,744,5511511,0.15,0.5581674680354134,16656.382864417003,True,False
7452,1310.0,696,5512207,0.15,0.5666299969300457,16658.483269625,True,False
7453,2490.0,1095,5513302,0.15,0.49421621051474207,16661.772204459,True,False
7454,2040.0,936,5514238,0.15,0.5415194796509722,16665.169866292003,True,False
7455,1470.0,970,5515208,0.15,0.4923835957246553,16668.091763292,True,False
7456,3010.0,1455,5516663,0.15,0.5247094981351832,16672.451843834002,True,False
7457,1550.0,789,5517452,0.15,0.5327108395521087,16674.897071834002,True,False
7458,1410.0,1020,5518472,0.15,0.5430510513338388,16677.969499125,True,False
7459,1440.0,1053,5519525,0.15,0.5274295917935244,16681.165577334003,True,False
7460,1770.0,1002,5520527,0.15,0.5045742003917694,16684.235900125,True,False
7461,3020.0,1167,5521694,0.15,0.4782930665126402,16687.755601167002,True,False
7462,1790.0,840,5522534,0.15,0.5548574345452445,16690.325854292,True,False
7463,1920.0,816,5523350,0.15,0.43988344913312033,16692.811238959002,True,False
7464,970.0,849,5524199,0.15,0.5222193775171379,16695.416665625,True,False
7465,1780.0,926,5525125,0.15,0.48047369570824605,16698.349190459,True,False
7466,1500.0,823,5525948,0.15,0.4282350627687371,16700.843034125002,True,False
7467,1820.0,810,5526758,0.15,0.4736472418771522,16703.284614792,True,False
7468,690.0,603,5527361,0.15,0.5214911046012348,16705.133674667002,True,False
7469,1550.0,778,5528139,0.15,0.5273858978576267,16707.499511667,True,False
7470,1590.0,925,5529064,0.15,0.48148479473231165,16710.340041625,True,False
7471,1280.0,802,5529866,0.15,0.46607343964278697,16712.780349209002,True,False
7472,1570.0,777,5530643,0.15,0.49336920098699244,16715.1583555,True,False
7473,1670.0,946,5531589,0.15,0.4860391824934553,16718.032780459,True,False
7474,1180.0,984,5532573,0.15,0.4814851453633812,16720.987058834,True,False
7475,1140.0,788,5533361,0.15,0.4799348950612969,16723.352304875,True,False
7476,1260.0,788,5534149,0.15,0.4909402153970021,16727.588406375,True,False
7477,1170.0,912,5535061,0.15,0.5345510839108836,16730.371000459,True,False
7478,2230.0,858,5535919,0.15,0.447509407370447,16733.296434750002,True,False
7479,1920.0,804,5536723,0.15,0.5236496015345279,16735.710285542,True,False
7480,1340.0,1031,5537754,0.15,0.5220847580610781,16738.841843875,True,False
7481,1100.0,635,5538389,0.15,0.5485735029544471,16740.766387167,True,False
7482,1670.0,820,5539209,0.15,0.453839572646269,16743.2798145,True,False
7483,2690.0,934,5540143,0.15,0.49159575877271494,16746.155156084,True,False
7484,1490.0,869,5541012,0.15,0.524064718925078,16748.97768325,True,False
7485,1070.0,889,5541901,0.15,0.5112324279842076,16751.805075334,True,False
7486,2470.0,754,5542655,0.15,0.47719356948707964,16754.09518375,True,False
7487,1690.0,686,5543341,0.15,0.5277584166547586,16756.188199084,True,False
7488,1700.0,964,5544305,0.15,0.5360993293434753,16759.075813375002,True,False
7489,1300.0,858,5545163,0.15,0.5268749733951604,16761.838761084,True,False
7490,1350.0,740,5545903,0.15,0.5470446106549856,16764.111505042,True,False
7491,1970.0,1256,5547159,0.15,0.5287293653436906,16767.88897575,True,False
7492,1710.0,1149,5548308,0.15,0.4842030112631619,16771.384291042003,True,False
7493,1550.0,552,5548860,0.15,0.5330806918766188,16773.095763625002,True,False
7494,2240.0,801,5549661,0.15,0.5398433516174554,16775.520068584,True,False
7495,1310.0,649,5550310,0.15,0.5331754766312646,16777.487648792,True,False
7496,1770.0,898,5551208,0.15,0.5498224507106675,16780.254472250002,True,False
7497,1670.0,886,5552094,0.15,0.48613762592568116,16782.939528792,True,False
7498,770.0,570,5552664,0.15,0.4160151426400338,16784.766082959002,True,False
7499,1770.0,708,5553372,0.15,0.4688790160215507,16787.429318667,True,False
7500,1660.0,812,5554184,0.15,0.48814246219954466,16789.8477885,True,False
7501,1960.0,840,5555024,0.15,0.5022981812556585,16793.467651167,True,False
7502,2630.0,1005,5556029,0.15,0.5314551060536943,16796.53429525,True,False
7503,1360.0,861,5556890,0.15,0.5774191042018492,16799.168095917,True,False
7504,1520.0,788,5557678,0.15,0.5902951793924807,16801.592086292,True,False
7505,1620.0,837,5558515,0.15,0.5846124045443877,16804.172310334,True,False
7506,2140.0,949,5559464,0.15,0.5508315094253596,16807.075948875,True,False
7507,1600.0,800,5560264,0.15,0.5465561575070024,16809.529440292,True,False
7508,2010.0,918,5561182,0.15,0.5466835686213064,16812.320731834,True,False
7509,1480.0,996,5562178,0.15,0.5059621098589706,16815.321553959002,True,False
7510,1840.0,820,5562998,0.15,0.5408209654616146,16817.804067917,True,False
7511,1720.0,1134,5564132,0.15,0.5112066821418177,16821.232672917,True,False
7512,290.0,376,5564508,0.15,0.5642135613300698,16822.40095825,True,False
7513,1650.0,713,5565221,0.15,0.4873571785564503,16824.561492625002,True,False
7514,3000.0,1005,5566226,0.15,0.5432891116674203,16827.672113584,True,False
7515,1020.0,690,5566916,0.15,0.5602068801146711,16829.757729,True,False
7516,1410.0,839,5567755,0.15,0.5475059790117889,16832.297172084,True,False
7517,1410.0,882,5568637,0.15,0.4950868792123924,16834.988580334,True,False
7518,1000.0,638,5569275,0.15,0.5448700802974731,16836.92299975,True,False
7519,1490.0,851,5570126,0.15,0.4466636474353607,16839.507804417,True,False
7520,1590.0,1192,5571318,0.15,0.5630291036811451,16843.124921084,True,False
7521,2150.0,810,5572128,0.15,0.5095733497383559,16845.642688584,True,False
7522,830.0,554,5572682,0.15,0.6249440839325172,16847.794364667,True,False
7523,1650.0,928,5573610,0.15,0.589827536637413,16850.590338375,True,False
7524,2770.0,990,5574600,0.15,0.552337781736447,16853.569889917002,True,False
7525,1620.0,862,5575462,0.15,0.5779533319695052,16856.197775292,True,False
7526,1100.0,727,5576189,0.15,0.5249200898048642,16859.71872375,True,False
7527,2020.0,1046,5577235,0.15,0.5992134237426451,16862.873002084,True,False
7528,2310.0,1006,5578241,0.15,0.580144182468454,16865.935802209002,True,False
7529,1740.0,849,5579090,0.15,0.5830931269897605,16868.523481167,True,False
7530,1940.0,895,5579985,0.15,0.5341752979106137,16871.241683584,True,False
7531,1070.0,792,5580777,0.15,0.5623320975914748,16873.648769459,True,False
7532,1940.0,774,5581551,0.15,0.5564718861808431,16876.2508535,True,False
7533,1550.0,1130,5582681,0.15,0.5544293155044633,16879.750568709,True,False
7534,1150.0,594,5583275,0.15,0.4818872154967205,16881.546657000003,True,False
7535,2060.0,1122,5584397,0.15,0.5555680903251485,16885.226214000002,True,False
7536,2570.0,1160,5585557,0.15,0.5088300269225549,16888.764922542,True,False
7537,2080.0,1205,5586762,0.15,0.5686617305013428,16892.432447125,True,False
7538,1390.0,991,5587753,0.15,0.548111732898941,16895.41606,True,False
7539,1580.0,927,5588680,0.15,0.5333107074658419,16898.286257584,True,False
7540,1920.0,980,5589660,0.15,0.5855646365151114,16901.26201775,True,False
7541,2400.0,672,5590332,0.15,0.5234232755111796,16903.326979125002,True,False
7542,2220.0,1171,5591503,0.15,0.5085043573930655,16907.023487167,True,False
7543,1670.0,752,5592255,0.15,0.5143840095384958,16909.567486667,True,False
7544,850.0,612,5592867,0.15,0.5450482379182492,16911.411185042,True,False
7545,1890.0,867,5593734,0.15,0.5323939014071694,16914.101678709,True,False
7546,2270.0,806,5594540,0.15,0.5669142408388677,16916.552492625,True,False
7547,2030.0,909,5595449,0.15,0.5585791621570545,16919.38083175,True,False
7548,1560.0,790,5596239,0.15,0.5189536787796444,16921.782561042,True,False
7549,910.0,590,5596829,0.15,0.5343716111336205,16923.692052084,True,False
7550,1740.0,727,5597556,0.15,0.5580167529674677,16925.945673292,True,False
7551,1930.0,855,5598411,0.15,0.5457894392836262,16929.665878792002,True,False
7552,1730.0,824,5599235,0.15,0.5437723539263299,16932.184401542,True,False
7553,1470.0,789,5600024,0.15,0.4942636042833328,16934.613382209,True,False
7554,2300.0,1010,5601034,0.15,0.5236318375146578,16937.658041792,True,False
7555,1780.0,1119,5602153,0.15,0.4848352210330112,16941.056950292,True,False
7556,1990.0,829,5602982,0.15,0.4902587548834114,16943.572117917,True,False
7557,1840.0,919,5603901,0.15,0.5177891652869142,16946.389411459,True,False
7558,2110.0,982,5604883,0.15,0.5227650723591143,16949.351778334,True,False
7559,1550.0,793,5605676,0.15,0.4707827811414872,16951.766731334003,True,False
7560,990.0,762,5606438,0.15,0.4703742451573673,16954.175856917,True,False
7561,1850.0,927,5607365,0.15,0.5021147617813329,16956.963485167,True,False
7562,2290.0,1301,5608666,0.15,0.548712328855808,16960.886083084002,True,False
7563,2230.0,1029,5609695,0.15,0.6370099036726042,16964.021702542002,True,False
7564,2180.0,1027,5610722,0.15,0.46018921792623135,16967.172294834,True,False
7565,1430.0,1007,5611729,0.15,0.5385025186198098,16970.375051167,True,False
7566,1560.0,952,5612681,0.15,0.4974689745352048,16973.244980125,True,False
7567,1970.0,963,5613644,0.15,0.48490512080459675,16976.167675959,True,False
7568,1330.0,487,5614131,0.15,0.417509617884297,16977.659777084,True,False
7569,1540.0,891,5615022,0.15,0.5510871802611201,16980.399440875,True,False
7570,1670.0,901,5615923,0.15,0.5299968119462332,16983.143623250002,True,False
7571,2280.0,1219,5617142,0.15,0.5105917846081687,16986.870142584,True,False
7572,2980.0,916,5618058,0.15,0.5182494955812479,16989.643109042,True,False
7573,2230.0,1153,5619211,0.15,0.471857712448885,16993.221138625002,True,False
7574,1420.0,903,5620114,0.15,0.5126310908688908,16995.976456375,True,False
7575,1880.0,1003,5621117,0.15,0.4723950850951719,16999.02034025,True,False
7576,500.0,539,5621656,0.15,0.47423691319094763,17001.684304167,True,False
7577,1530.0,799,5622455,0.15,0.4559207551143876,17004.127116042,True,False
7578,1580.0,1010,5623465,0.15,0.4774522407370594,17007.213623334002,True,False
7579,2170.0,886,5624351,0.15,0.4790193946248266,17009.907211959002,True,False
7580,1510.0,644,5624995,0.15,0.4671587076801691,17011.885217917003,True,False
7581,1500.0,842,5625837,0.15,0.4213712523686942,17014.661786292,True,False
7582,2370.0,993,5626830,0.15,0.4348816413192018,17017.680698209002,True,False
7583,1060.0,676,5627506,0.15,0.41303758578892996,17019.800543084002,True,False
7584,1040.0,731,5628237,0.15,0.4083276842135549,17022.080285834,True,False
7585,1870.0,782,5629019,0.15,0.509169399470855,17024.486643042,True,False
7586,1360.0,802,5629821,0.15,0.4263889414086864,17026.952162084002,True,False
7587,1580.0,950,5630771,0.15,0.4843588690214519,17029.88944825,True,False
7588,1570.0,850,5631621,0.15,0.4230611539082908,17032.508719834,True,False
7589,1570.0,917,5632538,0.15,0.4275176355281772,17035.289945542,True,False
7590,670.0,649,5633187,0.15,0.5092277857072559,17037.274661292002,True,False
7591,1930.0,1070,5634257,0.15,0.4621856989922808,17041.306405167,True,False
7592,2110.0,961,5635218,0.15,0.4755226407200098,17044.26672925,True,False
7593,1930.0,861,5636079,0.15,0.4832907413327417,17046.936870084002,True,False
7594,2360.0,1011,5637090,0.15,0.4934466324834956,17050.049037417,True,False
7595,1040.0,745,5637835,0.15,0.5300317628970069,17052.335077834,True,False
7596,1480.0,812,5638647,0.15,0.48019911980100455,17054.823331375002,True,False
7597,1900.0,1011,5639658,0.15,0.45375484540292865,17057.925176584,True,False
7598,2920.0,786,5640444,0.15,0.48225953013915096,17060.361887917003,True,False
7599,1880.0,1004,5641448,0.15,0.4770019071629323,17063.398052792,True,False
7600,1310.0,877,5642325,0.15,0.5173439350166277,17066.10351175,True,False
7601,1900.0,752,5643077,0.15,0.4636126944914143,17069.366346542,True,False
7602,1620.0,1021,5644098,0.15,0.46670043515224086,17072.648364084,True,False
7603,1350.0,862,5644960,0.15,0.48052294010779373,17075.247633417002,True,False
7604,1160.0,802,5645762,0.15,0.46464605621993543,17077.743480709,True,False
7605,1090.0,698,5646460,0.15,0.4974458306602069,17079.899352667002,True,False
7606,2040.0,1027,5647487,0.15,0.5113594896974973,17083.106061625,True,False
7607,1320.0,706,5648193,0.15,0.4709151220102768,17085.266954375,True,False
7608,1770.0,1054,5649247,0.15,0.4693835254744432,17088.47325575,True,False
7609,1600.0,887,5650134,0.15,0.46102595644759703,17091.185927584,True,False
7610,2250.0,691,5650825,0.15,0.45466867024671137,17093.291687584002,True,False
7611,1170.0,1031,5651856,0.15,0.4661783666400484,17096.45923225,True,False
7612,1490.0,788,5652644,0.15,0.4033120269248933,17098.876294667,True,False
7613,1610.0,833,5653477,0.15,0.5171219477286706,17101.820774292002,True,False
7614,2060.0,896,5654373,0.15,0.49168153682590593,17104.582980417003,True,False
7615,2050.0,826,5655199,0.15,0.4186734599829878,17107.105180959003,True,False
7616,2090.0,817,5656016,0.15,0.4736348385854465,17109.59341975,True,False
7617,870.0,743,5656759,0.15,0.48649160741148767,17111.854227292002,True,False
7618,830.0,631,5657390,0.15,0.4658622274387486,17113.788188917002,True,False
7619,1190.0,667,5658057,0.15,0.4399256497443079,17115.828506167,True,False
7620,1590.0,950,5659007,0.15,0.47094499222336944,17118.727312959,True,False
7621,1480.0,869,5659876,0.15,0.4792006459394726,17121.385107500002,True,False
7622,1930.0,914,5660790,0.15,0.39861305819399523,17124.20463275,True,False
7623,1360.0,631,5661421,0.15,0.5384786688262904,17126.122740084,True,False
7624,1650.0,1010,5662431,0.15,0.4781491549774295,17129.167758709,True,False
7625,1320.0,1017,5663448,0.15,0.45578449175638314,17132.245351167,True,False
7626,1570.0,1161,5664609,0.15,0.4875245818290217,17136.757264875,True,False
7627,1840.0,927,5665536,0.15,0.5424222326355761,17139.584379709002,True,False
7628,1600.0,1046,5666582,0.15,0.4676234531162799,17142.777688042002,True,False
7629,1780.0,810,5667392,0.15,0.515797276215013,17145.372244334,True,False
7630,2140.0,935,5668327,0.15,0.5118397692050545,17148.210834959,True,False
7631,1830.0,1007,5669334,0.15,0.4387619936513522,17151.258553625,True,False
7632,1380.0,774,5670108,0.15,0.45757938356897265,17153.649388959002,True,False
7633,2240.0,1062,5671170,0.15,0.4660248882646831,17156.86661375,True,False
7634,570.0,505,5671675,0.15,0.4320578365808442,17158.433418334,True,False
7635,1530.0,693,5672368,0.15,0.42593781508762263,17160.657704417,True,False
7636,2260.0,988,5673356,0.15,0.48231238066426174,17163.742469792,True,False
7637,1040.0,853,5674209,0.15,0.46022470218474876,17166.341408959,True,False
7638,1170.0,752,5674961,0.15,0.4751741056271056,17168.628535417,True,False
7639,2780.0,998,5675959,0.15,0.43515043448372537,17171.683312875,True,False
7640,1090.0,589,5676548,0.15,0.4749472770789588,17173.480394000002,True,False
7641,1600.0,1150,5677698,0.15,0.4967202329002191,17176.9499885,True,False
7642,1450.0,989,5678687,0.15,0.47725302804457514,17179.968499625,True,False
7643,2180.0,928,5679615,0.15,0.45799719285348367,17182.792553709,True,False
7644,900.0,687,5680302,0.15,0.5246193001783171,17184.893416292,True,False
7645,1290.0,827,5681129,0.15,0.49602966222930067,17187.465616584002,True,False
7646,1840.0,973,5682102,0.15,0.4624187051636692,17190.400574834002,True,False
7647,2520.0,1037,5683139,0.15,0.5485339804218082,17193.551141209,True,False
7648,4610.0,952,5684091,0.15,0.5003281105779299,17196.457516292,True,False
7649,2480.0,675,5684766,0.15,0.4925852150783031,17198.551203667,True,False
7650,1720.0,925,5685691,0.15,0.44845621516823253,17201.341974417002,True,False
7651,780.0,558,5686249,0.15,0.4934469822262015,17204.087597167,True,False
7652,2050.0,834,5687083,0.15,0.5284190634623743,17206.625895,True,False
7653,240.0,361,5687444,0.15,0.5005033543476691,17207.750827459,True,False
7654,1940.0,1037,5688481,0.15,0.5504168184279935,17210.984404084,True,False
7655,1470.0,830,5689311,0.15,0.5436435444055548,17213.493662209,True,False
7656,1860.0,1013,5690324,0.15,0.4222640912305182,17216.538894,True,False
7657,3160.0,1044,5691368,0.15,0.423909192055578,17219.70546375,True,False
7658,1690.0,1025,5692393,0.15,0.4900141748948954,17222.822508542,True,False
7659,790.0,708,5693101,0.15,0.5147676662789227,17225.036303,True,False
7660,2230.0,1151,5694252,0.15,0.4773111959608893,17228.507052292,True,False
7661,1350.0,795,5695047,0.15,0.4574384336369206,17230.930577667,True,False
7662,1190.0,655,5695702,0.15,0.5149005984024304,17232.946027084,True,False
7663,2000.0,1085,5696787,0.15,0.4983534100310829,17236.223305584,True,False
7664,1300.0,709,5697496,0.15,0.475478749429242,17238.384346792,True,False
7665,2170.0,755,5698251,0.15,0.5329514573863212,17240.663893417,True,False
7666,1800.0,829,5699080,0.15,0.4866518711026471,17243.180646209003,True,False
7667,1950.0,916,5699996,0.15,0.47660132481281414,17245.956256584002,True,False
7668,3370.0,954,5700950,0.15,0.5150636369440736,17248.844956084,True,False
7669,1310.0,1004,5701954,0.15,0.5035702173572137,17251.993098959,True,False
7670,2160.0,961,5702915,0.15,0.45171502586454154,17254.908268792,True,False
7671,2460.0,1045,5703960,0.15,0.5178265031569331,17258.130339625,True,False
7672,1440.0,806,5704766,0.15,0.4823571746029071,17260.605328834,True,False
7673,1730.0,1192,5705958,0.15,0.49408235453419236,17264.17706975,True,False
7674,1830.0,963,5706921,0.15,0.5057673163681109,17267.209176209002,True,False
7675,3320.0,971,5707892,0.15,0.5418207222296868,17270.275444209,True,False
7676,2340.0,931,5708823,0.15,0.5026779505905921,17274.235236584,True,False
7677,1180.0,828,5709651,0.15,0.4751887385180031,17276.7047725,True,False
7678,1180.0,668,5710319,0.15,0.4355230503631923,17278.730742084,True,False
7679,2010.0,789,5711108,0.15,0.46501287031504845,17281.131066917,True,False
7680,1420.0,967,5712075,0.15,0.443821779146976,17284.071135709,True,False
7681,1250.0,653,5712728,0.15,0.4832685804221688,17286.058152792,True,False
7682,1950.0,742,5713470,0.15,0.4326123572684623,17288.277202209,True,False
7683,1730.0,812,5714282,0.15,0.4982683084574826,17290.728460459002,True,False
7684,2740.0,888,5715170,0.15,0.44482115894421803,17293.364789834002,True,False
7685,1070.0,837,5716007,0.15,0.48227468995671524,17295.920043125,True,False
7686,1470.0,882,5716889,0.15,0.4826940072877375,17298.568908584002,True,False
7687,1600.0,881,5717770,0.15,0.46833560344847763,17301.233945750002,True,False
7688,1890.0,910,5718680,0.15,0.474372619011423,17304.307574959003,True,False
7689,3070.0,1313,5719993,0.15,0.48487027239327024,17308.231842709,True,False
7690,430.0,464,5720457,0.15,0.5200640559196472,17309.631198792,True,False
7691,2420.0,964,5721421,0.15,0.45255829165090666,17312.521723667,True,False
7692,2890.0,980,5722401,0.15,0.48041698850539266,17315.43431525,True,False
7693,840.0,584,5722985,0.15,0.5046404758340692,17317.189073459,True,False
7694,2430.0,1008,5723993,0.15,0.5084198337521345,17320.196796875,True,False
7695,1840.0,968,5724961,0.15,0.49767737330730294,17323.0793915,True,False
7696,1200.0,689,5725650,0.15,0.4814661734759115,17325.160253667,True,False
7697,1670.0,819,5726469,0.15,0.4256593218663844,17327.607658,True,False
7698,2600.0,1005,5727474,0.15,0.5222775935236201,17330.625110709,True,False
7699,1340.0,921,5728395,0.15,0.4831994509243447,17333.391220542002,True,False
7700,1450.0,1062,5729457,0.15,0.5129426240192768,17336.545967584,True,False
7701,550.0,527,5729984,0.15,0.5360442248144837,17339.920321167,True,False
7702,1710.0,886,5730870,0.15,0.5716763280702932,17342.607088917,True,False
7703,1580.0,736,5731606,0.15,0.5153889396916265,17344.867285792,True,False
7704,1920.0,970,5732576,0.15,0.5189917993582325,17347.800340167,True,False
7705,1160.0,675,5733251,0.15,0.4875458615078103,17349.856179000002,True,False
7706,1680.0,826,5734077,0.15,0.5657570328977373,17352.36397075,True,False
7707,2400.0,1136,5735213,0.15,0.5333671057203286,17355.747123959,True,False
7708,1600.0,900,5736113,0.15,0.4759781493743261,17358.455299917,True,False
7709,2140.0,972,5737085,0.15,0.5059564748909248,17361.358983084,True,False
7710,1350.0,1035,5738120,0.15,0.5163746801237342,17364.4703645,True,False
7711,1580.0,930,5739050,0.15,0.48177337049153346,17367.266154125,True,False
7712,1140.0,579,5739629,0.15,0.47879170806243504,17369.044389834,True,False
7713,1780.0,939,5740568,0.15,0.505623948986226,17371.864244250002,True,False
7714,1630.0,1115,5741683,0.15,0.4442884986617153,17375.166545167,True,False
7715,1670.0,1076,5742759,0.15,0.5295683421665408,17378.374659834,True,False
7716,1840.0,796,5743555,0.15,0.5226131817653551,17380.751636959,True,False
7717,1720.0,1099,5744654,0.15,0.5132673760706729,17384.008885875002,True,False
7718,1720.0,944,5745598,0.15,0.4740386176854372,17386.826735542,True,False
7719,1570.0,1020,5746618,0.15,0.49534019658378525,17389.851618167002,True,False
7720,2710.0,855,5747473,0.15,0.5679684461346853,17392.401676,True,False
7721,1720.0,986,5748459,0.15,0.5026946983686308,17395.310207167,True,False
7722,1230.0,758,5749217,0.15,0.5745379924382034,17397.539472750002,True,False
7723,1600.0,1008,5750225,0.15,0.4976286083045933,17400.981125459002,True,False
7724,1900.0,963,5751188,0.15,0.4899166945476255,17403.963415042002,True,False
7725,1880.0,966,5752154,0.15,0.45157376546953726,17406.839910292,True,False
7726,2350.0,818,5752972,0.15,0.47489924140092804,17410.296632417,True,False
7727,1890.0,1136,5754108,0.15,0.4959967549837811,17413.649344625002,True,False
7728,2010.0,727,5754835,0.15,0.46029397005534306,17415.81522625,True,False
7729,1610.0,956,5755791,0.15,0.443488402097295,17418.681685917,True,False
7730,1480.0,786,5756577,0.15,0.518444030115447,17421.096467792002,True,False
7731,1720.0,756,5757333,0.15,0.4640953933041562,17423.650450417,True,False
7732,1790.0,888,5758221,0.15,0.46059972524374454,17426.351915167,True,False
7733,2330.0,878,5759099,0.15,0.4476758487964874,17428.959531542,True,False
7734,2030.0,946,5760045,0.15,0.45622032292910264,17431.76363625,True,False
7735,2570.0,954,5760999,0.15,0.4546071732056742,17434.607535417003,True,False
7736,2000.0,877,5761876,0.15,0.474763256853277,17437.219878834,True,False
7737,1630.0,1117,5762993,0.15,0.396896868623713,17440.529282209,True,False
7738,1890.0,1019,5764012,0.15,0.4626827849476945,17443.541413667,True,False
7739,740.0,620,5764632,0.15,0.43841188598063685,17445.390122667002,True,False
7740,2060.0,856,5765488,0.15,0.46508814464105624,17447.928755584002,True,False
7741,1650.0,950,5766438,0.15,0.5746570975845876,17450.730016875,True,False
7742,1450.0,663,5767101,0.15,0.47773422731692533,17452.717510542,True,False
7743,890.0,630,5767731,0.15,0.49610156826912216,17454.623383500002,True,False
7744,1760.0,913,5768644,0.15,0.478551637527724,17457.349336667,True,False
7745,2120.0,949,5769593,0.15,0.48158659952602306,17460.23917075,True,False
7746,1380.0,1049,5770642,0.15,0.5352763800903131,17463.635024959,True,False
7747,1910.0,961,5771603,0.15,0.48198221881563463,17466.65598925,True,False
7748,1400.0,963,5772566,0.15,0.44538465216446715,17469.512080292,True,False
7749,1870.0,953,5773519,0.15,0.42561958451606646,17472.372846167,True,False
7750,1540.0,819,5774338,0.15,0.4336588253335255,17474.844118625002,True,False
7751,2280.0,842,5775180,0.15,0.4978139738759723,17478.352370625,True,False
7752,1330.0,821,5776001,0.15,0.5190225736760512,17480.770049792,True,False
7753,1970.0,884,5776885,0.15,0.47891431241148735,17483.37426325,True,False
7754,2460.0,1021,5777906,0.15,0.4767395195423388,17486.428363042,True,False
7755,2350.0,909,5778815,0.15,0.4698709647954823,17489.127407959,True,False
7756,3120.0,732,5779547,0.15,0.47286587078226067,17491.309011792,True,False
7757,1550.0,784,5780331,0.15,0.4670980486410613,17493.663677209002,True,False
7758,3120.0,1028,5781359,0.15,0.44214546509405983,17496.757764167,True,False
7759,1930.0,852,5782211,0.15,0.4777354261544948,17499.314376209,True,False
7760,2190.0,843,5783054,0.15,0.5262302100234687,17501.846340042,True,False
7761,1500.0,1004,5784058,0.15,0.41833585500717163,17504.857858667,True,False
7762,1170.0,569,5784627,0.15,0.5272308859292051,17506.588000167,True,False
7763,1680.0,1025,5785652,0.15,0.4467518928275962,17509.62849,True,False
7764,930.0,587,5786239,0.15,0.41565707856661654,17511.402891959002,True,False
7765,2170.0,833,5787072,0.15,0.4688623115848126,17513.954393459,True,False
7766,2190.0,965,5788037,0.15,0.4651249122508334,17516.82832175,True,False
7767,3980.0,1016,5789053,0.15,0.47618493927628036,17519.837482375002,True,False
7768,1890.0,837,5789890,0.15,0.4585637275539517,17522.702753875,True,False
7769,1320.0,873,5790763,0.15,0.4851037619652551,17525.310417334,True,False
7770,1610.0,1150,5791913,0.15,0.5463222885866545,17528.731596625003,True,False
7771,1400.0,809,5792722,0.15,0.5554999199391591,17531.256113709,True,False
7772,1780.0,838,5793560,0.15,0.48570143747187794,17533.764937084,True,False
7773,2960.0,872,5794432,0.15,0.5031998773370314,17536.381044084002,True,False
7774,1670.0,962,5795394,0.15,0.5052757470247646,17539.255900959,True,False
7775,1650.0,1038,5796432,0.15,0.5141649052500725,17542.360658042002,True,False
7776,1730.0,843,5797275,0.15,0.46158508952884447,17546.271819292,True,False
7777,1130.0,701,5797976,0.15,0.4155000712383877,17548.399505042,True,False
7778,1150.0,654,5798630,0.15,0.48304482636276197,17550.376788,True,False
7779,2750.0,901,5799531,0.15,0.5225433351927333,17553.084178917,True,False
7780,1780.0,968,5800499,0.15,0.4836971051990986,17556.011613000002,True,False
7781,1700.0,842,5801341,0.15,0.4661183997423728,17558.527457125,True,False
7782,2120.0,950,5802291,0.15,0.44785933878728607,17561.384355125,True,False
7783,2480.0,1072,5803363,0.15,0.4978182803728242,17564.620003417,True,False
7784,3020.0,960,5804323,0.15,0.4520580474908153,17567.50562275,True,False
7785,2410.0,879,5805202,0.15,0.43170586814257234,17570.148824084,True,False
7786,2190.0,850,5806052,0.15,0.5458662394836475,17572.708953709,True,False
7787,1500.0,830,5806882,0.15,0.4802807360023692,17575.204153375,True,False
7788,3120.0,899,5807781,0.15,0.41017590641975404,17577.893348125002,True,False
7789,1850.0,1089,5808870,0.15,0.47366870224804564,17581.129588292002,True,False
7790,1860.0,1099,5809969,0.15,0.5152567610957406,17584.582852042,True,False
7791,1800.0,940,5810909,0.15,0.48708406559964446,17587.36488325,True,False
7792,360.0,438,5811347,0.15,0.5175405252007169,17588.738303875,True,False
7793,1930.0,837,5812184,0.15,0.4814653492754414,17591.35486975,True,False
7794,2270.0,1127,5813311,0.15,0.5117875688918121,17595.154086042,True,False
7795,3130.0,1288,5814599,0.15,0.48059996629353635,17598.990960625,True,False
7796,1820.0,821,5815420,0.15,0.4489267410945545,17601.462972209,True,False
7797,2240.0,1090,5816510,0.15,0.5023757431053502,17604.745568792,True,False
7798,400.0,438,5816948,0.15,0.3928695684806867,17606.106961875,True,False
7799,1440.0,728,5817676,0.15,0.5096772862086584,17608.286144625,True,False
7800,1710.0,697,5818373,0.15,0.5097933864627762,17610.399430875,True,False
7801,2590.0,966,5819339,0.15,0.4360936498926388,17614.349857667,True,False
7802,1300.0,651,5819990,0.15,0.40212872139880995,17616.321722792,True,False
7803,1560.0,854,5820844,0.15,0.4803242591148782,17618.880312542,True,False
7804,1340.0,817,5821661,0.15,0.416459480884905,17621.32762375,True,False
7805,2500.0,952,5822613,0.15,0.5146552709033009,17624.183432459,True,False
7806,1610.0,1003,5823616,0.15,0.42732067047006106,17627.229156042,True,False
7807,1130.0,569,5824185,0.15,0.5455208345198296,17628.959166709003,True,False
7808,1680.0,906,5825091,0.15,0.441161008502266,17631.673599875,True,False
7809,1540.0,978,5826069,0.15,0.4299871177393563,17634.649436042,True,False
7810,1510.0,789,5826858,0.15,0.45609785824408994,17637.026308042,True,False
7811,2300.0,845,5827703,0.15,0.4714815786099547,17639.596950125,True,False
7812,1220.0,888,5828591,0.15,0.5294235526911311,17642.335712375,True,False
7813,2770.0,1054,5829645,0.15,0.4737728571124149,17645.540653959,True,False
7814,1290.0,777,5830422,0.15,0.5338941434609521,17647.90007725,True,False
7815,1860.0,989,5831411,0.15,0.516167967546324,17650.893416875002,True,False
7816,2310.0,907,5832318,0.15,0.5226627644397613,17654.543579625002,True,False
7817,1240.0,874,5833192,0.15,0.4529845550588277,17657.181130042,True,False
7818,2320.0,888,5834080,0.15,0.46302985064349733,17659.997770500002,True,False
7819,1570.0,892,5834972,0.15,0.5066960075110063,17662.712734,True,False
7820,1020.0,699,5835671,0.15,0.40208889458371305,17664.856898667,True,False
7821,1450.0,895,5836566,0.15,0.4828870204676475,17667.543188667,True,False
7822,1750.0,779,5837345,0.15,0.5648374356520481,17669.890263125002,True,False
7823,2910.0,1275,5838620,0.15,0.4410506303080571,17673.760123209002,True,False
7824,1570.0,867,5839487,0.15,0.46764931044782754,17676.382649084,True,False
7825,2470.0,1005,5840492,0.15,0.4193598800117061,17679.396319459,True,False
7826,2000.0,1012,5841504,0.15,0.45649589624682907,17683.511000084,True,False
7827,1490.0,942,5842446,0.15,0.4799795148537514,17686.663066667003,True,False
7828,2240.0,865,5843311,0.15,0.4719438103062135,17689.377494875,True,False
7829,2470.0,989,5844300,0.15,0.4315320783925633,17692.351585709002,True,False
7830,1300.0,831,5845131,0.15,0.5588244159440487,17694.8472325,True,False
7831,1280.0,786,5845917,0.15,0.53953190930755,17697.223697709,True,False
7832,1200.0,762,5846679,0.15,0.4945659078657627,17699.526888542,True,False
7833,2200.0,857,5847536,0.15,0.5052797248197156,17702.135710167,True,False
7834,1050.0,716,5848252,0.15,0.4732874382141582,17704.292916625,True,False
7835,1210.0,764,5849016,0.15,0.48231818881958566,17706.617647042,True,False
7836,2200.0,956,5849972,0.15,0.5082274463386216,17709.493198209002,True,False
7837,1860.0,874,5850846,0.15,0.48335208535331103,17712.147211542,True,False
7838,1320.0,1113,5851959,0.15,0.4919816459790408,17716.014292959,True,False
7839,1820.0,799,5852758,0.15,0.4955786295980215,17718.4095645,True,False
7840,630.0,535,5853293,0.15,0.5249625391034938,17720.034103875,True,False
7841,920.0,700,5853993,0.15,0.4828111674955913,17722.291057875,True,False
7842,2120.0,926,5854919,0.15,0.5311900722387033,17725.052520209,True,False
7843,1290.0,760,5855679,0.15,0.5036952452440011,17727.3435485,True,False
7844,1670.0,1166,5856845,0.15,0.5354411858708075,17730.826629625,True,False
7845,770.0,682,5857527,0.15,0.5223944672766854,17732.889395709,True,False
7846,1610.0,1058,5858585,0.15,0.49233401007247424,17736.069004334,True,False
7847,2020.0,827,5859412,0.15,0.6133122402760718,17738.5587485,True,False
7848,1770.0,846,5860258,0.15,0.5846250188576667,17741.087745959,True,False
7849,3010.0,1188,5861446,0.15,0.5412091143705227,17744.643561,True,False
7850,2360.0,1095,5862541,0.15,0.5325407843737706,17747.948618917002,True,False
7851,1450.0,878,5863419,0.15,0.5595143488416933,17751.687802834,True,False
7852,1310.0,967,5864386,0.15,0.5597390555276358,17754.583627250002,True,False
7853,1640.0,975,5865361,0.15,0.5522207049194907,17757.562293834002,True,False
7854,1940.0,888,5866249,0.15,0.5286392058740865,17760.610880167,True,False
7855,1530.0,973,5867222,0.15,0.5715609740757157,17763.561317459,True,False
7856,2410.0,1147,5868369,0.15,0.5225337609285261,17767.00936775,True,False
7857,1620.0,1009,5869378,0.15,0.48061137392170844,17770.04217575,True,False
7858,2360.0,1039,5870417,0.15,0.4361461100096886,17773.182851542002,True,False
7859,1800.0,1154,5871571,0.15,0.5015732554667112,17777.0358175,True,False
7860,1820.0,991,5872562,0.15,0.530800073527761,17780.005925792,True,False
7861,1600.0,722,5873284,0.15,0.4749652177342394,17782.193012292002,True,False
7862,610.0,501,5873785,0.15,0.5039072851538658,17783.695651209,True,False
7863,1270.0,844,5874629,0.15,0.46025838960686,17786.355983334,True,False
7864,1440.0,805,5875434,0.15,0.4253464057596762,17788.749876167,True,False
7865,2070.0,753,5876187,0.15,0.4587681830484182,17791.023328542,True,False
7866,1620.0,1116,5877303,0.15,0.43647405828305896,17794.378287,True,False
7867,2080.0,969,5878272,0.15,0.4136667703527482,17797.282088167,True,False
7868,1500.0,831,5879103,0.15,0.5168894406246103,17799.777696042,True,False
7869,1660.0,810,5879913,0.15,0.44202325830759087,17802.233312750002,True,False
7870,3660.0,886,5880799,0.15,0.4827106173626438,17804.861313875,True,False
7871,1170.0,658,5881457,0.15,0.4365396789980657,17806.836064667,True,False
7872,2020.0,927,5882384,0.15,0.45206333578018276,17809.579390542,True,False
7873,380.0,454,5882838,0.15,0.47542032230216846,17810.958649917,True,False
7874,1000.0,618,5883456,0.15,0.44300598242590505,17812.819581375003,True,False
7875,1900.0,719,5884175,0.15,0.4585912335018872,17814.967125917,True,False
7876,2760.0,913,5885088,0.15,0.4418964290332586,17818.754938667,True,False
7877,2990.0,950,5886038,0.15,0.466566601257284,17821.544377209,True,False
7878,1010.0,570,5886608,0.15,0.46098333576342443,17823.255031875,True,False
7879,1610.0,916,5887524,0.15,0.552735555445263,17825.974824125,True,False
7880,2460.0,967,5888491,0.15,0.47565016842976643,17828.822431334,True,False
7881,1280.0,687,5889178,0.15,0.4463085189981516,17830.900360209,True,False
7882,2250.0,1178,5890356,0.15,0.5125278864119013,17834.431007792,True,False
7883,2720.0,1195,5891551,0.15,0.4359967964357578,17838.478037959,True,False
7884,370.0,428,5891979,0.15,0.44449000972732206,17839.806231167,True,False
7885,2530.0,787,5892766,0.15,0.5169012667942168,17842.306411125002,True,False
7886,1710.0,928,5893694,0.15,0.467978877754047,17845.139822584002,True,False
7887,280.0,313,5894007,0.15,0.44494643224737584,17846.129650042,True,False
7888,1970.0,941,5894948,0.15,0.5303127450584355,17848.93582075,True,False
7889,2320.0,859,5895807,0.15,0.5141319821928149,17851.524687625002,True,False
7890,1620.0,641,5896448,0.15,0.47723417109028893,17853.444414917,True,False
7891,670.0,644,5897092,0.15,0.44931846625686434,17855.364325167,True,False
7892,2040.0,1094,5898186,0.15,0.48636636279878165,17858.5910995,True,False
7893,1820.0,1019,5899205,0.15,0.4475337315423816,17861.606579459,True,False
7894,1410.0,966,5900171,0.15,0.45274071120251264,17864.463583167002,True,False
7895,1540.0,1025,5901196,0.15,0.45108712574735227,17867.508668167,True,False
7896,1460.0,720,5901916,0.15,0.5003524657752779,17869.672150500002,True,False
7897,2480.0,1221,5903137,0.15,0.47899073054555985,17873.285043,True,False
7898,1650.0,777,5903914,0.15,0.47790319760589256,17875.587487250003,True,False
7899,1570.0,931,5904845,0.15,0.49563062344497877,17878.322613417,True,False
7900,1620.0,816,5905661,0.15,0.4508648656819965,17880.718066625002,True,False
7901,1640.0,964,5906625,0.15,0.493055041647551,17884.444322125,True,False
7902,3110.0,1412,5908037,0.15,0.44794819404822234,17888.557525875,True,False
7903,1970.0,1015,5909052,0.15,0.47905081091082,17891.530827375,True,False
7904,3480.0,922,5909974,0.15,0.47850860256863675,17894.2659775,True,False
7905,1890.0,1011,5910985,0.15,0.5103584908744092,17897.266991709002,True,False
7906,1720.0,868,5911853,0.15,0.521360309888965,17899.845205875,True,False
7907,1190.0,690,5912543,0.15,0.500420831143856,17901.899042959,True,False
7908,2140.0,922,5913465,0.15,0.522883901090333,17904.627888125,True,False
7909,1920.0,779,5914244,0.15,0.4603145995201209,17907.005660959,True,False
7910,2270.0,912,5915156,0.15,0.4782755035710962,17909.849851125,True,False
7911,1240.0,623,5915779,0.15,0.49168158144720137,17911.710267834,True,False
7912,1410.0,768,5916547,0.15,0.39996043398665887,17914.199455917,True,False
7913,2030.0,847,5917394,0.15,0.5032516479281322,17916.688677000002,True,False
7914,1450.0,972,5918366,0.15,0.45403625282608434,17919.520220167,True,False
7915,1340.0,979,5919345,0.15,0.4672697375319442,17922.396018125,True,False
7916,1550.0,952,5920297,0.15,0.45888454770716297,17925.17810525,True,False
7917,880.0,758,5921055,0.15,0.4753585841368746,17927.410143875,True,False
7918,2010.0,890,5921945,0.15,0.5013413863264926,17930.026951709002,True,False
7919,2300.0,1000,5922945,0.15,0.48892701721191406,17932.946196375,True,False
7920,1580.0,964,5923909,0.15,0.4837166288890779,17935.772388375,True,False
7921,2080.0,942,5924851,0.15,0.42005948047054575,17938.541533709,True,False
7922,1130.0,760,5925611,0.15,0.44958984251869355,17940.824001375,True,False
7923,1220.0,761,5926372,0.15,0.46842015316193014,17943.0738565,True,False
7924,2000.0,947,5927319,0.15,0.4997540899252487,17945.84510725,True,False
7925,1930.0,988,5928307,0.15,0.4784030990923947,17948.730776625,True,False
7926,1410.0,715,5929022,0.15,0.4497160874931506,17951.891705792,True,False
7927,3390.0,835,5929857,0.15,0.48704975105501247,17954.320544500002,True,False
7928,1170.0,765,5930622,0.15,0.49570974832429937,17956.556812125,True,False
7929,1430.0,963,5931585,0.15,0.47428465291424904,17959.377263959002,True,False
7930,2590.0,858,5932443,0.15,0.4521091163993996,17961.874206584,True,False
7931,2750.0,958,5933401,0.15,0.4231413818585376,17964.694291292002,True,False
7932,970.0,604,5934005,0.15,0.4052559338658061,17966.483802834002,True,False
7933,960.0,505,5934510,0.15,0.5051121530788285,17967.970451209,True,False
7934,1680.0,968,5935478,0.15,0.4610010227573312,17970.776414875,True,False
7935,830.0,621,5936099,0.15,0.5354274054208109,17972.638753792,True,False
7936,330.0,416,5936515,0.15,0.5007185057665293,17974.100645834,True,False
7937,1590.0,983,5937498,0.15,0.47264051116336653,17977.075063375,True,False
7938,3550.0,934,5938432,0.15,0.5302990201192025,17979.943527959,True,False
7939,1130.0,741,5939173,0.15,0.43585231086692294,17982.135770292,True,False
7940,2860.0,932,5940105,0.15,0.48501179073117834,17984.883413834003,True,False
7941,1550.0,859,5940964,0.15,0.4293534427534702,17987.4098115,True,False
7942,1160.0,702,5941666,0.15,0.4770873665809631,17989.495273292,True,False
7943,2100.0,971,5942637,0.15,0.4505807776387336,17992.613845834,True,False
7944,1390.0,765,5943402,0.15,0.4684092925169081,17994.883295,True,False
7945,1500.0,1183,5944585,0.15,0.4706066709917945,17998.339264167,True,False
7946,1420.0,838,5945423,0.15,0.4191246886501472,18000.784694500002,True,False
7947,1330.0,866,5946289,0.15,0.43585772448421073,18003.323565417002,True,False
7948,1630.0,788,5947077,0.15,0.48940946986227474,18005.628797417,True,False
7949,1140.0,619,5947696,0.15,0.4558334831268557,18007.4762055,True,False
7950,1520.0,783,5948479,0.15,0.44815908716275143,18009.83776675,True,False
7951,2470.0,942,5949421,0.15,0.4427464123562736,18013.803008834002,True,False
7952,1050.0,589,5950010,0.15,0.4682442060335964,18015.548072375,True,False
7953,1650.0,886,5950896,0.15,0.48035576258290996,18018.174556792,True,False
7954,1890.0,854,5951750,0.15,0.41418475223958773,18020.697904917,True,False
7955,2320.0,917,5952667,0.15,0.46348797695865795,18023.387909875,True,False
7956,1200.0,784,5953451,0.15,0.4908752902886089,18025.7039605,True,False
7957,1940.0,989,5954440,0.15,0.47970213644927545,18028.637835375,True,False
7958,1280.0,744,5955184,0.15,0.46601220893283046,18030.848976709,True,False
7959,1020.0,699,5955883,0.15,0.5182405130873466,18032.935883209,True,False
7960,1440.0,912,5956795,0.15,0.4860080653115323,18035.896447292,True,False
7961,2980.0,952,5957747,0.15,0.5067863093078637,18038.808356792,True,False
7962,1510.0,759,5958506,0.15,0.4748890580315339,18041.066055917,True,False
7963,3230.0,1156,5959662,0.15,0.500273985691549,18044.519323209002,True,False
7964,1950.0,835,5960497,0.15,0.5389827400018153,18046.997482834002,True,False
7965,1690.0,1243,5961740,0.15,0.5047617040311025,18050.643416375002,True,False
7966,1500.0,824,5962564,0.15,0.5393476571200542,18053.073628292,True,False
7967,2280.0,946,5963510,0.15,0.5187192366663682,18055.849195292,True,False
7968,2020.0,1150,5964660,0.15,0.454510209021262,18059.229173125,True,False
7969,1660.0,876,5965536,0.15,0.493324963673609,18061.80934425,True,False
7970,2070.0,740,5966276,0.15,0.5523528055564777,18064.049244,True,False
7971,1830.0,920,5967196,0.15,0.48337402081359987,18066.767211125,True,False
7972,2030.0,1143,5968339,0.15,0.5235826271667815,18070.138394917,True,False
7973,3210.0,860,5969199,0.15,0.5011458561517471,18072.659491584,True,False
7974,1770.0,863,5970062,0.15,0.4842633992364561,18075.217341042,True,False
7975,970.0,665,5970727,0.15,0.515654860804957,18077.179516250002,True,False
7976,1910.0,894,5971621,0.15,0.50296553417242,18080.700521875002,True,False
7977,2570.0,948,5972569,0.15,0.49994368216156454,18083.447845042,True,False
7978,1570.0,1042,5973611,0.15,0.42826528878739245,18086.465264375,True,False
7979,1010.0,824,5974435,0.15,0.4773044267181054,18088.863104459,True,False
7980,1920.0,929,5975364,0.15,0.5513861038014612,18091.577893125002,True,False
7981,180.0,282,5975646,0.15,0.696596281017576,18092.457621792,True,False
7982,1450.0,862,5976508,0.15,0.5028958413060065,18094.969841542003,True,False
7983,940.0,662,5977170,0.15,0.46091177142930756,18096.907551417,True,False
7984,2880.0,1050,5978220,0.15,0.5170180226460156,18099.996715167003,True,False
7985,1620.0,749,5978969,0.15,0.5047079466163793,18102.190786792,True,False
7986,1880.0,835,5979804,0.15,0.4668336500320138,18104.625487667,True,False
7987,1880.0,1049,5980853,0.15,0.49611412514825814,18107.774524709002,True,False
7988,1070.0,691,5981544,0.15,0.46852244652075575,18109.806043792,True,False
7989,1650.0,809,5982353,0.15,0.4613414508945281,18112.182259375,True,False
7990,2420.0,884,5983237,0.15,0.5433257974987655,18115.136013875002,True,False
7991,1330.0,758,5983995,0.15,0.5413268454491146,18117.812410792,True,False
7992,1520.0,1057,5985052,0.15,0.5012797118639046,18121.005088334,True,False
7993,2470.0,980,5986032,0.15,0.5658189756529671,18123.9363415,True,False
7994,2490.0,944,5986976,0.15,0.5322411278799429,18126.750131792,True,False
7995,1880.0,1252,5988228,0.15,0.48808186034710643,18130.44643325,True,False
7996,1670.0,958,5989186,0.15,0.4530559786942215,18133.284647542,True,False
7997,1790.0,1090,5990276,0.15,0.4924588689491862,18136.529451500002,True,False
7998,1840.0,904,5991180,0.15,0.4817684784663462,18139.255807,True,False
7999,1380.0,851,5992031,0.15,0.5294055858591817,18141.784545709,True,False
8000,1990.0,1047,5993078,0.15,0.46704400507093385,18144.835702375,True,False
8001,1160.0,604,5993682,0.15,0.45244068060292314,18147.837926125,True,False
8002,1980.0,839,5994521,0.15,0.43747545952598255,18150.318154709003,True,False
8003,1400.0,717,5995238,0.15,0.5326898545859247,18152.410912917,True,False
8004,1820.0,951,5996189,0.15,0.519980015687081,18155.180027709,True,False
8005,2950.0,997,5997186,0.15,0.5118939988763935,18158.100593792,True,False
8006,2000.0,1223,5998409,0.15,0.5072263856631478,18161.644066584002,True,False
8007,2900.0,939,5999348,0.15,0.50008431115049,18164.422494792,True,False
8008,2420.0,988,6000336,0.15,0.4901443782907266,18167.3038805,True,False
8009,1730.0,858,6001194,0.15,0.5290744307442247,18169.931552875,True,False
8010,1960.0,928,6002122,0.15,0.4661048940736158,18172.659906084,True,False
8011,2010.0,999,6003121,0.15,0.4446496977508068,18175.583467084,True,False
8012,880.0,693,6003814,0.15,0.43057666576838904,18177.630631917,True,False
8013,970.0,667,6004481,0.15,0.5084170655397597,18179.601768834,True,False
8014,1580.0,1210,6005691,0.15,0.4686431143901601,18183.163872709,True,False
8015,1240.0,774,6006465,0.15,0.44668934974320157,18185.459313084,True,False
8016,1430.0,696,6007161,0.15,0.4182535782884592,18187.510214334,True,False
8017,1580.0,878,6008039,0.15,0.47933470624494773,18190.087800834,True,False
8018,1520.0,921,6008960,0.15,0.5045854838895591,18192.788287584,True,False
8019,1700.0,1040,6010000,0.15,0.43839215705027945,18195.828116834,True,False
8020,1370.0,521,6010521,0.15,0.4557735160566293,18197.381406709002,True,False
8021,1620.0,858,6011379,0.15,0.4852239524022998,18199.921063667,True,False
8022,4530.0,813,6012192,0.15,0.4433271490475711,18202.348281167,True,False
8023,1400.0,934,6013126,0.15,0.4697164080941114,18205.094779875002,True,False
8024,1990.0,854,6013980,0.15,0.47232629459734277,18207.605596167,True,False
8025,1650.0,875,6014855,0.15,0.5100826171970149,18210.174224042003,True,False
8026,1140.0,831,6015686,0.15,0.4577946374192834,18213.829778625,True,False
8027,1070.0,517,6016203,0.15,0.42928649779669076,18215.364749834,True,False
8028,1420.0,819,6017022,0.15,0.5108838252541495,18217.779992959,True,False
8029,1380.0,772,6017794,0.15,0.6049345720926097,18220.075401792,True,False
8030,2150.0,1240,6019034,0.15,0.4900205816953413,18223.676186667002,True,False
8031,1540.0,934,6019968,0.15,0.4812069096499019,18226.476224625,True,False
8032,950.0,574,6020542,0.15,0.5274186926288205,18228.18515325,True,False
8033,2450.0,1064,6021606,0.15,0.5327925375641737,18231.293286375,True,False
8034,1640.0,1030,6022636,0.15,0.5493543598540994,18234.496941709,True,False
8035,2470.0,1389,6024025,0.15,0.5723536524717677,18238.550021875002,True,False
8036,1980.0,958,6024983,0.15,0.4559513904684258,18241.344841292,True,False
8037,1490.0,813,6025796,0.15,0.4983462632140693,18243.729670084,True,False
8038,1960.0,832,6026628,0.15,0.5415494793023055,18246.201820459002,True,False
8039,2270.0,994,6027622,0.15,0.4508456261528115,18249.10805275,True,False
8040,1940.0,1013,6028635,0.15,0.48578763390953833,18252.069475459,True,False
8041,2190.0,1256,6029891,0.15,0.4863181575705671,18255.676635459,True,False
8042,1800.0,844,6030735,0.15,0.4768620251338064,18258.151974375,True,False
8043,1170.0,663,6031398,0.15,0.4687209188579077,18260.116410042,True,False
8044,2160.0,991,6032389,0.15,0.4894948812622216,18263.053001750002,True,False
8045,1980.0,1028,6033417,0.15,0.4647410580968115,18266.144265167,True,False
8046,1580.0,1383,6034800,0.15,0.4773500826360518,18270.226863292002,True,False
8047,1400.0,979,6035779,0.15,0.5001984205951945,18273.107339917,True,False
8048,1490.0,762,6036541,0.15,0.44675982291005667,18275.358037292,True,False
8049,1700.0,961,6037502,0.15,0.4247287852379183,18278.3303115,True,False
8050,1120.0,576,6038078,0.15,0.47084485677381355,18280.336315459,True,False
8051,1300.0,870,6038948,0.15,0.4528943263677829,18284.203712375,True,False
8052,2030.0,883,6039831,0.15,0.4985552540556951,18286.794737542,True,False
8053,1790.0,1342,6041173,0.15,0.48338585315893096,18290.723871084,True,False
8054,1630.0,774,6041947,0.15,0.5448647734800769,18293.02921225,True,False
8055,1780.0,1156,6043103,0.15,0.47642167907685146,18296.474918375,True,False
8056,1770.0,916,6044019,0.15,0.46198335468899215,18299.296456667,True,False
8057,1660.0,888,6044907,0.15,0.4583387286276431,18301.919619334,True,False
8058,2030.0,1311,6046218,0.15,0.44299018174046423,18305.787350917002,True,False
8059,1620.0,929,6047147,0.15,0.43982793426076916,18308.534607334,True,False
8060,2300.0,961,6048108,0.15,0.5370851682800475,18311.372744709002,True,False
8061,1740.0,890,6048998,0.15,0.49497387138707144,18314.016955834002,True,False
8062,1730.0,830,6049828,0.15,0.4479045708878682,18316.476744084,True,False
8063,2470.0,950,6050778,0.15,0.5060872349589435,18319.584058792,True,False
8064,690.0,678,6051456,0.15,0.410611421877847,18321.706252084,True,False
8065,1000.0,697,6052153,0.15,0.40167868561271963,18323.811506000002,True,False
8066,1900.0,958,6053111,0.15,0.4792740326920314,18326.661599042,True,False
8067,2130.0,815,6053926,0.15,0.4486111374389307,18329.084559292,True,False
8068,1820.0,1021,6054947,0.15,0.4083565491379476,18332.101612000002,True,False
8069,1950.0,791,6055738,0.15,0.43488299364995475,18334.448914542,True,False
8070,1610.0,868,6056606,0.15,0.4079360572561141,18336.993847959002,True,False
8071,1500.0,930,6057536,0.15,0.418714789457843,18340.505984125,True,False
8072,1290.0,743,6058279,0.15,0.5471733616816031,18342.777378459,True,False
8073,1030.0,668,6058947,0.15,0.436885524786518,18344.770298542,True,False
8074,1220.0,723,6059670,0.15,0.48180887798742694,18346.928081334,True,False
8075,1780.0,1003,6060673,0.15,0.44501995333874844,18349.909459334,True,False
8076,1490.0,920,6061593,0.15,0.4560301708138507,18353.767579709,True,False
8077,2820.0,991,6062584,0.15,0.4590228630470172,18356.679322125,True,False
8078,1820.0,1143,6063727,0.15,0.4222287141178784,18360.0036265,True,False
8079,950.0,645,6064372,0.15,0.45321723763589505,18362.020374875,True,False
8080,1880.0,1156,6065528,0.15,0.42613455122111166,18365.414564334,True,False
8081,2110.0,1056,6066584,0.15,0.439538867212832,18368.511357167,True,False
8082,1130.0,664,6067248,0.15,0.487710146300764,18370.4976335,True,False
8083,2100.0,916,6068164,0.15,0.45568022740329717,18373.194779667,True,False
8084,2140.0,1183,6069347,0.15,0.4642082206778607,18376.679763292002,True,False
8085,1670.0,907,6070254,0.15,0.43752062366659944,18379.360025125,True,False
8086,2050.0,890,6071144,0.15,0.3881531457997224,18381.996632709,True,False
8087,1430.0,592,6071736,0.15,0.46965010514533195,18383.75210525,True,False
8088,1190.0,819,6072555,0.15,0.5194443766685093,18386.156965209,True,False
8089,580.0,605,6073160,0.15,0.427465952148563,18387.953540375,True,False
8090,1310.0,823,6073983,0.15,0.4027752364190613,18390.374697584,True,False
8091,1010.0,823,6074806,0.15,0.37767271321375395,18392.814300292,True,False
8092,1500.0,1023,6075829,0.15,0.46421476383693516,18395.814044625,True,False
8093,1280.0,715,6076544,0.15,0.427580509438861,18397.971895167,True,False
8094,770.0,623,6077167,0.15,0.41767295190403536,18400.051669834,True,False
8095,1480.0,1036,6078203,0.15,0.43914320630571557,18403.38574525,True,False
8096,1690.0,827,6079030,0.15,0.43086771350263975,18405.860231125,True,False
8097,1970.0,908,6079938,0.15,0.40948635152651874,18408.576889917,True,False
8098,1120.0,727,6080665,0.15,0.4396841543225142,18410.741403959,True,False
8099,1830.0,904,6081569,0.15,0.4331570565700531,18413.430979125,True,False
8100,1580.0,804,6082373,0.15,0.4381647247506018,18415.807073292002,True,False
8101,1200.0,770,6083143,0.15,0.4705359371922289,18419.283866,True,False
8102,1620.0,875,6084018,0.15,0.538304724445626,18421.842259292,True,False
8103,2030.0,1024,6085042,0.15,0.4550505126826465,18425.001512625,True,False
8104,1840.0,725,6085767,0.15,0.4646278658048224,18427.157446417,True,False
8105,1590.0,1111,6086878,0.15,0.47027909359057174,18430.418389834,True,False
8106,1790.0,907,6087785,0.15,0.4592417354166245,18433.117914209,True,False
8107,1070.0,926,6088711,0.15,0.4091588793185366,18435.865860875,True,False
8108,1990.0,1055,6089766,0.15,0.476827853359282,18438.98087525,True,False
8109,2660.0,1008,6090774,0.15,0.44715254703566193,18441.963737000002,True,False
8110,2870.0,1023,6091797,0.15,0.4669579802430235,18445.03164375,True,False
8111,2210.0,961,6092758,0.15,0.41783024376879135,18447.871480667,True,False
8112,2660.0,1039,6093797,0.15,0.4509829249519568,18450.940365709,True,False
8113,1350.0,780,6094577,0.15,0.45683020028548366,18453.252787875,True,False
8114,1950.0,1088,6095665,0.15,0.510160332216936,18456.442977959,True,False
8115,1460.0,797,6096462,0.15,0.4315688744861277,18458.817678709,True,False
8116,1940.0,770,6097232,0.15,0.4771396721196916,18461.280339375,True,False
8117,1190.0,845,6098077,0.15,0.480927799726832,18464.140313042,True,False
8118,1360.0,696,6098773,0.15,0.43546830528769,18466.233169375002,True,False
8119,2020.0,894,6099667,0.15,0.45142443270961263,18468.923896459,True,False
8120,1290.0,702,6100369,0.15,0.4239600826986134,18471.021197792,True,False
8121,2480.0,1117,6101486,0.15,0.4699238195321039,18474.344432459002,True,False
8122,1590.0,965,6102451,0.15,0.4471198441576661,18477.176757542,True,False
8123,1550.0,869,6103320,0.15,0.4274329065319595,18479.768993459,True,False
8124,1920.0,949,6104269,0.15,0.47086286617105017,18482.612954709002,True,False
8125,1850.0,686,6104955,0.15,0.5260775307988563,18484.988165917002,True,False
8126,2410.0,917,6105872,0.15,0.48776645572937055,18489.17524875,True,False
8127,1740.0,800,6106672,0.15,0.47427593659609557,18491.562901584002,True,False
8128,1590.0,988,6107660,0.15,0.4370308260505016,18494.477625417,True,False
8129,1980.0,904,6108564,0.15,0.44170306111990876,18497.165875500003,True,False
8130,2280.0,908,6109472,0.15,0.4878062460456651,18499.873630292,True,False
8131,1610.0,682,6110154,0.15,0.41958669941214954,18501.893640917002,True,False
8132,1520.0,666,6110820,0.15,0.4132142453761158,18503.898976,True,False
8133,2160.0,1016,6111836,0.15,0.4886455519168865,18506.934445375,True,False
8134,1570.0,806,6112642,0.15,0.4116452735529017,18509.335587167,True,False
8135,1460.0,765,6113407,0.15,0.4157676364426838,18511.595525542,True,False
8136,2280.0,954,6114361,0.15,0.5397619861002746,18514.43440975,True,False
8137,1990.0,1124,6115485,0.15,0.4396944261583569,18517.732907042002,True,False
8138,4250.0,1023,6116508,0.15,0.42704099585535005,18520.756174959002,True,False
8139,3020.0,1293,6117801,0.15,0.44837279154143467,18524.983700917,True,False
8140,320.0,402,6118203,0.15,0.5289152571558953,18526.216947834,True,False
8141,1660.0,858,6119061,0.15,0.4461638584386471,18528.785637417,True,False
8142,2000.0,1132,6120193,0.15,0.49026778869515175,18532.153807042,True,False
8143,1910.0,779,6120972,0.15,0.4463341711041255,18534.51550425,True,False
8144,1260.0,796,6121768,0.15,0.4149084719805861,18536.900272584,True,False
8145,2390.0,932,6122700,0.15,0.46506241772947393,18539.682553917002,True,False
8146,1730.0,996,6123696,0.15,0.4698973775328881,18542.658360167,True,False
8147,2010.0,1160,6124856,0.15,0.4813672427473397,18546.173547084,True,False
8148,2090.0,789,6125645,0.15,0.5021395153049285,18548.541840500002,True,False
8149,1940.0,792,6126437,0.15,0.542676792527088,18550.905994,True,False
8150,1550.0,1110,6127547,0.15,0.43617528709263576,18554.254857584,True,False
8151,2460.0,889,6128436,0.15,0.41645438782035504,18557.767800042002,True,False
8152,1380.0,860,6129296,0.15,0.4664764813559,18560.301819125,True,False
8153,2220.0,885,6130181,0.15,0.4881269823237242,18562.902583792,True,False
8154,1790.0,913,6131094,0.15,0.44349502229638266,18565.597661459,True,False
8155,1020.0,717,6131811,0.15,0.5192205261584767,18567.74215275,True,False
8156,1080.0,723,6132534,0.15,0.47353391077637014,18569.892222792,True,False
8157,2150.0,948,6133482,0.15,0.44129025401696875,18572.723402125,True,False
8158,2170.0,712,6134194,0.15,0.45277657610981653,18574.833785042,True,False
8159,1080.0,768,6134962,0.15,0.4491259880984823,18577.114379500003,True,False
8160,1650.0,843,6135805,0.15,0.5325719633656091,18579.612456000003,True,False
8161,1810.0,1075,6136880,0.15,0.5008508845831382,18582.844434959,True,False
8162,2120.0,894,6137774,0.15,0.47443182298688075,18585.610867709,True,False
8163,1890.0,974,6138748,0.15,0.5096156722026282,18588.553881959,True,False
8164,1660.0,1077,6139825,0.15,0.5015683163885291,18591.719161292,True,False
8165,930.0,576,6140401,0.15,0.5387444976820714,18593.451470084,True,False
8166,2220.0,914,6141315,0.15,0.5358533826574945,18596.171957334,True,False
8167,1050.0,742,6142057,0.15,0.5892667396254437,18598.363821292,True,False
8168,920.0,570,6142627,0.15,0.5458500242569078,18600.040615500002,True,False
8169,2390.0,826,6143453,0.15,0.5360150975017732,18602.478671542,True,False
8170,1270.0,827,6144280,0.15,0.5568208576400498,18604.924882167,True,False
8171,1730.0,922,6145202,0.15,0.5082292999910272,18607.630827792,True,False
8172,1840.0,986,6146188,0.15,0.49558005750420603,18610.536204292002,True,False
8173,2080.0,858,6147046,0.15,0.6010119552227938,18613.0709355,True,False
8174,3170.0,862,6147908,0.15,0.6716145562628905,18615.605582167,True,False
8175,1670.0,777,6148685,0.15,0.5363011263387719,18617.912070167,True,False
8176,1950.0,974,6149659,0.15,0.6121812869369248,18621.919199292002,True,False
8177,1880.0,925,6150584,0.15,0.5354211385650881,18624.611629709,True,False
8178,1870.0,1273,6151857,0.15,0.567147589774814,18628.307199875002,True,False
8179,940.0,722,6152579,0.15,0.5120647266507149,18630.437769834,True,False
8180,1780.0,1123,6153702,0.15,0.5245189498380834,18633.701289542,True,False
8181,1150.0,652,6154354,0.15,0.49451311737116127,18635.613508334,True,False
8182,1930.0,912,6155266,0.15,0.5188268005129015,18638.297415375,True,False
8183,1810.0,1002,6156268,0.15,0.6213168552612879,18641.210179209,True,False
8184,1870.0,773,6157041,0.15,0.4980226237075934,18643.464206250002,True,False
8185,1590.0,974,6158015,0.15,0.5183635422722302,18646.33789225,True,False
8186,1390.0,809,6158824,0.15,0.46762537090061923,18648.723799084,True,False
8187,410.0,458,6159282,0.15,0.5293243577736512,18650.09994875,True,False
8188,1440.0,823,6160105,0.15,0.5248452426449767,18652.526563292,True,False
8189,710.0,713,6160818,0.15,0.523939776454079,18654.6172195,True,False
8190,490.0,876,6161694,0.15,0.5570371133960001,18657.170427209,True,False
8191,1600.0,822,6162516,0.15,0.5001337921735153,18659.603766959,True,False
8192,2040.0,1054,6163570,0.15,0.5342461207860323,18662.856856334,True,False
8193,950.0,655,6164225,0.15,0.5310852585314978,18664.839737584,True,False
8194,1210.0,808,6165033,0.15,0.5469300755032218,18667.229577625,True,False
8195,2050.0,1091,6166124,0.15,0.5405295951353325,18670.43446475,True,False
8196,1530.0,1052,6167176,0.15,0.5598450449822974,18673.5127385,True,False
8197,820.0,710,6167886,0.15,0.5117903180462492,18675.607536625,True,False
8198,1950.0,796,6168682,0.15,0.5210536053057891,18677.978573125,True,False
8199,1560.0,892,6169574,0.15,0.5798460903990964,18680.873088542,True,False
8200,1980.0,1114,6170688,0.15,0.5059120713809913,18684.204324875,True,False
8201,1760.0,862,6171550,0.15,0.5209708292123884,18687.807025584,True,False
8202,1640.0,801,6172351,0.15,0.5422387264668942,18690.173480875,True,False
8203,2030.0,943,6173294,0.15,0.5208728631042828,18692.923208417,True,False
8204,4240.0,903,6174197,0.15,0.5266681997913175,18695.570847917003,True,False
8205,2250.0,1100,6175297,0.15,0.5621341345256026,18698.79412925,True,False
8206,900.0,644,6175941,0.15,0.4772987590165612,18700.699535959,True,False
8207,1800.0,1038,6176979,0.15,0.50824711094952,18703.751127084,True,False
8208,460.0,491,6177470,0.15,0.553553364020053,18705.233894125002,True,False
8209,1500.0,1082,6178552,0.15,0.5707761775633505,18708.46864825,True,False
8210,910.0,623,6179175,0.15,0.44239437339767335,18710.308398834,True,False
8211,1950.0,999,6180174,0.15,0.47523930633068084,18713.242406542002,True,False
8212,1700.0,909,6181083,0.15,0.55423946823055,18716.142413167,True,False
8213,1900.0,1304,6182387,0.15,0.5309599196206938,18720.149600292,True,False
8214,1460.0,886,6183273,0.15,0.5044162483835543,18722.787667875,True,False
8215,1420.0,771,6184044,0.15,0.4838419474005082,18725.095648459002,True,False
8216,1090.0,864,6184908,0.15,0.4151565360457257,18727.647952334002,True,False
8217,2030.0,927,6185835,0.15,0.4906272572743428,18730.380377125002,True,False
8218,1930.0,1023,6186858,0.15,0.4747143982676789,18733.362483084,True,False
8219,1590.0,823,6187681,0.15,0.5367209859264707,18735.775738625,True,False
8220,1340.0,924,6188605,0.15,0.48748590587537527,18738.486033125002,True,False
8221,2700.0,973,6189578,0.15,0.5144830203228036,18741.324025584,True,False
8222,1500.0,758,6190336,0.15,0.5086313507274578,18743.564748250003,True,False
8223,1060.0,679,6191015,0.15,0.43214362709832616,18745.679831584002,True,False
8224,1810.0,781,6191796,0.15,0.5146631468467566,18747.9958385,True,False
8225,910.0,774,6192570,0.15,0.4749022619557504,18750.280448792,True,False
8226,3100.0,845,6193415,0.15,0.46437095405789913,18753.863781584,True,False
8227,1520.0,853,6194268,0.15,0.459353748430437,18756.359030417,True,False
8228,1640.0,936,6195204,0.15,0.44742247914401895,18759.077241084,True,False
8229,1340.0,1027,6196231,0.15,0.48612301642424427,18762.052433417,True,False
8230,1550.0,1083,6197314,0.15,0.47444276266982194,18765.189847167,True,False
8231,1120.0,816,6198130,0.15,0.5102467822897083,18767.565024,True,False
8232,1320.0,867,6198997,0.15,0.47621100849132936,18770.122584709,True,False
8233,2530.0,918,6199915,0.15,0.4885482969632836,18772.810077000002,True,False
8234,370.0,382,6200297,0.15,0.4570249204213421,18773.969119709,True,False
8235,1920.0,940,6201237,0.15,0.45336658539290126,18776.822983625,True,False
8236,1510.0,906,6202143,0.15,0.5330564610462273,18779.638662709,True,False
8237,1320.0,812,6202955,0.15,0.4590923414001324,18782.064955084003,True,False
8238,2110.0,1119,6204074,0.15,0.5269049549475312,18785.384500042,True,False
8239,3730.0,909,6204983,0.15,0.5602631243315037,18788.085780459,True,False
8240,840.0,683,6205666,0.15,0.5039465827812926,18790.118057292002,True,False
8241,3000.0,1111,6206777,0.15,0.47377379774618494,18793.371370792,True,False
8242,1350.0,711,6207488,0.15,0.44374263738648273,18795.445204,True,False
8243,1600.0,702,6208190,0.15,0.43034978155578885,18797.500823417,True,False
8244,2310.0,1270,6209460,0.15,0.5310831626865474,18801.245588584,True,False
8245,1590.0,1012,6210472,0.15,0.5567102937594705,18804.523685084,True,False
8246,1880.0,1175,6211647,0.15,0.46737241673795027,18808.161076459,True,False
8247,2200.0,818,6212465,0.15,0.49809092076086414,18810.715625625002,True,False
8248,1470.0,960,6213425,0.15,0.44644533193980657,18813.578408375,True,False
8249,3170.0,1088,6214513,0.15,0.5156219115973834,18816.793390584,True,False
8250,1980.0,887,6215400,0.15,0.5332224583840585,18819.376395792002,True,False
8251,1220.0,820,6216220,0.15,0.5018531277412321,18822.904262417,True,False
8252,1400.0,678,6216898,0.15,0.4942627379880149,18824.928700459,True,False
8253,1890.0,880,6217778,0.15,0.48226146962155,18827.517539375,True,False
8254,1770.0,895,6218673,0.15,0.5207182656241847,18830.15434575,True,False
8255,690.0,576,6219249,0.15,0.4414090442781647,18831.855973417,True,False
8256,1540.0,841,6220090,0.15,0.4996439089377721,18834.356659042,True,False
8257,560.0,685,6220775,0.15,0.5042445806906237,18836.425026417,True,False
8258,1450.0,963,6221738,0.15,0.4855432412683717,18839.437614584,True,False
8259,2240.0,1255,6222993,0.15,0.498176116852244,18843.205973125,True,False
8260,2560.0,1131,6224124,0.15,0.48923598153536396,18846.576969792,True,False
8261,1590.0,916,6225040,0.15,0.5026307412500465,18849.274671417003,True,False
8262,480.0,471,6225511,0.15,0.5574853208839384,18850.681473584,True,False
8263,1840.0,967,6226478,0.15,0.5091549491833064,18853.535274500002,True,False
8264,4900.0,1194,6227672,0.15,0.4915167356912906,18857.034535000003,True,False
8265,1880.0,1143,6228815,0.15,0.5255001628608035,18860.384321584002,True,False
8266,3400.0,901,6229716,0.15,0.45518462567598417,18863.03847625,True,False
8267,1690.0,841,6230557,0.15,0.5368688203039623,18865.522985209,True,False
8268,570.0,445,6231002,0.15,0.5116970979415618,18866.849170334,True,False
8269,1410.0,721,6231723,0.15,0.4347250527391831,18868.975855167002,True,False
8270,1750.0,1036,6232759,0.15,0.48561266919015456,18872.075134709,True,False
8271,980.0,927,6233686,0.15,0.4717172918969701,18874.836888167,True,False
8272,1510.0,912,6234598,0.15,0.48405032297759726,18877.526406084,True,False
8273,1300.0,799,6235397,0.15,0.4986615017056465,18879.886270542,True,False
8274,2900.0,895,6236292,0.15,0.5603650200313756,18882.530479875,True,False
8275,2120.0,815,6237107,0.15,0.5074937778153443,18884.926963042002,True,False
8276,2410.0,1042,6238149,0.15,0.5947590305887419,18889.195441375,True,False
8277,1810.0,875,6239024,0.15,0.520378520363542,18891.765084417002,True,False
8278,1780.0,832,6239856,0.15,0.4503434907931548,18894.235706875003,True,False
8279,1610.0,1302,6241158,0.15,0.49939195117125146,18898.092722209,True,False
8280,2240.0,1007,6242165,0.15,0.5284831074199506,18901.139106209,True,False
8281,1750.0,795,6242960,0.15,0.46771961379440585,18903.547699417002,True,False
8282,1770.0,909,6243869,0.15,0.4792278210759688,18906.28879175,True,False
8283,2550.0,1124,6244993,0.15,0.4872454252902723,18909.593943834,True,False
8284,500.0,514,6245507,0.15,0.562074449728243,18911.119461167,True,False
8285,1610.0,827,6246334,0.15,0.5616379589706227,18913.539448667,True,False
8286,1860.0,895,6247229,0.15,0.507905521230506,18916.175186250002,True,False
8287,1190.0,876,6248105,0.15,0.46820398035659094,18918.778419584,True,False
8288,1970.0,884,6248989,0.15,0.49733523073778974,18921.390231125002,True,False
8289,740.0,594,6249583,0.15,0.4775635951475517,18923.177774584,True,False
8290,2060.0,945,6250528,0.15,0.5680058347965091,18925.971185667,True,False
8291,1690.0,940,6251468,0.15,0.5047961357426136,18928.706997667,True,False
8292,1070.0,992,6252460,0.15,0.5198313429230644,18931.5861315,True,False
8293,1490.0,885,6253345,0.15,0.4981844617028582,18934.395239125002,True,False
8294,1560.0,629,6253974,0.15,0.476946316991642,18936.375247417,True,False
8295,960.0,569,6254543,0.15,0.48812433835906044,18938.220500875002,True,False
8296,1650.0,1146,6255689,0.15,0.508762353025247,18941.581748792,True,False
8297,1430.0,912,6256601,0.15,0.42690561208547206,18944.310399042002,True,False
8298,1140.0,1041,6257642,0.15,0.4705035601957486,18947.351509625,True,False
8299,1530.0,911,6258553,0.15,0.4166479158100852,18950.039657417,True,False
8300,1410.0,658,6259211,0.15,0.4662774127521893,18951.981557792,True,False
8301,480.0,410,6259621,0.15,0.5072491479296128,18954.202891709,True,False
8302,2120.0,1167,6260788,0.15,0.5474185645835449,18957.620111917,True,False
8303,1820.0,785,6261573,0.15,0.4917206771823825,18959.987714375,True,False
8304,2000.0,881,6262454,0.15,0.5131629712540995,18962.579659709,True,False
8305,1140.0,653,6263107,0.15,0.5351994888731307,18964.523769542,True,False
8306,1880.0,977,6264084,0.15,0.4861512538121671,18967.429481792,True,False
8307,1220.0,975,6265059,0.15,0.5172673836657049,18970.50043925,True,False
8308,1800.0,920,6265979,0.15,0.514781123302553,18973.282138084,True,False
8309,1740.0,1083,6267062,0.15,0.5724745746358294,18976.496028459,True,False
8310,1670.0,1112,6268174,0.15,0.49722029223180503,18979.761917292002,True,False
8311,1630.0,716,6268890,0.15,0.6196098589863857,18981.880923667002,True,False
8312,1380.0,874,6269764,0.15,0.4823138841415105,18984.448246084,True,False
8313,2180.0,901,6270665,0.15,0.5332496124505997,18987.083093209,True,False
8314,3730.0,899,6271564,0.15,0.4973554914858606,18989.715488875,True,False
8315,1790.0,1153,6272717,0.15,0.5183013807464805,18993.105388667,True,False
8316,1470.0,991,6273708,0.15,0.5119618180718634,18996.000160334002,True,False
8317,1560.0,770,6274478,0.15,0.5657478339659671,18998.247331792,True,False
8318,4730.0,1057,6275535,0.15,0.5018841557091835,19001.392098,True,False
8319,2700.0,1132,6276667,0.15,0.5261061767070117,19004.715667417,True,False
8320,1440.0,904,6277571,0.15,0.5286374441554061,19007.376201792,True,False
8321,1920.0,957,6278528,0.15,0.5989388205731908,19010.194037792,True,False
8322,870.0,687,6279215,0.15,0.5426996857015013,19012.23089625,True,False
8323,2280.0,1033,6280248,0.15,0.5200657174278871,19015.250876542003,True,False
8324,1620.0,668,6280916,0.15,0.4877012173929614,19017.213513667,True,False
8325,2240.0,947,6281863,0.15,0.5291519493685436,19020.032841167,True,False
8326,1980.0,787,6282650,0.15,0.5647339814810584,19023.538338209,True,False
8327,2040.0,1299,6283949,0.15,0.5076475270665609,19027.302461875002,True,False
8328,1040.0,675,6284624,0.15,0.5978144545703244,19029.319485625,True,False
8329,2650.0,791,6285415,0.15,0.522267572392667,19031.67416175,True,False
8330,2030.0,999,6286414,0.15,0.5511250803768635,19034.637867834,True,False
8331,1750.0,1020,6287434,0.15,0.5470673435166771,19037.647414667,True,False
8332,1870.0,738,6288172,0.15,0.5165480173117406,19039.843200959,True,False
8333,1260.0,862,6289034,0.15,0.6151267946112987,19042.368301000002,True,False
8334,370.0,377,6289411,0.15,0.5010749759509209,19043.493468584,True,False
8335,2240.0,919,6290330,0.15,0.5342423522278018,19046.205690417002,True,False
8336,2600.0,1106,6291436,0.15,0.47817122820589947,19049.425649292,True,False
8337,2650.0,790,6292226,0.15,0.44883052543335156,19051.744157667003,True,False
8338,2250.0,1163,6293389,0.15,0.5573995126686555,19055.137328417,True,False
8339,1240.0,642,6294031,0.15,0.6596200345084071,19057.044773125002,True,False
8340,1640.0,967,6294998,0.15,0.5003560551188209,19059.882757667,True,False
8341,4800.0,931,6295929,0.15,0.4995305774805372,19062.60986875,True,False
8342,1510.0,775,6296704,0.15,0.5290919881237229,19065.054973459002,True,False
8343,1830.0,890,6297594,0.15,0.45804877173121983,19067.668740959,True,False
8344,2350.0,939,6298533,0.15,0.5206275046505826,19070.449135625,True,False
8345,1200.0,653,6299186,0.15,0.4823333950130486,19072.385409709,True,False
8346,1530.0,845,6300031,0.15,0.5232276904498231,19074.868634667,True,False
8347,940.0,696,6300727,0.15,0.583838205656101,19076.935931375,True,False
8348,2020.0,927,6301654,0.15,0.5039207929231483,19079.648666292,True,False
8349,2280.0,940,6302594,0.15,0.4719492699554626,19082.4239365,True,False
8350,2150.0,870,6303464,0.15,0.4647480693022045,19084.984508834,True,False
8351,1320.0,877,6304341,0.15,0.5327929764917997,19088.729428667,True,False
8352,2170.0,977,6305318,0.15,0.5187026385034694,19091.629756375,True,False
8353,1110.0,691,6306009,0.15,0.49618692278345194,19093.6770005,True,False
8354,2190.0,939,6306948,0.15,0.5093660860619647,19096.435046667,True,False
8355,2030.0,1053,6308001,0.15,0.5058199343742527,19099.515355209,True,False
8356,2440.0,954,6308955,0.15,0.5923023671537888,19102.341216417,True,False
8357,890.0,542,6309497,0.15,0.49866051708950715,19103.976167209003,True,False
8358,2160.0,1388,6310885,0.15,0.5154786407518112,19108.040201375,True,False
8359,1820.0,922,6311807,0.15,0.4600682574445787,19110.728129584,True,False
8360,1590.0,923,6312730,0.15,0.509735555553333,19113.538021250002,True,False
8361,1560.0,806,6313536,0.15,0.4600424831456477,19116.050245584,True,False
8362,1280.0,718,6314254,0.15,0.4922156458377172,19118.199716959,True,False
8363,1700.0,829,6315083,0.15,0.47217399497394974,19120.674272625,True,False
8364,2050.0,1041,6316124,0.15,0.5028866809789249,19123.704854417,True,False
8365,2040.0,808,6316932,0.15,0.46964334541618236,19126.166521709,True,False
8366,1860.0,1088,6318020,0.15,0.4849465582245851,19129.676082334,True,False
8367,1450.0,647,6318667,0.15,0.41677481671853095,19131.589442625,True,False
8368,1900.0,778,6319445,0.15,0.49955764978359907,19133.885553167,True,False
8369,2550.0,987,6320432,0.15,0.4629736420837974,19136.804904709003,True,False
8370,2720.0,871,6321303,0.15,0.5225665142527923,19139.391214667,True,False
8371,1560.0,898,6322201,0.15,0.4584011123246617,19142.088630542,True,False
8372,2370.0,700,6322901,0.15,0.5035415363311767,19144.165475167,True,False
8373,2040.0,873,6323774,0.15,0.5039951369132197,19146.71969525,True,False
8374,1680.0,1058,6324832,0.15,0.5066976439840388,19149.785788084002,True,False
8375,600.0,513,6325345,0.15,0.5328013853286393,19151.33550725,True,False
8376,1490.0,1055,6326400,0.15,0.5140373217167727,19155.890476667002,True,False
8377,640.0,745,6327145,0.15,0.47035614244880214,19158.206540792,True,False
8378,2100.0,966,6328111,0.15,0.5274062038890059,19161.086495042,True,False
8379,2530.0,952,6329063,0.15,0.5042122753665728,19163.908060625,True,False
8380,2250.0,1035,6330098,0.15,0.50687844372394,19166.972426,True,False
8381,1420.0,685,6330783,0.15,0.5627193682723575,19169.016769209,True,False
8382,3310.0,1117,6331900,0.15,0.47657216385539086,19172.347503125002,True,False
8383,1840.0,981,6332881,0.15,0.4917589282807039,19175.226966042002,True,False
8384,1460.0,937,6333818,0.15,0.47796737609638107,19178.000270084,True,False
8385,1180.0,601,6334419,0.15,0.47593912611405054,19179.756982292,True,False
8386,2160.0,917,6335336,0.15,0.4648670325136703,19182.509212625002,True,False
8387,1460.0,950,6336286,0.15,0.4777909268621151,19185.602603917,True,False
8388,1860.0,872,6337158,0.15,0.49602630399509307,19188.228276,True,False
8389,1810.0,864,6338022,0.15,0.5303463643002841,19190.764891417002,True,False
8390,2420.0,1178,6339200,0.15,0.5999698314626338,19194.339112917,True,False
8391,2260.0,1182,6340382,0.15,0.49173581244076714,19197.764650084002,True,False
8392,1800.0,1048,6341430,0.15,0.5149093437513322,19200.821929334,True,False
8393,1230.0,854,6342284,0.15,0.5623726107040855,19203.312601875,True,False
8394,1810.0,1084,6343368,0.15,0.5531260159512728,19206.487929834002,True,False
8395,1080.0,733,6344101,0.15,0.5089817523467736,19208.643903917,True,False
8396,1250.0,802,6344903,0.15,0.5857994811981917,19211.012886250002,True,False
8397,2530.0,949,6345852,0.15,0.4951817946774619,19213.799277167,True,False
8398,1730.0,889,6346741,0.15,0.4540227848264548,19216.384366917002,True,False
8399,2480.0,1032,6347773,0.15,0.5582215080196543,19219.364779834003,True,False
8400,1740.0,1088,6348861,0.15,0.6121380974483841,19222.519551292,True,False
8401,1540.0,1002,6349863,0.15,0.5333866532444954,19226.767141875,True,False
8402,2480.0,1012,6350875,0.15,0.5029313912975929,19229.825140459,True,False
8403,1450.0,700,6351575,0.15,0.6687918323704175,19231.910145542002,True,False
8404,1610.0,1130,6352705,0.15,0.5135479361450714,19235.242112084,True,False
8405,2320.0,964,6353669,0.15,0.5886110281919543,19238.115964459,True,False
8406,1250.0,756,6354425,0.15,0.5939727904146941,19240.353822375,True,False
8407,1890.0,833,6355258,0.15,0.5596368373729862,19242.801119834,True,False
8408,1630.0,923,6356181,0.15,0.4434423076706531,19245.497076667,True,False
8409,2070.0,982,6357163,0.15,0.5372594171032614,19248.376125125,True,False
8410,2500.0,1050,6358213,0.15,0.49731215251036015,19251.44939975,True,False
8411,1630.0,887,6359100,0.15,0.47907465196273347,19254.068745167002,True,False
8412,3240.0,932,6360032,0.15,0.5044377249197899,19256.8091495,True,False
8413,1470.0,652,6360684,0.15,0.5244075040235842,19258.754246959,True,False
8414,950.0,526,6361210,0.15,0.5136678303584797,19260.30529625,True,False
8415,1300.0,855,6362065,0.15,0.5458681924599353,19262.805521000002,True,False
8416,1140.0,728,6362793,0.15,0.5186502592904227,19264.949466209,True,False
8417,3240.0,947,6363740,0.15,0.4876378784074059,19267.841242167,True,False
8418,1590.0,890,6364630,0.15,0.48125515864776064,19270.607642875002,True,False
8419,1720.0,954,6365584,0.15,0.5559610230965095,19273.45635325,True,False
8420,2540.0,1049,6366633,0.15,0.4914192022713086,19276.543373,True,False
8421,1570.0,872,6367505,0.15,0.4959203065672052,19279.103187125,True,False
8422,2510.0,1033,6368538,0.15,0.5077241670426934,19282.117831375002,True,False
8423,2110.0,947,6369485,0.15,0.4720100412451768,19284.913957542,True,False
8424,1010.0,602,6370087,0.15,0.44211117809017497,19286.708849292,True,False
8425,1780.0,1399,6371486,0.15,0.4777993005514145,19290.782278792,True,False
8426,1570.0,920,6372406,0.15,0.5026476977635985,19294.692763292,True,False
8427,1700.0,962,6373368,0.15,0.5157696828246117,19297.515546834,True,False
8428,1240.0,726,6374094,0.15,0.5358081030252889,19299.658307959002,True,False
8429,1760.0,895,6374989,0.15,0.6129122265348477,19302.299344375002,True,False
8430,930.0,690,6375679,0.15,0.47953707755131775,19304.333062125002,True,False
8431,1310.0,1008,6376687,0.15,0.48116649793727057,19307.282741042,True,False
8432,1700.0,912,6377599,0.15,0.4996705538217436,19310.037407,True,False
8433,1620.0,1074,6378673,0.15,0.508687521722237,19313.2128005,True,False
8434,2260.0,1032,6379705,0.15,0.4999962093005347,19316.262099875003,True,False
8435,1220.0,827,6380532,0.15,0.4891611903473951,19318.706466584,True,False
8436,1580.0,787,6381319,0.15,0.535918516315976,19321.033155667003,True,False
8437,3270.0,1075,6382394,0.15,0.5000526137566921,19324.247011042,True,False
8438,860.0,771,6383165,0.15,0.48498974925804633,19326.546340292,True,False
8439,300.0,360,6383525,0.15,0.43727042219705053,19327.639791834,True,False
8440,1690.0,951,6384476,0.15,0.5207793494733441,19330.447727542,True,False
8441,1430.0,816,6385292,0.15,0.497904731545086,19332.868232709,True,False
8442,440.0,535,6385827,0.15,0.42838163511421445,19334.521669709,True,False
8443,1290.0,814,6386641,0.15,0.5047584767727291,19336.957816917,True,False
8444,2450.0,909,6387550,0.15,0.48846628986266216,19339.627462792,True,False
8445,2230.0,939,6388489,0.15,0.432715128108542,19342.406624834002,True,False
8446,1740.0,910,6389399,0.15,0.4663243717165245,19345.078890875,True,False
8447,570.0,463,6389862,0.15,0.5018494319299172,19346.504884042002,True,False
8448,2190.0,851,6390713,0.15,0.47599776400506777,19349.059266125,True,False
8449,2150.0,874,6391587,0.15,0.5061118414095782,19351.63307525,True,False
8450,2180.0,1337,6392924,0.15,0.5611203922709422,19355.599576792,True,False
8451,1600.0,994,6393918,0.15,0.5859515847518079,19359.816469667,True,False
8452,2010.0,964,6394882,0.15,0.5136104075864143,19362.637464917,True,False
8453,2010.0,903,6395785,0.15,0.5428386958299485,19365.290312584002,True,False
8454,1550.0,932,6396717,0.15,0.4992606222245826,19368.026027750002,True,False
8455,1710.0,1354,6398071,0.15,0.5388410340928467,19371.953447584,True,False
8456,1780.0,1177,6399248,0.15,0.45286670900502446,19375.389495417,True,False
8457,1790.0,1136,6400384,0.15,0.5425180449924418,19378.711745834,True,False
8458,1570.0,960,6401344,0.15,0.5614334679519136,19381.527442542,True,False
8459,2680.0,962,6402306,0.15,0.5578506543301046,19384.351359167,True,False
8460,1170.0,727,6403033,0.15,0.5258485248291885,19386.610321959,True,False
8461,2110.0,990,6404023,0.15,0.47904223303201227,19389.510086167,True,False
8462,2890.0,813,6404836,0.15,0.49570443123286845,19391.881707834,True,False
8463,3000.0,755,6405591,0.15,0.49072712437903626,19394.132640584,True,False
8464,1500.0,956,6406547,0.15,0.5465417096554983,19396.941287709,True,False
8465,1430.0,814,6407361,0.15,0.5003481088388785,19399.338339625,True,False
8466,1440.0,1045,6408406,0.15,0.5535937114922023,19402.403195125,True,False
8467,770.0,623,6409029,0.15,0.4990918344507615,19404.252765167003,True,False
8468,1340.0,766,6409795,0.15,0.5450573765638611,19406.664625709,True,False
8469,2460.0,955,6410750,0.15,0.5408831061054972,19409.478951834,True,False
8470,2440.0,930,6411680,0.15,0.4602757284313824,19412.232266084,True,False
8471,1900.0,1015,6412695,0.15,0.4462999391108162,19415.202996875,True,False
8472,1820.0,831,6413526,0.15,0.4803252765335716,19417.641244834,True,False
8473,1860.0,966,6414492,0.15,0.45415014952174887,19420.499083917002,True,False
8474,1710.0,797,6415289,0.15,0.4762665443309587,19422.839828875,True,False
8475,360.0,528,6415817,0.15,0.41578286417731736,19424.402467084,True,False
8476,1670.0,1022,6416839,0.15,0.49400855510258207,19428.526014375002,True,False
8477,1810.0,956,6417795,0.15,0.5232212733025331,19431.316414042,True,False
8478,1240.0,876,6418671,0.15,0.5370198734546905,19433.890647334,True,False
8479,2170.0,1061,6419732,0.15,0.5675512765135083,19436.994923292,True,False
8480,2520.0,1204,6420936,0.15,0.48698793470463486,19440.611784375,True,False
8481,1680.0,1076,6422012,0.15,0.46283949784186695,19443.773100834,True,False
8482,2040.0,759,6422771,0.15,0.5690630873832753,19446.039646959,True,False
8483,2520.0,1141,6423912,0.15,0.45314065309671253,19449.708361792,True,False
8484,1410.0,921,6424833,0.15,0.5011452957663847,19452.4730565,True,False
8485,1350.0,730,6425563,0.15,0.4370107653213071,19454.618564584,True,False
8486,2080.0,1280,6426843,0.15,0.4461272426880896,19458.328816125002,True,False
8487,2300.0,934,6427777,0.15,0.4907135143876076,19461.048970834,True,False
8488,1680.0,835,6428612,0.15,0.4399691694661191,19463.499844917,True,False
8489,1310.0,754,6429366,0.15,0.426686629652977,19465.720056292,True,False
8490,2320.0,774,6430140,0.15,0.4640668115588193,19468.075241084,True,False
8491,1270.0,797,6430937,0.15,0.4790747417277427,19470.49252875,True,False
8492,2230.0,1127,6432064,0.15,0.4502555743810978,19473.838819042,True,False
8493,1970.0,872,6432936,0.15,0.42835923967831724,19476.412013792,True,False
8494,1580.0,1014,6433950,0.15,0.48233875367245654,19479.545899834,True,False
8495,1870.0,1006,6434956,0.15,0.4895171658505523,19482.664716875002,True,False
8496,1400.0,995,6435951,0.15,0.4855201253667474,19485.578694,True,False
8497,1810.0,765,6436716,0.15,0.42292205422806245,19487.827550209,True,False
8498,1380.0,914,6437630,0.15,0.43599949205261573,19490.535716042003,True,False
8499,2210.0,876,6438506,0.15,0.483351569027389,19493.105102334,True,False
8500,830.0,701,6439207,0.15,0.47963788573231014,19495.179767834,True,False
8501,1270.0,714,6439921,0.15,0.4110489708668027,19498.595373292002,True,False
8502,2140.0,999,6440920,0.15,0.4767286965847015,19501.493910042,True,False
8503,1450.0,834,6441754,0.15,0.4679093206516252,19503.922556584002,True,False
8504,1650.0,771,6442525,0.15,0.3800374548978756,19506.186969334,True,False
8505,1410.0,786,6443311,0.15,0.43283084072932904,19508.557399292,True,False
8506,2700.0,1070,6444381,0.15,0.4439363740662585,19511.679366625,True,False
8507,1500.0,927,6445308,0.15,0.41202452406287193,19514.530581042,True,False
8508,1380.0,686,6445994,0.15,0.49103772348304936,19516.547976459,True,False
8509,2140.0,1061,6447055,0.15,0.4492706790004136,19519.63624725,True,False
8510,1900.0,871,6447926,0.15,0.445941102631185,19522.192679917,True,False
8511,1730.0,858,6448784,0.15,0.4940634600298349,19524.705318,True,False
8512,1760.0,772,6449556,0.15,0.4991009623545748,19526.980417167,True,False
8513,1680.0,740,6450296,0.15,0.4339960953271067,19529.213583209003,True,False
8514,410.0,381,6450677,0.15,0.48812912498649796,19530.386147334,True,False
8515,1220.0,829,6451506,0.15,0.43986914501242014,19532.826563542,True,False
8516,1020.0,872,6452378,0.15,0.5038904021024158,19535.37559925,True,False
8517,1740.0,828,6453206,0.15,0.4960560545253293,19537.811511459,True,False
8518,1670.0,711,6453917,0.15,0.472657227281774,19539.912979875,True,False
8519,1770.0,1509,6455426,0.15,0.4712209494028547,19544.286904625,True,False
8520,1740.0,929,6456355,0.15,0.4406572950618534,19547.002566292,True,False
8521,1320.0,867,6457222,0.15,0.49115896073903903,19549.535463459,True,False
8522,2610.0,883,6458105,0.15,0.50075906454438,19552.146941875002,True,False
8523,1550.0,974,6459079,0.15,0.484885279595116,19554.997586042,True,False
8524,2020.0,872,6459951,0.15,0.4823674839160858,19557.563596959,True,False
8525,330.0,360,6460311,0.15,0.5193194127745099,19558.665188584,True,False
8526,2530.0,731,6461042,0.15,0.48721689539528934,19562.009720875,True,False
8527,1180.0,747,6461789,0.15,0.49575716870672565,19564.226355625,True,False
8528,1370.0,1002,6462791,0.15,0.45869262632727625,19567.158167375,True,False
8529,1340.0,834,6463625,0.15,0.5083801664376373,19569.620831417,True,False
8530,1100.0,679,6464304,0.15,0.5783466278630145,19571.637999042,True,False
8531,1560.0,846,6465150,0.15,0.5786751510831417,19574.378893125002,True,False
8532,2080.0,921,6466071,0.15,0.5509078100971554,19577.534786,True,False
8533,1900.0,883,6466954,0.15,0.5524741334343388,19580.210880542,True,False
8534,1570.0,992,6467946,0.15,0.5599181003748409,19583.161943959,True,False
8535,1900.0,1050,6468996,0.15,0.6106485518212554,19586.283808209002,True,False
8536,1080.0,756,6469752,0.15,0.5221155736023787,19588.554529334,True,False
8537,1810.0,962,6470714,0.15,0.4845906840637326,19591.447758834,True,False
8538,2230.0,1013,6471727,0.15,0.537098295250429,19594.472318,True,False
8539,1870.0,948,6472675,0.15,0.4779376095231575,19597.283963209,True,False
8540,1680.0,789,6473464,0.15,0.6289435813974853,19599.622885084,True,False
8541,1460.0,1095,6474559,0.15,0.5897848440723105,19602.857224584,True,False
8542,1200.0,779,6475338,0.15,0.5721610480394119,19605.146534709,True,False
8543,1320.0,656,6475994,0.15,0.5874140809131104,19607.089036042,True,False
8544,1130.0,556,6476550,0.15,0.5979158137556461,19608.742780709003,True,False
8545,1050.0,594,6477144,0.15,0.5532111464030791,19610.534022417,True,False
8546,740.0,653,6477797,0.15,0.6400330823166239,19612.6768155,True,False
8547,1240.0,877,6478674,0.15,0.5832609913256614,19615.379592417,True,False
8548,2670.0,823,6479497,0.15,0.6013201807164451,19617.852235625,True,False
8549,1690.0,859,6480356,0.15,0.6061140711224356,19620.369633917002,True,False
8550,2040.0,874,6481230,0.15,0.6309587530996821,19622.942422625,True,False
8551,560.0,465,6481695,0.15,0.6491813829232906,19625.38086525,True,False
8552,1300.0,824,6482519,0.15,0.5535688732289573,19627.789189375002,True,False
8553,1170.0,735,6483254,0.15,0.6283569799979096,19629.966854709,True,False
8554,2060.0,780,6484034,0.15,0.5708757031422395,19632.459469292,True,False
8555,1900.0,869,6484903,0.15,0.6301769985718662,19635.044894959,True,False
8556,1540.0,826,6485729,0.15,0.6332667516769418,19637.637118209,True,False
8557,1670.0,1128,6486857,0.15,0.5035771812107546,19641.050171417002,True,False
8558,1310.0,964,6487821,0.15,0.5120039679017304,19643.898113667,True,False
8559,2050.0,967,6488788,0.15,0.5558211365637701,19646.717174542002,True,False
8560,1570.0,1020,6489808,0.15,0.5651546139635292,19649.701572709,True,False
8561,2170.0,1120,6490928,0.15,0.6007669270038605,19652.979493417002,True,False
8562,1910.0,945,6491873,0.15,0.5542057070376004,19655.752026834,True,False
8563,1450.0,869,6492742,0.15,0.5296148347415133,19658.298304459,True,False
8564,1630.0,861,6493603,0.15,0.49506460351999415,19660.929931667,True,False
8565,2300.0,1020,6494623,0.15,0.5592036661856314,19664.059516667,True,False
8566,1240.0,782,6495405,0.15,0.5269979474571894,19666.363820084,True,False
8567,1460.0,796,6496201,0.15,0.49692270414314077,19668.706005084,True,False
8568,1710.0,1106,6497307,0.15,0.5485682132235472,19671.96048275,True,False
8569,1470.0,904,6498211,0.15,0.5941755550097575,19675.810803,True,False
8570,2250.0,1025,6499236,0.15,0.559561437466961,19679.203440417,True,False
8571,1940.0,946,6500182,0.15,0.5067652533367529,19682.159961334,True,False
8572,3050.0,988,6501170,0.15,0.5361835895641612,19685.331402334,True,False
8573,1830.0,931,6502101,0.15,0.48313095529319905,19688.35404225,True,False
8574,1090.0,671,6502772,0.15,0.5149210509622381,19690.370030625,True,False
8575,2220.0,1010,6503782,0.15,0.5837676492593591,19693.373842084,True,False
8576,700.0,568,6504350,0.15,0.47156877595354135,19696.203904625,True,False
8577,380.0,386,6504736,0.15,0.6644215411746625,19697.369003667,True,False
8578,680.0,586,6505322,0.15,0.5403608459315888,19699.111195,True,False
8579,700.0,583,6505905,0.15,0.5093410224334834,19700.857539584,True,False
8580,900.0,802,6506707,0.15,0.5634175182878971,19703.251108792,True,False
8581,1790.0,836,6507543,0.15,0.5482681290598578,19705.830004167,True,False
8582,1900.0,1122,6508665,0.15,0.6238934965638504,19709.083649542,True,False
8583,2190.0,868,6509533,0.15,0.5821949298480689,19711.615269292,True,False
8584,1920.0,873,6510406,0.15,0.6017768015965409,19714.184415625,True,False
8585,1860.0,890,6511296,0.15,0.5323237439475519,19716.790673334002,True,False
8586,2380.0,988,6512284,0.15,0.5035660677110618,19719.680025292,True,False
8587,2170.0,883,6513167,0.15,0.5839380876245823,19722.441589667,True,False
8588,1720.0,1168,6514335,0.15,0.5774749482739462,19725.924404334,True,False
8589,1580.0,898,6515233,0.15,0.6226048611270056,19728.543602667,True,False
8590,2290.0,996,6516229,0.15,0.6065343590864695,19731.437949542,True,False
8591,1450.0,888,6517117,0.15,0.550950097272525,19734.061047959,True,False
8592,1980.0,997,6518114,0.15,0.5271536477777853,19736.980726,True,False
8593,580.0,521,6518635,0.15,0.4832735429589565,19738.529572709,True,False
8594,2140.0,1069,6519704,0.15,0.6097008776920501,19741.65167475,True,False
8595,3500.0,915,6520619,0.15,0.5764250810535854,19744.360564542,True,False
8596,1510.0,826,6521445,0.15,0.5436328820488303,19746.79635475,True,False
8597,1450.0,1028,6522473,0.15,0.5381572839698903,19749.782794000002,True,False
8598,1550.0,1030,6523503,0.15,0.5584706603205157,19752.786271459,True,False
8599,1540.0,765,6524268,0.15,0.5525141542311758,19755.027897625,True,False
8600,2020.0,794,6525062,0.15,0.5364010129312072,19757.357597334,True,False
8601,1520.0,749,6525811,0.15,0.6438874834202191,19760.756888292002,True,False
8602,2230.0,1015,6526826,0.15,0.5456813075469704,19763.685896709,True,False
8603,2040.0,878,6527704,0.15,0.6491822418502786,19766.253123709,True,False
8604,2460.0,961,6528665,0.15,0.4905682663122813,19769.126513875002,True,False
8605,1720.0,962,6529627,0.15,0.627645052721103,19771.952402084,True,False
8606,1110.0,748,6530375,0.15,0.4778289315216044,19774.171185584,True,False
8607,2770.0,1114,6531489,0.15,0.49934780173083787,19777.382728375,True,False
8608,1960.0,1157,6532646,0.15,0.5691592848527802,19780.723876875,True,False
8609,1040.0,740,6533386,0.15,0.5720929930338988,19782.934500125,True,False
8610,3040.0,1080,6534466,0.15,0.5016037101270976,19786.095508209,True,False
8611,780.0,591,6535057,0.15,0.5296862383146543,19787.825477792,True,False
8612,1210.0,776,6535833,0.15,0.5136830881237984,19790.157390292,True,False
8613,1760.0,833,6536666,0.15,0.5321237550905118,19792.613894959002,True,False
8614,2180.0,744,6537410,0.15,0.5582933455945984,19794.831772125002,True,False
8615,2840.0,911,6538321,0.15,0.5278554564636004,19797.51625425,True,False
8616,2330.0,853,6539174,0.15,0.5510294945132285,19800.001402417,True,False
8617,1730.0,686,6539860,0.15,0.4506039629408786,19802.025268459,True,False
8618,1500.0,883,6540743,0.15,0.5064196024767377,19804.604429917003,True,False
8619,1540.0,856,6541599,0.15,0.6383302466961268,19807.093916334,True,False
8620,1860.0,878,6542477,0.15,0.5350123874504458,19809.694010417003,True,False
8621,1980.0,837,6543314,0.15,0.469034713385493,19812.155268917002,True,False
8622,1330.0,793,6544107,0.15,0.5142914348780506,19814.487528875,True,False
8623,1050.0,692,6544799,0.15,0.525617215373268,19816.539586042,True,False
8624,1360.0,864,6545663,0.15,0.4613252084495293,19819.063620542,True,False
8625,1580.0,909,6546572,0.15,0.4781987549769774,19821.723514875,True,False
8626,1660.0,917,6547489,0.15,0.5046007750173583,19825.581243334,True,False
8627,1310.0,923,6548412,0.15,0.4980231174529889,19828.29366825,True,False
8628,1120.0,638,6549050,0.15,0.5235408580153244,19830.176375042,True,False
8629,1840.0,888,6549938,0.15,0.5475528660054142,19832.818813292,True,False
8630,1850.0,1054,6550992,0.15,0.5343190937331228,19836.017432709003,True,False
8631,3330.0,1029,6552021,0.15,0.522542424470998,19839.027317125,True,False
8632,450.0,460,6552481,0.15,0.5999935486394427,19840.404665959002,True,False
8633,990.0,696,6553177,0.15,0.5543904844885585,19842.491944167,True,False
8634,960.0,742,6553919,0.15,0.49056816600464487,19844.700839084002,True,False
8635,1520.0,990,6554909,0.15,0.5561510453661603,19847.599446250002,True,False
8636,1520.0,937,6555846,0.15,0.44107879188835114,19850.393714959002,True,False
8637,1020.0,732,6556578,0.15,0.5251420365005243,19852.780500667002,True,False
8638,1500.0,795,6557373,0.15,0.5826618567333749,19855.144541125002,True,False
8639,1930.0,855,6558228,0.15,0.5472894794194498,19857.649786584,True,False
8640,940.0,652,6558880,0.15,0.4533636223959045,19859.594372125,True,False
8641,1780.0,852,6559732,0.15,0.5165450011900333,19862.10533375,True,False
8642,2260.0,1010,6560742,0.15,0.5178114887149561,19865.043181625002,True,False
8643,1600.0,742,6561484,0.15,0.5979916215023046,19867.236015625,True,False
8644,1880.0,903,6562387,0.15,0.5697635145319833,19869.870079542,True,False
8645,2010.0,909,6563296,0.15,0.5422563284243408,19872.521912209002,True,False
8646,2330.0,899,6564195,0.15,0.4949314111311521,19875.216869834,True,False
8647,640.0,586,6564781,0.15,0.4718558211513117,19877.016524500003,True,False
8648,1760.0,976,6565757,0.15,0.48196222941528577,19879.890333375002,True,False
8649,1830.0,892,6566649,0.15,0.5389074848906341,19882.512817000003,True,False
8650,2160.0,855,6567504,0.15,0.5700097933550862,19885.019917084002,True,False
8651,1720.0,710,6568214,0.15,0.530419037924648,19888.22290275,True,False
8652,1680.0,988,6569202,0.15,0.47266312745901257,19891.079088292,True,False
8653,1710.0,867,6570069,0.15,0.5957908826077589,19893.591069417,True,False
8654,1580.0,992,6571061,0.15,0.5367425232524833,19896.596498125,True,False
8655,2040.0,1412,6572473,0.15,0.5541949440163189,19901.42009025,True,False
8656,1370.0,874,6573347,0.15,0.49819128700626003,19904.040635625002,True,False
8657,1770.0,905,6574252,0.15,0.5069500706794503,19906.7100675,True,False
8658,2000.0,1198,6575450,0.15,0.5628214111694922,19910.203992375,True,False
8659,2250.0,1132,6576582,0.15,0.5377241503118205,19913.649459959,True,False
8660,2660.0,896,6577478,0.15,0.5527480626478791,19916.449899584,True,False
8661,1600.0,957,6578435,0.15,0.5507931174655839,19919.306956917,True,False
8662,1640.0,807,6579242,0.15,0.4921886735402121,19921.71451475,True,False
8663,1580.0,864,6580106,0.15,0.4998567160563888,19924.286274959002,True,False
8664,2030.0,902,6581008,0.15,0.5281298430883778,19926.942849542,True,False
8665,1050.0,640,6581648,0.15,0.5716407308354974,19928.834362875,True,False
8666,2040.0,946,6582594,0.15,0.5216301544490507,19931.609131334,True,False
8667,1960.0,1017,6583611,0.15,0.5040932994365223,19934.725504084,True,False
8668,1810.0,880,6584491,0.15,0.47088439058173787,19937.330548959002,True,False
8669,1500.0,760,6585251,0.15,0.5103475630283356,19939.587937875,True,False
8670,1470.0,1233,6586484,0.15,0.5312433641849984,19943.210517334002,True,False
8671,2740.0,1134,6587618,0.15,0.5375051951503164,19946.550679750002,True,False
8672,2710.0,986,6588604,0.15,0.5329697591814435,19949.436253542,True,False
8673,960.0,754,6589358,0.15,0.5259285010397434,19951.657808292002,True,False
8674,2150.0,831,6590189,0.15,0.5363327077088448,19954.125687542,True,False
8675,2040.0,965,6591154,0.15,0.5677784351454236,19957.000286084,True,False
8676,2100.0,1046,6592200,0.15,0.5447262574755053,19961.481316875,True,False
8677,1730.0,1050,6593250,0.15,0.49104426590768435,19964.615425834,True,False
8678,1500.0,831,6594081,0.15,0.4591685881336721,19967.092257,True,False
8679,1840.0,764,6594845,0.15,0.5314362583906239,19969.352635959,True,False
8680,1430.0,657,6595502,0.15,0.5211766827851534,19971.327316792,True,False
8681,2940.0,934,6596436,0.15,0.5217807689665729,19974.200879125,True,False
8682,1440.0,814,6597250,0.15,0.496791870025872,19976.7555995,True,False
8683,2560.0,983,6598233,0.15,0.4657606924694728,19979.6554745,True,False
8684,1540.0,844,6599077,0.15,0.446551176644332,19982.188930834,True,False
8685,1660.0,767,6599844,0.15,0.46165650454349816,19984.495457792,True,False
8686,1530.0,816,6600660,0.15,0.48693893276447175,19986.905643417,True,False
8687,2060.0,1050,6601710,0.15,0.4888353088145493,19989.997656875003,True,False
8688,1420.0,909,6602619,0.15,0.46573620483213585,19992.687493167,True,False
8689,1660.0,915,6603534,0.15,0.4270624371985681,19995.395357459,True,False
8690,2060.0,878,6604412,0.15,0.40917129716412587,19997.996045625,True,False
8691,1990.0,888,6605300,0.15,0.5071589185243791,20000.592185,True,False
8692,1240.0,979,6606279,0.15,0.4704208814035185,20003.464165584002,True,False
8693,2140.0,913,6607192,0.15,0.4286245853684875,20006.322109542,True,False
8694,2400.0,686,6607878,0.15,0.45401341215386026,20008.537526792003,True,False
8695,2170.0,1566,6609444,0.15,0.43948031952414585,20013.207849042,True,False
8696,1500.0,826,6610270,0.15,0.3904030942945804,20015.651577250002,True,False
8697,1400.0,811,6611081,0.15,0.4494624890276951,20018.098656542003,True,False
8698,1620.0,759,6611840,0.15,0.4215715053442277,20020.37395525,True,False
8699,2180.0,779,6612619,0.15,0.3758957321496354,20022.688413709002,True,False
8700,1730.0,939,6613558,0.15,0.4160759582957055,20025.517081834,True,False
8701,1770.0,1002,6614560,0.15,0.416694898870718,20029.5017845,True,False
8702,2230.0,1086,6615646,0.15,0.4498291128345961,20032.706500584,True,False
8703,2200.0,936,6616582,0.15,0.40046868556075627,20035.490439042,True,False
8704,1630.0,1080,6617662,0.15,0.40586175308735284,20039.151536959,True,False
8705,1480.0,950,6618612,0.15,0.3753109911159307,20041.9724515,True,False
8706,2300.0,1152,6619764,0.15,0.3919956832089358,20045.384347,True,False
8707,1310.0,830,6620594,0.15,0.37582170779722324,20047.84170025,True,False
8708,2230.0,858,6621452,0.15,0.41164912986893987,20050.408449917002,True,False
8709,1770.0,952,6622404,0.15,0.45659969236795644,20053.209254042,True,False
8710,1500.0,882,6623286,0.15,0.370427061566575,20055.820015417,True,False
8711,1230.0,773,6624059,0.15,0.32465456121171693,20058.125541917,True,False
8712,550.0,583,6624642,0.15,0.465312416422857,20059.8688145,True,False
8713,850.0,575,6625217,0.15,0.39085046760737896,20061.585735792,True,False
8714,1890.0,921,6626138,0.15,0.4198251361270314,20064.332813334,True,False
8715,2150.0,906,6627044,0.15,0.4179120394626903,20067.028996792,True,False
8716,1820.0,1048,6628092,0.15,0.4028998810996991,20070.113070834002,True,False
8717,4720.0,805,6628897,0.15,0.41734261139856643,20072.48698875,True,False
8718,1540.0,1021,6629918,0.15,0.36927344189847217,20075.456380709,True,False
8719,520.0,494,6630412,0.15,0.4213288488287118,20076.9353505,True,False
8720,2690.0,1255,6631667,0.15,0.3927606770548577,20080.606155667,True,False
8721,1330.0,929,6632596,0.15,0.4097922442424962,20083.342391042002,True,False
8722,2820.0,988,6633584,0.15,0.38766538849485066,20086.267600584,True,False
8723,2890.0,992,6634576,0.15,0.36151640312445743,20089.303772,True,False
8724,600.0,507,6635083,0.15,0.41491280023067717,20090.823614667002,True,False
8725,1790.0,979,6636062,0.15,0.4285062323419415,20093.677103667,True,False
8726,1670.0,964,6637026,0.15,0.4492403745527584,20097.845076625003,True,False
8727,1960.0,1025,6638051,0.15,0.43515509300050326,20100.898370125,True,False
8728,550.0,603,6638654,0.15,0.4432342039137487,20102.71263825,True,False
8729,930.0,581,6639235,0.15,0.38492692883672386,20104.455714,True,False
8730,1800.0,917,6640152,0.15,0.4405898767321006,20107.157934000003,True,False
8731,1230.0,751,6640903,0.15,0.3780853504882777,20109.3643535,True,False
8732,1760.0,1150,6642053,0.15,0.423683291559832,20112.708644292,True,False
8733,1930.0,1359,6643412,0.15,0.4706995178233175,20116.63736475,True,False
8734,2080.0,882,6644294,0.15,0.3989457971670411,20119.206034792,True,False
8735,1540.0,776,6645070,0.15,0.46465089905661405,20121.473597167,True,False
8736,490.0,479,6645549,0.15,0.4155646012475093,20122.910498334,True,False
8737,2030.0,841,6646390,0.15,0.38747471954141344,20125.385588584002,True,False
8738,2070.0,1146,6647536,0.15,0.4692268593022632,20128.724538459002,True,False
8739,1850.0,869,6648405,0.15,0.41372653575880186,20131.264828792002,True,False
8740,2070.0,827,6649232,0.15,0.43064649017968615,20133.675354584,True,False
8741,2380.0,902,6650134,0.15,0.4306578567955229,20136.317722375,True,False
8742,2530.0,1149,6651283,0.15,0.4851279787277926,20139.633943834,True,False
8743,1630.0,773,6652056,0.15,0.37735697227654996,20141.910990584,True,False
8744,1980.0,887,6652943,0.15,0.39702039009710244,20144.481415875,True,False
8745,1210.0,686,6653629,0.15,0.4737644159170084,20146.493709209,True,False
8746,2080.0,892,6654521,0.15,0.42511480251502565,20149.083158084002,True,False
8747,2450.0,982,6655503,0.15,0.4038348348773256,20151.937597167,True,False
8748,1700.0,855,6656358,0.15,0.39116731568056845,20154.539232042,True,False
8749,1450.0,748,6657106,0.15,0.40852479796039864,20156.726675584,True,False
8750,1850.0,859,6657965,0.15,0.36251492926547696,20159.270357292,True,False
8751,3070.0,1070,6659035,0.15,0.4306427576903547,20163.598469917,True,False
8752,1950.0,907,6659942,0.15,0.4822678093014835,20166.248540917,True,False
8753,1220.0,797,6660739,0.15,0.3965420202169586,20168.579551125,True,False
8754,1470.0,1126,6661865,0.15,0.4925278750453012,20171.851275625002,True,False
8755,3010.0,1263,6663128,0.15,0.4209849477946004,20175.522876792,True,False
8756,1540.0,826,6663954,0.15,0.4244967524360106,20177.953691000002,True,False
8757,2810.0,993,6664947,0.15,0.442899884986541,20180.856970625002,True,False
8758,1850.0,1178,6666125,0.15,0.4167637952556044,20184.309159917,True,False
8759,1950.0,1052,6667177,0.15,0.4697989284312317,20187.370690584,True,False
8760,1890.0,794,6667971,0.15,0.4808721798613216,20189.694495834,True,False
8761,1220.0,1203,6669174,0.15,0.44771102989135786,20193.201412000002,True,False
8762,1200.0,877,6670051,0.15,0.38588939008375284,20195.75469925,True,False
8763,890.0,728,6670779,0.15,0.44700667249796155,20197.902013542,True,False
8764,1640.0,915,6671694,0.15,0.4588115630451769,20200.579079875002,True,False
8765,2670.0,1039,6672733,0.15,0.38742679770176225,20203.598042875,True,False
8766,1640.0,974,6673707,0.15,0.46667082751852,20206.449539584002,True,False
8767,1700.0,911,6674618,0.15,0.4375738958386998,20209.130044417,True,False
8768,1620.0,740,6675358,0.15,0.452417820651789,20211.300914709,True,False
8769,1990.0,859,6676217,0.15,0.4053439118834429,20213.815782209,True,False
8770,2240.0,912,6677129,0.15,0.4617747897118853,20216.466437375002,True,False
8771,1930.0,1195,6678324,0.15,0.48080692335614394,20220.03756425,True,False
8772,1090.0,762,6679086,0.15,0.4308734737336636,20222.277111334002,True,False
8773,1970.0,1060,6680146,0.15,0.41199982115682565,20225.393068667,True,False
8774,1170.0,635,6680781,0.15,0.3961858142097041,20227.261825834,True,False
8775,1620.0,851,6681632,0.15,0.47837162930780736,20230.133769334,True,False
8776,1150.0,702,6682334,0.15,0.42750637216227394,20233.652535417,True,False
8777,1740.0,1217,6683551,0.15,0.4225155361437876,20237.170347584,True,False
8778,1770.0,887,6684438,0.15,0.43449418025242315,20239.752542125,True,False
8779,1950.0,970,6685408,0.15,0.45827106696097447,20242.579293209,True,False
8780,2510.0,1075,6686483,0.15,0.40671399018880144,20245.687797167,True,False
8781,1340.0,1006,6687489,0.15,0.37164182251407984,20248.643955042,True,False
8782,980.0,666,6688155,0.15,0.44124780209308645,20250.595220334002,True,False
8783,2000.0,969,6689124,0.15,0.4816493939899613,20253.408799167002,True,False
8784,1530.0,855,6689979,0.15,0.3405347650109882,20255.885348667,True,False
8785,920.0,677,6690656,0.15,0.34483446435016746,20257.862291917,True,False
8786,2040.0,1013,6691669,0.15,0.3415120489924793,20260.792295084,True,False
8787,1240.0,681,6692350,0.15,0.42149265167467737,20262.795586459,True,False
8788,1470.0,1008,6693358,0.15,0.40988657824576846,20265.708466375,True,False
8789,1920.0,770,6694128,0.15,0.43738460004175267,20267.973915334,True,False
8790,2310.0,1073,6695201,0.15,0.43596113801224906,20271.0910355,True,False
8791,2050.0,1067,6696268,0.15,0.3739537660604559,20274.235572709,True,False
8792,1980.0,931,6697199,0.15,0.42560187502410907,20276.929611834003,True,False
8793,2040.0,1041,6698240,0.15,0.33602715452055365,20279.986210667,True,False
8794,1560.0,1037,6699277,0.15,0.46383519643292004,20283.118998084,True,False
8795,1650.0,884,6700161,0.15,0.36883652987321036,20285.722485709,True,False
8796,2090.0,1098,6701259,0.15,0.38362029572799256,20288.969380792,True,False
8797,750.0,532,6701791,0.15,0.4033028781974226,20290.647872209,True,False
8798,2950.0,783,6702574,0.15,0.423287621908346,20293.123367417,True,False
8799,1700.0,1094,6703668,0.15,0.35787343780380965,20296.365728334,True,False
8800,1620.0,1015,6704683,0.15,0.43153539612123615,20299.344525417,True,False
8801,1490.0,801,6705484,0.15,0.4237497007817178,20302.798965167,True,False
8802,1940.0,889,6706373,0.15,0.4308383851773567,20305.381974125,True,False
8803,1270.0,1040,6707413,0.15,0.4136193325599799,20308.41263075,True,False
8804,1560.0,888,6708301,0.15,0.440904272300703,20311.016205959,True,False
8805,1330.0,784,6709085,0.15,0.37588195943710756,20313.317577709,True,False
8806,3380.0,1173,6710258,0.15,0.36714452052482566,20316.729736834,True,False
8807,2330.0,983,6711241,0.15,0.42197203820919604,20319.593988417,True,False
8808,1600.0,1023,6712264,0.15,0.4058959524554666,20322.579241917,True,False
8809,1290.0,639,6712903,0.15,0.30960054419138144,20324.450998,True,False
8810,1550.0,1144,6714047,0.15,0.34094512631947343,20327.777763084,True,False
8811,1520.0,1038,6715085,0.15,0.3611157715320587,20330.798838500003,True,False
8812,2820.0,794,6715879,0.15,0.4631539003716575,20333.155638834,True,False
8813,2150.0,988,6716867,0.15,0.43489607483872517,20336.057982125,True,False
8814,1670.0,694,6717561,0.15,0.4932892955839634,20338.098406334,True,False
8815,2160.0,870,6718431,0.15,0.45614456141599313,20340.654884459,True,False
8816,850.0,631,6719062,0.15,0.3524681751297999,20342.53420475,True,False
8817,4440.0,1156,6720218,0.15,0.39455750700614856,20346.098711167,True,False
8818,1800.0,1008,6721226,0.15,0.4166716220123427,20349.048172959,True,False
8819,2520.0,710,6721936,0.15,0.4323455810630589,20351.239239625,True,False
8820,1870.0,949,6722885,0.15,0.3650986778899587,20354.17496225,True,False
8821,520.0,412,6723297,0.15,0.4283043794261599,20355.415299250002,True,False
8822,350.0,436,6723733,0.15,0.42476251564168055,20356.738439917,True,False
8823,1580.0,805,6724538,0.15,0.4744626444148187,20359.107790459002,True,False
8824,1940.0,1037,6725575,0.15,0.43924028156001593,20362.166651459,True,False
8825,1010.0,748,6726323,0.15,0.4502462703674872,20364.357986459,True,False
8826,1320.0,697,6727020,0.15,0.4853796637484005,20367.457069584,True,False
8827,2290.0,1003,6728023,0.15,0.4635787675082684,20370.388427292,True,False
8828,2260.0,930,6728953,0.15,0.43303620530684106,20373.095819459002,True,False
8829,1920.0,723,6729676,0.15,0.4315756716204612,20375.219192292,True,False
8830,1900.0,737,6730413,0.15,0.4169578297549616,20377.38313875,True,False
8831,1630.0,971,6731384,0.15,0.3716516344512932,20380.259190834,True,False
8832,1770.0,1083,6732467,0.15,0.39512507780282585,20383.421284042,True,False
8833,1560.0,850,6733317,0.15,0.44711969607452834,20385.916484792,True,False
8834,930.0,839,6734156,0.15,0.4439125634375073,20388.366655209,True,False
8835,2110.0,707,6734863,0.15,0.5201506313698535,20390.460413875,True,False
8836,1160.0,808,6735671,0.15,0.43557501038407337,20392.871189959,True,False
8837,1570.0,844,6736515,0.15,0.5003843231929987,20395.375714709,True,False
8838,3470.0,1002,6737517,0.15,0.42887643558451854,20398.331226417,True,False
8839,2260.0,1014,6738531,0.15,0.46604051564639737,20401.309953292002,True,False
8840,2050.0,1001,6739532,0.15,0.4627125160508897,20404.295991292,True,False
8841,2200.0,1089,6740621,0.15,0.4160528059446198,20407.480585917,True,False
8842,1440.0,666,6741287,0.15,0.3673033084585724,20409.565507292,True,False
8843,1240.0,965,6742252,0.15,0.4444060461703411,20412.470555292002,True,False
8844,1040.0,819,6743071,0.15,0.4384542342421471,20414.936510125,True,False
8845,1400.0,925,6743996,0.15,0.46297715976834297,20417.680063875,True,False
8846,2120.0,878,6744874,0.15,0.4322387249162208,20420.294978334,True,False
8847,2510.0,734,6745608,0.15,0.4376878092551361,20422.477495834002,True,False
8848,1980.0,926,6746534,0.15,0.44302344083527984,20425.192872084,True,False
8849,1280.0,786,6747320,0.15,0.501586333749258,20427.512878584002,True,False
8850,2120.0,926,6748246,0.15,0.4340598774807794,20430.244530417,True,False
8851,210.0,329,6748575,0.15,0.5449210337204177,20432.389638292,True,False
8852,2320.0,643,6749218,0.15,0.39974692468502504,20434.275514209,True,False
8853,1960.0,1236,6750454,0.15,0.45269700404991997,20437.853750292,True,False
8854,2880.0,1012,6751466,0.15,0.42023803143515415,20440.793301125002,True,False
8855,1990.0,994,6752460,0.15,0.436248658830861,20443.698231584,True,False
8856,1730.0,985,6753445,0.15,0.48158012887811275,20446.596095834,True,False
8857,2720.0,997,6754442,0.15,0.4471575378414139,20449.512091084,True,False
8858,1710.0,964,6755406,0.15,0.45170020244057246,20452.367816084,True,False
8859,890.0,701,6756107,0.15,0.4038669134463583,20454.448729334003,True,False
8860,1040.0,568,6756675,0.15,0.47700951227419813,20456.14602425,True,False
8861,1320.0,1080,6757755,0.15,0.5054892318116294,20459.311833209,True,False
8862,1380.0,825,6758580,0.15,0.3879250534562673,20461.736056667,True,False
8863,1630.0,894,6759474,0.15,0.3893584382173192,20464.368668792,True,False
8864,2330.0,1037,6760511,0.15,0.46238770658099976,20467.393752584,True,False
8865,2750.0,1034,6761545,0.15,0.4314028951537195,20470.415943167,True,False
8866,1650.0,871,6762416,0.15,0.4250580048137302,20473.024569375,True,False
8867,2510.0,945,6763361,0.15,0.4140374471701808,20475.827832209,True,False
8868,2070.0,887,6764248,0.15,0.490976974871513,20478.467893584002,True,False
8869,1270.0,822,6765070,0.15,0.4264716904337813,20480.881148209002,True,False
8870,1510.0,1212,6766282,0.15,0.4522056990970086,20484.885233959,True,False
8871,1370.0,1085,6767367,0.15,0.42960154245920285,20488.116625000002,True,False
8872,1850.0,1089,6768456,0.15,0.45282820069091223,20491.303436709,True,False
8873,1180.0,573,6769029,0.15,0.4979983435852544,20493.033463917,True,False
8874,2410.0,1502,6770531,0.15,0.468861462811629,20497.443015542,True,False
8875,870.0,662,6771193,0.15,0.3943082701908537,20499.413967750002,True,False
8876,1180.0,739,6771932,0.15,0.4133549428066692,20502.53619925,True,False
8877,1230.0,775,6772707,0.15,0.4998328506251691,20504.845382959,True,False
8878,2030.0,1120,6773827,0.15,0.4509627329451697,20508.20805675,True,False
8879,1610.0,989,6774816,0.15,0.4175807921095721,20511.121161209,True,False
8880,1640.0,966,6775782,0.15,0.445846992347745,20514.021859750002,True,False
8881,1610.0,777,6776559,0.15,0.42360506260517944,20516.333496792002,True,False
8882,1480.0,889,6777448,0.15,0.3936289484391298,20519.003687917,True,False
8883,1520.0,1086,6778534,0.15,0.4800024829612447,20522.237189709,True,False
8884,2050.0,1039,6779573,0.15,0.43661072133825374,20525.368363625003,True,False
8885,1880.0,746,6780319,0.15,0.41705873913021496,20527.593521834002,True,False
8886,320.0,362,6780681,0.15,0.397901917388151,20528.716052667,True,False
8887,1670.0,1113,6781794,0.15,0.5202330680791851,20532.063630250002,True,False
8888,1570.0,1145,6782939,0.15,0.4576727607502387,20535.458848084,True,False
8889,1840.0,1047,6783986,0.15,0.4281080833543803,20538.693415542002,True,False
8890,1250.0,647,6784633,0.15,0.4621993697443862,20540.614936584,True,False
8891,2330.0,1143,6785776,0.15,0.45349585780730617,20544.064651250002,True,False
8892,2930.0,1068,6786844,0.15,0.4905606394682484,20547.466733375,True,False
8893,1240.0,818,6787662,0.15,0.4152277221574503,20549.891570667,True,False
8894,1950.0,1185,6788847,0.15,0.49346154595951774,20553.365419417,True,False
8895,1660.0,1110,6789957,0.15,0.4259894080192065,20556.661092542,True,False
8896,1590.0,913,6790870,0.15,0.40688771071533364,20559.362214709,True,False
8897,1570.0,1047,6791917,0.15,0.41750065842998846,20562.459585584,True,False
8898,1470.0,797,6792714,0.15,0.393324613945568,20564.819464917,True,False
8899,1950.0,1129,6793843,0.15,0.47362610563001734,20568.17321675,True,False
8900,2540.0,1036,6794879,0.15,0.41800046217372516,20571.2811215,True,False
8901,2190.0,988,6795867,0.15,0.439069884659549,20575.431541459002,True,False
8902,2840.0,999,6796866,0.15,0.41995405408740044,20578.355392459,True,False
8903,2100.0,1188,6798054,0.15,0.43414567212765465,20581.808271584,True,False
8904,710.0,711,6798765,0.15,0.36842904352907385,20583.97954525,True,False
8905,1470.0,790,6799555,0.15,0.3951232812655759,20586.362702917002,True,False
8906,2610.0,929,6800484,0.15,0.44441598979956093,20589.142067292,True,False
8907,1770.0,878,6801362,0.15,0.41351285005268984,20591.754825584,True,False
8908,1970.0,1156,6802518,0.15,0.4055981887149976,20595.253459042,True,False
8909,1160.0,632,6803150,0.15,0.35838168904279605,20597.172210125,True,False
8910,2450.0,1019,6804169,0.15,0.374848806624319,20600.23193425,True,False
8911,1540.0,989,6805158,0.15,0.41972424756539495,20603.237718417,True,False
8912,1560.0,817,6805975,0.15,0.4293625916847411,20605.927801875,True,False
8913,1420.0,1010,6806985,0.15,0.4374587218104144,20608.998701292,True,False
8914,1250.0,866,6807851,0.15,0.38911729242169746,20611.594615292,True,False
8915,1840.0,934,6808785,0.15,0.41794205307323706,20614.44731375,True,False
8916,1240.0,1020,6809805,0.15,0.4106382238806463,20617.477997292,True,False
8917,1900.0,982,6810787,0.15,0.41948315449515167,20620.421973,True,False
8918,1830.0,985,6811772,0.15,0.40515111999111136,20623.335988875002,True,False
8919,1070.0,745,6812517,0.15,0.42514418622338646,20625.55317675,True,False
8920,2620.0,1054,6813571,0.15,0.3661390559698239,20628.681490417002,True,False
8921,2610.0,1117,6814688,0.15,0.4549325820058584,20631.97975175,True,False
8922,1450.0,913,6815601,0.15,0.46760498650633453,20634.697242792,True,False
8923,1980.0,1156,6816757,0.15,0.42712614359172985,20638.118883334002,True,False
8924,2840.0,1123,6817880,0.15,0.42760209251341025,20641.430147,True,False
8925,3160.0,872,6818752,0.15,0.3630420920703936,20644.041243459,True,False
8926,2220.0,972,6819724,0.15,0.31679520771336656,20648.116849042002,True,False
8927,1830.0,895,6820619,0.15,0.3893701608205055,20650.761532125,True,False
8928,1350.0,850,6821469,0.15,0.40028453541333686,20653.274494125002,True,False
8929,1860.0,933,6822402,0.15,0.39422203872208944,20656.054079625002,True,False
8930,1360.0,780,6823182,0.15,0.4235550930866828,20658.440724417,True,False
8931,2140.0,1026,6824208,0.15,0.41741083292761666,20661.545715,True,False
8932,1950.0,1179,6825387,0.15,0.39969485174535085,20665.255052042,True,False
8933,2310.0,928,6826315,0.15,0.36559154738768423,20668.142054750002,True,False
8934,1180.0,731,6827046,0.15,0.4103973520095231,20670.390019084,True,False
8935,1120.0,661,6827707,0.15,0.3375751320611347,20672.419502125,True,False
8936,2050.0,1125,6828832,0.15,0.4276157795907335,20675.782770542002,True,False
8937,1630.0,867,6829699,0.15,0.38390461331302367,20678.379635042,True,False
8938,1940.0,1038,6830737,0.15,0.4372919081781919,20681.468059584,True,False
8939,1870.0,909,6831646,0.15,0.36882424224906557,20684.190967334,True,False
8940,1030.0,643,6832289,0.15,0.3603814801444178,20686.143605334,True,False
8941,2690.0,1140,6833429,0.15,0.402849499776698,20689.504258584002,True,False
8942,1980.0,1014,6834443,0.15,0.37270473102807056,20692.532777084,True,False
8943,1960.0,789,6835232,0.15,0.4407019867665238,20694.909231459,True,False
8944,2180.0,937,6836169,0.15,0.4340596487506842,20697.698750375002,True,False
8945,2960.0,1110,6837279,0.15,0.45991379407231125,20701.022664209002,True,False
8946,1710.0,998,6838277,0.15,0.41154707115888595,20704.043684875,True,False
8947,1950.0,892,6839169,0.15,0.415806846267172,20706.699804334,True,False
8948,1580.0,916,6840085,0.15,0.3550318911606568,20709.425117042,True,False
8949,1360.0,990,6841075,0.15,0.38448139813988796,20712.354750209,True,False
8950,1670.0,820,6841895,0.15,0.3611178011792462,20714.80169,True,False
8951,1290.0,842,6842737,0.15,0.43286014888523877,20718.406377542,True,False
8952,2050.0,759,6843496,0.15,0.3393680144689585,20720.6366475,True,False
8953,2340.0,1121,6844617,0.15,0.40548787657171487,20723.917312292,True,False
8954,290.0,314,6844931,0.15,0.413108700265487,20724.870156917,True,False
8955,1710.0,769,6845700,0.15,0.4355524055698375,20727.176193209,True,False
8956,1610.0,954,6846654,0.15,0.4437255668101691,20730.129868834,True,False
8957,3330.0,975,6847629,0.15,0.46593975132239646,20733.015722084,True,False
8958,2400.0,1270,6848899,0.15,0.41482727655006885,20736.796214,True,False
8959,1760.0,1139,6850038,0.15,0.42581752855003924,20740.3349375,True,False
8960,2280.0,978,6851016,0.15,0.4436941792618255,20743.249408375003,True,False
8961,1830.0,1504,6852520,0.15,0.434957895943142,20747.702519000002,True,False
8962,1610.0,1165,6853685,0.15,0.45296319184946443,20751.164380375,True,False
8963,2220.0,1172,6854857,0.15,0.3831625773027895,20754.650072542,True,False
8964,910.0,613,6855470,0.15,0.48232659458919286,20756.465039667,True,False
8965,1720.0,870,6856340,0.15,0.4188541602172436,20759.031200667,True,False
8966,1590.0,842,6857182,0.15,0.42691150783073334,20761.511839792,True,False
8967,1820.0,775,6857957,0.15,0.4217515597023915,20763.813282334002,True,False
8968,1990.0,1182,6859139,0.15,0.43572735738451196,20767.319098959,True,False
8969,1540.0,913,6860052,0.15,0.4698163540667842,20770.049404959,True,False
8970,1720.0,1316,6861368,0.15,0.43640554689527644,20773.902084292,True,False
8971,1680.0,714,6862082,0.15,0.43664572735348445,20776.02796925,True,False
8972,1800.0,1068,6863150,0.15,0.46270964785796426,20779.168161,True,False
8973,2080.0,1269,6864419,0.15,0.42956035410286125,20782.885178959,True,False
8974,1710.0,1312,6865731,0.15,0.40537054559624774,20786.7204705,True,False
8975,2260.0,1086,6866817,0.15,0.41159477306749015,20789.89271725,True,False
8976,2260.0,930,6867747,0.15,0.39585991476758803,20793.840687542,True,False
8977,2000.0,943,6868690,0.15,0.3626066866820141,20796.648102,True,False
8978,2950.0,1021,6869711,0.15,0.4390127108961928,20799.642398334,True,False
8979,1440.0,843,6870554,0.15,0.41374679287604244,20802.169648417002,True,False
8980,490.0,444,6870998,0.15,0.3807167681353586,20803.489891542,True,False
8981,2380.0,1151,6872149,0.15,0.4184329986261825,20806.880909667,True,False
8982,1220.0,1005,6873154,0.15,0.4346917834414904,20809.867986584002,True,False
8983,1870.0,852,6874006,0.15,0.5338513963099377,20812.425977959,True,False
8984,1570.0,871,6874877,0.15,0.44427328823356455,20815.041652334,True,False
8985,1880.0,1228,6876105,0.15,0.42593535848859854,20818.700377709,True,False
8986,1070.0,744,6876849,0.15,0.5137720448916318,20820.98875875,True,False
8987,940.0,734,6877583,0.15,0.4308394521393411,20823.252488209,True,False
8988,1610.0,1268,6878851,0.15,0.44566527664755423,20827.084181292,True,False
8989,1930.0,1258,6880109,0.15,0.47106435308380734,20830.843128417,True,False
8990,1840.0,1179,6881288,0.15,0.4158815990312625,20834.344260292,True,False
8991,2070.0,773,6882061,0.15,0.421385649302154,20836.659513959,True,False
8992,2100.0,935,6882996,0.15,0.3978274158305592,20839.469594959002,True,False
8993,2390.0,900,6883896,0.15,0.43698325008153915,20842.192943042002,True,False
8994,1800.0,1045,6884941,0.15,0.38542865282388483,20845.280317209003,True,False
8995,1830.0,1055,6885996,0.15,0.38859414986588736,20848.422759709,True,False
8996,1540.0,810,6886806,0.15,0.38528354292606365,20850.833076209,True,False
8997,900.0,880,6887686,0.15,0.3991320250047879,20853.436092959,True,False
8998,2300.0,1036,6888722,0.15,0.43252712678034794,20856.504099167,True,False
8999,1140.0,704,6889426,0.15,0.4764257382432168,20858.755660584,True,False
9000,590.0,491,6889917,0.15,0.3679650095783598,20860.236530875,True,False
9001,2170.0,1111,6891028,0.15,0.4605311189892052,20864.896177417002,True,False
9002,1280.0,513,6891541,0.15,0.4549182077171281,20866.427511792,True,False
9003,1600.0,965,6892506,0.15,0.40266816655011595,20869.23104825,True,False
9004,1720.0,1449,6893955,0.15,0.42017760348007166,20873.458481875,True,False
9005,1970.0,1083,6895038,0.15,0.34533618446920633,20876.631091375002,True,False
9006,2220.0,1140,6896178,0.15,0.3729407605633401,20879.995998875,True,False
9007,1540.0,854,6897032,0.15,0.41222851427498264,20882.5500775,True,False
9008,910.0,566,6897598,0.15,0.31814052539725673,20884.263823834,True,False
9009,500.0,391,6897989,0.15,0.3111678829454646,20885.451797875,True,False
9010,2490.0,889,6898878,0.15,0.4185868474143045,20888.111364084,True,False
9011,2160.0,940,6899818,0.15,0.3915288653462491,20891.336921625,True,False
9012,1270.0,791,6900609,0.15,0.513273573245364,20893.792213167002,True,False
9013,1000.0,611,6901220,0.15,0.4226552774898367,20895.635295709002,True,False
9014,1900.0,873,6902093,0.15,0.42407989748027347,20898.253342250002,True,False
9015,1260.0,786,6902879,0.15,0.3778246603526023,20900.582275459,True,False
9016,1600.0,1037,6903916,0.15,0.47115426146640227,20903.658951042,True,False
9017,1690.0,901,6904817,0.15,0.3880454733305507,20906.340975542,True,False
9018,2180.0,1031,6905848,0.15,0.39003724082149277,20909.414359375,True,False
9019,1800.0,1100,6906948,0.15,0.3938656054301695,20912.647338125,True,False
9020,1640.0,912,6907860,0.15,0.49537867049506884,20915.313116292,True,False
9021,2200.0,982,6908842,0.15,0.40555118878885194,20918.20863,True,False
9022,2350.0,976,6909818,0.15,0.43720609193942583,20921.17300275,True,False
9023,2450.0,1051,6910869,0.15,0.41201890956879567,20924.284193,True,False
9024,2110.0,962,6911831,0.15,0.43878452678521473,20927.108238917,True,False
9025,2030.0,950,6912781,0.15,0.49151973423211515,20929.874637167002,True,False
9026,1830.0,895,6913676,0.15,0.4243195397180638,20934.031838209,True,False
9027,860.0,591,6914267,0.15,0.43955573632198125,20935.758575959,True,False
9028,1970.0,1077,6915344,0.15,0.4101179462892038,20938.949485334,True,False
9029,1970.0,907,6916251,0.15,0.40759152543228283,20941.640038375,True,False
9030,1680.0,949,6917200,0.15,0.47829739608559285,20944.475986209,True,False
9031,2220.0,917,6918117,0.15,0.4321853016466553,20947.167838084002,True,False
9032,2430.0,1030,6919147,0.15,0.5154732411531623,20950.218996459,True,False
9033,1570.0,1184,6920331,0.15,0.45704348654662436,20953.79977575,True,False
9034,720.0,565,6920896,0.15,0.5010224456938219,20955.548598334,True,False
9035,1940.0,971,6921867,0.15,0.4191341002987436,20958.478202292,True,False
9036,1160.0,686,6922553,0.15,0.45736633150210215,20960.550216625,True,False
9037,1310.0,863,6923416,0.15,0.4534429688765495,20963.107793,True,False
9038,3030.0,1020,6924436,0.15,0.4536586270466739,20966.134998875,True,False
9039,2710.0,984,6925420,0.15,0.4211837951003051,20969.030204792,True,False
9040,1990.0,830,6926250,0.15,0.5276475095590532,20971.475407500002,True,False
9041,2280.0,975,6927225,0.15,0.4329923646616154,20974.341323167002,True,False
9042,1900.0,1005,6928230,0.15,0.47713619589330664,20977.288214917,True,False
9043,2240.0,995,6929225,0.15,0.4514881492439044,20980.2243155,True,False
9044,3110.0,1000,6930225,0.15,0.4851503266394138,20983.154501834,True,False
9045,2250.0,966,6931191,0.15,0.4214262049104168,20986.180533959,True,False
9046,1670.0,962,6932153,0.15,0.4284949132639343,20989.011405125002,True,False
9047,2030.0,977,6933130,0.15,0.43433346083296126,20991.886079292002,True,False
9048,1330.0,996,6934126,0.15,0.5201141783391615,20994.856171459,True,False
9049,1740.0,1069,6935195,0.15,0.37979680397425697,20998.0168005,True,False
9050,1770.0,660,6935855,0.15,0.4999553737315265,20999.968174084002,True,False
9051,1180.0,738,6936593,0.15,0.3991687521338463,21003.464148959,True,False
9052,1000.0,527,6937120,0.15,0.40472156859257,21005.03782025,True,False
9053,1590.0,867,6937987,0.15,0.49259835574775934,21007.568214625,True,False
9054,1730.0,774,6938761,0.15,0.48735180869698524,21009.842492667,True,False
9055,2380.0,1237,6939998,0.15,0.4268830523232426,21013.508214125002,True,False
9056,3150.0,1080,6941078,0.15,0.4465248488165714,21016.791397375,True,False
9057,1890.0,1049,6942127,0.15,0.4019140021605346,21019.892076,True,False
9058,1790.0,925,6943052,0.15,0.43761238041494427,21022.692809750002,True,False
9059,2380.0,924,6943976,0.15,0.49864168249038393,21025.396902459,True,False
9060,1450.0,1002,6944978,0.15,0.42873462998867035,21028.337097667,True,False
9061,1590.0,884,6945862,0.15,0.4278713128617986,21030.948545667,True,False
9062,2660.0,1167,6947029,0.15,0.45562533745924905,21034.376561167002,True,False
9063,2520.0,971,6948000,0.15,0.4649569693293591,21037.234431667002,True,False
9064,1580.0,1197,6949197,0.15,0.40913868747826004,21040.741745459,True,False
9065,1630.0,747,6949944,0.15,0.4058979054424852,21042.944680250002,True,False
9066,1870.0,948,6950892,0.15,0.448521849192396,21045.739228584,True,False
9067,2300.0,871,6951763,0.15,0.45773928739508174,21048.380576709,True,False
9068,2090.0,1144,6952907,0.15,0.46505944626210455,21051.885844875,True,False
9069,270.0,372,6953279,0.15,0.4588550955698054,21053.022715334002,True,False
9070,1650.0,949,6954228,0.15,0.4660363185117726,21055.891273625002,True,False
9071,2140.0,1085,6955313,0.15,0.44795482462732555,21059.126367125,True,False
9072,2230.0,1013,6956326,0.15,0.45763988033113745,21062.119122250002,True,False
9073,780.0,736,6957062,0.15,0.40285939310231933,21064.311116542,True,False
9074,1710.0,1196,6958258,0.15,0.48006024245284873,21067.844522334002,True,False
9075,2760.0,1009,6959267,0.15,0.45557755716736353,21070.823128834,True,False
9076,1520.0,946,6960213,0.15,0.39886814030476764,21074.668051959,True,False
9077,5190.0,974,6961187,0.15,0.40662428414748036,21077.509738292,True,False
9078,2450.0,1027,6962214,0.15,0.3953210612911195,21080.535028000002,True,False
9079,1230.0,653,6962867,0.15,0.3964841966431565,21082.532671667002,True,False
9080,1770.0,888,6963755,0.15,0.4487135999643051,21085.461310500003,True,False
9081,2700.0,941,6964696,0.15,0.4176445528549158,21088.275210875,True,False
9082,2360.0,1199,6965895,0.15,0.35693798498266116,21091.811584084,True,False
9083,1660.0,916,6966811,0.15,0.3801035546905089,21094.543559584,True,False
9084,480.0,426,6967237,0.15,0.35608326184136846,21095.847602459,True,False
9085,1250.0,834,6968071,0.15,0.4208559965929733,21098.381024167,True,False
9086,1880.0,1134,6969205,0.15,0.4242087604189423,21101.730291042,True,False
9087,1120.0,570,6969775,0.15,0.5339602995926226,21103.451216584002,True,False
9088,2100.0,860,6970635,0.15,0.44460695254248245,21106.044269292,True,False
9089,1680.0,746,6971381,0.15,0.3725017640679915,21108.275137042,True,False
9090,1250.0,706,6972087,0.15,0.46303629235957156,21110.398578709002,True,False
9091,1590.0,983,6973070,0.15,0.4726243944369196,21113.45940825,True,False
9092,1910.0,970,6974040,0.15,0.4147067736573671,21116.320638917,True,False
9093,1060.0,693,6974733,0.15,0.4610419658825577,21118.395611959,True,False
9094,910.0,613,6975346,0.15,0.4154192797011799,21120.254295042,True,False
9095,2270.0,1148,6976494,0.15,0.4115697135856758,21123.646773042,True,False
9096,1040.0,529,6977023,0.15,0.39890593346772774,21125.274508042,True,False
9097,1590.0,951,6977974,0.15,0.47643091470128346,21128.101888417,True,False
9098,1640.0,1020,6978994,0.15,0.44663486366762833,21131.099032542003,True,False
9099,2120.0,949,6979943,0.15,0.4258587312597766,21133.88832525,True,False
9100,1050.0,771,6980714,0.15,0.4742636965500876,21136.188874042,True,False
9101,970.0,699,6981413,0.15,0.4002407051409994,21139.425162625,True,False
9102,2240.0,1257,6982670,0.15,0.4266055848710476,21143.086774084,True,False
9103,1530.0,978,6983648,0.15,0.4450107017341925,21145.996328917,True,False
9104,930.0,595,6984243,0.15,0.5156650539688967,21147.783519084,True,False
9105,1870.0,888,6985131,0.15,0.4539142640324326,21150.432210667,True,False
9106,2040.0,908,6986039,0.15,0.4337153720632524,21153.119184417003,True,False
9107,1650.0,944,6986983,0.15,0.4271094629825172,21155.901516042002,True,False
9108,1730.0,737,6987720,0.15,0.41242314919426637,21158.113502875,True,False
9109,1020.0,555,6988275,0.15,0.40495821898398193,21159.797114667002,True,False
9110,1830.0,712,6988987,0.15,0.508797460225191,21161.939182334,True,False
9111,1650.0,925,6989912,0.15,0.45602460086731045,21164.751875292,True,False
9112,2850.0,802,6990714,0.15,0.5096310666948557,21167.165996375003,True,False
9113,2350.0,1141,6991855,0.15,0.4261924558564236,21170.562048584,True,False
9114,1550.0,898,6992753,0.15,0.4203813890284962,21173.589926459,True,False
9115,1550.0,776,6993529,0.15,0.46892022583441634,21175.974032167,True,False
9116,1870.0,1030,6994559,0.15,0.4413805395248799,21179.352535417,True,False
9117,1480.0,830,6995389,0.15,0.49651520864035076,21182.114124042,True,False
9118,1740.0,957,6996346,0.15,0.4420650392521375,21185.00254125,True,False
9119,1380.0,831,6997177,0.15,0.44538218481466174,21187.501074959,True,False
9120,2520.0,1064,6998241,0.15,0.4628885324792306,21190.8904505,True,False
9121,2050.0,1160,6999401,0.15,0.4369453324069237,21195.354015334,True,False
9122,2150.0,718,7000119,0.15,0.44878774352746303,21198.320478125002,True,False
9123,1460.0,1003,7001122,0.15,0.4741968453167919,21201.660069709,True,False
9124,2080.0,691,7001813,0.15,0.4573913557681045,21204.033654125,True,False
9125,750.0,641,7002454,0.15,0.3899707290576771,21205.997313667,True,False
9126,1970.0,843,7003297,0.15,0.4113095430260021,21209.696255125,True,False
9127,1980.0,932,7004229,0.15,0.5746406634606005,21212.467047625,True,False
9128,1590.0,857,7005086,0.15,0.4636944363885951,21215.064187250002,True,False
9129,1790.0,748,7005834,0.15,0.46287057429233336,21217.319423375,True,False
9130,1670.0,990,7006824,0.15,0.4525531699820872,21220.288785542,True,False
9131,1640.0,888,7007712,0.15,0.45223777512977786,21222.934406750002,True,False
9132,1740.0,857,7008569,0.15,0.5084672687557813,21225.479156792,True,False
9133,1560.0,907,7009476,0.15,0.5359032508231995,21228.225517834002,True,False
9134,1130.0,773,7010249,0.15,0.49926675759603323,21230.517667459,True,False
9135,1880.0,1185,7011434,0.15,0.4696445989397329,21234.02894375,True,False
9136,870.0,557,7011991,0.15,0.41385825584046276,21235.685445584,True,False
9137,1140.0,643,7012634,0.15,0.46976229826115673,21237.616552209,True,False
9138,3670.0,1091,7013725,0.15,0.46756831461038345,21241.174286084002,True,False
9139,2350.0,907,7014632,0.15,0.44618225199404266,21244.017521,True,False
9140,1540.0,994,7015626,0.15,0.45283905536897723,21246.978370417,True,False
9141,1120.0,655,7016281,0.15,0.43435749784111977,21248.95128525,True,False
9142,1720.0,996,7017277,0.15,0.47093528012434643,21251.882681959,True,False
9143,1980.0,850,7018127,0.15,0.465569554213083,21254.392882792,True,False
9144,1620.0,885,7019012,0.15,0.44340966796284326,21257.018831209,True,False
9145,1460.0,573,7019585,0.15,0.46930515651519483,21258.733696584,True,False
9146,2530.0,923,7020508,0.15,0.4548962553922748,21261.460102459,True,False
9147,1520.0,894,7021402,0.15,0.4863192378605962,21264.114342667002,True,False
9148,1310.0,736,7022138,0.15,0.447249747245856,21266.312792667002,True,False
9149,2170.0,1066,7023204,0.15,0.4710448237226697,21269.46686425,True,False
9150,1910.0,707,7023911,0.15,0.49007341430776497,21271.563972625,True,False
9151,880.0,609,7024520,0.15,0.4675385139736475,21275.228222667,True,False
9152,1850.0,974,7025494,0.15,0.4172883453192534,21278.112395542,True,False
9153,1620.0,1000,7026494,0.15,0.4595941801071167,21281.073356042,True,False
9154,1650.0,955,7027449,0.15,0.41503288730916615,21283.893095792002,True,False
9155,1760.0,1005,7028454,0.15,0.5030079355455964,21286.877810375,True,False
9156,1300.0,866,7029320,0.15,0.5011862620779995,21289.454400917002,True,False
9157,1750.0,814,7030134,0.15,0.4063809236575817,21291.882750334,True,False
9158,1920.0,1199,7031333,0.15,0.4742103459189336,21295.453087500002,True,False
9159,1570.0,875,7032208,0.15,0.46975636012750127,21298.09458025,True,False
9160,2090.0,919,7033127,0.15,0.42733670253810924,21300.86368125,True,False
9161,1970.0,746,7033873,0.15,0.4291298158745715,21303.285231,True,False
9162,1640.0,797,7034670,0.15,0.44019574293838676,21305.832593625,True,False
9163,1550.0,855,7035525,0.15,0.4406436312699986,21308.395042,True,False
9164,910.0,597,7036122,0.15,0.478072973305747,21310.189787917,True,False
9165,1040.0,506,7036628,0.15,0.4704681375599283,21311.711044625,True,False
9166,480.0,378,7037006,0.15,0.5336051996242492,21312.869274417,True,False
9167,1580.0,863,7037869,0.15,0.4635262652127831,21315.4127605,True,False
9168,1060.0,800,7038669,0.15,0.4594044680148363,21317.794274834,True,False
9169,1780.0,950,7039619,0.15,0.45078200205594676,21320.618406792,True,False
9170,1740.0,1192,7040811,0.15,0.4601163402599776,21324.15393725,True,False
9171,1800.0,930,7041741,0.15,0.41305282964598977,21326.920812292,True,False
9172,2370.0,659,7042400,0.15,0.4631479198282415,21328.85915625,True,False
9173,2430.0,993,7043393,0.15,0.46464855383120235,21331.770307375,True,False
9174,2110.0,978,7044371,0.15,0.4824854567280558,21334.664229167,True,False
9175,1340.0,698,7045069,0.15,0.4266442816598075,21336.740201542,True,False
9176,1980.0,828,7045897,0.15,0.45035287964603177,21340.283241417,True,False
9177,2580.0,912,7046809,0.15,0.4860696998473845,21342.96757575,True,False
9178,1620.0,1126,7047935,0.15,0.4795401318270541,21346.325932042,True,False
9179,1740.0,922,7048857,0.15,0.4696839555323898,21349.105770167,True,False
9180,1860.0,970,7049827,0.15,0.5047586333345283,21352.004503,True,False
9181,2740.0,1062,7050889,0.15,0.43433184143071785,21355.15465425,True,False
9182,1650.0,777,7051666,0.15,0.41857626934334174,21357.501731792,True,False
9183,1170.0,754,7052420,0.15,0.4964503868231698,21359.759695667002,True,False
9184,400.0,457,7052877,0.15,0.4299587881225243,21361.172207959,True,False
9185,1460.0,1044,7053921,0.15,0.5276062406057143,21364.467043584,True,False
9186,1470.0,721,7054642,0.15,0.41870878959695496,21366.666123167,True,False
9187,1020.0,605,7055247,0.15,0.4463783488269673,21368.498336459,True,False
9188,920.0,568,7055815,0.15,0.4421574186376283,21370.369569334,True,False
9189,2770.0,1099,7056914,0.15,0.45259575014764614,21373.618105,True,False
9190,1410.0,819,7057733,0.15,0.4702622950803943,21376.119257167,True,False
9191,1820.0,962,7058695,0.15,0.44737949228535095,21378.974631125002,True,False
9192,3000.0,1573,7060268,0.15,0.4816888488337473,21383.631117959,True,False
9193,1800.0,785,7061053,0.15,0.5493916611054114,21385.998370625002,True,False
9194,1930.0,810,7061863,0.15,0.5317080976939438,21388.427734584002,True,False
9195,1960.0,1136,7062999,0.15,0.45601025454595057,21391.79387225,True,False
9196,2080.0,988,7063987,0.15,0.5078814143714635,21394.757304042,True,False
9197,2310.0,877,7064864,0.15,0.49935428042980756,21397.378632959,True,False
9198,1060.0,752,7065616,0.15,0.49959727083431915,21399.624693042002,True,False
9199,1470.0,1000,7066616,0.15,0.5089966854155064,21402.592337417,True,False
9200,1390.0,699,7067315,0.15,0.5227024205371567,21404.690178042,True,False
9201,2370.0,989,7068304,0.15,0.5231994762716274,21409.117829375,True,False
9202,2480.0,841,7069145,0.15,0.48289283081179574,21411.611413875,True,False
9203,1620.0,919,7070064,0.15,0.5066946889719237,21414.382013042,True,False
9204,2880.0,1028,7071092,0.15,0.4584957612279788,21417.430458167,True,False
9205,1490.0,822,7071914,0.15,0.5134502018733722,21419.881063459,True,False
9206,1200.0,758,7072672,0.15,0.4648411527276039,21422.167444709,True,False
9207,1820.0,1055,7073727,0.15,0.5160249760622307,21425.315405959,True,False
9208,1930.0,920,7074647,0.15,0.4792244120784428,21428.115653167002,True,False
9209,2220.0,1055,7075702,0.15,0.46934573098339816,21431.272622125,True,False
9210,1810.0,953,7076655,0.15,0.4873590206711733,21434.684348209,True,False
9211,1070.0,701,7077356,0.15,0.5082863291556184,21436.860022209,True,False
9212,2860.0,1176,7078532,0.15,0.4731786982694856,21440.422216834002,True,False
9213,1890.0,941,7079473,0.15,0.4702256701411085,21443.281444709002,True,False
9214,2260.0,975,7080448,0.15,0.48403599424684635,21446.237936417,True,False
9215,1460.0,734,7081182,0.15,0.4566947074780047,21448.46293975,True,False
9216,1830.0,870,7082052,0.15,0.5096610421571163,21451.087705084,True,False
9217,2490.0,999,7083051,0.15,0.4747832316950143,21454.078679084,True,False
9218,2240.0,1144,7084195,0.15,0.4144013660041602,21457.490994167,True,False
9219,1120.0,697,7084892,0.15,0.519459746650287,21459.605600542,True,False
9220,1080.0,654,7085546,0.15,0.38188527556467644,21461.578664625,True,False
9221,1960.0,1004,7086550,0.15,0.45279515792886577,21464.590859292002,True,False
9222,2970.0,1091,7087641,0.15,0.43370649024789587,21467.843835917,True,False
9223,1200.0,705,7088346,0.15,0.41187402445145627,21469.937805834,True,False
9224,950.0,601,7088947,0.15,0.43219316070278485,21471.756970959003,True,False
9225,870.0,719,7089666,0.15,0.39587020402153333,21473.93399475,True,False
9226,480.0,458,7090124,0.15,0.41685397106668226,21476.504399375,True,False
9227,2190.0,959,7091083,0.15,0.45517377851523116,21479.331564625,True,False
9228,1910.0,1170,7092253,0.15,0.4547899391235142,21482.836913542,True,False
9229,1800.0,684,7092937,0.15,0.4439201888285185,21484.919484084,True,False
9230,2920.0,934,7093871,0.15,0.48766031482380856,21487.728135125002,True,False
9231,1800.0,804,7094675,0.15,0.43417474238285375,21490.184765417,True,False
9232,1860.0,715,7095390,0.15,0.42189077616736875,21492.365334417,True,False
9233,1850.0,878,7096268,0.15,0.4195288212123242,21494.996203500003,True,False
9234,540.0,537,7096805,0.15,0.5236678235788843,21496.627241709,True,False
9235,1660.0,989,7097794,0.15,0.49967476683348294,21499.631485834,True,False
9236,2150.0,684,7098478,0.15,0.4109895835407296,21501.694982459,True,False
9237,2460.0,993,7099471,0.15,0.47901168081068224,21504.682497042002,True,False
9238,1900.0,1157,7100628,0.15,0.4459609005600214,21508.153847334,True,False
9239,2100.0,869,7101497,0.15,0.4629123290906304,21510.770892292,True,False
9240,1800.0,880,7102377,0.15,0.4152345608919859,21513.405606834,True,False
9241,2190.0,1037,7103414,0.15,0.45982466617951523,21516.511667292,True,False
9242,2030.0,900,7104314,0.15,0.4293533278836144,21519.205681417,True,False
9243,2830.0,1248,7105562,0.15,0.4246540233397331,21522.954667125,True,False
9244,720.0,551,7106113,0.15,0.352315342998591,21524.596643292,True,False
9245,2670.0,948,7107061,0.15,0.43635837870496735,21527.426746667003,True,False
9246,1620.0,943,7108004,0.15,0.46162408258829074,21530.239280084003,True,False
9247,1900.0,838,7108842,0.15,0.3975444940502564,21532.755372417,True,False
9248,1170.0,648,7109490,0.15,0.48949585887201036,21534.709875375,True,False
9249,2150.0,910,7110400,0.15,0.41669137877199736,21537.406820959,True,False
9250,2540.0,1036,7111436,0.15,0.4890485881148158,21540.507824334,True,False
9251,1880.0,876,7112312,0.15,0.4037482906558198,21544.086763625,True,False
9252,1130.0,647,7112959,0.15,0.43856319562988993,21546.011633834,True,False
9253,2320.0,1400,7114359,0.15,0.4148942673419203,21550.166130459,True,False
9254,1510.0,948,7115307,0.15,0.41164851572191663,21552.973659,True,False
9255,800.0,630,7115937,0.15,0.5341400467802452,21554.877369875,True,False
9256,1760.0,734,7116671,0.15,0.43784571011535456,21557.085754084,True,False
9257,1530.0,909,7117580,0.15,0.44693319738041937,21559.80519875,True,False
9258,2120.0,1078,7118658,0.15,0.4328815882478505,21563.144141375,True,False
9259,1730.0,947,7119605,0.15,0.4424473043484024,21566.077116334,True,False
9260,770.0,575,7120180,0.15,0.4134691397969921,21567.812520209,True,False
9261,1740.0,912,7121092,0.15,0.503907889879325,21570.819202084,True,False
9262,640.0,640,7121732,0.15,0.5816828388720751,21572.964320584,True,False
9263,2090.0,888,7122620,0.15,0.4869462772532626,21575.642067292,True,False
9264,450.0,420,7123040,0.15,0.41302090677477066,21576.952425875003,True,False
9265,1580.0,891,7123931,0.15,0.5284303296860811,21580.113853292,True,False
9266,1850.0,899,7124830,0.15,0.4391854822635651,21582.790070584,True,False
9267,1860.0,1116,7125946,0.15,0.4799952688076163,21586.139417834,True,False
9268,2030.0,1146,7127092,0.15,0.4702892786326724,21589.551700625,True,False
9269,1580.0,1097,7128189,0.15,0.433849974977274,21592.864723500003,True,False
