episode,score,steps,total_steps,exploration,mean_loss,elapsed_seconds,terminated,truncated
1,130.0,385,385,1.0,nan,0.1546369580028113,True,False
2,490.0,722,1107,0.1,0.023762568107081786,0.7225072919973172,True,False
3,1160.0,552,1659,0.1,0.02742135925939732,2.2556786249988363,True,False
4,680.0,600,2259,0.1,0.03168011718895286,3.905126500001643,True,False
5,330.0,461,2720,0.1,0.032801366225487134,5.19849916700332,True,False
6,680.0,514,3234,0.1,0.03226419429302041,6.628408832999412,True,False
7,570.0,540,3774,0.1,0.037754892558721755,8.128922417003196,True,False
8,1050.0,647,4421,0.1,0.03614237004198295,9.907365749997552,True,False
9,1200.0,743,5164,0.1,0.04028898780234158,12.067584500000521,True,False
10,370.0,534,5698,0.1,0.03622716987817163,13.562107917001413,True,False
11,500.0,555,6253,0.1,0.03741421879239032,15.104229374999704,True,False
12,860.0,645,6898,0.1,0.03609515840378561,16.895098291999602,True,False
13,660.0,716,7614,0.1,0.03855916272130842,18.86710070799745,True,False
14,550.0,544,8158,0.1,0.03626359250868999,20.377331083000172,True,False
15,580.0,576,8734,0.1,0.03747646469208929,21.980185749998782,True,False
16,490.0,499,9233,0.1,0.038261603387072685,23.36464595799771,True,False
17,440.0,478,9711,0.1,0.04171952356373062,24.700319875002606,True,False
18,910.0,720,10431,0.1,0.03896401541359309,26.706372000000556,True,False
19,390.0,383,10814,0.1,0.04013706837577047,27.794341332999466,True,False
20,320.0,415,11229,0.1,0.0418097850387522,28.95343866699841,True,False
21,570.0,537,11766,0.1,0.04097773371014132,30.46894133299793,True,False
22,880.0,677,12443,0.1,0.04198533966972013,32.380990999998176,True,False
23,1070.0,729,13172,0.1,0.04416194597839332,34.43066854200151,True,False
24,640.0,630,13802,0.1,0.03973636238473901,36.204653916996904,True,False
25,640.0,552,14354,0.1,0.045373492518210434,37.78605383299873,True,False
26,480.0,485,14839,0.1,0.044878513910153434,39.86257474999729,True,False
27,1070.0,596,15435,0.1,0.04937610077365433,41.5282274170022,True,False
28,420.0,494,15929,0.1,0.04751665212754761,42.92006695800228,True,False
29,380.0,414,16343,0.1,0.04760096233012607,44.091893875003734,True,False
30,300.0,361,16704,0.1,0.04824176790182489,45.13319745800254,True,False
31,1570.0,740,17444,0.1,0.04792530493861115,47.39247529199929,True,False
32,870.0,739,18183,0.1,0.04554420428694752,49.49359233299765,True,False
33,410.0,396,18579,0.1,0.04563469982075721,50.62291025000013,True,False
34,2450.0,903,19482,0.1,0.047201242079480295,53.1763630830028,True,False
35,2730.0,1158,20640,0.1,0.05304470432456583,56.43052083299699,True,False
36,830.0,587,21227,0.1,0.0507103460585724,58.08282775000407,True,False
37,310.0,426,21653,0.1,0.054851028724425585,59.29939841700252,True,False
38,360.0,362,22015,0.1,0.054661616610570084,60.34071845799917,True,False
39,660.0,736,22751,0.1,0.05042037380980733,62.419182999998156,True,False
40,420.0,449,23200,0.1,0.05135062613021747,63.71609383299801,True,False
41,210.0,402,23602,0.1,0.05186087269335985,64.94544354199752,True,False
42,1030.0,1082,24684,0.1,0.053803278583469644,68.10650633300247,True,False
43,590.0,562,25246,0.1,0.053710509803412215,69.73788987500302,True,False
44,2790.0,1002,26248,0.1,0.050004671724787744,72.63725429199985,True,False
45,950.0,713,26961,0.1,0.05445564986635627,74.6702884999977,True,False
46,970.0,686,27647,0.1,0.04958369785494972,76.63994875000208,True,False
47,570.0,579,28226,0.1,0.05898661837624065,78.31513533300313,True,False
48,820.0,765,28991,0.1,0.05415312551371558,80.49467591699795,True,False
49,900.0,682,29673,0.1,0.06367842868863664,82.44992333299888,True,False
50,480.0,555,30228,0.1,0.05707093371118573,84.04296420799801,True,False
51,790.0,677,30905,0.1,0.0680472630698829,86.94918787499773,True,False
52,520.0,494,31399,0.1,0.06087247579835537,88.359776917001,True,False
53,1040.0,1050,32449,0.1,0.05966368743250352,91.38176366699918,True,False
54,430.0,391,32840,0.1,0.06163949928987695,92.52723858300305,True,False
55,420.0,440,33280,0.1,0.0692970385520973,93.81556958299916,True,False
56,690.0,664,33944,0.1,0.06712131278522043,95.71479095800169,True,False
57,690.0,637,34581,0.1,0.06640629040417056,97.58146866699826,True,False
58,1330.0,801,35382,0.1,0.05793539559934288,99.9140436250018,True,False
59,830.0,682,36064,0.1,0.06403377899431695,101.90117662500415,True,False
60,710.0,683,36747,0.1,0.06668401331750347,103.8691808750009,True,False
61,590.0,583,37330,0.1,0.060707290985379116,105.56442824999976,True,False
62,620.0,628,37958,0.1,0.06377947036841303,107.39186429200345,True,False
63,1110.0,876,38834,0.1,0.06488739596212019,110.00882037499832,True,False
64,560.0,593,39427,0.1,0.06151137428635077,111.76114666699868,True,False
65,650.0,635,40062,0.1,0.06412106785196928,113.6272554169991,True,False
66,480.0,526,40588,0.1,0.0684441175121306,115.16881083299813,True,False
67,520.0,512,41100,0.1,0.060848197594168596,116.67579208299867,True,False
68,530.0,416,41516,0.1,0.07132409126139604,117.90295616700314,True,False
69,700.0,835,42351,0.1,0.05871688347094907,120.38048229199921,True,False
70,420.0,437,42788,0.1,0.07225767561996525,121.68770783299988,True,False
71,1480.0,849,43637,0.1,0.0637151488599385,124.16914304200327,True,False
72,760.0,701,44338,0.1,0.06915656555444002,126.24704704200121,True,False
73,1640.0,1192,45530,0.1,0.06531317245165173,129.74706295799842,True,False
74,890.0,713,46243,0.1,0.07301152844421482,131.83263287499722,True,False
75,370.0,382,46625,0.1,0.07248860905140948,132.97008645800088,True,False
76,1340.0,667,47292,0.1,0.06943335775341727,135.78929100000096,True,False
77,940.0,785,48077,0.1,0.06676291790790856,138.09707541699754,True,False
78,520.0,665,48742,0.1,0.06440602760784418,140.0718287080017,True,False
79,970.0,705,49447,0.1,0.07169294785126112,142.16737049999938,True,False
80,1390.0,746,50193,0.1,0.06981183229920698,144.38694424999994,True,False
81,1310.0,1024,51217,0.1,0.06885857403176487,147.3973709999991,True,False
82,760.0,559,51776,0.1,0.06590195705981126,149.05519983299746,True,False
83,460.0,472,52248,0.1,0.062406307638828026,150.46246220800094,True,False
84,750.0,719,52967,0.1,0.07314962315159804,152.59586404199945,True,False
85,490.0,398,53365,0.1,0.07965566836297512,153.79868608299876,True,False
86,430.0,479,53844,0.1,0.06768583078713467,155.22446645799937,True,False
87,530.0,524,54368,0.1,0.06809309459796162,156.82990337500087,True,False
88,610.0,511,54879,0.1,0.07528682840680044,158.35782912500144,True,False
89,850.0,617,55496,0.1,0.07345841776339278,160.21132887499698,True,False
90,990.0,631,56127,0.1,0.07373054545064262,162.1648810830011,True,False
91,310.0,498,56625,0.1,0.08032615102827549,163.7418497079998,True,False
92,1010.0,819,57444,0.1,0.06940698111202659,166.1911830829995,True,False
93,710.0,650,58094,0.1,0.0724918819837456,168.12472983299813,True,False
94,660.0,525,58619,0.1,0.07810531813964133,169.80751391700323,True,False
95,530.0,486,59105,0.1,0.07456529544299988,171.2879812079991,True,False
96,450.0,487,59592,0.1,0.07736269795320562,172.749417250001,True,False
97,800.0,629,60221,0.1,0.07832310110283126,174.77471366700047,True,False
98,430.0,382,60603,0.1,0.08018344462310013,175.9231244170005,True,False
99,450.0,469,61072,0.1,0.07733695554720649,177.3268745000023,True,False
100,240.0,375,61447,0.1,0.0873634086781612,178.44515937499818,True,False
101,410.0,553,62000,0.1,0.07565032327614671,181.04296199999953,True,False
102,430.0,501,62501,0.1,0.09718441882729531,182.5271388330002,True,False
103,580.0,656,63157,0.1,0.07672034367555525,184.4520207079986,True,False
104,380.0,598,63755,0.1,0.08108067551265227,186.2163417499978,True,False
105,1320.0,756,64511,0.1,0.08557411534071126,188.43073662499955,True,False
106,500.0,429,64940,0.1,0.07854675971557973,189.71179600000323,True,False
107,250.0,383,65323,0.1,0.07375219169219857,190.854436833004,True,False
108,860.0,746,66069,0.1,0.07550995217207919,193.05375304199697,True,False
109,380.0,525,66594,0.1,0.08132690496970224,194.59107670799858,True,False
110,230.0,346,66940,0.1,0.09306481966598966,195.62286599999788,True,False
111,710.0,709,67649,0.1,0.0834351517996714,197.6948637079986,True,False
112,760.0,684,68333,0.1,0.08589236728563818,199.7079417920031,True,False
113,990.0,715,69048,0.1,0.08767306118391913,201.80873508300283,True,False
114,690.0,567,69615,0.1,0.09725893796124357,203.47060320799937,True,False
115,590.0,516,70131,0.1,0.08853353900733844,204.99228912500257,True,False
116,800.0,683,70814,0.1,0.08414337550404302,206.99818524999864,True,False
117,600.0,565,71379,0.1,0.09038584193227985,208.6569494170035,True,False
118,280.0,457,71836,0.1,0.09218828298313463,210.0230533330032,True,False
119,350.0,511,72347,0.1,0.08893314828201541,211.7629886670038,True,False
120,810.0,620,72967,0.1,0.09385840764209147,213.76070579200314,True,False
121,570.0,630,73597,0.1,0.09345784274083149,215.68550304199744,True,False
122,480.0,597,74194,0.1,0.10536540745938784,217.51382662499964,True,False
123,350.0,534,74728,0.1,0.09410698607619573,219.16872983299982,True,False
124,360.0,450,75178,0.1,0.09752102814880866,220.5348526250018,True,False
125,450.0,425,75603,0.1,0.10377822062527796,221.83248883300257,True,False
126,810.0,863,76466,0.1,0.09856250482456137,225.04438591699727,True,False
127,700.0,619,77085,0.1,0.10023945503898206,226.90350908300024,True,False
128,1120.0,619,77704,0.1,0.09795496742571554,228.81214695800008,True,False
129,440.0,602,78306,0.1,0.09142193915943304,230.63100683299854,True,False
130,360.0,465,78771,0.1,0.10311880843424849,232.04125479199865,True,False
131,1140.0,1042,79813,0.1,0.09948223200537464,235.122730916999,True,False
132,520.0,604,80417,0.1,0.0998860713994957,236.91873037500045,True,False
133,560.0,468,80885,0.1,0.09053626308679326,238.46467570799723,True,False
134,630.0,787,81672,0.1,0.08720916052476554,240.8573943750016,True,False
135,1330.0,675,82347,0.1,0.10583532030605489,242.94988512500277,True,False
136,470.0,422,82769,0.1,0.10285489037984384,244.22372475000157,True,False
137,570.0,522,83291,0.1,0.09354670964754545,245.82287299999734,True,False
138,1310.0,534,83825,0.1,0.101020006560234,247.4265557500039,True,False
139,840.0,564,84389,0.1,0.10350807890930075,249.1282573330027,True,False
140,230.0,416,84805,0.1,0.10633658802208419,250.41728337499808,True,False
141,390.0,479,85284,0.1,0.10339912607644995,251.8729172500025,True,False
142,1450.0,778,86062,0.1,0.12155415956891075,254.18127658300364,True,False
143,860.0,758,86820,0.1,0.10386251677808009,256.4410645829994,True,False
144,1230.0,765,87585,0.1,0.1106568335297064,258.7255435420011,True,False
145,560.0,692,88277,0.1,0.10820680944991938,260.8143350419996,True,False
146,360.0,337,88614,0.1,0.112180786251667,261.83076333300414,True,False
147,1250.0,785,89399,0.1,0.1048468881980421,264.1604960830009,True,False
148,2590.0,921,90320,0.1,0.11200473401937391,266.8866172920025,True,False
149,960.0,621,90941,0.1,0.10333719302810007,268.7141875829984,True,False
150,910.0,659,91600,0.1,0.09404195699502121,270.683125167001,True,False
151,1170.0,682,92282,0.1,0.1067936211495715,273.3178903750013,True,False
152,770.0,653,92935,0.1,0.11479080455274852,275.27434808300313,True,False
153,870.0,987,93922,0.1,0.10440958887036995,278.28268079199916,True,False
154,610.0,656,94578,0.1,0.10996991791194533,280.28017591700336,True,False
155,480.0,516,95094,0.1,0.10207312907879204,281.8300797920019,True,False
156,510.0,490,95584,0.1,0.12444576905752586,283.3246543749992,True,False
157,490.0,533,96117,0.1,0.11915662701248675,284.92660908299877,True,False
158,640.0,658,96775,0.1,0.0920997452127134,286.89932470799977,True,False
159,640.0,479,97254,0.1,0.09719750115958353,288.32825904199854,True,False
160,680.0,583,97837,0.1,0.10403143677043997,290.12386283300293,True,False
161,960.0,949,98786,0.1,0.11214994710677535,292.92769791700266,True,False
162,790.0,633,99419,0.1,0.1068499874370762,294.89983116700023,True,False
163,1480.0,673,100092,0.1,0.11563672236657355,297.02735845799907,True,False
164,520.0,509,100601,0.1,0.10861722645386467,298.5984291670029,True,False
165,400.0,444,101045,0.1,0.10506880246438421,299.95192191700335,True,False
166,810.0,690,101735,0.1,0.11978497505621162,302.163599917003,True,False
167,620.0,542,102277,0.1,0.1060181128765073,303.8587603749984,True,False
168,930.0,649,102926,0.1,0.11276070228605359,305.9000482920019,True,False
169,810.0,767,103693,0.1,0.10450933101431777,308.28968558300403,True,False
170,390.0,477,104170,0.1,0.10547867193505042,309.75652137499856,True,False
171,390.0,429,104599,0.1,0.11648549790555071,311.0914244579981,True,False
172,1090.0,739,105338,0.1,0.11946764982028588,313.45330029199977,True,False
173,430.0,407,105745,0.1,0.09264696210476697,314.68999208300374,True,False
174,400.0,349,106094,0.1,0.13105487313935127,315.75083870800154,True,False
175,280.0,449,106543,0.1,0.12766888697764703,317.1005207920025,True,False
176,1140.0,742,107285,0.1,0.10510281693711075,320.2430154169997,True,False
177,2310.0,727,108012,0.1,0.1287835737342363,322.39934450000146,True,False
178,610.0,504,108516,0.1,0.12240794652865992,323.8969991249978,True,False
179,1460.0,727,109243,0.1,0.11721673354671146,326.0442490830028,True,False
180,770.0,760,110003,0.1,0.12436108083317154,328.26540725000086,True,False
181,320.0,448,110451,0.1,0.10887892720555621,329.60459224999795,True,False
182,580.0,520,110971,0.1,0.11781623400747776,331.1593372080024,True,False
183,640.0,571,111542,0.1,0.11145688166151514,332.85599387500406,True,False
184,580.0,760,112302,0.1,0.1332888089512524,335.0982343750002,True,False
185,970.0,770,113072,0.1,0.12570452104308136,337.4038228330028,True,False
186,1020.0,666,113738,0.1,0.11668006970872541,339.36800808300177,True,False
187,530.0,479,114217,0.1,0.10371087635867297,340.858310333002,True,False
188,330.0,464,114681,0.1,0.10785163841049733,342.3860399999976,True,False
189,1090.0,655,115336,0.1,0.10647549631255793,344.5800728750037,True,False
190,880.0,983,116319,0.1,0.11930544767908904,347.9990687919999,True,False
191,460.0,524,116843,0.1,0.11647512638614378,349.79751608300285,True,False
192,970.0,699,117542,0.1,0.14046684887792382,352.0714420419972,True,False
193,1120.0,810,118352,0.1,0.11405399170121536,354.6111857080032,True,False
194,1270.0,910,119262,0.1,0.10922909220311347,357.41039425000054,True,False
195,540.0,493,119755,0.1,0.12838011301629912,358.93791412500286,True,False
196,500.0,533,120288,0.1,0.0996850644891609,360.65501666699856,True,False
197,410.0,506,120794,0.1,0.12159320048337417,362.1813148750007,True,False
198,520.0,566,121360,0.1,0.10742188898295583,363.8959832920009,True,False
199,410.0,487,121847,0.1,0.1130258999457044,365.4636504579976,True,False
200,300.0,402,122249,0.1,0.11773339079895823,366.9596731249985,True,False
201,470.0,509,122758,0.1,0.12247757999387783,369.37630612499925,True,False
202,1310.0,672,123430,0.1,0.10849385895943713,371.49348504200316,True,False
203,560.0,506,123936,0.1,0.12240941649464172,373.0717882079989,True,False
204,360.0,447,124383,0.1,0.11394595082949947,374.45010224999714,True,False
205,900.0,766,125149,0.1,0.12506432488832311,376.77438670799893,True,False
206,770.0,548,125697,0.1,0.11158720966782013,378.468377666999,True,False
207,670.0,584,126281,0.1,0.13049786535334096,380.37327895800263,True,False
208,690.0,659,126940,0.1,0.11959183002737435,382.59590729200136,True,False
209,1430.0,825,127765,0.1,0.11728755602595008,385.0839896250036,True,False
210,1250.0,905,128670,0.1,0.1157428717562121,387.93467879200034,True,False
211,1120.0,718,129388,0.1,0.12272387601228224,390.0675354999985,True,False
212,1130.0,645,130033,0.1,0.11479281035963423,392.20206362500176,True,False
213,360.0,454,130487,0.1,0.12072742357850075,393.5988353330031,True,False
214,1030.0,868,131355,0.1,0.12927776936458826,396.389575125002,True,False
215,1090.0,653,132008,0.1,0.11018419642819137,398.45005879199744,True,False
216,1980.0,768,132776,0.1,0.1173676677281037,401.79687237500184,True,False
217,560.0,451,133227,0.1,0.11855686756981802,403.3817973749974,True,False
218,860.0,764,133991,0.1,0.12886919894533633,405.96832679199724,True,False
219,460.0,442,134433,0.1,0.10623163080497368,407.45142012499855,True,False
220,1670.0,1173,135606,0.1,0.12490529176674198,412.1003335420028,True,False
221,910.0,814,136420,0.1,0.12039184850622334,415.19140224999865,True,False
222,1190.0,653,137073,0.1,0.11528210239084952,417.5159673750022,True,False
223,810.0,676,137749,0.1,0.1106463630942727,419.81842979200155,True,False
224,890.0,866,138615,0.1,0.11604157384243552,422.59887300000264,True,False
225,420.0,504,139119,0.1,0.10898270892600219,424.187332583002,True,False
226,550.0,571,139690,0.1,0.11604256028556949,427.2091387920009,True,False
227,1050.0,754,140444,0.1,0.11713757558119675,429.7736005420011,True,False
228,730.0,719,141163,0.1,0.11661159146223321,432.3617484170027,True,False
229,2550.0,970,142133,0.1,0.11929662078389047,435.48866579199967,True,False
230,580.0,598,142731,0.1,0.10519954908464178,437.6435577919983,True,False
231,1290.0,1043,143774,0.1,0.12564193922669495,441.2137761670019,True,False
232,590.0,591,144365,0.1,0.13255012381469478,443.11716783299926,True,False
233,760.0,671,145036,0.1,0.10934714664749447,445.2061505829988,True,False
234,2040.0,676,145712,0.1,0.13222336810985966,447.3032670829998,True,False
235,590.0,547,146259,0.1,0.13218816881999373,449.0325969999976,True,False
236,850.0,603,146862,0.1,0.14282180190037022,450.9269628330003,True,False
237,610.0,593,147455,0.1,0.1335592649096774,452.758385000001,True,False
238,570.0,531,147986,0.1,0.11137346742688713,454.3895589579988,True,False
239,910.0,635,148621,0.1,0.12915149429496728,456.350372957997,True,False
240,380.0,455,149076,0.1,0.11455798513468421,457.7834267080034,True,False
241,570.0,536,149612,0.1,0.129762179273834,459.42069804199855,True,False
242,810.0,772,150384,0.1,0.14598702251370707,461.77948075000313,True,False
243,550.0,550,150934,0.1,0.13041864156070418,463.4709702079999,True,False
244,360.0,476,151410,0.1,0.11363687566598925,464.9416485420006,True,False
245,420.0,477,151887,0.1,0.1109119039811507,466.4032494999992,True,False
246,420.0,417,152304,0.1,0.1267353580821128,467.70634716699715,True,False
247,900.0,721,153025,0.1,0.11443538426732024,470.0345444580016,True,False
248,1140.0,856,153881,0.1,0.13060300397712774,472.6543956250025,True,False
249,830.0,638,154519,0.1,0.12122556588278627,474.6045387080012,True,False
250,620.0,515,155034,0.1,0.12914009662272857,476.1735402080012,True,False
251,850.0,594,155628,0.1,0.14553118974670468,478.9077630419997,True,False
252,1090.0,726,156354,0.1,0.1232535998794914,481.20572849999735,True,False
253,1870.0,991,157345,0.1,0.1040139736893076,484.3886952920002,True,False
254,410.0,504,157849,0.1,0.12609161860826942,485.95921700000326,True,False
255,1350.0,894,158743,0.1,0.1284430887667053,488.7522133750026,True,False
256,420.0,511,159254,0.1,0.12142669723834842,490.4112580419969,True,False
257,1160.0,1081,160335,0.1,0.12625847371226107,493.7590532920003,True,False
258,610.0,461,160796,0.1,0.11388810724020004,495.30147504199704,True,False
259,570.0,508,161304,0.1,0.09231311052040321,496.8906982080007,True,False
260,1410.0,689,161993,0.1,0.12210695475859698,499.06455395800003,True,False
261,630.0,642,162635,0.1,0.1436138529854361,501.0822321250016,True,False
262,710.0,583,163218,0.1,0.13826816730609495,502.89599483300117,True,False
263,390.0,430,163648,0.1,0.13047640383485015,504.2347832079977,True,False
264,490.0,422,164070,0.1,0.13794188283029057,505.53178441699856,True,False
265,920.0,819,164889,0.1,0.1339849486492756,508.02035525000247,True,False
266,460.0,482,165371,0.1,0.10489464020356536,509.4971982920033,True,False
267,1640.0,856,166227,0.1,0.13358594369247695,512.1067393749981,True,False
268,450.0,510,166737,0.1,0.12225850622053258,513.6689705000026,True,False
269,460.0,479,167216,0.1,0.14258835930377245,515.1454513749995,True,False
270,1900.0,1060,168276,0.1,0.129746619450315,518.369975833004,True,False
271,550.0,511,168787,0.1,0.12305285618823814,519.9382734579995,True,False
272,560.0,554,169341,0.1,0.13221443121542606,521.6563992500014,True,False
273,930.0,555,169896,0.1,0.1386516621912555,523.3628782079977,True,False
274,530.0,524,170420,0.1,0.12409735546369134,524.9974412500014,True,False
275,420.0,545,170965,0.1,0.12442287384285866,526.6545452080027,True,False
276,1290.0,548,171513,0.1,0.1354286650698768,529.1607802500002,True,False
277,350.0,498,172011,0.1,0.12457360525525385,530.6779755419993,True,False
278,580.0,474,172485,0.1,0.10392627462807323,532.1348302080005,True,False
279,420.0,551,173036,0.1,0.12360194577174126,533.8091003750014,True,False
280,1610.0,877,173913,0.1,0.1297553768253898,536.4518191669995,True,False
281,340.0,362,174275,0.1,0.14947993277261654,537.5544911670004,True,False
282,510.0,433,174708,0.1,0.14616810578271883,538.8682756249982,True,False
283,810.0,568,175276,0.1,0.1252792464752852,540.5986251249997,True,False
284,550.0,463,175739,0.1,0.10482683026272317,542.0088009169995,True,False
285,400.0,431,176170,0.1,0.11833639541226956,543.3333585,True,False
286,1410.0,824,176994,0.1,0.1297515873227594,545.821926083001,True,False
287,780.0,558,177552,0.1,0.1416925664458956,547.517045958004,True,False
288,380.0,422,177974,0.1,0.12626481297470274,548.8125657920027,True,False
289,290.0,388,178362,0.1,0.11899017198875393,550.0072183750017,True,False
290,690.0,701,179063,0.1,0.13491818093827793,552.1444587080041,True,False
291,290.0,445,179508,0.1,0.17530091989985003,553.5223532079981,True,False
292,1480.0,879,180387,0.1,0.13325892888928112,556.187498416999,True,False
293,750.0,725,181112,0.1,0.13325175070869072,558.3813131670031,True,False
294,370.0,465,181577,0.1,0.13426354450398478,559.8159531670026,True,False
295,450.0,448,182025,0.1,0.11188919925396996,561.2489889999997,True,False
296,840.0,656,182681,0.1,0.17204826479641402,563.2562889170003,True,False
297,970.0,891,183572,0.1,0.13192750307242698,565.9596618750002,True,False
298,720.0,588,184160,0.1,0.1449349581764466,567.7570978330041,True,False
299,760.0,547,184707,0.1,0.14066554993555389,569.4310227919996,True,False
300,480.0,399,185106,0.1,0.13486939910799264,570.6779855830027,True,False
301,650.0,553,185659,0.1,0.14825251919851787,573.3060850830007,True,False
302,410.0,522,186181,0.1,0.13144984706269422,574.926233457998,True,False
303,1070.0,862,187043,0.1,0.14251689507171164,577.5928408330001,True,False
304,450.0,596,187639,0.1,0.11578098097003546,579.3954107500031,True,False
305,740.0,614,188253,0.1,0.1512729310394301,581.2972025420022,True,False
306,670.0,615,188868,0.1,0.14306789862790278,583.1925551669992,True,False
307,1080.0,758,189626,0.1,0.12987785081738834,585.5049086250001,True,False
308,440.0,522,190148,0.1,0.13710388255426448,587.1247514580027,True,False
309,650.0,617,190765,0.1,0.14379211310781054,589.0398133330018,True,False
310,2460.0,990,191755,0.1,0.1352634218856994,592.0119612499984,True,False
311,320.0,371,192126,0.1,0.11314651089650328,593.1524562080012,True,False
312,1300.0,1037,193163,0.1,0.12925066631359253,596.2696305830032,True,False
313,780.0,609,193772,0.1,0.15324782599615894,598.1259962499971,True,False
314,520.0,498,194270,0.1,0.14692489642109122,599.6882305000036,True,False
315,930.0,634,194904,0.1,0.13784786275113528,601.6519902500004,True,False
316,630.0,480,195384,0.1,0.15059189970294634,603.1473852920026,True,False
317,1020.0,886,196270,0.1,0.11558010988780276,605.8857332920015,True,False
318,1850.0,828,197098,0.1,0.16243676910545804,608.4432871250028,True,False
319,1360.0,715,197813,0.1,0.15341029180911,610.6611283329985,True,False
320,270.0,336,198149,0.1,0.12019910964937437,611.7095754170005,True,False
321,1600.0,763,198912,0.1,0.15621078054357262,614.0400125829983,True,False
322,1480.0,805,199717,0.1,0.13591535645652913,616.4708907500026,True,False
323,1430.0,617,200334,0.1,0.12870239570446604,618.3536363329986,True,False
324,460.0,451,200785,0.1,0.11255537559467871,619.73779775,True,False
325,640.0,640,201425,0.1,0.13102578175021334,621.6917317499974,True,False
326,990.0,771,202196,0.1,0.11619276867050272,625.1234720830034,True,False
327,680.0,627,202823,0.1,0.12366058548482564,627.0234535830023,True,False
328,1030.0,723,203546,0.1,0.12988258667743008,629.3609878330026,True,False
329,760.0,809,204355,0.1,0.15128858482446705,631.8862804169985,True,False
330,770.0,662,205017,0.1,0.11675862130899746,633.9264792079994,True,False
331,200.0,382,205399,0.1,0.17412061263856135,635.1133370829994,True,False
332,1030.0,599,205998,0.1,0.14369219578802586,637.0117317920012,True,False
333,490.0,444,206442,0.1,0.13828596076718322,638.3831421249997,True,False
334,330.0,430,206872,0.1,0.15994350189619042,639.7135366250004,True,False
335,490.0,499,207371,0.1,0.13933040784491646,641.2529980830004,True,False
336,1380.0,810,208181,0.1,0.14490450685614437,643.7215761249972,True,False
337,570.0,508,208689,0.1,0.11698863667061948,645.2828528329992,True,False
338,470.0,453,209142,0.1,0.14406513262836806,646.6778084580001,True,False
339,560.0,538,209680,0.1,0.16804534672862953,648.3412778330021,True,False
340,400.0,401,210081,0.1,0.16018573177978396,649.6135563330026,True,False
341,1640.0,821,210902,0.1,0.1533481495409477,652.1338328330021,True,False
342,500.0,436,211338,0.1,0.1694162177314999,653.4976050000041,True,False
343,660.0,581,211919,0.1,0.14880336624538076,655.2698371250008,True,False
344,1870.0,775,212694,0.1,0.1336102981081943,657.6367041249978,True,False
345,610.0,498,213192,0.1,0.13702187597751617,659.1665960829996,True,False
346,1220.0,828,214020,0.1,0.1513357673848165,661.717181,True,False
347,1000.0,810,214830,0.1,0.13760611770840564,664.2047319999983,True,False
348,520.0,466,215296,0.1,0.1417500646546101,665.8683896669972,True,False
349,450.0,419,215715,0.1,0.12618011590809777,667.4880755420018,True,False
350,740.0,507,216222,0.1,0.11184403625881578,669.1864756249997,True,False
351,280.0,389,216611,0.1,0.15030769064792038,671.4414062080032,True,False
352,540.0,595,217206,0.1,0.13354515525568653,673.2922685829981,True,False
353,560.0,525,217731,0.1,0.14322472235742417,674.945020625004,True,False
354,1090.0,876,218607,0.1,0.13989429629182434,677.6620225829975,True,False
355,1240.0,788,219395,0.1,0.13260989094408332,680.1094562080034,True,False
356,940.0,662,220057,0.1,0.13848146303635406,682.1974113750039,True,False
357,800.0,655,220712,0.1,0.1510032260018151,684.241197000003,True,False
358,420.0,346,221058,0.1,0.1151197987586953,685.3351685419984,True,False
359,490.0,485,221543,0.1,0.13624565755132556,686.8519212500032,True,False
360,1420.0,1200,222743,0.1,0.15619856579229235,690.610625207999,True,False
361,990.0,676,223419,0.1,0.1224648604422984,692.7065223750033,True,False
362,820.0,616,224035,0.1,0.13375614008975106,694.6358039170009,True,False
363,710.0,848,224883,0.1,0.1511928102458423,697.2663098749981,True,False
364,650.0,541,225424,0.1,0.1336756762706072,699.015875582998,True,False
365,500.0,651,226075,0.1,0.15752713398341042,701.0744005829984,True,False
366,700.0,688,226763,0.1,0.11945171750605453,703.2382997500026,True,False
367,450.0,511,227274,0.1,0.1837828959687613,704.8652703749976,True,False
368,810.0,581,227855,0.1,0.15331443129428501,706.7007525829977,True,False
369,890.0,780,228635,0.1,0.13563660909541142,709.2960664999991,True,False
370,370.0,356,228991,0.1,0.1284140988012378,710.4636662499979,True,False
371,860.0,648,229639,0.1,0.1384819056953729,712.4793348329986,True,False
372,780.0,562,230201,0.1,0.1515787635262765,714.2804499170015,True,False
373,940.0,688,230889,0.1,0.12879719437901363,716.4391073329971,True,False
374,1380.0,973,231862,0.1,0.15018662945999775,719.4571242500024,True,False
375,540.0,444,232306,0.1,0.11839057627629053,720.9237940419989,True,False
376,1260.0,679,232985,0.1,0.14269207937862066,723.763223957998,True,False
377,790.0,715,233700,0.1,0.12136727146929203,726.0469053749985,True,False
378,620.0,1006,234706,0.1,0.14912822640007473,729.2376649170037,True,False
379,540.0,462,235168,0.1,0.12648688794659643,730.7448070000028,True,False
380,710.0,589,235757,0.1,0.10755450123933707,732.6194824999984,True,False
381,780.0,590,236347,0.1,0.1499329649393453,734.4687824580033,True,False
382,870.0,648,236995,0.1,0.13043498948078464,736.5143510830021,True,False
383,1780.0,838,237833,0.1,0.12748986810800575,739.1732522079983,True,False
384,730.0,505,238338,0.1,0.15441787705594112,740.941631624999,True,False
385,1790.0,947,239285,0.1,0.13967678951343152,744.108667499997,True,False
386,450.0,458,239743,0.1,0.1312706858050405,745.7480957919979,True,False
387,1540.0,820,240563,0.1,0.1470212493273543,748.5572779580034,True,False
388,1040.0,733,241296,0.1,0.11901492638634922,751.0365140830036,True,False
389,500.0,489,241785,0.1,0.1427514158403043,752.666245583001,True,False
390,690.0,815,242600,0.1,0.1461433386156226,755.3030257920036,True,False
391,1040.0,989,243589,0.1,0.1502692080159419,758.6350702080017,True,False
392,1230.0,809,244398,0.1,0.12464750538773761,761.2745332499981,True,False
393,480.0,516,244914,0.1,0.15084807616622412,763.6249454170029,True,False
394,510.0,440,245354,0.1,0.15367701290683314,765.310601666999,True,False
395,1830.0,760,246114,0.1,0.13005785259761307,767.9408418329986,True,False
396,1130.0,888,247002,0.1,0.1279934126934087,771.1393343750024,True,False
397,670.0,507,247509,0.1,0.12461077817165711,772.9067848749983,True,False
398,790.0,648,248157,0.1,0.14167767601018702,775.3858278330008,True,False
399,320.0,425,248582,0.1,0.1348372040808482,776.7442140830026,True,False
400,690.0,754,249336,0.1,0.15646442624114493,779.165765167003,True,False
401,770.0,486,249822,0.1,0.15137650702179464,781.6940840419993,True,False
402,300.0,346,250168,0.1,0.10604440429429898,782.8108251669983,True,False
403,450.0,437,250605,0.1,0.1241503647537133,784.2433484170033,True,False
404,430.0,394,250999,0.1,0.12712829902159925,785.6863991670034,True,False
405,660.0,486,251485,0.1,0.14095640556550906,787.4211467920031,True,False
406,1300.0,720,252205,0.1,0.12789915591064427,789.7803620420018,True,False
407,410.0,487,252692,0.1,0.14754090158910046,791.5229734579989,True,False
408,350.0,408,253100,0.1,0.14305197202837935,793.2015590829978,True,False
409,650.0,478,253578,0.1,0.13167741395407864,794.8348898749973,True,False
410,450.0,479,254057,0.1,0.13090932484095294,796.4908075420026,True,False
411,680.0,550,254607,0.1,0.14253030875085915,798.645317458002,True,False
412,820.0,683,255290,0.1,0.12425710987408607,801.0076703750019,True,False
413,530.0,468,255758,0.1,0.13549632883161053,802.5554875829985,True,False
414,1810.0,948,256706,0.1,0.14657416139662519,805.7608611670003,True,False
415,1100.0,653,257359,0.1,0.1232676546609292,807.9454826669971,True,False
416,1150.0,723,258082,0.1,0.14153282274877993,810.5804763330016,True,False
417,630.0,580,258662,0.1,0.13344744544090895,815.1212121670033,True,False
418,510.0,470,259132,0.1,0.1182681436539959,817.759187124997,True,False
419,930.0,677,259809,0.1,0.1276465502936812,820.7064645830033,True,False
420,190.0,310,260119,0.1,0.12918726872507627,821.9451104170003,True,False
421,460.0,419,260538,0.1,0.12464439036945502,823.5649213330034,True,False
422,2410.0,1010,261548,0.1,0.13335367133141507,827.7311960000006,True,False
423,1390.0,762,262310,0.1,0.16271877848592245,830.7304383750015,True,False
424,1640.0,915,263225,0.1,0.14660623025832348,836.3529962079992,True,False
425,720.0,565,263790,0.1,0.13768368121897076,839.1487179169999,True,False
426,580.0,553,264343,0.1,0.13608639343115297,841.9841752920038,True,False
427,1060.0,784,265127,0.1,0.12156050535375063,845.7868314169973,True,False
428,380.0,450,265577,0.1,0.14721473969057597,847.8908517500022,True,False
429,660.0,557,266134,0.1,0.15905911333376554,850.3046565420009,True,False
430,490.0,414,266548,0.1,0.12808690639212728,852.436842957999,True,False
431,2090.0,859,267407,0.1,0.13693011668728333,855.4525164579973,True,False
432,1590.0,1140,268547,0.1,0.14593751757291326,859.287555707997,True,False
433,1030.0,692,269239,0.1,0.17443097415084094,861.5333787920026,True,False
434,540.0,454,269693,0.1,0.14277798484749438,863.0227812079975,True,False
435,1280.0,942,270635,0.1,0.13836853149882022,866.055627624999,True,False
436,410.0,442,271077,0.1,0.11887785929951582,867.4884478750027,True,False
437,430.0,399,271476,0.1,0.14856783229857684,868.7863909169973,True,False
438,880.0,754,272230,0.1,0.13782426429555772,871.3864069999981,True,False
439,1500.0,693,272923,0.1,0.15086400251555648,873.5841868330026,True,False
440,2260.0,899,273822,0.1,0.11543080973128478,876.4535858750023,True,False
441,1050.0,696,274518,0.1,0.14730060014916563,878.8509404170036,True,False
442,810.0,823,275341,0.1,0.14858200602251495,881.441606542001,True,False
443,360.0,377,275718,0.1,0.1506590072184484,882.7180769999977,True,False
444,830.0,692,276410,0.1,0.14564923962545878,884.9836038330031,True,False
445,940.0,527,276937,0.1,0.15613603560874859,886.6784582920009,True,False
446,1070.0,1188,278125,0.1,0.14415526944479157,890.9460336249977,True,False
447,410.0,371,278496,0.1,0.15229631716045,892.1159197079978,True,False
448,1640.0,834,279330,0.1,0.15057004389102355,894.8513814170001,True,False
449,1120.0,772,280102,0.1,0.17166715121099368,897.6046892500017,True,False
450,1300.0,546,280648,0.1,0.16698573320342677,899.3700561669975,True,False
451,710.0,600,281248,0.1,0.14717178247869014,902.6720820830014,True,False
452,1280.0,882,282130,0.1,0.15284256534650922,905.6917839169982,True,False
453,1130.0,846,282976,0.1,0.14938774091226734,908.4534113749978,True,False
454,560.0,531,283507,0.1,0.1357414247185895,910.1729206669988,True,False
455,360.0,404,283911,0.1,0.15456562893151646,911.4832865830031,True,False
456,730.0,564,284475,0.1,0.14592564276399764,913.4264172920011,True,False
457,1610.0,998,285473,0.1,0.1470681980215013,916.7313117500016,True,False
458,1320.0,667,286140,0.1,0.125479712636171,918.9442753749972,True,False
459,440.0,416,286556,0.1,0.1114943701809702,920.2639537499999,True,False
460,560.0,665,287221,0.1,0.15725996588771962,922.4680653329997,True,False
461,930.0,546,287767,0.1,0.14219274273936583,924.3136304170039,True,False
462,340.0,482,288249,0.1,0.14589084928070217,925.853468082998,True,False
463,750.0,526,288775,0.1,0.14094065421239566,927.4919712920018,True,False
464,340.0,488,289263,0.1,0.14281631320653881,929.0540520420036,True,False
465,850.0,601,289864,0.1,0.1458110853116836,931.0309840830014,True,False
466,320.0,457,290321,0.1,0.13307646170193166,932.7151955000008,True,False
467,1110.0,1207,291528,0.1,0.1381259834554219,938.7876325830002,True,False
468,660.0,587,292115,0.1,0.15606014079682223,941.1096095419998,True,False
469,870.0,692,292807,0.1,0.1426042516882709,944.4811807919978,True,False
470,2300.0,828,293635,0.1,0.13132794611695883,947.5473985830031,True,False
471,420.0,460,294095,0.1,0.15133644711712133,949.6055228749974,True,False
472,610.0,474,294569,0.1,0.1348310154901833,951.230680875,True,False
473,1250.0,719,295288,0.1,0.1260632426271008,953.732645791999,True,False
474,870.0,590,295878,0.1,0.12673482011218054,955.8618387919996,True,False
475,790.0,591,296469,0.1,0.1399116307194974,957.8655682919998,True,False
476,1450.0,920,297389,0.1,0.13335445465762977,963.5521304170034,True,False
477,720.0,540,297929,0.1,0.13000411925216515,965.6661145000035,True,False
478,910.0,766,298695,0.1,0.14338518714249446,968.7398806249985,True,False
479,450.0,479,299174,0.1,0.15824357164092362,970.469745082999,True,False
480,490.0,441,299615,0.1,0.15122896261851895,972.1012437919999,True,False
481,1030.0,752,300367,0.1,0.13053069386551988,974.9398722080005,True,False
482,560.0,512,300879,0.1,0.134910440116073,976.7133170419984,True,False
483,1510.0,807,301686,0.1,0.14851323035683964,980.227633208,True,False
484,1210.0,1000,302686,0.1,0.13902594766020776,984.5314567919995,True,False
485,1540.0,949,303635,0.1,0.13982442247716687,987.9351490830013,True,False
486,340.0,415,304050,0.1,0.1654992884454819,989.2551192079991,True,False
487,810.0,639,304689,0.1,0.12424454883439466,991.5823693330021,True,False
488,1410.0,799,305488,0.1,0.1368521437048912,994.2112475000031,True,False
489,1040.0,609,306097,0.1,0.15682419873528966,996.1664083750002,True,False
490,510.0,522,306619,0.1,0.11720474373835783,997.9643296249997,True,False
491,1090.0,675,307294,0.1,0.14667838638835756,1000.2247942920003,True,False
492,660.0,497,307791,0.1,0.13385422116205578,1001.7773855420019,True,False
493,980.0,669,308460,0.1,0.14669584853219844,1003.8745506249979,True,False
494,580.0,498,308958,0.1,0.15644542812820403,1005.4855857500006,True,False
495,900.0,785,309743,0.1,0.13688855170633416,1008.2136534579986,True,False
496,1560.0,1006,310749,0.1,0.14441037214257652,1011.5260589169993,True,False
497,3380.0,1023,311772,0.1,0.13635563589195954,1014.7342366669982,True,False
498,760.0,640,312412,0.1,0.12732358006760477,1016.8092017500021,True,False
499,2260.0,1160,313572,0.1,0.15694559697254465,1020.8315165000022,True,False
500,1150.0,996,314568,0.1,0.1365096361477332,1023.9481850419979,True,False
501,680.0,630,315198,0.1,0.15111207323753909,1026.760333625003,True,False
502,560.0,453,315651,0.1,0.12695146183920117,1029.221855542004,True,False
503,900.0,825,316476,0.1,0.1520203586289848,1032.3623543330032,True,False
504,820.0,769,317245,0.1,0.13839738241707286,1035.521466625003,True,False
505,640.0,593,317838,0.1,0.13807690042901682,1038.560105042001,True,False
506,500.0,435,318273,0.1,0.14612328871196018,1040.002429207998,True,False
507,430.0,383,318656,0.1,0.13280486109821746,1041.3447355829994,True,False
508,450.0,414,319070,0.1,0.14769459358479792,1042.921797791998,True,False
509,280.0,329,319399,0.1,0.1313921170218325,1044.0848709580023,True,False
510,210.0,387,319786,0.1,0.17988189542186014,1045.8897996669984,True,False
511,1090.0,848,320634,0.1,0.1491916665614073,1048.8927499170022,True,False
512,1350.0,672,321306,0.1,0.14332890818782507,1051.1130769169977,True,False
513,2940.0,1043,322349,0.1,0.14468182925263356,1054.4889127499991,True,False
514,360.0,480,322829,0.1,0.137346678879112,1056.0302854999973,True,False
515,390.0,414,323243,0.1,0.1446287442830581,1057.351826625003,True,False
516,350.0,388,323631,0.1,0.17979425499119708,1058.5992749170036,True,False
517,1040.0,709,324340,0.1,0.1561517602021105,1060.8466557920037,True,False
518,800.0,517,324857,0.1,0.16149938428529012,1062.5996915830037,True,False
519,390.0,524,325381,0.1,0.15331641297417742,1064.417879958004,True,False
520,1680.0,958,326339,0.1,0.14460116326341318,1067.4692044999974,True,False
521,750.0,520,326859,0.1,0.17587747730028172,1069.3770433329992,True,False
522,1370.0,905,327764,0.1,0.14603219754862629,1072.5311860000002,True,False
523,470.0,420,328184,0.1,0.1379899861557143,1073.971922167002,True,False
524,660.0,515,328699,0.1,0.1568881269049598,1075.7016903330004,True,False
525,1510.0,812,329511,0.1,0.14466802521695937,1078.4461852500026,True,False
526,930.0,820,330331,0.1,0.15046690680631777,1082.7665815,True,False
527,1690.0,774,331105,0.1,0.15141524228545808,1085.4133630830038,True,False
528,650.0,532,331637,0.1,0.16499566751763337,1087.1189519580003,True,False
529,1610.0,816,332453,0.1,0.1627907472772195,1089.869761916998,True,False
530,610.0,636,333089,0.1,0.14810084129841822,1092.0727338750003,True,False
531,360.0,398,333487,0.1,0.15057074105498766,1093.3350940829987,True,False
532,1100.0,703,334190,0.1,0.16179107780441304,1095.5542741669997,True,False
533,950.0,639,334829,0.1,0.1659207986900583,1097.6235011669996,True,False
534,1150.0,679,335508,0.1,0.16418267110472215,1099.7455728749992,True,False
535,1290.0,904,336412,0.1,0.16376294877248265,1102.5799869580005,True,False
536,1710.0,983,337395,0.1,0.145535823748428,1105.6629905829977,True,False
537,700.0,562,337957,0.1,0.14040170097393348,1107.4142398749973,True,False
538,370.0,425,338382,0.1,0.14728020302037587,1108.8102896249984,True,False
539,1340.0,640,339022,0.1,0.1553717016126029,1111.0368694999997,True,False
540,640.0,794,339816,0.1,0.13899979261147916,1114.5393256250027,True,False
541,380.0,449,340265,0.1,0.11539431864262692,1116.5235357920028,True,False
542,250.0,495,340760,0.1,0.1125938970175001,1118.271767582999,True,False
543,1430.0,749,341509,0.1,0.17582667208610372,1120.6690674580022,True,False
544,580.0,487,341996,0.1,0.14313771055064728,1122.3698523330022,True,False
545,380.0,471,342467,0.1,0.1552874991017529,1124.1386235000027,True,False
546,2810.0,687,343154,0.1,0.13716294810305849,1126.5610721670018,True,False
547,280.0,383,343537,0.1,0.14020201546372846,1128.0207338330001,True,False
548,830.0,574,344111,0.1,0.17490718431666596,1129.9875824170012,True,False
549,1070.0,833,344944,0.1,0.15050808230691265,1132.8553999580035,True,False
550,1940.0,938,345882,0.1,0.17399243680903545,1137.0566565830013,True,False
551,670.0,591,346473,0.1,0.1742989959925212,1141.1499571669992,True,False
552,1270.0,820,347293,0.1,0.16106769377138558,1146.5720410830036,True,False
553,800.0,634,347927,0.1,0.13132407479695504,1150.9164749170013,True,False
554,170.0,366,348293,0.1,0.12734654979051455,1152.8743708330003,True,False
555,710.0,584,348877,0.1,0.14110758602108858,1156.6253785419976,True,False
556,420.0,451,349328,0.1,0.18229597660226632,1158.221060750002,True,False
557,1300.0,902,350230,0.1,0.1525210294706954,1161.285421833003,True,False
558,230.0,389,350619,0.1,0.17208297057173302,1162.7004122080034,True,False
559,1260.0,621,351240,0.1,0.15479198448025647,1164.7277217500014,True,False
560,1250.0,802,352042,0.1,0.14434008095413448,1167.3790824169992,True,False
561,370.0,414,352456,0.1,0.15783223710381067,1168.718507083002,True,False
562,600.0,558,353014,0.1,0.13363105616123555,1170.4931437080013,True,False
563,1640.0,989,354003,0.1,0.15572092170084295,1173.7195948329972,True,False
564,930.0,729,354732,0.1,0.14673357764309872,1176.0546035419975,True,False
565,1000.0,915,355647,0.1,0.13584870902265897,1180.477398832998,True,False
566,1530.0,738,356385,0.1,0.1674373999036647,1183.5912225420034,True,False
567,1160.0,764,357149,0.1,0.14741979051303333,1187.0226720830033,True,False
568,520.0,581,357730,0.1,0.15334691800947847,1189.5218250000034,True,False
569,850.0,890,358620,0.1,0.15113366257416025,1192.6514335419997,True,False
570,1340.0,693,359313,0.1,0.1624396141467756,1194.9878300420023,True,False
571,660.0,532,359845,0.1,0.14270520304098613,1196.7510346670024,True,False
572,620.0,700,360545,0.1,0.14844767269279274,1199.1761496670006,True,False
573,740.0,754,361299,0.1,0.13603889084163498,1201.8286892500037,True,False
574,660.0,724,362023,0.1,0.13883343707379056,1206.5654382499997,True,False
575,1460.0,784,362807,0.1,0.13711649106283272,1209.1673337500033,True,False
576,940.0,636,363443,0.1,0.13096321453838228,1212.3447604169996,True,False
577,800.0,774,364217,0.1,0.1610125365772659,1215.3736406250027,True,False
578,790.0,620,364837,0.1,0.16657873781458024,1219.4702157080028,True,False
579,240.0,315,365152,0.1,0.13395047581554215,1220.820546832998,True,False
580,960.0,1170,366322,0.1,0.13773862144922558,1225.555898999999,True,False
581,750.0,805,367127,0.1,0.15983515612743981,1228.8926526249998,True,False
582,610.0,533,367660,0.1,0.1682286548442138,1231.0710048330002,True,False
583,1590.0,813,368473,0.1,0.12969368500772663,1234.2607199580016,True,False
584,1240.0,803,369276,0.1,0.14672119294603667,1237.835319042002,True,False
585,1410.0,1092,370368,0.1,0.14829361252486706,1243.9025122919993,True,False
586,840.0,702,371070,0.1,0.13404679269662925,1246.7295786250033,True,False
587,760.0,717,371787,0.1,0.14492066924631927,1249.2069596250003,True,False
588,1710.0,840,372627,0.1,0.15933571542125372,1251.9276626670035,True,False
589,1480.0,776,373403,0.1,0.1515423518307891,1255.5761880420032,True,False
590,750.0,561,373964,0.1,0.15361385944411687,1257.5821851250003,True,False
591,430.0,469,374433,0.1,0.137873249176221,1259.3836257080038,True,False
592,400.0,448,374881,0.1,0.16159321307869895,1261.0337833750018,True,False
593,440.0,441,375322,0.1,0.1403789195824753,1262.7366993329997,True,False
594,1260.0,798,376120,0.1,0.14227634181268514,1266.1358285829992,True,False
595,680.0,640,376760,0.1,0.1338986881193705,1268.7776384579993,True,False
596,730.0,819,377579,0.1,0.13679456197674952,1271.9306773330027,True,False
597,1180.0,921,378500,0.1,0.14755597937997286,1275.9028235829974,True,False
598,540.0,518,379018,0.1,0.16797115647977637,1277.602367667001,True,False
599,1420.0,692,379710,0.1,0.1354727592168516,1280.1139613749983,True,False
600,420.0,576,380286,0.1,0.13142674991912726,1282.0032156250018,True,False
601,410.0,419,380705,0.1,0.12330687294403712,1287.555434791997,True,False
602,710.0,657,381362,0.1,0.14067502111968835,1290.0877252080027,True,False
603,990.0,809,382171,0.1,0.14177571179916953,1293.7361859579978,True,False
604,720.0,787,382958,0.1,0.12472575646706946,1297.2164787080037,True,False
605,1230.0,811,383769,0.1,0.13519881603312608,1301.166478250001,True,False
606,450.0,462,384231,0.1,0.17396200263629788,1302.713310332998,True,False
607,1460.0,902,385133,0.1,0.1303809479670187,1306.2843348329989,True,False
608,1280.0,866,385999,0.1,0.14672472256373753,1309.7532291669995,True,False
609,860.0,785,386784,0.1,0.1361264627294492,1312.4023146250038,True,False
610,1270.0,870,387654,0.1,0.11688683763112066,1315.2468349170013,True,False
611,580.0,494,388148,0.1,0.14239853389200666,1316.8648891670018,True,False
612,1620.0,1114,389262,0.1,0.13568527007596098,1320.4859445000038,True,False
613,900.0,608,389870,0.1,0.15162088418085323,1322.511757291999,True,False
614,630.0,587,390457,0.1,0.13255202428114657,1324.4028142079987,True,False
615,320.0,388,390845,0.1,0.154899737960899,1325.8774196250015,True,False
616,1050.0,744,391589,0.1,0.12714268636679457,1328.2840654169995,True,False
617,1860.0,949,392538,0.1,0.13302634788464895,1331.477087667001,True,False
618,810.0,622,393160,0.1,0.16188869893980715,1333.6710101249992,True,False
619,800.0,555,393715,0.1,0.1267535848327089,1335.6301932080023,True,False
620,740.0,677,394392,0.1,0.15133056155241587,1338.0563844999997,True,False
621,430.0,443,394835,0.1,0.11096928155219013,1340.1163210829982,True,False
622,570.0,521,395356,0.1,0.15950293941352203,1342.405557457998,True,False
623,580.0,530,395886,0.1,0.17407927070885446,1344.133589457997,True,False
624,560.0,508,396394,0.1,0.14138285201189554,1345.920479833003,True,False
625,1210.0,683,397077,0.1,0.1404362501609221,1348.1307519580005,True,False
626,1100.0,807,397884,0.1,0.14021307790633475,1351.6004404999985,True,False
627,430.0,405,398289,0.1,0.1296139531538333,1352.971601833,True,False
628,900.0,802,399091,0.1,0.14171887991018595,1355.5906473330033,True,False
629,1860.0,915,400006,0.1,0.15623040743757804,1359.0342093750005,True,False
630,520.0,462,400468,0.1,0.15119197849055815,1360.5822981250021,True,False
631,3060.0,1174,401642,0.1,0.13322634218775575,1365.985048167,True,False
632,280.0,375,402017,0.1,0.11960536172177563,1367.2686944579982,True,False
633,1460.0,731,402748,0.1,0.15330903256525757,1369.835688291998,True,False
634,870.0,694,403442,0.1,0.14461233537385745,1372.1054222919993,True,False
635,1320.0,660,404102,0.1,0.13973819491538134,1374.4298502919992,True,False
636,670.0,644,404746,0.1,0.15612500959209033,1376.5424875000026,True,False
637,2430.0,813,405559,0.1,0.12352218313757422,1379.2431594579975,True,False
638,1120.0,626,406185,0.1,0.15373196863349836,1382.057499249997,True,False
639,980.0,793,406978,0.1,0.12075463949580385,1384.738459332999,True,False
640,380.0,418,407396,0.1,0.140807981079533,1386.1431027080034,True,False
641,380.0,432,407828,0.1,0.1435027868417954,1387.9147680419992,True,False
642,1800.0,901,408729,0.1,0.12881935622957016,1391.3682645419976,True,False
643,1140.0,892,409621,0.1,0.13650737053844159,1394.6809829580016,True,False
644,290.0,334,409955,0.1,0.1322607432368649,1395.8145574579976,True,False
645,1220.0,697,410652,0.1,0.1605861840184246,1398.5012934999977,True,False
646,800.0,699,411351,0.1,0.14005760560561528,1401.1434359999985,True,False
647,940.0,670,412021,0.1,0.14355833051238387,1405.0244154579996,True,False
648,1470.0,768,412789,0.1,0.14021016720410748,1407.5092155419989,True,False
649,260.0,379,413168,0.1,0.12882069651233521,1408.8029029169993,True,False
650,900.0,873,414041,0.1,0.13034697606681137,1411.7631120419974,True,False
651,570.0,592,414633,0.1,0.15990141125999996,1414.8153405420016,True,False
652,810.0,700,415333,0.1,0.14552937881222794,1417.190804124999,True,False
653,470.0,400,415733,0.1,0.13096431929618121,1418.786553375001,True,False
654,1930.0,1206,416939,0.1,0.15583616631272623,1422.5798484999978,True,False
655,1200.0,956,417895,0.1,0.13133811187700498,1425.7331746670025,True,False
656,900.0,586,418481,0.1,0.13934396023602308,1427.6724599579975,True,False
657,510.0,509,418990,0.1,0.14398584936518133,1429.4410952500039,True,False
658,910.0,794,419784,0.1,0.15957489693022553,1432.3312577500037,True,False
659,1020.0,853,420637,0.1,0.15626440494553023,1435.051596666999,True,False
660,1270.0,700,421337,0.1,0.1428806055869375,1437.371876917001,True,False
661,430.0,401,421738,0.1,0.1423944828286767,1438.6902114999975,True,False
662,2110.0,604,422342,0.1,0.1508897084076673,1440.6586061249982,True,False
663,1240.0,830,423172,0.1,0.16586304327043203,1443.5548243750018,True,False
664,530.0,659,423831,0.1,0.14630600789607298,1445.6318909170004,True,False
665,480.0,511,424342,0.1,0.1397449289652286,1447.286569625001,True,False
666,1480.0,839,425181,0.1,0.13340475736629395,1449.9662337920017,True,False
667,610.0,508,425689,0.1,0.17773106028362523,1451.6171545420002,True,False
668,480.0,439,426128,0.1,0.14468596689403057,1453.0633549170016,True,False
669,540.0,474,426602,0.1,0.18114889160556308,1454.7112538750007,True,False
670,670.0,664,427266,0.1,0.13361463442175503,1456.7898980000027,True,False
671,490.0,523,427789,0.1,0.14023398882389523,1458.5531549169973,True,False
672,970.0,606,428395,0.1,0.1440619651647593,1461.5632483329973,True,False
673,390.0,439,428834,0.1,0.13576825609938664,1463.016654500003,True,False
674,1620.0,698,429532,0.1,0.1472753463366202,1465.464141999997,True,False
675,1570.0,733,430265,0.1,0.1621513626349917,1468.5257615829978,True,False
676,700.0,708,430973,0.1,0.1493017200990922,1471.762368333002,True,False
677,340.0,389,431362,0.1,0.15988529172063487,1473.295601292004,True,False
678,440.0,408,431770,0.1,0.13753719591334754,1474.9274419580033,True,False
679,540.0,610,432380,0.1,0.1706991990894274,1477.2629219579976,True,False
680,1080.0,609,432989,0.1,0.14822620535759548,1479.641362041999,True,False
681,340.0,410,433399,0.1,0.16084615553857065,1481.0494743750023,True,False
682,740.0,632,434031,0.1,0.151915732794736,1483.355473083,True,False
683,470.0,412,434443,0.1,0.15518675390088443,1484.8105122920024,True,False
684,840.0,668,435111,0.1,0.149859760168516,1487.1944007499987,True,False
685,490.0,469,435580,0.1,0.14472020783666836,1488.8997976669998,True,False
686,620.0,594,436174,0.1,0.14295731421962782,1491.0201037919978,True,False
687,930.0,734,436908,0.1,0.14563660670841194,1493.5153373330031,True,False
688,1220.0,614,437522,0.1,0.16091271650557423,1495.8951710420006,True,False
689,650.0,733,438255,0.1,0.1507268074513133,1498.3331990419974,True,False
690,1270.0,699,438954,0.1,0.17668396601719516,1500.8135403749984,True,False
691,1100.0,684,439638,0.1,0.1944344332496151,1503.1216540419991,True,False
692,400.0,506,440144,0.1,0.15124106219434363,1504.8820577919978,True,False
693,860.0,704,440848,0.1,0.15568534659475766,1507.531338875,True,False
694,470.0,467,441315,0.1,0.13108291414341536,1509.3127144169994,True,False
695,650.0,669,441984,0.1,0.1813078675019954,1511.696023042001,True,False
696,1040.0,694,442678,0.1,0.1612377869492838,1514.0620920000001,True,False
697,2400.0,854,443532,0.1,0.1353174746993964,1517.0924531249984,True,False
698,1690.0,1096,444628,0.1,0.15606571191473165,1520.8572834169972,True,False
699,2000.0,921,445549,0.1,0.15882747916747694,1524.1232003749974,True,False
700,510.0,467,446016,0.1,0.16422421692146194,1525.7582871249979,True,False
701,930.0,678,446694,0.1,0.16088295837081748,1529.2591291249992,True,False
702,480.0,496,447190,0.1,0.16946638630883348,1531.116323000002,True,False
703,510.0,468,447658,0.1,0.16262550960875985,1532.8015876670033,True,False
704,530.0,500,448158,0.1,0.1564494949877262,1534.6113632920024,True,False
705,550.0,428,448586,0.1,0.14691443595095216,1536.286637792,True,False
706,1010.0,636,449222,0.1,0.1818624264297058,1538.6714222079972,True,False
707,340.0,412,449634,0.1,0.14331267101382747,1540.1032015829987,True,False
708,1470.0,805,450439,0.1,0.1754793319943829,1543.0131315000035,True,False
709,440.0,453,450892,0.1,0.13362869283739934,1544.575310082997,True,False
710,280.0,342,451234,0.1,0.1383171351516948,1545.7439487919983,True,False
711,940.0,871,452105,0.1,0.16076499334784275,1549.047284500004,True,False
712,450.0,465,452570,0.1,0.13000518449678503,1550.6710795830004,True,False
713,570.0,448,453018,0.1,0.16635605734440365,1552.1828279170004,True,False
714,320.0,358,453376,0.1,0.14791286198629272,1553.4599163329985,True,False
715,430.0,479,453855,0.1,0.1574875017894166,1555.5096850830014,True,False
716,520.0,456,454311,0.1,0.15353578175499774,1557.2423010420025,True,False
717,450.0,438,454749,0.1,0.182181479036808,1558.7183122080023,True,False
718,1610.0,884,455633,0.1,0.15302733025972928,1561.9957454579999,True,False
719,760.0,808,456441,0.1,0.1587498917401132,1564.687353292,True,False
720,600.0,471,456912,0.1,0.18688522298204696,1566.7760405419976,True,False
721,780.0,807,457719,0.1,0.17784353568964634,1569.6170345830033,True,False
722,780.0,682,458401,0.1,0.17176308530813073,1572.6053399579978,True,False
723,340.0,341,458742,0.1,0.2254806630751666,1574.361101292001,True,False
724,970.0,709,459451,0.1,0.16546563039097073,1578.2552433329984,True,False
725,1040.0,949,460400,0.1,0.19054879803022667,1583.107939833004,True,False
726,950.0,689,461089,0.1,0.14856249251034717,1586.5101652919984,True,False
727,540.0,465,461554,0.1,0.1652000119010436,1588.2709840829993,True,False
728,980.0,650,462204,0.1,0.1532779559378792,1591.6860979999983,True,False
729,650.0,422,462626,0.1,0.18782789852647555,1593.5398702079983,True,False
730,590.0,458,463084,0.1,0.17225321845515915,1595.1600301670042,True,False
731,820.0,554,463638,0.1,0.1455476987513079,1599.0702993329978,True,False
732,740.0,538,464176,0.1,0.15053531712404003,1600.921790291999,True,False
733,600.0,509,464685,0.1,0.19104734206880172,1602.9103203749983,True,False
734,380.0,484,465169,0.1,0.1374805781774777,1605.594042458004,True,False
735,1610.0,789,465958,0.1,0.16007098321079602,1609.1270982920032,True,False
736,620.0,539,466497,0.1,0.170392112903021,1611.0631345000002,True,False
737,2480.0,944,467441,0.1,0.16741216345295562,1614.4334548330007,True,False
738,450.0,522,467963,0.1,0.1716693352191494,1616.3319042500007,True,False
739,1210.0,662,468625,0.1,0.1724349960841867,1619.426857999999,True,False
740,320.0,437,469062,0.1,0.18723513322685836,1621.820309249997,True,False
741,960.0,891,469953,0.1,0.16829470036375951,1626.2376584169979,True,False
742,670.0,601,470554,0.1,0.15861981095125277,1629.8870597920031,True,False
743,430.0,493,471047,0.1,0.18359279880921045,1632.722651582997,True,False
744,1350.0,817,471864,0.1,0.17110649779802414,1636.0898144579987,True,False
745,910.0,603,472467,0.1,0.1479212553302447,1638.1702068329978,True,False
746,600.0,519,472986,0.1,0.15902633681320227,1640.7180044999986,True,False
747,420.0,437,473423,0.1,0.14762600856499936,1642.3264217500036,True,False
748,370.0,437,473860,0.1,0.14491060670803893,1643.8083554170007,True,False
749,440.0,522,474382,0.1,0.14488570154286348,1645.64929175,True,False
750,510.0,436,474818,0.1,0.13908588759806179,1648.2119302920037,True,False
751,1620.0,945,475763,0.1,0.15154422474709356,1655.2438141250022,True,False
752,1120.0,646,476409,0.1,0.13699861855050663,1658.3558281669975,True,False
753,1100.0,876,477285,0.1,0.15753465879827602,1661.5714903749977,True,False
754,750.0,522,477807,0.1,0.13519169490497845,1663.6417562920033,True,False
755,510.0,395,478202,0.1,0.16627434863135068,1665.041834542004,True,False
756,1650.0,835,479037,0.1,0.15326544153169866,1668.249506250002,True,False
757,540.0,456,479493,0.1,0.17691309158608579,1670.0479232080033,True,False
758,1670.0,825,480318,0.1,0.15885490773119104,1672.963087541997,True,False
759,930.0,954,481272,0.1,0.15121572725007223,1676.39501475,True,False
760,1670.0,981,482253,0.1,0.1688406282693756,1680.0777668329974,True,False
761,480.0,417,482670,0.1,0.13380189388632202,1681.5778944580015,True,False
762,760.0,487,483157,0.1,0.15057485978134344,1683.268149042,True,False
763,1500.0,817,483974,0.1,0.15756891194877087,1686.3547796249986,True,False
764,580.0,636,484610,0.1,0.1524973895705346,1688.5505129169978,True,False
765,750.0,680,485290,0.1,0.17200665842084323,1690.9224164999978,True,False
766,560.0,561,485851,0.1,0.15824536782290255,1693.1339719579992,True,False
767,670.0,531,486382,0.1,0.15584140503428934,1694.9211138329993,True,False
768,480.0,487,486869,0.1,0.16114035496091256,1696.7525809580038,True,False
769,1940.0,595,487464,0.1,0.16205559928445207,1698.8719144999995,True,False
770,1970.0,1081,488545,0.1,0.14530826686295095,1702.6419489170003,True,False
771,1240.0,760,489305,0.1,0.1494737908440201,1708.662793125004,True,False
772,760.0,639,489944,0.1,0.18000817287247628,1712.9007764999988,True,False
773,1040.0,590,490534,0.1,0.14316902323594305,1715.3076883329995,True,False
774,900.0,529,491063,0.1,0.1339277553682526,1717.3868539169998,True,False
775,410.0,507,491570,0.1,0.15811586478270415,1719.2083715420013,True,False
776,980.0,708,492278,0.1,0.16948659702251523,1722.7267655000032,True,False
777,820.0,614,492892,0.1,0.17929870020840075,1725.6152199999997,True,False
778,3650.0,748,493640,0.1,0.15249954910082295,1728.1363483329988,True,False
779,790.0,593,494233,0.1,0.16315696813870925,1731.0165305830014,True,False
780,660.0,550,494783,0.1,0.1638088247392082,1733.3730208749985,True,False
781,600.0,506,495289,0.1,0.13739752388141285,1736.4923013329972,True,False
782,460.0,467,495756,0.1,0.1537565075688892,1738.3052549170025,True,False
783,930.0,635,496391,0.1,0.17695862244626012,1741.069493666997,True,False
784,640.0,618,497009,0.1,0.1587223903306069,1744.4141062920025,True,False
785,390.0,364,497373,0.1,0.15420832126759565,1745.7210210420017,True,False
786,1110.0,646,498019,0.1,0.1450781536444744,1749.1314376250011,True,False
787,740.0,609,498628,0.1,0.15908144577558525,1751.6220803750039,True,False
788,630.0,547,499175,0.1,0.17683857149334953,1754.0003546669977,True,False
789,650.0,523,499698,0.1,0.17996427942892068,1755.8374638750029,True,False
790,430.0,460,500158,0.1,0.1318785433050083,1757.4841292920028,True,False
791,390.0,436,500594,0.1,0.13504942624462307,1759.1271631670024,True,False
792,450.0,438,501032,0.1,0.1613316834988919,1760.7243277079979,True,False
793,470.0,422,501454,0.1,0.1808288203463668,1762.2369740420036,True,False
794,860.0,998,502452,0.1,0.15661983827501536,1765.9160951250014,True,False
795,1000.0,614,503066,0.1,0.1735326283264394,1768.075878249998,True,False
796,500.0,502,503568,0.1,0.16979701722425128,1769.8814687080012,True,False
797,1480.0,785,504353,0.1,0.16145382812056613,1772.7912132499987,True,False
798,2300.0,1145,505498,0.1,0.15888791722799098,1776.872827457999,True,False
799,520.0,442,505940,0.1,0.16802563551846925,1778.4783055000007,True,False
800,810.0,742,506682,0.1,0.17561303484882856,1781.0229484169977,True,False
801,1620.0,853,507535,0.1,0.16194002176394484,1785.7986401250018,True,False
802,630.0,496,508031,0.1,0.1495858548329242,1788.0219902919998,True,False
803,1080.0,715,508746,0.1,0.1345849355068786,1791.3437835829973,True,False
804,370.0,444,509190,0.1,0.1694166139103808,1792.847036332998,True,False
805,820.0,614,509804,0.1,0.15649080324869652,1795.109037250004,True,False
806,610.0,471,510275,0.1,0.14827272108095324,1796.753111500002,True,False
807,960.0,870,511145,0.1,0.1601609607662903,1801.103672666999,True,False
808,440.0,443,511588,0.1,0.11867524980491884,1803.2625021670028,True,False
809,970.0,934,512522,0.1,0.15697639804861063,1807.445502417002,True,False
810,990.0,938,513460,0.1,0.124226934795684,1811.874655624997,True,False
811,1300.0,1270,514730,0.1,0.14563519107501025,1817.0222989579997,True,False
812,930.0,669,515399,0.1,0.14205356454197876,1819.633379167004,True,False
813,540.0,689,516088,0.1,0.14994537004544212,1822.6338010830004,True,False
814,580.0,489,516577,0.1,0.17444648340222288,1824.5484110830002,True,False
815,410.0,429,517006,0.1,0.18015256574568905,1826.2174740420014,True,False
816,560.0,504,517510,0.1,0.14701054311756576,1828.1122339580033,True,False
817,450.0,402,517912,0.1,0.13495132356587022,1829.5909164580007,True,False
818,840.0,656,518568,0.1,0.14321215888031008,1832.047485791998,True,False
819,1080.0,698,519266,0.1,0.14794614356567806,1834.7215912500033,True,False
820,790.0,695,519961,0.1,0.14912337518628987,1837.284438499999,True,False
821,510.0,469,520430,0.1,0.1660874120126932,1839.1127034579986,True,False
822,670.0,690,521120,0.1,0.13277252895940592,1841.6429199580016,True,False
823,750.0,588,521708,0.1,0.14007454570762964,1843.746483875002,True,False
824,1380.0,627,522335,0.1,0.15111839465605906,1846.0765156670022,True,False
825,820.0,560,522895,0.1,0.15700824446976186,1848.1610581249988,True,False
826,440.0,439,523334,0.1,0.15161946774883703,1851.0860791669984,True,False
827,510.0,523,523857,0.1,0.17323361621558211,1853.3613600419994,True,False
828,360.0,331,524188,0.1,0.14887535486774273,1854.5348632079986,True,False
829,1620.0,853,525041,0.1,0.15621503662020667,1857.6827967499994,True,False
830,420.0,497,525538,0.1,0.1775910134817804,1859.4589360829996,True,False
831,770.0,576,526114,0.1,0.12723992185460198,1861.6511659169992,True,False
832,890.0,684,526798,0.1,0.13812399952950186,1864.268494707998,True,False
833,1130.0,919,527717,0.1,0.12975849068683126,1868.2004106250024,True,False
834,560.0,457,528174,0.1,0.14610959318254077,1869.8102449170037,True,False
835,400.0,499,528673,0.1,0.1577207180261612,1871.5949399169986,True,False
836,610.0,627,529300,0.1,0.14443697996295182,1873.8737976249977,True,False
837,1090.0,827,530127,0.1,0.1441183521421355,1876.7327519579994,True,False
838,530.0,504,530631,0.1,0.13189018053549623,1878.5288767079983,True,False
839,710.0,533,531164,0.1,0.1638599357553827,1880.4211622080038,True,False
840,1800.0,906,532070,0.1,0.1476287866687089,1883.6841822080023,True,False
841,440.0,379,532449,0.1,0.13276926396708738,1884.972706499997,True,False
842,520.0,554,533003,0.1,0.12999332696199417,1887.2734762920009,True,False
843,1170.0,959,533962,0.1,0.1485617161495611,1890.5127295420025,True,False
844,480.0,525,534487,0.1,0.15822084725813101,1892.440504582999,True,False
845,580.0,427,534914,0.1,0.14753053406967181,1893.947094791998,True,False
846,550.0,549,535463,0.1,0.15337019937153715,1895.9216623329994,True,False
847,1000.0,932,536395,0.1,0.14431310525811536,1899.1940690420015,True,False
848,640.0,517,536912,0.1,0.14979261132673574,1900.946682875001,True,False
849,710.0,547,537459,0.1,0.12631157789762845,1904.1072894169993,True,False
850,1620.0,951,538410,0.1,0.15084815431511453,1907.471648083003,True,False
851,730.0,514,538924,0.1,0.15710913551639216,1910.2689549170027,True,False
852,830.0,706,539630,0.1,0.15322948921344837,1912.765437957998,True,False
853,630.0,461,540091,0.1,0.1548412497114876,1914.3311730830028,True,False
854,520.0,476,540567,0.1,0.17425119662422592,1915.9193262080007,True,False
855,660.0,439,541006,0.1,0.16303231773728674,1917.4466562919988,True,False
856,1420.0,736,541742,0.1,0.1436473589754947,1919.9812968749975,True,False
857,1130.0,789,542531,0.1,0.15124537930989326,1922.718349625,True,False
858,1060.0,797,543328,0.1,0.16080868328921497,1925.3831913329996,True,False
859,490.0,550,543878,0.1,0.14058110282423286,1927.431510208,True,False
860,1230.0,728,544606,0.1,0.1409663777429979,1929.8855702500005,True,False
861,1920.0,752,545358,0.1,0.14314186252019506,1932.403979499999,True,False
862,550.0,469,545827,0.1,0.1321331677464848,1934.0235750420034,True,False
863,1130.0,892,546719,0.1,0.13864379443829636,1937.034748375001,True,False
864,950.0,834,547553,0.1,0.15363319592470187,1939.8401636249982,True,False
865,370.0,396,547949,0.1,0.17945418250982206,1941.1887107919974,True,False
866,750.0,541,548490,0.1,0.12525694066727602,1943.0701833330022,True,False
867,480.0,432,548922,0.1,0.11651858204492817,1944.5422405420031,True,False
868,540.0,506,549428,0.1,0.1305850210973597,1946.2199213330023,True,False
869,1160.0,800,550228,0.1,0.1413241617474705,1948.9454705000026,True,False
870,1430.0,724,550952,0.1,0.1397507804656885,1951.3689355000024,True,False
871,870.0,709,551661,0.1,0.13530410912498242,1953.746449750004,True,False
872,580.0,452,552113,0.1,0.1273780246883367,1955.2502977920012,True,False
873,1530.0,753,552866,0.1,0.1488117652330944,1957.809993875002,True,False
874,510.0,413,553279,0.1,0.11113045154844672,1959.233197583002,True,False
875,640.0,510,553789,0.1,0.09713131946045905,1960.9204564579995,True,False
876,860.0,775,554564,0.1,0.1538940316315779,1966.1133025829986,True,False
877,410.0,409,554973,0.1,0.13736991699346723,1967.499848749998,True,False
878,510.0,488,555461,0.1,0.1373166063434032,1969.3447394579998,True,False
879,1080.0,666,556127,0.1,0.13585481591836876,1971.829293875002,True,False
880,1380.0,709,556836,0.1,0.12629685030852475,1974.236151457997,True,False
881,1080.0,722,557558,0.1,0.15997760372960734,1976.680808457997,True,False
882,580.0,535,558093,0.1,0.13361786736814835,1978.4582035420026,True,False
883,1200.0,681,558774,0.1,0.15120434103643193,1980.7772376670036,True,False
884,350.0,340,559114,0.1,0.1204869353595902,1981.9490240000014,True,False
885,730.0,696,559810,0.1,0.14547185856720496,1984.231947291999,True,False
886,520.0,415,560225,0.1,0.14001840517784542,1985.646665082997,True,False
887,850.0,644,560869,0.1,0.1511762676795262,1987.8246536669976,True,False
888,700.0,493,561362,0.1,0.1622467667954724,1989.4424820830027,True,False
889,830.0,570,561932,0.1,0.12357665005732667,1991.3383096670004,True,False
890,1470.0,740,562672,0.1,0.14370813446270453,1993.8565697919985,True,False
891,620.0,577,563249,0.1,0.11728538699551588,1995.7582997920035,True,False
892,260.0,311,563560,0.1,0.14087379136337683,1996.7943557079998,True,False
893,540.0,466,564026,0.1,0.14574469584200916,1998.3724266249992,True,False
894,330.0,424,564450,0.1,0.12322028149973671,1999.8633466669999,True,False
895,710.0,580,565030,0.1,0.14866926223039628,2001.7917862079994,True,False
896,1670.0,1102,566132,0.1,0.14543308603131902,2005.4767755830035,True,False
897,620.0,436,566568,0.1,0.14511434887664035,2006.927893375003,True,False
898,920.0,766,567334,0.1,0.1661551660755698,2009.4782884579981,True,False
899,530.0,461,567795,0.1,0.13308075488261553,2011.0500552079975,True,False
900,1280.0,760,568555,0.1,0.1332032776290649,2013.591108624998,True,False
901,1350.0,701,569256,0.1,0.1679086140251126,2016.8129810000028,True,False
902,1070.0,941,570197,0.1,0.15344389970315264,2020.2922059170014,True,False
903,930.0,778,570975,0.1,0.15570284396448394,2022.8502327919996,True,False
904,1240.0,851,571826,0.1,0.16619692094833918,2026.6876629580001,True,False
905,1830.0,802,572628,0.1,0.13766968935097926,2029.7828287079974,True,False
906,380.0,431,573059,0.1,0.16898592777341326,2031.3829454579973,True,False
907,840.0,658,573717,0.1,0.1252111209387129,2033.5828889999975,True,False
908,1410.0,640,574357,0.1,0.16384525971952826,2035.8042034169994,True,False
909,1040.0,704,575061,0.1,0.14897131159986285,2038.165879500004,True,False
910,790.0,596,575657,0.1,0.15034906473635828,2040.288656417004,True,False
911,1100.0,870,576527,0.1,0.14404378361004289,2043.2069435000012,True,False
912,670.0,718,577245,0.1,0.13656463218438958,2045.778107332997,True,False
913,760.0,518,577763,0.1,0.16227603941982569,2047.559017874999,True,False
914,500.0,466,578229,0.1,0.13505846954500064,2049.107210791997,True,False
915,570.0,552,578781,0.1,0.13995381517578726,2050.999408417003,True,False
916,1200.0,787,579568,0.1,0.1424120904943967,2053.6238811250005,True,False
917,210.0,288,579856,0.1,0.16148224051317406,2054.6114204170008,True,False
918,520.0,464,580320,0.1,0.15298793802102065,2056.252781791998,True,False
919,1000.0,1001,581321,0.1,0.1390342664718628,2059.577174124999,True,False
920,1400.0,810,582131,0.1,0.1444736182837203,2062.3787879579977,True,False
921,1040.0,762,582893,0.1,0.15678143565645392,2064.9175246669984,True,False
922,620.0,537,583430,0.1,0.14163977574946277,2066.7284085420033,True,False
923,1060.0,762,584192,0.1,0.15696949473733365,2069.282500250003,True,False
924,1110.0,833,585025,0.1,0.15770352175996566,2072.0571689999997,True,False
925,470.0,487,585512,0.1,0.15550624792937373,2073.6942926249976,True,False
926,2190.0,877,586389,0.1,0.13738171044379882,2077.604853750003,True,False
927,710.0,577,586966,0.1,0.14174503419134352,2079.565847167003,True,False
928,590.0,470,587436,0.1,0.1628307637016652,2081.1208682080032,True,False
929,530.0,472,587908,0.1,0.13519897932281433,2082.729275999998,True,False
930,700.0,577,588485,0.1,0.1326078035765224,2084.673417416998,True,False
931,380.0,408,588893,0.1,0.13551890039268663,2086.148774000001,True,False
932,760.0,633,589526,0.1,0.12103139248358298,2089.3995964999995,True,False
933,1000.0,906,590432,0.1,0.14875564752105574,2092.4489292080034,True,False
934,770.0,530,590962,0.1,0.11991456777534702,2094.3241586250006,True,False
935,680.0,534,591496,0.1,0.16000909677970765,2096.1591604999994,True,False
936,940.0,725,592221,0.1,0.1293348685236267,2098.6392464579985,True,False
937,530.0,457,592678,0.1,0.1518133517289371,2100.2048699169973,True,False
938,990.0,855,593533,0.1,0.14159748496087354,2103.1837858750005,True,False
939,990.0,752,594285,0.1,0.1460246692431417,2105.673075874998,True,False
940,880.0,724,595009,0.1,0.12009292822434099,2108.1535610420033,True,False
941,600.0,493,595502,0.1,0.14307358868541273,2109.8210891249983,True,False
942,620.0,590,596092,0.1,0.15077702450641506,2111.837566250004,True,False
943,470.0,473,596565,0.1,0.1265530873847715,2113.6351151670024,True,False
944,1130.0,730,597295,0.1,0.1393057386912815,2116.0638622499973,True,False
945,780.0,650,597945,0.1,0.15186173688231802,2118.307796082998,True,False
946,570.0,446,598391,0.1,0.1325659700543494,2119.8140462919982,True,False
947,1050.0,660,599051,0.1,0.1323849754125783,2122.0224504580037,True,False
948,480.0,489,599540,0.1,0.15278050161110676,2123.705726125001,True,False
949,640.0,502,600042,0.1,0.13448068092763424,2125.4667351669996,True,False
950,780.0,590,600632,0.1,0.1462613004889037,2127.4362919580017,True,False
951,930.0,710,601342,0.1,0.13688199816661029,2130.7712466250014,True,False
952,1080.0,635,601977,0.1,0.15173521569971019,2132.9696892499996,True,False
953,1710.0,871,602848,0.1,0.1341210249982296,2135.8429199579987,True,False
954,790.0,659,603507,0.1,0.13492089096547627,2138.123527083,True,False
955,570.0,455,603962,0.1,0.134598793102461,2139.6542624580034,True,False
956,430.0,513,604475,0.1,0.1505664200813044,2141.350944500002,True,False
957,650.0,504,604979,0.1,0.15439146805909418,2143.0903275419987,True,False
958,1480.0,766,605745,0.1,0.13996940111974254,2145.6325744170026,True,False
959,480.0,465,606210,0.1,0.1193231097583113,2147.470933167002,True,False
960,570.0,503,606713,0.1,0.16465592878087174,2150.1174000419996,True,False
961,330.0,422,607135,0.1,0.14813042691066153,2151.5262514999995,True,False
962,1130.0,758,607893,0.1,0.14367941984612692,2154.244708667,True,False
963,350.0,359,608252,0.1,0.14732508601413832,2155.4962158749986,True,False
964,1090.0,681,608933,0.1,0.14946882492479155,2157.7949274170023,True,False
965,450.0,471,609404,0.1,0.14402423688542035,2159.4902024170005,True,False
966,570.0,502,609906,0.1,0.16606820479035378,2161.218206917001,True,False
967,330.0,350,610256,0.1,0.14366804393516344,2162.401217749997,True,False
968,1210.0,696,610952,0.1,0.150907793895866,2164.7621541670014,True,False
969,420.0,389,611341,0.1,0.1421091355306586,2166.639011667001,True,False
970,1120.0,544,611885,0.1,0.13251329065464876,2168.637766874999,True,False
971,800.0,607,612492,0.1,0.14265875537928782,2170.688791792003,True,False
972,990.0,574,613066,0.1,0.15387880997536899,2172.6783595829984,True,False
973,390.0,397,613463,0.1,0.17304104969206482,2174.0667675000004,True,False
974,610.0,506,613969,0.1,0.14496869558659126,2175.7816100420023,True,False
975,580.0,452,614421,0.1,0.1329966070773327,2177.384431792001,True,False
976,1370.0,727,615148,0.1,0.11908335384022403,2180.589977417003,True,False
977,1290.0,847,615995,0.1,0.13738409162309215,2183.493269749997,True,False
978,2170.0,1613,617608,0.1,0.14595141459145758,2188.9517735420013,True,False
979,1200.0,942,618550,0.1,0.14945260329925,2192.130323917001,True,False
980,1820.0,1252,619802,0.1,0.14503465814831348,2196.3497092920006,True,False
981,1210.0,813,620615,0.1,0.14803694971272804,2199.1087202499984,True,False
982,1070.0,824,621439,0.1,0.15476349793663882,2201.9342959170026,True,False
983,370.0,358,621797,0.1,0.14336812425818707,2203.163714041999,True,False
984,1280.0,642,622439,0.1,0.14399510687217115,2205.2941915420015,True,False
985,830.0,677,623116,0.1,0.1459302299491623,2207.662089792,True,False
986,1130.0,844,623960,0.1,0.13576174700429655,2211.4717622919998,True,False
987,1060.0,867,624827,0.1,0.1567597617653923,2214.3731468749975,True,False
988,840.0,533,625360,0.1,0.1495961485180392,2216.2619671670036,True,False
989,710.0,527,625887,0.1,0.13978869530535837,2218.055940708,True,False
990,500.0,420,626307,0.1,0.10842537876395952,2219.5022090830025,True,False
991,860.0,724,627031,0.1,0.13680460799012065,2221.959151666997,True,False
992,1590.0,914,627945,0.1,0.15022692669947596,2225.134663042001,True,False
993,530.0,454,628399,0.1,0.13388146624892158,2226.7584778750024,True,False
994,600.0,531,628930,0.1,0.14655696609078495,2228.555049625,True,False
995,450.0,362,629292,0.1,0.1412353489425156,2229.7840488750007,True,False
996,380.0,393,629685,0.1,0.17312631600213294,2231.184588832999,True,False
997,690.0,709,630394,0.1,0.12903399182494077,2233.5983110000016,True,False
998,290.0,356,630750,0.1,0.17283464348718022,2234.829816833,True,False
999,670.0,532,631282,0.1,0.1330619698068253,2236.651162957998,True,False
1000,570.0,523,631805,0.1,0.14017414341446097,2238.433614708003,True,False
1001,590.0,512,632317,0.1,0.14371441004914232,2241.241231125001,True,False
1002,600.0,521,632838,0.1,0.1561496325983451,2243.558933207998,True,False
1003,2030.0,861,633699,0.1,0.15046487281662088,2246.8158019580005,True,False
1004,340.0,358,634057,0.1,0.1460408393293619,2248.059468874999,True,False
1005,400.0,481,634538,0.1,0.13482120411160092,2249.833072333,True,False
1006,430.0,356,634894,0.1,0.10800403892324212,2251.118759666999,True,False
1007,440.0,463,635357,0.1,0.16875880497411408,2252.697933083,True,False
1008,490.0,507,635864,0.1,0.13387594254702095,2254.4157256670005,True,False
1009,1210.0,768,636632,0.1,0.16830399226940548,2257.0551526670024,True,False
1010,770.0,623,637255,0.1,0.1496423634189752,2259.173154707998,True,False
1011,800.0,611,637866,0.1,0.1580930590337398,2261.2428066249995,True,False
1012,520.0,398,638264,0.1,0.13438041370362044,2262.5772237499987,True,False
1013,1050.0,718,638982,0.1,0.14875785979395473,2264.955180541998,True,False
1014,880.0,593,639575,0.1,0.1564509709793571,2266.9594556250013,True,False
1015,540.0,456,640031,0.1,0.17011506084287376,2268.607885833,True,False
1016,750.0,575,640606,0.1,0.14542433192643026,2271.280969332998,True,False
1017,570.0,516,641122,0.1,0.13583274685250696,2272.957712458003,True,False
1018,1460.0,842,641964,0.1,0.14816372279271978,2275.8297694580033,True,False
1019,1160.0,866,642830,0.1,0.14840044204525096,2278.7357016250025,True,False
1020,2440.0,944,643774,0.1,0.15240751290536028,2282.149784041998,True,False
1021,870.0,686,644460,0.1,0.12891295939943817,2284.4104014999975,True,False
1022,630.0,510,644970,0.1,0.14339134572293816,2286.1944427920025,True,False
1023,580.0,546,645516,0.1,0.1505017392609241,2288.0513636250034,True,False
1024,430.0,514,646030,0.1,0.12934519708505832,2289.7444471670024,True,False
1025,710.0,849,646879,0.1,0.11400933578645564,2292.6477980830023,True,False
1026,2020.0,721,647600,0.1,0.1416093796203479,2296.164064083001,True,False
1027,1730.0,867,648467,0.1,0.14657702093461045,2299.1314841249987,True,False
1028,670.0,533,649000,0.1,0.1436459110743964,2300.8783732919983,True,False
1029,620.0,720,649720,0.1,0.13635351108387112,2303.316129125,True,False
1030,1380.0,573,650293,0.1,0.15598549921768945,2305.224240249998,True,False
1031,400.0,526,650819,0.1,0.14174372847867375,2306.938370707998,True,False
1032,520.0,395,651214,0.1,0.13098797017727234,2308.281057500004,True,False
1033,610.0,447,651661,0.1,0.12672782835683652,2309.8085472500024,True,False
1034,1500.0,1118,652779,0.1,0.1414340901852829,2313.5422696250025,True,False
1035,910.0,710,653489,0.1,0.13752443182250756,2315.918802250002,True,False
1036,480.0,529,654018,0.1,0.15287578317590736,2317.821509792004,True,False
1037,1380.0,980,654998,0.1,0.14499803136045836,2321.100024749998,True,False
1038,1510.0,1160,656158,0.1,0.122943339194974,2324.983423042002,True,False
1039,860.0,789,656947,0.1,0.13216041326333727,2327.669276958004,True,False
1040,1060.0,771,657718,0.1,0.11931744239104844,2330.5169959580016,True,False
1041,1230.0,977,658695,0.1,0.13946638575403905,2334.0188823330027,True,False
1042,880.0,689,659384,0.1,0.14170477413330118,2336.2756285830037,True,False
1043,1710.0,929,660313,0.1,0.13477530887607356,2339.538435000002,True,False
1044,1030.0,769,661082,0.1,0.13228930094434568,2342.988956166999,True,False
1045,940.0,776,661858,0.1,0.1307564601014109,2345.5695360829995,True,False
1046,630.0,494,662352,0.1,0.14185703466195734,2347.3114107080037,True,False
1047,560.0,445,662797,0.1,0.12519282559016803,2348.8101727500034,True,False
1048,1320.0,701,663498,0.1,0.11738899592842375,2351.214494874999,True,False
1049,1250.0,671,664169,0.1,0.13579355896494927,2353.4636820000014,True,False
1050,610.0,598,664767,0.1,0.1373185326639038,2355.508720333004,True,False
1051,320.0,449,665216,0.1,0.11364311243580506,2358.110921749998,True,False
1052,560.0,517,665733,0.1,0.11026075876556164,2359.876603083001,True,False
1053,370.0,345,666078,0.1,0.13373276305406592,2361.046047542004,True,False
1054,690.0,534,666612,0.1,0.1513058478429691,2362.811847833,True,False
1055,640.0,444,667056,0.1,0.11919353821793117,2364.3096337919997,True,False
1056,1230.0,1067,668123,0.1,0.1399053946081409,2367.8374742079977,True,False
1057,370.0,409,668532,0.1,0.12770235498698013,2369.2141341250026,True,False
1058,670.0,528,669060,0.1,0.1332781617106362,2370.9719735420003,True,False
1059,1100.0,685,669745,0.1,0.12514613368357833,2373.293637708004,True,False
1060,790.0,656,670401,0.1,0.1393352547524179,2375.443039333004,True,False
1061,3900.0,751,671152,0.1,0.1274983258719774,2377.983927333,True,False
1062,900.0,802,671954,0.1,0.12739139468409122,2380.631049374999,True,False
1063,1200.0,755,672709,0.1,0.13112440032184755,2383.1344287500033,True,False
1064,460.0,406,673115,0.1,0.14889941049168015,2384.520966958,True,False
1065,2160.0,685,673800,0.1,0.14578204589007898,2386.795270750001,True,False
1066,1030.0,754,674554,0.1,0.1313775583626108,2389.4213224999985,True,False
1067,700.0,542,675096,0.1,0.12000189536689397,2391.231185249999,True,False
1068,350.0,345,675441,0.1,0.15279095223563355,2392.377010917,True,False
1069,490.0,421,675862,0.1,0.1164961627196698,2393.8138662499987,True,False
1070,960.0,757,676619,0.1,0.11446788960269519,2396.383757124997,True,False
1071,330.0,361,676980,0.1,0.14182734638861902,2397.613685958,True,False
1072,730.0,568,677548,0.1,0.13133512777079578,2399.4965559999982,True,False
1073,2430.0,807,678355,0.1,0.1151752111349088,2402.2442557500035,True,False
1074,460.0,445,678800,0.1,0.1306333389698661,2403.757541125,True,False
1075,480.0,490,679290,0.1,0.12652585537890432,2405.437293832998,True,False
1076,280.0,308,679598,0.1,0.130558932175884,2407.4422847079986,True,False
1077,820.0,584,680182,0.1,0.14131481053741418,2409.364991458002,True,False
1078,760.0,614,680796,0.1,0.15620076029815458,2411.501391375001,True,False
1079,910.0,662,681458,0.1,0.13210151987996968,2413.6905677500035,True,False
1080,960.0,725,682183,0.1,0.13072274514160104,2416.2180921250037,True,False
1081,680.0,478,682661,0.1,0.14030120487635334,2417.805316582999,True,False
1082,1160.0,884,683545,0.1,0.12340139149270986,2420.734273791997,True,False
1083,1110.0,714,684259,0.1,0.12732671008686,2423.110399750003,True,False
1084,590.0,477,684736,0.1,0.10331129267190893,2424.709327000004,True,False
1085,420.0,401,685137,0.1,0.13911239348351956,2426.060627375002,True,False
1086,790.0,523,685660,0.1,0.11358094073206414,2427.802112833,True,False
1087,650.0,588,686248,0.1,0.11098055409736374,2429.785388791999,True,False
1088,550.0,489,686737,0.1,0.11799566924083428,2431.412092083003,True,False
1089,1040.0,644,687381,0.1,0.1195047970005074,2433.579799500003,True,False
1090,1460.0,812,688193,0.1,0.13217929205650766,2436.3058955829983,True,False
1091,1040.0,704,688897,0.1,0.12566628707149488,2438.7747240829995,True,False
1092,1020.0,998,689895,0.1,0.11662957690895562,2442.0503774579993,True,False
1093,1640.0,1013,690908,0.1,0.12634836303759514,2445.4743726250017,True,False
1094,520.0,402,691310,0.1,0.13444196933880448,2446.8206928750005,True,False
1095,350.0,439,691749,0.1,0.12490269155664878,2448.344497708,True,False
1096,1670.0,823,692572,0.1,0.10906810002419555,2451.2669529580016,True,False
1097,970.0,810,693382,0.1,0.11928630099253784,2454.2154331670026,True,False
1098,1420.0,860,694242,0.1,0.12431959078408951,2457.1424929999994,True,False
1099,1360.0,1007,695249,0.1,0.13235298498341488,2460.488339249998,True,False
1100,750.0,587,695836,0.1,0.11817514497254576,2462.5426463749973,True,False
1101,1130.0,746,696582,0.1,0.12330803855933169,2467.316011499999,True,False
1102,840.0,798,697380,0.1,0.1220462097786367,2470.038846417003,True,False
1103,1230.0,898,698278,0.1,0.13782094681768545,2473.262930249999,True,False
1104,410.0,518,698796,0.1,0.1352100075724033,2475.0533684580005,True,False
1105,860.0,755,699551,0.1,0.12698914776457118,2477.6146357079997,True,False
1106,600.0,468,700019,0.1,0.10987015609812532,2479.2643788330024,True,False
1107,550.0,448,700467,0.1,0.10149926639028958,2480.7919907920004,True,False
1108,400.0,438,700905,0.1,0.1276083502071825,2482.279137208003,True,False
1109,390.0,384,701289,0.1,0.13506362148715803,2483.6113112079984,True,False
1110,970.0,602,701891,0.1,0.12063546122362216,2485.714300958003,True,False
1111,1280.0,923,702814,0.1,0.12927145027108006,2488.8373457499983,True,False
1112,1680.0,827,703641,0.1,0.1171544451482486,2491.606328957998,True,False
1113,580.0,457,704098,0.1,0.11687235061994247,2493.166704791998,True,False
1114,1010.0,907,705005,0.1,0.12672312718524806,2496.2550817919982,True,False
1115,590.0,561,705566,0.1,0.1124796052995537,2498.202552625,True,False
1116,710.0,500,706066,0.1,0.13326153495907783,2499.8651033749993,True,False
1117,670.0,589,706655,0.1,0.1382384258924293,2501.880908708001,True,False
1118,1350.0,654,707309,0.1,0.1277072408304709,2504.0875238750014,True,False
1119,1990.0,799,708108,0.1,0.14343600099906326,2506.7964148750034,True,False
1120,780.0,691,708799,0.1,0.12298770031220345,2509.5134692920037,True,False
1121,800.0,662,709461,0.1,0.1286316177953618,2511.7487741250006,True,False
1122,1010.0,744,710205,0.1,0.13432711316773327,2514.284757792004,True,False
1123,510.0,502,710707,0.1,0.12391692715883255,2515.974345292001,True,False
1124,840.0,824,711531,0.1,0.1303315365379586,2518.882849292,True,False
1125,860.0,550,712081,0.1,0.13561297756066357,2520.9025137080025,True,False
1126,1330.0,735,712816,0.1,0.11648963294599367,2524.090950208003,True,False
1127,710.0,555,713371,0.1,0.12359842277415421,2526.0841822919974,True,False
1128,870.0,542,713913,0.1,0.11641067617079791,2527.9941012080017,True,False
1129,490.0,449,714362,0.1,0.10490918922836759,2529.628351500003,True,False
1130,760.0,592,714954,0.1,0.12744302403282476,2531.6213214169984,True,False
1131,850.0,764,715718,0.1,0.12697813152798806,2534.309873500002,True,False
1132,570.0,513,716231,0.1,0.11638168459467124,2536.7429669999983,True,False
1133,1320.0,993,717224,0.1,0.11382386006085748,2540.019953791998,True,False
1134,490.0,536,717760,0.1,0.12455946981295277,2541.895940250004,True,False
1135,470.0,467,718227,0.1,0.10094016608942685,2543.506387207999,True,False
1136,610.0,518,718745,0.1,0.12675541036117535,2545.2591801669987,True,False
1137,590.0,502,719247,0.1,0.1158630084991455,2547.027514417001,True,False
1138,820.0,703,719950,0.1,0.14165488254829225,2549.4199344579974,True,False
1139,1170.0,759,720709,0.1,0.12882749153987358,2552.105369124998,True,False
1140,1770.0,739,721448,0.1,0.1347583417654843,2554.546315833002,True,False
1141,900.0,659,722107,0.1,0.11767653852882909,2556.848952082997,True,False
1142,1630.0,865,722972,0.1,0.12298485099376621,2559.7941528329975,True,False
1143,1360.0,1016,723988,0.1,0.12130765205498521,2563.2365827500034,True,False
1144,430.0,369,724357,0.1,0.1273821837714185,2564.757753375001,True,False
1145,430.0,428,724785,0.1,0.14540687600307375,2566.565734292002,True,False
1146,940.0,826,725611,0.1,0.12491102111571044,2569.7181023750018,True,False
1147,1090.0,984,726595,0.1,0.11769915662130447,2573.2228764169995,True,False
1148,950.0,683,727278,0.1,0.11074585175653648,2575.7252489169987,True,False
1149,530.0,601,727879,0.1,0.11819324317077795,2577.742525374997,True,False
1150,430.0,430,728309,0.1,0.1304337889369991,2579.289645124998,True,False
1151,1580.0,984,729293,0.1,0.14479285099248335,2583.6604770830018,True,False
1152,450.0,382,729675,0.1,0.10503951942450122,2584.974328917,True,False
1153,840.0,669,730344,0.1,0.11823754507072624,2587.5042834170017,True,False
1154,780.0,596,730940,0.1,0.1379831896582306,2589.5343730000022,True,False
1155,1760.0,830,731770,0.1,0.12267772451151109,2592.5659953330032,True,False
1156,540.0,482,732252,0.1,0.1274001708577487,2594.206903416998,True,False
1157,1380.0,712,732964,0.1,0.11670372268875663,2596.723350082997,True,False
1158,820.0,596,733560,0.1,0.13355369388357105,2598.7489062500026,True,False
1159,990.0,645,734205,0.1,0.147345765973933,2600.911676167001,True,False
1160,870.0,713,734918,0.1,0.14491772482150725,2603.3227173330015,True,False
1161,2580.0,910,735828,0.1,0.14304706336636291,2606.7205096250036,True,False
1162,870.0,736,736564,0.1,0.12019946439313176,2610.933494458004,True,False
1163,1220.0,924,737488,0.1,0.14137347360258495,2615.518911625004,True,False
1164,1620.0,854,738342,0.1,0.11904030195284337,2618.9512040830014,True,False
1165,1460.0,782,739124,0.1,0.13331998646145268,2621.692941333,True,False
1166,640.0,451,739575,0.1,0.15501208989215748,2623.251113874998,True,False
1167,1330.0,858,740433,0.1,0.12036218775739503,2627.046406624999,True,False
1168,1710.0,677,741110,0.1,0.13610345181408365,2629.5311896670028,True,False
1169,1410.0,643,741753,0.1,0.14104640109013328,2631.8631646670037,True,False
1170,1160.0,680,742433,0.1,0.13915658658918212,2634.160780833001,True,False
1171,1660.0,1163,743596,0.1,0.12510413556164482,2638.1920301670034,True,False
1172,1000.0,625,744221,0.1,0.12492913260864906,2640.365550667004,True,False
1173,780.0,700,744921,0.1,0.1338071412060942,2642.7843891250013,True,False
1174,700.0,554,745475,0.1,0.15353650435049465,2644.679167082999,True,False
1175,1000.0,834,746309,0.1,0.12756366337956995,2647.5756580419984,True,False
1176,840.0,660,746969,0.1,0.11781338238806435,2650.683109042002,True,False
1177,520.0,455,747424,0.1,0.12474388121055406,2652.462685749997,True,False
1178,720.0,589,748013,0.1,0.12253048580114534,2654.4758117500023,True,False
1179,1320.0,664,748677,0.1,0.1563029442745519,2656.7542524579985,True,False
1180,420.0,422,749099,0.1,0.1266914256981441,2658.201622833003,True,False
1181,1400.0,771,749870,0.1,0.1329091506783363,2661.578175542003,True,False
1182,1610.0,1115,750985,0.1,0.12748641146874343,2666.0682150830035,True,False
1183,920.0,907,751892,0.1,0.12667703946092318,2669.2645252919974,True,False
1184,1270.0,1425,753317,0.1,0.122111780767779,2674.431182833003,True,False
1185,510.0,475,753792,0.1,0.10028369405439921,2676.082286208002,True,False
1186,400.0,429,754221,0.1,0.114131334298682,2677.652831624997,True,False
1187,440.0,470,754691,0.1,0.13508578523611411,2679.327581083002,True,False
1188,1240.0,621,755312,0.1,0.15049341240993294,2681.462059083002,True,False
1189,1410.0,711,756023,0.1,0.12555557708282256,2683.975774749997,True,False
1190,870.0,650,756673,0.1,0.1317078381365428,2686.246865916997,True,False
1191,750.0,685,757358,0.1,0.1604530313515175,2688.7123382080026,True,False
1192,1070.0,659,758017,0.1,0.12791922171459053,2691.013246041999,True,False
1193,900.0,1031,759048,0.1,0.13387087331146233,2694.854778000001,True,False
1194,1430.0,801,759849,0.1,0.14428705994039773,2697.892646500004,True,False
1195,810.0,630,760479,0.1,0.13682481724840062,2700.067941583002,True,False
1196,320.0,373,760852,0.1,0.12377271698193347,2701.3913104169987,True,False
1197,650.0,539,761391,0.1,0.1348286855326437,2703.193816208004,True,False
1198,460.0,423,761814,0.1,0.13839260949138202,2704.6772398750036,True,False
1199,920.0,941,762755,0.1,0.1137901264302274,2708.011339292003,True,False
1200,1470.0,803,763558,0.1,0.12254971382555677,2710.7117217080013,True,False
1201,1180.0,882,764440,0.1,0.1168533717008198,2714.560889458,True,False
1202,570.0,452,764892,0.1,0.10805706599051446,2716.113607457999,True,False
1203,460.0,427,765319,0.1,0.105822571852016,2717.669058792002,True,False
1204,610.0,440,765759,0.1,0.14708696715533734,2719.2316592920033,True,False
1205,1190.0,645,766404,0.1,0.13896200354038565,2721.4257302920014,True,False
1206,1090.0,809,767213,0.1,0.1067673252102467,2724.2613447080003,True,False
1207,1540.0,826,768039,0.1,0.1322750044100493,2726.9881187920037,True,False
1208,420.0,420,768459,0.1,0.13448455543035553,2728.4889523750026,True,False
1209,2910.0,791,769250,0.1,0.1255336699047775,2731.509310708003,True,False
1210,1300.0,746,769996,0.1,0.12173103427584159,2734.1090788750007,True,False
1211,890.0,635,770631,0.1,0.11058311951877195,2736.334064249997,True,False
1212,860.0,753,771384,0.1,0.12421207920347573,2739.147989457997,True,False
1213,500.0,404,771788,0.1,0.14050424766570035,2740.5390858329993,True,False
1214,620.0,532,772320,0.1,0.11717762576794266,2742.3401779170017,True,False
1215,1040.0,795,773115,0.1,0.12258183118896653,2745.549746292003,True,False
1216,740.0,687,773802,0.1,0.15040588176397737,2749.077444542003,True,False
1217,860.0,568,774370,0.1,0.13902877466621952,2751.002532749997,True,False
1218,750.0,585,774955,0.1,0.12951836691633478,2753.0749860830038,True,False
1219,820.0,653,775608,0.1,0.11760123556752394,2755.2927855000016,True,False
1220,1000.0,663,776271,0.1,0.12770797646406926,2757.5798161670027,True,False
1221,850.0,692,776963,0.1,0.11961826122220541,2760.0266548750005,True,False
1222,600.0,529,777492,0.1,0.11964109652024463,2761.8757169169985,True,False
1223,1360.0,823,778315,0.1,0.13252699266119702,2764.6504310829987,True,False
1224,1200.0,802,779117,0.1,0.12926567573823147,2768.873857874998,True,False
1225,600.0,491,779608,0.1,0.11738172620232028,2770.5898093330034,True,False
1226,850.0,668,780276,0.1,0.11350323217446932,2774.044646125003,True,False
1227,1150.0,675,780951,0.1,0.11417069459067923,2776.6047723329975,True,False
1228,1430.0,634,781585,0.1,0.12292299297808101,2778.756476417002,True,False
1229,1360.0,762,782347,0.1,0.12000593693044624,2781.4665984579988,True,False
1230,980.0,715,783062,0.1,0.11445354553740784,2783.8458702080025,True,False
1231,1040.0,625,783687,0.1,0.12215795744067201,2786.035426667004,True,False
1232,720.0,526,784213,0.1,0.13094225944951177,2787.8464130420034,True,False
1233,780.0,751,784964,0.1,0.12213247010801384,2790.471936791997,True,False
1234,1640.0,753,785717,0.1,0.1403701336895849,2793.070149583,True,False
1235,1010.0,691,786408,0.1,0.14178689889006876,2795.4788858329994,True,False
1236,630.0,656,787064,0.1,0.12267969731559478,2797.818439249997,True,False
1237,710.0,635,787699,0.1,0.10901230290720734,2800.043512000004,True,False
1238,330.0,345,788044,0.1,0.12793960687757908,2801.2146189170016,True,False
1239,1140.0,725,788769,0.1,0.11894440506867941,2803.771605957998,True,False
1240,930.0,913,789682,0.1,0.13380098993187411,2807.789135375002,True,False
1241,1140.0,655,790337,0.1,0.12821911561598137,2810.340466792004,True,False
1242,710.0,606,790943,0.1,0.13346373035714326,2812.4913280420005,True,False
1243,2010.0,942,791885,0.1,0.10696599785617347,2815.733651499999,True,False
1244,950.0,670,792555,0.1,0.11395292003042326,2818.105888582999,True,False
1245,900.0,786,793341,0.1,0.10240277627170993,2820.8330575,True,False
1246,610.0,517,793858,0.1,0.1411235347938861,2822.6107491669973,True,False
1247,2310.0,823,794681,0.1,0.13745023663725378,2825.522406750002,True,False
1248,1650.0,930,795611,0.1,0.11546532066282013,2828.6800385829993,True,False
1249,1410.0,888,796499,0.1,0.10989703360508692,2831.8190290420025,True,False
1250,1300.0,710,797209,0.1,0.1266429653244742,2834.239733292001,True,False
1251,500.0,444,797653,0.1,0.12446652033978754,2836.911824708004,True,False
1252,3160.0,1101,798754,0.1,0.1271196104518392,2840.770305375001,True,False
1253,880.0,808,799562,0.1,0.12772773375900665,2843.525663542001,True,False
1254,420.0,433,799995,0.1,0.13200025772675872,2845.015207000004,True,False
1255,510.0,532,800527,0.1,0.12685200905329302,2846.8259919580014,True,False
1256,2400.0,781,801308,0.1,0.11941758911030328,2849.555549124998,True,False
1257,1570.0,694,802002,0.1,0.13774379634572936,2851.901688416998,True,False
1258,1700.0,710,802712,0.1,0.11545355647300067,2854.3461089170014,True,False
1259,440.0,445,803157,0.1,0.12984987274483517,2855.8794451249996,True,False
1260,690.0,571,803728,0.1,0.13971032962932453,2857.9323469169976,True,False
1261,880.0,783,804511,0.1,0.11955375551031186,2860.565595042004,True,False
1262,610.0,692,805203,0.1,0.12023722363172928,2863.059359208004,True,False
1263,2750.0,1325,806528,0.1,0.12480230060551899,2868.0858299169995,True,False
1264,460.0,444,806972,0.1,0.13503263392359824,2869.9725859169994,True,False
1265,1290.0,683,807655,0.1,0.1442295466823613,2872.8782916249984,True,False
1266,290.0,391,808046,0.1,0.10370902452921989,2874.2838122079993,True,False
1267,1020.0,701,808747,0.1,0.1092096758633852,2876.721707083001,True,False
1268,1050.0,718,809465,0.1,0.12946157477175196,2879.628708917,True,False
1269,1780.0,1111,810576,0.1,0.1237410888839647,2883.758104458,True,False
1270,680.0,582,811158,0.1,0.12490687542434396,2885.9179233750037,True,False
1271,960.0,893,812051,0.1,0.1176328325201444,2889.2020181249973,True,False
1272,1370.0,718,812769,0.1,0.1172903888962335,2891.949058457998,True,False
1273,710.0,667,813436,0.1,0.12670195495297096,2894.295368250001,True,False
1274,1130.0,689,814125,0.1,0.1119643778995026,2896.7562888750035,True,False
1275,2120.0,909,815034,0.1,0.12037737848901801,2900.100561291998,True,False
1276,910.0,683,815717,0.1,0.10911329936955058,2903.474397167003,True,False
1277,1570.0,843,816560,0.1,0.09995108891402094,2906.4220844579977,True,False
1278,860.0,666,817226,0.1,0.11347612609570644,2908.652510250002,True,False
1279,540.0,432,817658,0.1,0.12786649550414747,2910.1914015,True,False
1280,1280.0,809,818467,0.1,0.09894013090409559,2913.044950167001,True,False
1281,290.0,483,818950,0.1,0.0958055727306969,2914.794733708004,True,False
1282,1310.0,681,819631,0.1,0.12397384266642963,2917.3241246250036,True,False
1283,1120.0,758,820389,0.1,0.11496037310479502,2920.1561657499988,True,False
1284,1100.0,858,821247,0.1,0.12211183371527173,2923.2419853329993,True,False
1285,1180.0,960,822207,0.1,0.09685522809935113,2926.8024995000014,True,False
1286,1540.0,1075,823282,0.1,0.12224403223140533,2931.136318500001,True,False
1287,1750.0,1102,824384,0.1,0.11897085922891679,2935.083537833001,True,False
1288,450.0,499,824883,0.1,0.12543095175116772,2936.7647716670035,True,False
1289,1110.0,727,825610,0.1,0.13116698840039445,2940.2185079580013,True,False
1290,700.0,618,826228,0.1,0.12165116054877158,2942.310995874999,True,False
1291,570.0,674,826902,0.1,0.11927095688657746,2944.708544207999,True,False
1292,1130.0,704,827606,0.1,0.11398568867959759,2947.4143341669987,True,False
1293,1690.0,1012,828618,0.1,0.1343735685064034,2951.108631666997,True,False
1294,1140.0,738,829356,0.1,0.10692433842734711,2953.681793417003,True,False
1295,1040.0,705,830061,0.1,0.11550143821461295,2956.2782086669977,True,False
1296,780.0,591,830652,0.1,0.1255483394111129,2959.7403118750008,True,False
1297,1530.0,753,831405,0.1,0.1097474038462214,2962.374578750001,True,False
1298,1610.0,1014,832419,0.1,0.11568481353637965,2965.6832324999996,True,False
1299,1720.0,790,833209,0.1,0.12627426333574934,2968.3379268330027,True,False
1300,1440.0,635,833844,0.1,0.11383655599359446,2970.426021833002,True,False
1301,1430.0,938,834782,0.1,0.11873514518046226,2978.5867910419984,True,False
1302,660.0,537,835319,0.1,0.1255304924865712,2980.4814080420037,True,False
1303,840.0,684,836003,0.1,0.12225758530504523,2983.215196416997,True,False
1304,990.0,836,836839,0.1,0.12069825917197187,2986.4248538329994,True,False
1305,1630.0,814,837653,0.1,0.11655399776703003,2989.765780542002,True,False
1306,2050.0,902,838555,0.1,0.11191994385586844,2993.0748528749973,True,False
1307,1070.0,934,839489,0.1,0.10141263082305081,2996.426672875001,True,False
1308,1300.0,784,840273,0.1,0.11156768040085326,2999.2460147079983,True,False
1309,630.0,526,840799,0.1,0.12237733456071552,3001.325264291998,True,False
1310,1970.0,1107,841906,0.1,0.11008534030417243,3005.149878875003,True,False
1311,880.0,880,842786,0.1,0.11169394175098701,3008.347263583004,True,False
1312,750.0,621,843407,0.1,0.11265353132640162,3010.4902633750025,True,False
1313,850.0,821,844228,0.1,0.12112996640425285,3013.4468463750018,True,False
1314,750.0,548,844776,0.1,0.12448163167403563,3015.3547993329994,True,False
1315,860.0,777,845553,0.1,0.13809343571438618,3018.329836750003,True,False
1316,1120.0,672,846225,0.1,0.13080711077366555,3020.6495132499986,True,False
1317,1090.0,934,847159,0.1,0.10980029670369727,3024.390755291999,True,False
1318,1320.0,925,848084,0.1,0.1167601771684813,3027.6954351250024,True,False
1319,1290.0,1063,849147,0.1,0.12115450005908057,3031.5393868329993,True,False
1320,430.0,475,849622,0.1,0.11752192272233362,3033.2893938749985,True,False
1321,1100.0,691,850313,0.1,0.10794521197461324,3035.751511041999,True,False
1322,1220.0,953,851266,0.1,0.11163842044927243,3039.189905625004,True,False
1323,860.0,708,851974,0.1,0.12097111556910525,3041.570291541997,True,False
1324,1870.0,1227,853201,0.1,0.10676160519669615,3046.0342034170026,True,False
1325,460.0,556,853757,0.1,0.12986385007556395,3048.1361237500023,True,False
1326,830.0,753,854510,0.1,0.10547552663991426,3051.7057520829985,True,False
1327,1770.0,911,855421,0.1,0.10589227032145127,3055.0582262919997,True,False
1328,2760.0,978,856399,0.1,0.10511350764541841,3058.4932215829976,True,False
1329,1490.0,837,857236,0.1,0.1094849229391132,3061.397362208001,True,False
1330,1610.0,690,857926,0.1,0.10400525775066642,3063.760142583,True,False
1331,860.0,768,858694,0.1,0.10926905488789392,3067.3424976669994,True,False
1332,760.0,693,859387,0.1,0.11195282196636834,3070.5276976250025,True,False
1333,1610.0,850,860237,0.1,0.10981114920526043,3073.5550008749997,True,False
1334,1180.0,647,860884,0.1,0.11664921348845517,3075.8124283750003,True,False
1335,1110.0,731,861615,0.1,0.12777237866360408,3078.3373350830007,True,False
1336,1050.0,779,862394,0.1,0.11359146808584532,3080.9901830419985,True,False
1337,410.0,483,862877,0.1,0.12012387445766079,3082.614978874997,True,False
1338,720.0,489,863366,0.1,0.12199969270617747,3084.6780484580013,True,False
1339,560.0,549,863915,0.1,0.10625000718138079,3086.8413559170003,True,False
1340,910.0,582,864497,0.1,0.12024634081411036,3088.7541861249993,True,False
1341,650.0,567,865064,0.1,0.11340999131051588,3090.7218459170035,True,False
1342,720.0,576,865640,0.1,0.12666588195133954,3092.741661207998,True,False
1343,1430.0,666,866306,0.1,0.10381390318184731,3094.9265177499983,True,False
1344,1120.0,699,867005,0.1,0.1135132968212877,3097.2753331249987,True,False
1345,1590.0,903,867908,0.1,0.11598513734452756,3100.335236250001,True,False
1346,860.0,805,868713,0.1,0.11588976834321496,3102.969332917004,True,False
1347,830.0,533,869246,0.1,0.10205917906268198,3104.766772916999,True,False
1348,1050.0,665,869911,0.1,0.11434379859591823,3106.8857172920034,True,False
1349,2540.0,707,870618,0.1,0.11281779299011338,3109.315069541997,True,False
1350,500.0,432,871050,0.1,0.13203932434596397,3110.776586,True,False
1351,1440.0,802,871852,0.1,0.11704027074486462,3114.197737667004,True,False
1352,980.0,652,872504,0.1,0.10146078087983687,3116.3522398330024,True,False
1353,1340.0,689,873193,0.1,0.10757699770159847,3118.558297167001,True,False
1354,980.0,794,873987,0.1,0.1127995527208303,3121.243190333,True,False
1355,1150.0,693,874680,0.1,0.11342717703945678,3123.711069707999,True,False
1356,1210.0,998,875678,0.1,0.09647645263457634,3127.261432958003,True,False
1357,990.0,668,876346,0.1,0.12399196191997586,3129.4602010419985,True,False
1358,370.0,471,876817,0.1,0.1119713224786318,3131.070273541998,True,False
1359,1030.0,614,877431,0.1,0.1066181797753362,3133.0821717500003,True,False
1360,1140.0,688,878119,0.1,0.10322874184524597,3135.350189167002,True,False
1361,1180.0,697,878816,0.1,0.122950985538108,3137.629183457997,True,False
1362,1060.0,613,879429,0.1,0.1051120355213974,3139.640107667001,True,False
1363,840.0,694,880123,0.1,0.1196764485985902,3141.9237014169994,True,False
1364,700.0,715,880838,0.1,0.1312827563339938,3144.3448537500008,True,False
1365,620.0,509,881347,0.1,0.11297711074410931,3146.0457978330014,True,False
1366,1100.0,728,882075,0.1,0.11908124805847695,3148.403478500004,True,False
1367,3180.0,1351,883426,0.1,0.129435584819793,3152.8817054579995,True,False
1368,1390.0,843,884269,0.1,0.11889642898999685,3155.651200041997,True,False
1369,3430.0,1044,885313,0.1,0.1505026751950783,3159.2641987079987,True,False
1370,1620.0,792,886105,0.1,0.14496481929425942,3161.854614292002,True,False
1371,1350.0,825,886930,0.1,0.12606500798058742,3164.561046875002,True,False
1372,670.0,437,887367,0.1,0.12358422242446777,3166.062085208003,True,False
1373,1820.0,804,888171,0.1,0.13309912009173958,3168.7416840829974,True,False
1374,1330.0,774,888945,0.1,0.10913637854619739,3171.5331032920003,True,False
1375,1610.0,783,889728,0.1,0.11174894576626164,3174.484665875003,True,False
1376,540.0,513,890241,0.1,0.11688684138061944,3177.082903292001,True,False
1377,820.0,824,891065,0.1,0.14466496783046467,3181.3905354579983,True,False
1378,1210.0,611,891676,0.1,0.11820038671002668,3183.891910833001,True,False
1379,660.0,580,892256,0.1,0.13344858034417548,3185.958983000004,True,False
1380,980.0,786,893042,0.1,0.11569433829424028,3188.518172541997,True,False
1381,1200.0,620,893662,0.1,0.11290038586143525,3190.559840916998,True,False
1382,1990.0,904,894566,0.1,0.12195327718107574,3193.641486875,True,False
1383,890.0,665,895231,0.1,0.11819100405751581,3195.757002625003,True,False
1384,780.0,642,895873,0.1,0.13993418677160457,3197.8811624169975,True,False
1385,1060.0,712,896585,0.1,0.12121818438590912,3200.211281875003,True,False
1386,1430.0,633,897218,0.1,0.1468714169120487,3202.2384158330024,True,False
1387,1070.0,757,897975,0.1,0.12171872222313175,3204.669435583004,True,False
1388,1040.0,581,898556,0.1,0.12293240563204028,3206.5614091669995,True,False
1389,1170.0,730,899286,0.1,0.14101680176803372,3208.899414708001,True,False
1390,980.0,606,899892,0.1,0.1337677359237875,3211.3772848750014,True,False
1391,1020.0,658,900550,0.1,0.13160975459145335,3213.586132917,True,False
1392,1100.0,692,901242,0.1,0.12353937255724662,3215.923400042004,True,False
1393,780.0,492,901734,0.1,0.128334495594831,3217.585070125002,True,False
1394,1870.0,1234,902968,0.1,0.12171091233353012,3221.665059250001,True,False
1395,990.0,703,903671,0.1,0.12503161794372966,3223.9548933330007,True,False
1396,820.0,730,904401,0.1,0.09914444053107924,3226.2670209999997,True,False
1397,1120.0,906,905307,0.1,0.12567209989755554,3229.3587319170038,True,False
1398,1140.0,756,906063,0.1,0.12022897647447371,3231.8145414579994,True,False
1399,1040.0,700,906763,0.1,0.13365831372993334,3234.0581731249986,True,False
1400,620.0,837,907600,0.1,0.1316160781397706,3236.735927833004,True,False
1401,700.0,484,908084,0.1,0.12547690990912028,3238.9667846250013,True,False
1402,1090.0,629,908713,0.1,0.12351946051048625,3241.2049382080004,True,False
1403,1620.0,961,909674,0.1,0.12405272195270906,3244.303492375002,True,False
1404,540.0,479,910153,0.1,0.09392211164037387,3245.859053417,True,False
1405,1020.0,899,911052,0.1,0.1122677644673321,3248.793625750004,True,False
1406,990.0,723,911775,0.1,0.11174248728073305,3251.118222958001,True,False
1407,650.0,446,912221,0.1,0.09723117618289377,3252.5688300420006,True,False
1408,820.0,585,912806,0.1,0.11617524889999464,3254.445856708,True,False
1409,1660.0,931,913737,0.1,0.1277198166998159,3257.392866957998,True,False
1410,850.0,763,914500,0.1,0.12820463797262827,3259.8961102500034,True,False
1411,1490.0,884,915384,0.1,0.13229379992578094,3262.7533445419976,True,False
1412,1190.0,974,916358,0.1,0.11659854904982288,3265.903045291998,True,False
1413,1080.0,732,917090,0.1,0.10486439603273986,3268.287850624998,True,False
1414,770.0,642,917732,0.1,0.11378538171234338,3270.369063500002,True,False
1415,540.0,430,918162,0.1,0.11634050139060645,3271.7759268329974,True,False
1416,1870.0,995,919157,0.1,0.13147527603320328,3275.009977417001,True,False
1417,640.0,464,919621,0.1,0.11290004008032124,3276.5400418330028,True,False
1418,1080.0,810,920431,0.1,0.1248167741693335,3279.183170666998,True,False
1419,900.0,788,921219,0.1,0.12694507307812647,3281.739638291998,True,False
1420,1110.0,926,922145,0.1,0.12370493575320418,3284.746125167003,True,False
1421,1610.0,795,922940,0.1,0.12105723653905955,3287.3104517500033,True,False
1422,410.0,454,923394,0.1,0.14136668396866428,3288.895535542004,True,False
1423,1680.0,691,924085,0.1,0.129234854498006,3291.51178375,True,False
1424,1070.0,649,924734,0.1,0.11912366083282748,3293.570816749998,True,False
1425,1390.0,948,925682,0.1,0.13085553756588875,3296.826997582997,True,False
1426,590.0,594,926276,0.1,0.1215766381047316,3299.9258965420013,True,False
1427,1180.0,661,926937,0.1,0.12422662881964987,3302.406825332997,True,False
1428,1380.0,761,927698,0.1,0.125313204644542,3304.8003680830006,True,False
1429,1000.0,703,928401,0.1,0.14289824759841643,3308.335809958,True,False
1430,970.0,724,929125,0.1,0.13671350388566433,3310.810091958003,True,False
1431,970.0,685,929810,0.1,0.1277107876992365,3313.189123791999,True,False
1432,1110.0,670,930480,0.1,0.1331864338856013,3315.364865125004,True,False
1433,660.0,511,930991,0.1,0.13204980679736364,3316.9968210419975,True,False
1434,1330.0,860,931851,0.1,0.12865058523277903,3319.7992132080035,True,False
1435,1260.0,633,932484,0.1,0.13003281141930031,3321.8469614580026,True,False
1436,900.0,815,933299,0.1,0.11589434368563403,3324.428297958002,True,False
1437,570.0,496,933795,0.1,0.12035360746085644,3326.0172705829973,True,False
1438,910.0,903,934698,0.1,0.1433361632568119,3328.885153832998,True,False
1439,1350.0,818,935516,0.1,0.1301864355529954,3331.5085279170016,True,False
1440,2390.0,643,936159,0.1,0.15381911610020324,3333.5628077500005,True,False
1441,1310.0,644,936803,0.1,0.1340374508814782,3335.6048613329986,True,False
1442,1310.0,1182,937985,0.1,0.1270705123897642,3339.3584307920028,True,False
1443,370.0,416,938401,0.1,0.13121489800799352,3340.682896750004,True,False
1444,870.0,582,938983,0.1,0.12101688331057285,3342.5120810000008,True,False
1445,1220.0,772,939755,0.1,0.12156962216325065,3344.942622625,True,False
1446,990.0,748,940503,0.1,0.14066736022618045,3347.299922291997,True,False
1447,1030.0,707,941210,0.1,0.1378798481434752,3349.5751999580025,True,False
1448,1250.0,809,942019,0.1,0.14036495572343322,3352.1315896250017,True,False
1449,470.0,408,942427,0.1,0.12672612271910788,3353.4224747920016,True,False
1450,1260.0,915,943342,0.1,0.13098274642300659,3356.276344167003,True,False
1451,780.0,632,943974,0.1,0.11890549711364357,3359.250824417002,True,False
1452,1690.0,738,944712,0.1,0.151512455094505,3361.652840417002,True,False
1453,710.0,528,945240,0.1,0.12463910389465815,3363.3382114999986,True,False
1454,1070.0,860,946100,0.1,0.15182082716288955,3366.3885241669996,True,False
1455,1090.0,597,946697,0.1,0.14090901995765281,3368.991034999999,True,False
1456,590.0,618,947315,0.1,0.1250989017161456,3371.0129294170038,True,False
1457,1450.0,902,948217,0.1,0.13141851105719013,3373.894525458003,True,False
1458,480.0,408,948625,0.1,0.10944366971870848,3375.213532542002,True,False
1459,1070.0,858,949483,0.1,0.14225977431181994,3377.867663833,True,False
1460,1400.0,713,950196,0.1,0.1253869737909493,3380.1341035829973,True,False
1461,710.0,614,950810,0.1,0.10968554835596116,3382.0418439170026,True,False
1462,720.0,579,951389,0.1,0.14240889202417997,3383.8350041669983,True,False
1463,350.0,415,951804,0.1,0.11838808584098633,3385.1336019169976,True,False
1464,590.0,506,952310,0.1,0.1378345312107177,3386.7079497500017,True,False
1465,1720.0,792,953102,0.1,0.13303720031046506,3389.1422522499997,True,False
1466,1680.0,670,953772,0.1,0.1376828281541488,3391.2393413750033,True,False
1467,1530.0,745,954517,0.1,0.13962211313667477,3393.5589342079984,True,False
1468,890.0,851,955368,0.1,0.14744059487897465,3396.1744358330034,True,False
1469,1070.0,708,956076,0.1,0.13325755060308397,3398.4273404580017,True,False
1470,1140.0,923,956999,0.1,0.12986668842318266,3401.2494503330017,True,False
1471,1490.0,617,957616,0.1,0.1502254081349219,3403.1663132920003,True,False
1472,1200.0,690,958306,0.1,0.13032527993498152,3405.2829070829976,True,False
1473,830.0,685,958991,0.1,0.1315564570284029,3407.4078787920007,True,False
1474,960.0,783,959774,0.1,0.14502052143596264,3409.9093868749987,True,False
1475,760.0,559,960333,0.1,0.1531385462997215,3411.648464083002,True,False
1476,1750.0,1226,961559,0.1,0.13374371894823958,3416.221178083004,True,False
1477,500.0,456,962015,0.1,0.16848700339987613,3417.6336291670013,True,False
1478,1190.0,748,962763,0.1,0.13006908256301586,3419.989315208004,True,False
1479,1630.0,664,963427,0.1,0.1565952073019671,3422.0388047079978,True,False
1480,900.0,870,964297,0.1,0.14222578430941346,3424.711941583002,True,False
1481,640.0,601,964898,0.1,0.12476696158448855,3426.598206374998,True,False
1482,1240.0,779,965677,0.1,0.14942714082889066,3429.3106717499977,True,False
1483,440.0,446,966123,0.1,0.14474441149683148,3430.914106000004,True,False
1484,950.0,674,966797,0.1,0.1263175425863654,3433.0127707499996,True,False
1485,890.0,781,967578,0.1,0.14179725923981423,3435.428825832998,True,False
1486,1210.0,729,968307,0.1,0.14350379423166698,3437.754060583,True,False
1487,1120.0,675,968982,0.1,0.17702844970413215,3439.842227375004,True,False
1488,400.0,492,969474,0.1,0.15732109052984694,3441.3547463330033,True,False
1489,560.0,488,969962,0.1,0.14881340255502795,3442.864977792,True,False
1490,810.0,664,970626,0.1,0.14822661560253206,3444.897016499999,True,False
1491,1230.0,721,971347,0.1,0.15109108711282412,3447.093981375001,True,False
1492,1210.0,776,972123,0.1,0.15988583568982856,3449.4750297080027,True,False
1493,1220.0,1122,973245,0.1,0.14369376249664406,3452.924685625003,True,False
1494,1540.0,1117,974362,0.1,0.13014431913319882,3456.3324159999975,True,False
1495,1620.0,642,975004,0.1,0.16557554618357131,3458.367427416997,True,False
1496,1420.0,950,975954,0.1,0.13983595032512136,3461.285743583001,True,False
1497,640.0,639,976593,0.1,0.15172709291800857,3463.4653147080026,True,False
1498,1170.0,728,977321,0.1,0.15521996356751566,3465.742627667001,True,False
1499,870.0,658,977979,0.1,0.15184253872167774,3467.785734249999,True,False
1500,1550.0,822,978801,0.1,0.14751732376521653,3470.5100526669994,True,False
1501,1360.0,595,979396,0.1,0.15839761294324525,3473.159933916999,True,False
1502,830.0,620,980016,0.1,0.15097709403884027,3475.0545461250003,True,False
1503,1000.0,768,980784,0.1,0.14486677669143924,3477.4401763749993,True,False
1504,1210.0,812,981596,0.1,0.142052847194701,3479.948914542001,True,False
1505,780.0,578,982174,0.1,0.15451692171498305,3481.767099167002,True,False
1506,710.0,664,982838,0.1,0.14343333688665585,3483.8377580419983,True,False
1507,1170.0,703,983541,0.1,0.1677744809580459,3486.1079492920035,True,False
1508,1320.0,780,984321,0.1,0.14644825838697262,3488.606582708002,True,False
1509,1970.0,1014,985335,0.1,0.16128881562780956,3491.761395374997,True,False
1510,1680.0,820,986155,0.1,0.1418203213592855,3494.4798702920016,True,False
1511,980.0,912,987067,0.1,0.13711525360122323,3497.2634247500027,True,False
1512,1390.0,1052,988119,0.1,0.1404969126566848,3501.022882541998,True,False
1513,750.0,602,988721,0.1,0.14926717515467414,3502.951273208004,True,False
1514,560.0,443,989164,0.1,0.1416342235296159,3504.317346458003,True,False
1515,830.0,830,989994,0.1,0.1525135182456118,3506.818719957999,True,False
1516,1580.0,723,990717,0.1,0.1256886893132115,3509.0220398750025,True,False
1517,930.0,576,991293,0.1,0.15025741617298788,3510.8695179170027,True,False
1518,1120.0,790,992083,0.1,0.13691189867174866,3513.297062083002,True,False
1519,660.0,578,992661,0.1,0.14345118835054596,3515.098216999999,True,False
1520,1030.0,872,993533,0.1,0.14312874705214565,3517.8771627079987,True,False
1521,760.0,593,994126,0.1,0.18380097385395217,3519.7431756250007,True,False
1522,1130.0,904,995030,0.1,0.13192995967326965,3522.566807125004,True,False
1523,1970.0,1020,996050,0.1,0.13523414024681438,3525.739111750001,True,False
1524,1520.0,807,996857,0.1,0.13020522523634503,3528.2732081670038,True,False
1525,850.0,740,997597,0.1,0.13144285694972888,3530.689573042,True,False
1526,670.0,665,998262,0.1,0.13602475144238357,3533.663530292004,True,False
1527,1190.0,764,999026,0.1,0.12475111358920941,3535.9892207919984,True,False
1528,1180.0,828,999854,0.1,0.16408911750512423,3538.5647591250017,True,False
1529,830.0,636,1000490,0.1,0.1112730427522142,3540.5199722920006,True,False
1530,1550.0,771,1001261,0.1,0.13526406819531644,3542.924717916998,True,False
1531,1350.0,791,1002052,0.1,0.12619610306703383,3545.380103125004,True,False
1532,1140.0,638,1002690,0.1,0.12480699397482962,3547.377579083004,True,False
1533,1000.0,725,1003415,0.1,0.12886381948891595,3549.6019521670023,True,False
1534,370.0,462,1003877,0.1,0.11878168573281889,3551.066133667002,True,False
1535,1650.0,687,1004564,0.1,0.1225652652576046,3553.202755750004,True,False
1536,1270.0,700,1005264,0.1,0.14670533619821072,3555.3704652919987,True,False
1537,1820.0,1069,1006333,0.1,0.1292220594759068,3558.999732707998,True,False
1538,860.0,520,1006853,0.1,0.10052368382994946,3560.7237497919996,True,False
1539,960.0,646,1007499,0.1,0.10320301038091598,3562.746758207999,True,False
1540,1190.0,748,1008247,0.1,0.11784917626151427,3565.0939534999998,True,False
1541,780.0,589,1008836,0.1,0.11787727470132145,3566.934260916998,True,False
1542,1390.0,738,1009574,0.1,0.1132337772084967,3569.2165558330016,True,False
1543,1120.0,866,1010440,0.1,0.1361438880249652,3571.956084833,True,False
1544,1450.0,831,1011271,0.1,0.1312097154809657,3574.5034636249984,True,False
1545,1950.0,941,1012212,0.1,0.13693680853377713,3577.4292967500005,True,False
1546,780.0,592,1012804,0.1,0.11706595461362519,3579.2891460829997,True,False
1547,910.0,657,1013461,0.1,0.12719339225441217,3581.357305167003,True,False
1548,2330.0,808,1014269,0.1,0.13182478447878124,3583.871884207998,True,False
1549,1170.0,1007,1015276,0.1,0.11584156931984047,3586.9831770419987,True,False
1550,940.0,721,1015997,0.1,0.14024222768429254,3589.293017917,True,False
1551,1190.0,813,1016810,0.1,0.117127738984788,3592.6047875000004,True,False
1552,1040.0,704,1017514,0.1,0.11331000569572841,3594.7655192500024,True,False
1553,1040.0,690,1018204,0.1,0.10631582860140443,3596.9375229170037,True,False
1554,890.0,658,1018862,0.1,0.130920677332253,3598.9430768750026,True,False
1555,1540.0,994,1019856,0.1,0.11026460810538277,3602.0633888750017,True,False
1556,1150.0,1134,1020990,0.1,0.1152526831958614,3605.5574660830025,True,False
1557,1490.0,728,1021718,0.1,0.11396589612199383,3607.8334897500026,True,False
1558,1090.0,661,1022379,0.1,0.1296720431158037,3609.8805914170007,True,False
1559,1480.0,775,1023154,0.1,0.11120395762749861,3612.2887742079984,True,False
1560,1110.0,668,1023822,0.1,0.11270728703967468,3614.3706259169994,True,False
1561,1250.0,1008,1024830,0.1,0.12737782666134456,3617.468877833002,True,False
1562,1030.0,724,1025554,0.1,0.10226198869309702,3619.7062090000036,True,False
1563,1400.0,794,1026348,0.1,0.11187344622896545,3622.159399666998,True,False
1564,1440.0,852,1027200,0.1,0.10486282249081863,3624.8328996670025,True,False
1565,1240.0,931,1028131,0.1,0.11331761646855237,3628.150130957998,True,False
1566,1100.0,706,1028837,0.1,0.0975144206004291,3630.372336375003,True,False
1567,1240.0,669,1029506,0.1,0.11339122005654666,3632.489103083004,True,False
1568,1640.0,921,1030427,0.1,0.13580473720541467,3635.3979491249993,True,False
1569,1850.0,875,1031302,0.1,0.11167675853796201,3638.232490082999,True,False
1570,920.0,653,1031955,0.1,0.12900390562835645,3640.3481948749977,True,False
1571,890.0,716,1032671,0.1,0.12335963272515622,3642.6678121669975,True,False
1572,900.0,745,1033416,0.1,0.1228777350070961,3645.0148172920017,True,False
1573,1170.0,700,1034116,0.1,0.14175426437386446,3647.2153323329985,True,False
1574,520.0,439,1034555,0.1,0.12505340842752283,3648.7370020419985,True,False
1575,740.0,630,1035185,0.1,0.12084830105540496,3650.834278333001,True,False
1576,1030.0,529,1035714,0.1,0.11964602661177967,3653.3935814170036,True,False
1577,830.0,630,1036344,0.1,0.11619675295026619,3655.3280173750027,True,False
1578,2360.0,1269,1037613,0.1,0.11246266211926562,3659.3008338330037,True,False
1579,2310.0,844,1038457,0.1,0.1252884600858835,3661.9197328750015,True,False
1580,910.0,648,1039105,0.1,0.12226140115088151,3663.9602172500017,True,False
1581,640.0,508,1039613,0.1,0.12004852526652532,3665.9549230830016,True,False
1582,1850.0,899,1040512,0.1,0.13461135119199752,3669.0134469580007,True,False
1583,1320.0,664,1041176,0.1,0.11320400008011654,3671.172338917,True,False
1584,950.0,536,1041712,0.1,0.12521309922657795,3672.9288028329975,True,False
1585,1190.0,788,1042500,0.1,0.1129690935069383,3675.400441167003,True,False
1586,1410.0,964,1043464,0.1,0.12751017469928225,3678.3895503329986,True,False
1587,800.0,591,1044055,0.1,0.13971334683144984,3680.2739318750027,True,False
1588,1060.0,688,1044743,0.1,0.13549150031623106,3682.433864042003,True,False
1589,1120.0,716,1045459,0.1,0.11309021568789496,3684.659542792004,True,False
1590,1130.0,806,1046265,0.1,0.12843148465646376,3687.244280250001,True,False
1591,1010.0,701,1046966,0.1,0.1223520887536662,3689.437522458,True,False
1592,620.0,457,1047423,0.1,0.11207866062524549,3690.881559667003,True,False
1593,1390.0,835,1048258,0.1,0.12185098612279983,3693.476992875003,True,False
1594,580.0,443,1048701,0.1,0.13920693153196628,3694.887707875001,True,False
1595,1340.0,893,1049594,0.1,0.11256085975187509,3697.751736917002,True,False
1596,1080.0,751,1050345,0.1,0.13454898805456592,3700.2416488750023,True,False
1597,1140.0,671,1051016,0.1,0.11235602378534774,3702.4325680830007,True,False
1598,950.0,618,1051634,0.1,0.13614735414890886,3704.810598917,True,False
1599,1210.0,660,1052294,0.1,0.12504603352510568,3706.9481818330023,True,False
1600,1150.0,594,1052888,0.1,0.12867500609249477,3709.035189208,True,False
1601,610.0,435,1053323,0.1,0.11270832618767465,3711.5631424169987,True,False
1602,1100.0,707,1054030,0.1,0.12480252831753365,3713.842704292001,True,False
1603,1530.0,924,1054954,0.1,0.12842113104572286,3716.742114792003,True,False
1604,1700.0,746,1055700,0.1,0.12745815395990157,3719.6783418330015,True,False
1605,1320.0,761,1056461,0.1,0.11797369826388987,3722.233872292003,True,False
1606,650.0,520,1056981,0.1,0.1277314806357026,3723.8759930419983,True,False
1607,1920.0,1052,1058033,0.1,0.1147463538333377,3727.364969082999,True,False
1608,1450.0,878,1058911,0.1,0.1143498652737979,3730.1488610000015,True,False
1609,1130.0,707,1059618,0.1,0.12694567123606884,3732.379395666998,True,False
1610,430.0,457,1060075,0.1,0.09223343250586798,3733.8140360000034,True,False
1611,1080.0,651,1060726,0.1,0.10083050368799389,3735.8531262500037,True,False
1612,1290.0,883,1061609,0.1,0.12814985636234014,3738.8440308749996,True,False
1613,870.0,583,1062192,0.1,0.11694831583546857,3740.7426187500023,True,False
1614,1540.0,699,1062891,0.1,0.13173212418225647,3742.9128935420013,True,False
1615,1260.0,639,1063530,0.1,0.1250501796253957,3744.9102936670024,True,False
1616,940.0,529,1064059,0.1,0.11369647434207075,3746.5785353329993,True,False
1617,700.0,624,1064683,0.1,0.1314191967726518,3748.5370340419977,True,False
1618,1990.0,940,1065623,0.1,0.10857922388042542,3751.5269513329986,True,False
1619,550.0,506,1066129,0.1,0.11003340701535931,3753.1314209170014,True,False
1620,1540.0,696,1066825,0.1,0.10754731235404809,3755.324216916997,True,False
1621,1040.0,693,1067518,0.1,0.10904631891820817,3757.5559950000024,True,False
1622,1580.0,1064,1068582,0.1,0.11832057013827607,3760.890042167004,True,False
1623,500.0,449,1069031,0.1,0.12406781167789761,3762.292157542004,True,False
1624,1220.0,940,1069971,0.1,0.10593188420889225,3765.225574707998,True,False
1625,750.0,614,1070585,0.1,0.14049409285139342,3767.1820390830035,True,False
1626,1230.0,791,1071376,0.1,0.10791337229499612,3770.5958345420004,True,False
1627,850.0,566,1071942,0.1,0.11102404749245508,3772.382643750003,True,False
1628,1070.0,622,1072564,0.1,0.1177863535972742,3774.3486627919992,True,False
1629,1230.0,813,1073377,0.1,0.13090392584761082,3776.855637667002,True,False
1630,510.0,421,1073798,0.1,0.10913332789426758,3778.1867756670035,True,False
1631,1540.0,665,1074463,0.1,0.13189342058072967,3780.281952874997,True,False
1632,950.0,644,1075107,0.1,0.1326996698188856,3782.3191192500017,True,False
1633,1120.0,717,1075824,0.1,0.1271185749520858,3784.540117458004,True,False
1634,1590.0,801,1076625,0.1,0.1252715302631259,3787.1459275829984,True,False
1635,1200.0,1010,1077635,0.1,0.11881742204376866,3790.3618433329975,True,False
1636,1430.0,644,1078279,0.1,0.13171918796641485,3792.3664511669995,True,False
1637,1390.0,671,1078950,0.1,0.12187920490811978,3794.4583160830007,True,False
1638,940.0,718,1079668,0.1,0.11959705957108074,3796.6914475000012,True,False
1639,1430.0,1052,1080720,0.1,0.12678185006879808,3800.0203016250016,True,False
1640,1270.0,975,1081695,0.1,0.11579620021820804,3803.0438875000036,True,False
1641,660.0,528,1082223,0.1,0.13064205947078086,3804.6875808330005,True,False
1642,1300.0,771,1082994,0.1,0.12278709846302635,3807.0947858330037,True,False
1643,900.0,575,1083569,0.1,0.1157287694255097,3808.8752779580027,True,False
1644,1110.0,889,1084458,0.1,0.11957885470107063,3811.624255875002,True,False
1645,1180.0,779,1085237,0.1,0.11406700068559401,3814.044632875004,True,False
1646,1330.0,746,1085983,0.1,0.13671160254987977,3816.398330832999,True,False
1647,630.0,512,1086495,0.1,0.1424634227732895,3818.262900542002,True,False
1648,1490.0,981,1087476,0.1,0.15199440160417946,3821.366447708002,True,False
1649,1220.0,705,1088181,0.1,0.11643758753780276,3823.6109384579977,True,False
1650,510.0,539,1088720,0.1,0.1177875564330154,3825.3769616670033,True,False
1651,390.0,386,1089106,0.1,0.1288913128664717,3827.6697472919986,True,False
1652,1000.0,625,1089731,0.1,0.1227816982099261,3829.805089082998,True,False
1653,1180.0,855,1090586,0.1,0.1617582417833053,3832.511429958002,True,False
1654,1840.0,872,1091458,0.1,0.1277073016475647,3836.3490552919975,True,False
1655,1480.0,881,1092339,0.1,0.12861892664805055,3839.045202375004,True,False
1656,1900.0,916,1093255,0.1,0.13795505054132387,3842.1189384169993,True,False
1657,1140.0,847,1094102,0.1,0.15372502779201516,3844.783348750003,True,False
1658,720.0,714,1094816,0.1,0.13702396761272206,3847.194943333001,True,False
1659,1620.0,751,1095567,0.1,0.1632100396694984,3849.5931915830006,True,False
1660,1410.0,659,1096226,0.1,0.1233175271162481,3851.909742374999,True,False
1661,790.0,761,1096987,0.1,0.14232450905991229,3854.580442833001,True,False
1662,1260.0,747,1097734,0.1,0.10973825002895957,3856.910163917004,True,False
1663,1500.0,1042,1098776,0.1,0.1558816710636876,3860.2907464579985,True,False
1664,1310.0,813,1099589,0.1,0.10707439736375961,3862.9280587920002,True,False
1665,1060.0,624,1100213,0.1,0.1404156014084434,3864.9084499169985,True,False
1666,1340.0,744,1100957,0.1,0.13760727941389045,3867.234337916998,True,False
1667,830.0,535,1101492,0.1,0.1381443621896541,3868.9209502919985,True,False
1668,1690.0,931,1102423,0.1,0.14650244132519283,3871.8294131250004,True,False
1669,550.0,427,1102850,0.1,0.13054368738955427,3873.2079571670038,True,False
1670,870.0,642,1103492,0.1,0.12776213353326232,3875.233728416999,True,False
1671,1160.0,671,1104163,0.1,0.11240466233499036,3877.365041666999,True,False
1672,960.0,632,1104795,0.1,0.132048857858098,3879.486219999999,True,False
1673,1070.0,742,1105537,0.1,0.10797287364520373,3881.8766496669996,True,False
1674,1580.0,976,1106513,0.1,0.13525885292405232,3885.025531792002,True,False
1675,1950.0,851,1107364,0.1,0.13632221654617172,3887.719586375002,True,False
1676,560.0,459,1107823,0.1,0.1258703023031877,3890.1275158749995,True,False
1677,1510.0,597,1108420,0.1,0.11620241494228442,3892.060861292004,True,False
1678,480.0,421,1108841,0.1,0.12832907516331898,3893.40376275,True,False
1679,830.0,534,1109375,0.1,0.10581005536916113,3895.5769867920026,True,False
1680,1410.0,783,1110158,0.1,0.1387824660585243,3898.274833000003,True,False
1681,1880.0,698,1110856,0.1,0.14303080320358277,3900.4186845000004,True,False
1682,1600.0,953,1111809,0.1,0.11317649019584686,3903.4602677919975,True,False
1683,1200.0,705,1112514,0.1,0.11215804701417008,3905.671105583002,True,False
1684,1190.0,706,1113220,0.1,0.16155758479052346,3907.893832667003,True,False
1685,1140.0,868,1114088,0.1,0.1380039660715013,3910.6324977080003,True,False
1686,980.0,766,1114854,0.1,0.12740178499858418,3913.047536750004,True,False
1687,1670.0,792,1115646,0.1,0.11944491519696182,3915.6189069579996,True,False
1688,980.0,602,1116248,0.1,0.1280559143606598,3917.566615292002,True,False
1689,1010.0,630,1116878,0.1,0.1327937536392432,3919.5661814999985,True,False
1690,790.0,547,1117425,0.1,0.14212945971066934,3921.292700750004,True,False
1691,1300.0,841,1118266,0.1,0.13126508661856254,3923.931232707997,True,False
1692,1270.0,915,1119181,0.1,0.13052929375792435,3926.787935792003,True,False
1693,1020.0,674,1119855,0.1,0.11777815339155495,3928.885704041997,True,False
1694,1230.0,897,1120752,0.1,0.13003850680258539,3931.6936270829974,True,False
1695,1300.0,751,1121503,0.1,0.12588514090779632,3934.021591208002,True,False
1696,1370.0,886,1122389,0.1,0.13458403736889898,3936.7616661249995,True,False
1697,860.0,791,1123180,0.1,0.155628092361219,3939.2493632920014,True,False
1698,1650.0,900,1124080,0.1,0.13489209002090824,3942.072584624999,True,False
1699,980.0,648,1124728,0.1,0.11451062369217843,3944.1691114170026,True,False
1700,760.0,615,1125343,0.1,0.1421065030534283,3946.111501457999,True,False
1701,510.0,472,1125815,0.1,0.08038550383269281,3948.5408765419998,True,False
1702,1540.0,808,1126623,0.1,0.1253149480660363,3951.1538588330004,True,False
1703,1310.0,663,1127286,0.1,0.1237723650747394,3953.2321068329984,True,False
1704,1080.0,711,1127997,0.1,0.14324533005946138,3955.820088458,True,False
1705,840.0,693,1128690,0.1,0.12325324274255017,3958.2526126250013,True,False
1706,1730.0,724,1129414,0.1,0.09692477273307123,3960.539540208003,True,False
1707,1310.0,886,1130300,0.1,0.12423636015034742,3963.417726083004,True,False
1708,2610.0,772,1131072,0.1,0.14375289651164735,3966.199208375001,True,False
1709,1210.0,714,1131786,0.1,0.12687808978423643,3968.562838167003,True,False
1710,1190.0,713,1132499,0.1,0.11971130650071951,3970.775365082998,True,False
1711,1350.0,1062,1133561,0.1,0.12418362671243292,3974.170368332998,True,False
1712,2100.0,1237,1134798,0.1,0.1225531967085542,3978.010750417001,True,False
1713,1060.0,736,1135534,0.1,0.14839502881564523,3980.329741207999,True,False
1714,940.0,645,1136179,0.1,0.12150862927531234,3982.373383625003,True,False
1715,2770.0,994,1137173,0.1,0.13996586230504943,3985.484122957998,True,False
1716,880.0,588,1137761,0.1,0.11258005216514984,3987.310327583,True,False
1717,1470.0,992,1138753,0.1,0.1354417695378464,3990.4055862500027,True,False
1718,1170.0,653,1139406,0.1,0.13146863713220586,3992.453187207997,True,False
1719,2110.0,949,1140355,0.1,0.13328537623936365,3995.4029569170016,True,False
1720,2870.0,1076,1141431,0.1,0.12576148245608273,3998.817465500004,True,False
1721,1280.0,935,1142366,0.1,0.11827619595882985,4001.7486199580017,True,False
1722,730.0,679,1143045,0.1,0.12969547297586412,4003.8661544170027,True,False
1723,1400.0,950,1143995,0.1,0.15174688623612942,4006.907034458003,True,False
1724,880.0,592,1144587,0.1,0.14008206531808182,4008.8368012920037,True,False
1725,550.0,422,1145009,0.1,0.11103636938375684,4010.2163335419973,True,False
1726,1240.0,749,1145758,0.1,0.1412191670886017,4013.5150030829973,True,False
1727,1160.0,655,1146413,0.1,0.10043776257917648,4015.6707648329975,True,False
1728,1120.0,607,1147020,0.1,0.12400365466448038,4017.608554833001,True,False
1729,1070.0,770,1147790,0.1,0.09885447905010854,4019.9985065,True,False
1730,1440.0,801,1148591,0.1,0.09790073536336422,4022.544853958003,True,False
1731,2010.0,622,1149213,0.1,0.11766224163465011,4024.5030641249978,True,False
1732,1700.0,866,1150079,0.1,0.11883982837510605,4027.4047142920026,True,False
1733,790.0,948,1151027,0.1,0.13318390751312553,4030.4130829170026,True,False
1734,1790.0,1016,1152043,0.1,0.14736841058754546,4033.614028625001,True,False
1735,1280.0,730,1152773,0.1,0.1329600735277426,4035.908876583002,True,False
1736,980.0,504,1153277,0.1,0.12186906639013499,4037.489304458002,True,False
1737,1670.0,745,1154022,0.1,0.1200856998843211,4039.8461148330025,True,False
1738,2490.0,855,1154877,0.1,0.134883625763599,4042.507653833003,True,False
1739,1480.0,755,1155632,0.1,0.11709925368743598,4044.866662082997,True,False
1740,1490.0,874,1156506,0.1,0.12170547120478176,4047.594787916998,True,False
1741,1380.0,721,1157227,0.1,0.15552223962214257,4049.8494719169976,True,False
1742,1020.0,686,1157913,0.1,0.1289933631196618,4052.005394874999,True,False
1743,720.0,592,1158505,0.1,0.13480370008462184,4053.9154755420022,True,False
1744,400.0,486,1158991,0.1,0.14026829449475303,4055.440795292001,True,False
1745,950.0,628,1159619,0.1,0.13001760332637533,4057.408537957999,True,False
1746,1280.0,827,1160446,0.1,0.12649541948404577,4060.0153141670016,True,False
1747,1150.0,670,1161116,0.1,0.15030262087072646,4062.100543875,True,False
1748,1490.0,944,1162060,0.1,0.12393097331652701,4065.0331209170035,True,False
1749,1780.0,730,1162790,0.1,0.12339290476066399,4067.3431482079977,True,False
1750,1000.0,601,1163391,0.1,0.11090415885051091,4069.318118957999,True,False
1751,1000.0,566,1163957,0.1,0.1129133545623069,4072.007401667004,True,False
1752,570.0,455,1164412,0.1,0.14004851794360498,4073.4432204999976,True,False
1753,520.0,640,1165052,0.1,0.13126822055783122,4075.5077371669977,True,False
1754,960.0,645,1165697,0.1,0.11743207708556459,4077.522357791997,True,False
1755,920.0,790,1166487,0.1,0.15232935911848158,4080.0320440420037,True,False
1756,1070.0,674,1167161,0.1,0.15657517768045853,4082.2214263749993,True,False
1757,910.0,703,1167864,0.1,0.1287795233497904,4084.425526375002,True,False
1758,520.0,557,1168421,0.1,0.13404099167518907,4086.1964950420006,True,False
1759,1280.0,852,1169273,0.1,0.13304749970704738,4088.888648332999,True,False
1760,1160.0,827,1170100,0.1,0.12341074888472972,4091.4834577500005,True,False
1761,1580.0,932,1171032,0.1,0.12631042959576258,4094.404603957999,True,False
1762,2070.0,953,1171985,0.1,0.13205997627071975,4097.351268042003,True,False
1763,1020.0,728,1172713,0.1,0.1414429555022782,4099.647043208002,True,False
1764,1020.0,636,1173349,0.1,0.15228933721499624,4101.650877583001,True,False
1765,860.0,659,1174008,0.1,0.13987011343918063,4103.716491083003,True,False
1766,980.0,684,1174692,0.1,0.11392601197095294,4105.8598267080015,True,False
1767,1210.0,647,1175339,0.1,0.12889851392564936,4107.896803458003,True,False
1768,1270.0,730,1176069,0.1,0.12086588616579608,4110.201901542001,True,False
1769,920.0,572,1176641,0.1,0.11783818413431828,4112.054657583001,True,False
1770,2350.0,860,1177501,0.1,0.155367244936006,4114.7759207499985,True,False
1771,1240.0,1062,1178563,0.1,0.13224515129091605,4118.184036125,True,False
1772,1620.0,599,1179162,0.1,0.12530212989697853,4120.096237582999,True,False
1773,1050.0,630,1179792,0.1,0.14384283301055054,4122.377951542003,True,False
1774,410.0,537,1180329,0.1,0.13503859992792358,4124.095270083002,True,False
1775,370.0,428,1180757,0.1,0.12398937462924797,4125.438124500004,True,False
1776,810.0,560,1181317,0.1,0.11101298592984676,4128.1157509999975,True,False
1777,1040.0,765,1182082,0.1,0.13188417544539685,4130.819564416997,True,False
1778,1070.0,602,1182684,0.1,0.14968796881125462,4132.698696457999,True,False
1779,1180.0,645,1183329,0.1,0.1284100678026306,4134.807452375004,True,False
1780,460.0,469,1183798,0.1,0.16950588781609494,4136.318113792004,True,False
1781,1590.0,681,1184479,0.1,0.14582618640407044,4139.086481291997,True,False
1782,1350.0,738,1185217,0.1,0.14408392260807593,4141.433226667003,True,False
1783,1090.0,741,1185958,0.1,0.12439307884590046,4143.773035124999,True,False
1784,1350.0,602,1186560,0.1,0.1443122105167204,4145.728272332999,True,False
1785,1270.0,842,1187402,0.1,0.16827273801678702,4148.373948917004,True,False
1786,1370.0,838,1188240,0.1,0.15892603299802258,4151.042704291998,True,False
1787,1240.0,869,1189109,0.1,0.13621911470035802,4153.796413875003,True,False
1788,1010.0,767,1189876,0.1,0.1577785237071415,4156.222831583,True,False
1789,1280.0,804,1190680,0.1,0.14089390162878962,4158.757900958,True,False
1790,1370.0,740,1191420,0.1,0.15546548279958802,4161.444993707999,True,False
1791,1830.0,974,1192394,0.1,0.14235568031239412,4164.533454791999,True,False
1792,1480.0,753,1193147,0.1,0.11815942829831484,4166.933699667003,True,False
1793,1660.0,963,1194110,0.1,0.18050103855640068,4169.9800143750035,True,False
1794,850.0,754,1194864,0.1,0.1341563358153931,4172.378514541997,True,False
1795,1280.0,766,1195630,0.1,0.1444436282563116,4175.590334917004,True,False
1796,2870.0,1095,1196725,0.1,0.14014423251437552,4179.384944874997,True,False
1797,1680.0,967,1197692,0.1,0.14600139839405363,4182.407233457998,True,False
1798,840.0,574,1198266,0.1,0.12769978093569512,4184.260069292002,True,False
1799,1050.0,728,1198994,0.1,0.13836489448958372,4186.57719425,True,False
1800,1500.0,723,1199717,0.1,0.1690728398482444,4188.952870957997,True,False
1801,1720.0,707,1200424,0.1,0.13445196832177667,4191.924088500004,True,False
1802,2210.0,810,1201234,0.1,0.14512463535486472,4194.472751333,True,False
1803,510.0,432,1201666,0.1,0.1478429246969797,4195.871148792001,True,False
1804,1230.0,871,1202537,0.1,0.1363347062003722,4198.659586000002,True,False
1805,1740.0,793,1203330,0.1,0.1173209035016521,4201.25730125,True,False
1806,1410.0,788,1204118,0.1,0.16487332259489196,4203.768379875,True,False
1807,720.0,618,1204736,0.1,0.11600845214580335,4205.812724292002,True,False
1808,1740.0,756,1205492,0.1,0.1394713887816699,4208.272717958003,True,False
1809,1130.0,721,1206213,0.1,0.1336003554571006,4210.586761792001,True,False
1810,730.0,567,1206780,0.1,0.14484529244438024,4212.523033292004,True,False
1811,870.0,631,1207411,0.1,0.12770953895464823,4214.521242292001,True,False
1812,1470.0,716,1208127,0.1,0.13901719124207285,4216.771960917002,True,False
1813,1360.0,762,1208889,0.1,0.15578103449722236,4219.184297,True,False
1814,2720.0,938,1209827,0.1,0.15404078119203576,4222.135488083004,True,False
1815,1430.0,693,1210520,0.1,0.14738826053324103,4224.346328042004,True,False
1816,460.0,440,1210960,0.1,0.14648235812783242,4225.748220375004,True,False
1817,1580.0,705,1211665,0.1,0.13785176199268212,4227.986182458,True,False
1818,1150.0,800,1212465,0.1,0.14676025718450547,4230.512922374997,True,False
1819,860.0,678,1213143,0.1,0.16544441886510722,4232.660247500004,True,False
1820,1240.0,706,1213849,0.1,0.12431752481787219,4234.910568958003,True,False
1821,1280.0,808,1214657,0.1,0.1464509251296963,4237.527810166997,True,False
1822,1050.0,550,1215207,0.1,0.14246902931617558,4239.327443082999,True,False
1823,1730.0,689,1215896,0.1,0.12459819780048952,4241.584569208004,True,False
1824,1370.0,730,1216626,0.1,0.1676670169908103,4243.946225667001,True,False
1825,1920.0,787,1217413,0.1,0.14894107246043417,4246.4517495420005,True,False
1826,1120.0,684,1218097,0.1,0.12339572096515818,4249.697783292002,True,False
1827,1750.0,997,1219094,0.1,0.12974743790415874,4252.870322333001,True,False
1828,1150.0,635,1219729,0.1,0.1398916504808567,4254.870920624999,True,False
1829,780.0,501,1220230,0.1,0.1429055142700672,4256.469861500002,True,False
1830,1730.0,741,1220971,0.1,0.13242764538405716,4258.79503075,True,False
1831,1500.0,864,1221835,0.1,0.138216550487818,4261.527538499999,True,False
1832,1890.0,859,1222694,0.1,0.14659926492807476,4264.3020736670005,True,False
1833,740.0,627,1223321,0.1,0.14530919456652774,4266.648586042,True,False
1834,1040.0,691,1224012,0.1,0.12928223177101572,4268.920138957998,True,False
1835,480.0,461,1224473,0.1,0.13804454913605815,4270.458226374998,True,False
1836,1300.0,731,1225204,0.1,0.14809379312387908,4272.831561667001,True,False
1837,580.0,498,1225702,0.1,0.1465835949225772,4274.418714958003,True,False
1838,860.0,684,1226386,0.1,0.15108896604581187,4276.622309958002,True,False
1839,1210.0,979,1227365,0.1,0.14073478267813216,4279.714424208003,True,False
1840,570.0,499,1227864,0.1,0.14802667690813542,4281.314494625003,True,False
1841,1300.0,728,1228592,0.1,0.13559127140503663,4283.715882458004,True,False
1842,650.0,546,1229138,0.1,0.13733025100629995,4285.444422499997,True,False
1843,1120.0,582,1229720,0.1,0.14597224069070325,4287.309436791998,True,False
1844,1270.0,609,1230329,0.1,0.15507546202034542,4289.281430042,True,False
1845,1570.0,1034,1231363,0.1,0.14232988017358522,4292.649393958003,True,False
1846,1680.0,912,1232275,0.1,0.1388387057701485,4295.580085000001,True,False
1847,1310.0,650,1232925,0.1,0.1270218362654645,4297.711405167,True,False
1848,390.0,409,1233334,0.1,0.13808615874572128,4299.0964011250035,True,False
1849,1160.0,652,1233986,0.1,0.1384432487921115,4301.196158833001,True,False
1850,870.0,661,1234647,0.1,0.13246757065256437,4303.305500417002,True,False
1851,1530.0,1169,1235816,0.1,0.1342885837963315,4308.780459166999,True,False
1852,930.0,535,1236351,0.1,0.14422863835286825,4310.480682792004,True,False
1853,1690.0,620,1236971,0.1,0.12795529413607812,4312.470773250003,True,False
1854,1920.0,917,1237888,0.1,0.13661502957667992,4315.365792999997,True,False
1855,690.0,564,1238452,0.1,0.13853449683557165,4317.190130333001,True,False
1856,1560.0,861,1239313,0.1,0.13296630290705105,4319.9792275,True,False
1857,960.0,605,1239918,0.1,0.1377144671532492,4321.949336333004,True,False
1858,1120.0,548,1240466,0.1,0.13700616544615613,4323.688885916999,True,False
1859,1560.0,731,1241197,0.1,0.14901289689899141,4326.1190391670025,True,False
1860,1180.0,732,1241929,0.1,0.1494856182017613,4328.922029333,True,False
1861,1640.0,873,1242802,0.1,0.16986204850393424,4332.509580792001,True,False
1862,580.0,506,1243308,0.1,0.17114605343951952,4334.708112,True,False
1863,1450.0,817,1244125,0.1,0.1508463932493446,4337.378771458003,True,False
1864,1300.0,654,1244779,0.1,0.1307060425312607,4339.6676922080005,True,False
1865,1620.0,946,1245725,0.1,0.1618269751877976,4342.737804917,True,False
1866,1010.0,712,1246437,0.1,0.15430097683761898,4345.067277000002,True,False
1867,1150.0,840,1247277,0.1,0.14135364970813194,4347.715666000004,True,False
1868,1280.0,706,1247983,0.1,0.131081300702962,4349.955126125002,True,False
1869,1090.0,700,1248683,0.1,0.16118398204445838,4352.202146625001,True,False
1870,1550.0,730,1249413,0.1,0.15715207438407047,4354.522701916998,True,False
1871,1020.0,588,1250001,0.1,0.12362413146362013,4356.413888666997,True,False
1872,1040.0,598,1250599,0.1,0.12122000753879547,4358.366089000003,True,False
1873,1560.0,932,1251531,0.1,0.161228805228812,4361.310484916998,True,False
1874,1300.0,816,1252347,0.1,0.12422603576937143,4363.911825957999,True,False
1875,1960.0,897,1253244,0.1,0.13419467879666222,4367.137343041999,True,False
1876,1430.0,1071,1254315,0.1,0.13018473610281944,4371.956489208002,True,False
1877,1760.0,967,1255282,0.1,0.13872341413728215,4375.783927666998,True,False
1878,970.0,995,1256277,0.1,0.1438057860770977,4378.910080082998,True,False
1879,2510.0,1023,1257300,0.1,0.13687332519475603,4382.279062041998,True,False
1880,1550.0,501,1257801,0.1,0.1594639910310507,4383.870557167,True,False
1881,920.0,613,1258414,0.1,0.14111013101791245,4386.001979958004,True,False
1882,1360.0,835,1259249,0.1,0.1252442362615794,4389.000368749999,True,False
1883,1390.0,1008,1260257,0.1,0.12599024240164056,4392.330570792001,True,False
1884,2010.0,1037,1261294,0.1,0.11820107342452386,4395.694885333003,True,False
1885,1750.0,1038,1262332,0.1,0.1260316075112384,4399.703190458,True,False
1886,1400.0,868,1263200,0.1,0.1351191639848706,4402.502853625003,True,False
1887,880.0,769,1263969,0.1,0.13748535783573365,4405.042091292002,True,False
1888,1170.0,741,1264710,0.1,0.12611851137433502,4407.433385625001,True,False
1889,1350.0,859,1265569,0.1,0.13992768330282943,4410.1394379580015,True,False
1890,1160.0,843,1266412,0.1,0.154109081324031,4412.849734832998,True,False
1891,1980.0,1041,1267453,0.1,0.14022780508519364,4416.117793792,True,False
1892,1030.0,570,1268023,0.1,0.11667777654308249,4417.976449041998,True,False
1893,430.0,404,1268427,0.1,0.09961337653348351,4419.294104833003,True,False
1894,1150.0,640,1269067,0.1,0.1300392855424434,4421.452982708004,True,False
1895,1670.0,806,1269873,0.1,0.1340845165184081,4424.4768790829985,True,False
1896,1690.0,750,1270623,0.1,0.12175757833382982,4426.9986096249995,True,False
1897,510.0,476,1271099,0.1,0.13985880623970712,4428.705725833002,True,False
1898,1220.0,796,1271895,0.1,0.1561424428381812,4431.572728583,True,False
1899,920.0,632,1272527,0.1,0.12594439747118497,4433.618053999999,True,False
1900,1150.0,635,1273162,0.1,0.10747125193054946,4435.945981833,True,False
1901,1890.0,947,1274109,0.1,0.16017431935554818,4441.336518666998,True,False
1902,880.0,683,1274792,0.1,0.13733678814350514,4443.520605625003,True,False
1903,1090.0,747,1275539,0.1,0.13775055420895418,4446.155207083,True,False
1904,1170.0,636,1276175,0.1,0.1180020872409801,4448.264448458001,True,False
1905,870.0,650,1276825,0.1,0.12901158525717038,4450.498002082997,True,False
1906,690.0,579,1277404,0.1,0.15379543046242206,4452.543036499999,True,False
1907,1140.0,596,1278000,0.1,0.1007037456303635,4454.609437291998,True,False
1908,990.0,586,1278586,0.1,0.14558561307008136,4456.511267000002,True,False
1909,1020.0,667,1279253,0.1,0.131042428872364,4458.674851292002,True,False
1910,660.0,475,1279728,0.1,0.13318329288804232,4460.260493667003,True,False
1911,1120.0,974,1280702,0.1,0.12637841194070906,4463.391942542003,True,False
1912,1090.0,704,1281406,0.1,0.1584649361902848,4465.657175875,True,False
1913,690.0,683,1282089,0.1,0.14606837948991191,4467.8688538330025,True,False
1914,920.0,831,1282920,0.1,0.15684990737085733,4470.541193083001,True,False
1915,1740.0,875,1283795,0.1,0.12987933920508404,4473.942641292,True,False
1916,960.0,847,1284642,0.1,0.1286888389039855,4476.629612625002,True,False
1917,1030.0,586,1285228,0.1,0.12967575351599933,4478.6250644169995,True,False
1918,1310.0,965,1286193,0.1,0.12614115423434008,4481.724092791999,True,False
1919,1270.0,826,1287019,0.1,0.15932572180929694,4484.388458624999,True,False
1920,980.0,630,1287649,0.1,0.1308909449962121,4486.424932250004,True,False
1921,1830.0,816,1288465,0.1,0.1273084162350963,4489.159572333003,True,False
1922,780.0,582,1289047,0.1,0.14768200018282596,4491.044855792003,True,False
1923,1210.0,714,1289761,0.1,0.13521317288529275,4493.281858041999,True,False
1924,1370.0,814,1290575,0.1,0.14538723323952976,4495.8948567920015,True,False
1925,1490.0,598,1291173,0.1,0.11768071840206783,4497.7830925829985,True,False
1926,1620.0,1051,1292224,0.1,0.13648377985697055,4501.856566583003,True,False
1927,1720.0,627,1292851,0.1,0.12926498205902484,4503.859483041997,True,False
1928,1420.0,683,1293534,0.1,0.14884644222843368,4506.049314042,True,False
1929,1380.0,760,1294294,0.1,0.13101067788114673,4508.481948332999,True,False
1930,1290.0,1031,1295325,0.1,0.12148535557004601,4511.779416958001,True,False
1931,1360.0,614,1295939,0.1,0.12102854914135402,4513.726163708001,True,False
1932,1320.0,548,1296487,0.1,0.13120616047921843,4515.455158792,True,False
1933,1020.0,709,1297196,0.1,0.11575889750645402,4517.803962833001,True,False
1934,970.0,647,1297843,0.1,0.1252136232319826,4519.941207124997,True,False
1935,500.0,442,1298285,0.1,0.12221113181261865,4521.375144083002,True,False
1936,2080.0,1033,1299318,0.1,0.13377556888487682,4524.664768249997,True,False
1937,1780.0,874,1300192,0.1,0.11830692288367987,4527.446453333003,True,False
1938,520.0,456,1300648,0.1,0.12701818570821433,4528.911526750002,True,False
1939,1570.0,811,1301459,0.1,0.1070524351579128,4531.551156792004,True,False
1940,1680.0,960,1302419,0.1,0.13427899290109052,4535.005624416997,True,False
1941,950.0,728,1303147,0.1,0.13203784175585587,4537.389933541999,True,False
1942,1260.0,935,1304082,0.1,0.13610607723140308,4540.358906207999,True,False
1943,980.0,554,1304636,0.1,0.13750559046006888,4542.167172875001,True,False
1944,1230.0,714,1305350,0.1,0.11976877233704154,4544.427601374999,True,False
1945,1530.0,1132,1306482,0.1,0.11918515787713309,4549.825866416999,True,False
1946,1720.0,803,1307285,0.1,0.12073121778666973,4552.478195958,True,False
1947,1120.0,670,1307955,0.1,0.13977592261117733,4554.741616416999,True,False
1948,600.0,525,1308480,0.1,0.10763661672050755,4556.5076625,True,False
1949,990.0,608,1309088,0.1,0.13377420886076594,4558.5062577080025,True,False
1950,1980.0,831,1309919,0.1,0.15039737159971167,4561.249489499998,True,False
1951,1450.0,794,1310713,0.1,0.11709921889418932,4564.8674921249985,True,False
1952,1230.0,763,1311476,0.1,0.11352755406296065,4568.012587625002,True,False
1953,1260.0,835,1312311,0.1,0.1345488476083399,4570.714827458003,True,False
1954,810.0,589,1312900,0.1,0.1079909473884146,4572.711432000004,True,False
1955,4290.0,833,1313733,0.1,0.12352141530181353,4575.456140458002,True,False
1956,400.0,355,1314088,0.1,0.11891452650005897,4576.660239666999,True,False
1957,1580.0,737,1314825,0.1,0.12917156212801195,4579.053094750001,True,False
1958,1330.0,664,1315489,0.1,0.12231798781957252,4581.206678249997,True,False
1959,1060.0,633,1316122,0.1,0.14058443855588573,4583.4066083330035,True,False
1960,1200.0,774,1316896,0.1,0.13595018554094834,4585.950500833002,True,False
1961,1020.0,616,1317512,0.1,0.14634454448695305,4587.948192625001,True,False
1962,590.0,486,1317998,0.1,0.11508382127181557,4589.540745917002,True,False
1963,2020.0,798,1318796,0.1,0.14218436254188418,4592.180743292003,True,False
1964,1330.0,852,1319648,0.1,0.142087285315067,4594.896319291998,True,False
1965,1860.0,873,1320521,0.1,0.12846039602994372,4597.751875957998,True,False
1966,850.0,670,1321191,0.1,0.13024944812059402,4599.931019374999,True,False
1967,1610.0,1028,1322219,0.1,0.14508247163857005,4603.263912000002,True,False
1968,1640.0,726,1322945,0.1,0.1225163840719468,4605.662309166997,True,False
1969,1380.0,973,1323918,0.1,0.13692402997563896,4609.040347041999,True,False
1970,640.0,529,1324447,0.1,0.15854485124123818,4610.885473082999,True,False
1971,880.0,612,1325059,0.1,0.12851675994255962,4613.0963861670025,True,False
1972,1160.0,703,1325762,0.1,0.14953828561225568,4615.369734332999,True,False
1973,620.0,440,1326202,0.1,0.1234332294457338,4616.977952499998,True,False
1974,990.0,564,1326766,0.1,0.12865287522580607,4618.912804207997,True,False
1975,1290.0,642,1327408,0.1,0.13620236823740212,4621.101590457998,True,False
1976,1570.0,854,1328262,0.1,0.1386872662554884,4625.015189750004,True,False
1977,1190.0,698,1328960,0.1,0.15626865029335021,4627.466727500003,True,False
1978,590.0,467,1329427,0.1,0.13228919759296395,4630.113034875001,True,False
1979,1810.0,921,1330348,0.1,0.12714168370511883,4633.226329375,True,False
1980,1090.0,628,1330976,0.1,0.14014339073306056,4635.480494208001,True,False
1981,1010.0,817,1331793,0.1,0.14762486952046552,4638.215583333003,True,False
1982,620.0,494,1332287,0.1,0.14757407138623843,4639.965060458002,True,False
1983,1880.0,866,1333153,0.1,0.14840757470011437,4642.859062333002,True,False
1984,1090.0,836,1333989,0.1,0.13156678846649575,4645.558398458001,True,False
1985,1350.0,741,1334730,0.1,0.13320219643615389,4648.075051,True,False
1986,820.0,642,1335372,0.1,0.11655392556780984,4650.367874417003,True,False
1987,1620.0,964,1336336,0.1,0.14022453794742767,4653.483407375003,True,False
1988,1450.0,711,1337047,0.1,0.1441429009250665,4655.840717416999,True,False
1989,1720.0,910,1337957,0.1,0.14356953979126716,4659.078285000003,True,False
1990,520.0,446,1338403,0.1,0.13143438080678116,4660.5509600000005,True,False
1991,1270.0,709,1339112,0.1,0.16341874414657273,4663.450349999999,True,False
1992,1240.0,761,1339873,0.1,0.14076327509001682,4665.98558375,True,False
1993,520.0,492,1340365,0.1,0.14025155831946107,4667.706596625001,True,False
1994,3830.0,1019,1341384,0.1,0.12573673291241422,4671.266815000003,True,False
1995,1040.0,861,1342245,0.1,0.1427264826935391,4674.012752708004,True,False
1996,1540.0,979,1343224,0.1,0.13735998265293178,4677.158887833,True,False
1997,980.0,682,1343906,0.1,0.1375386394560337,4679.34624875,True,False
1998,2090.0,862,1344768,0.1,0.11892557934926892,4682.229770416998,True,False
1999,830.0,627,1345395,0.1,0.14075254740862128,4684.242907291999,True,False
2000,1550.0,671,1346066,0.1,0.1304634567461021,4686.461816666997,True,False
2001,780.0,719,1346785,0.1,0.10561605222109291,4690.971724499999,True,False
2002,1040.0,739,1347524,0.1,0.11444410486398517,4693.369818708001,True,False
2003,1320.0,772,1348296,0.1,0.13361126670874462,4696.037269207998,True,False
2004,1210.0,671,1348967,0.1,0.12925423709619902,4698.415980083002,True,False
2005,1300.0,837,1349804,0.1,0.13023567836554278,4701.158170916999,True,False
2006,1170.0,675,1350479,0.1,0.12367427136771203,4703.414516917001,True,False
2007,1660.0,662,1351141,0.1,0.118055726076106,4705.586528332999,True,False
2008,2280.0,1125,1352266,0.1,0.13841729468642816,4709.203799249997,True,False
2009,1640.0,712,1352978,0.1,0.09139334776679452,4711.665924957997,True,False
2010,1120.0,633,1353611,0.1,0.10595226773544203,4713.755343249999,True,False
2011,1040.0,654,1354265,0.1,0.13403575674335405,4715.957505457998,True,False
2012,1280.0,703,1354968,0.1,0.10446810145566071,4718.6586118330015,True,False
2013,1810.0,745,1355713,0.1,0.12272676526098161,4721.123971916997,True,False
2014,1010.0,732,1356445,0.1,0.13103993130145503,4723.631589582998,True,False
2015,970.0,661,1357106,0.1,0.15397310604651768,4725.901604083003,True,False
2016,1560.0,685,1357791,0.1,0.10560459802635232,4728.264732042,True,False
2017,630.0,544,1358335,0.1,0.1263407104073421,4730.268817666998,True,False
2018,1670.0,659,1358994,0.1,0.1298126043130954,4732.401061083001,True,False
2019,1680.0,936,1359930,0.1,0.12724956846198973,4735.582697375001,True,False
2020,1890.0,705,1360635,0.1,0.100792200664397,4737.877006667004,True,False
2021,1200.0,602,1361237,0.1,0.12594017251980621,4739.917922583001,True,False
2022,1250.0,618,1361855,0.1,0.12347360776568,4741.991606916999,True,False
2023,1270.0,644,1362499,0.1,0.10699488140457536,4744.130779250001,True,False
2024,2690.0,1064,1363563,0.1,0.10734547442875635,4747.894227792,True,False
2025,1050.0,615,1364178,0.1,0.13415266121072428,4750.399813541997,True,False
2026,600.0,440,1364618,0.1,0.14151992062953386,4752.946611332998,True,False
2027,930.0,613,1365231,0.1,0.10810761236482197,4754.980495791999,True,False
2028,2220.0,790,1366021,0.1,0.14191249203915246,4757.722967624999,True,False
2029,1280.0,852,1366873,0.1,0.12281394253174464,4760.522944582997,True,False
2030,1250.0,579,1367452,0.1,0.1304142701857049,4762.400607042,True,False
2031,1100.0,616,1368068,0.1,0.12035692856925262,4764.412667458004,True,False
2032,910.0,577,1368645,0.1,0.13409871833088496,4766.313568874997,True,False
2033,1030.0,703,1369348,0.1,0.1046479309020056,4768.5475356669995,True,False
2034,1210.0,909,1370257,0.1,0.11638711549604254,4771.548585249999,True,False
2035,1190.0,639,1370896,0.1,0.10988542811246589,4773.6488210000025,True,False
2036,800.0,502,1371398,0.1,0.12409224498271942,4775.390980666998,True,False
2037,970.0,678,1372076,0.1,0.12054391914211651,4777.696305625002,True,False
2038,1070.0,532,1372608,0.1,0.11330563499403179,4779.468147042004,True,False
2039,2380.0,639,1373247,0.1,0.12146607502920073,4781.492955667003,True,False
2040,1600.0,707,1373954,0.1,0.10428131231775055,4783.807257749999,True,False
2041,1390.0,817,1374771,0.1,0.11794211969290878,4786.419635500002,True,False
2042,1050.0,566,1375337,0.1,0.14533785240016353,4788.328798583003,True,False
2043,1580.0,906,1376243,0.1,0.12539878452971445,4791.370593166997,True,False
2044,2100.0,889,1377132,0.1,0.12736859217687038,4794.2092952500025,True,False
2045,200.0,293,1377425,0.1,0.13666553126826678,4795.1885670830015,True,False
2046,1550.0,614,1378039,0.1,0.12630766373298136,4797.153729292004,True,False
2047,650.0,506,1378545,0.1,0.1448567434852048,4798.815014708001,True,False
2048,1130.0,636,1379181,0.1,0.12596349359589554,4800.932177583003,True,False
2049,1640.0,664,1379845,0.1,0.12736125156866857,4803.132414457999,True,False
2050,1250.0,826,1380671,0.1,0.14313211840875809,4806.381732624999,True,False
2051,920.0,581,1381252,0.1,0.14524800614900377,4809.734864958002,True,False
2052,1650.0,924,1382176,0.1,0.13045852877264158,4813.000838749998,True,False
2053,1400.0,812,1382988,0.1,0.10558093941123614,4815.689528374998,True,False
2054,1420.0,903,1383891,0.1,0.12535882472991944,4818.642754332999,True,False
2055,590.0,445,1384336,0.1,0.11686074288029756,4820.122265792001,True,False
2056,1200.0,863,1385199,0.1,0.11294098466114942,4824.046741457998,True,False
2057,2600.0,1020,1386219,0.1,0.121503771468997,4827.416253583004,True,False
2058,1040.0,667,1386886,0.1,0.12153781796554605,4829.664802083003,True,False
2059,1060.0,606,1387492,0.1,0.12724814842160986,4831.637798750002,True,False
2060,1790.0,781,1388273,0.1,0.13131169503889023,4834.1977899170015,True,False
2061,220.0,328,1388601,0.1,0.13067253660864947,4835.265091333,True,False
2062,1480.0,829,1389430,0.1,0.16607229990191794,4838.062713792002,True,False
2063,700.0,615,1390045,0.1,0.14562395126740266,4840.148036541999,True,False
2064,910.0,564,1390609,0.1,0.17326680828440696,4841.9872867919985,True,False
2065,2920.0,945,1391554,0.1,0.15171132657392802,4845.085618707999,True,False
2066,1330.0,731,1392285,0.1,0.10244523517054613,4847.434712542003,True,False
2067,2650.0,904,1393189,0.1,0.13962585129569063,4850.471646541999,True,False
2068,1250.0,818,1394007,0.1,0.13691994787066006,4853.0711717919985,True,False
2069,1100.0,704,1394711,0.1,0.10539833966388622,4855.370266500002,True,False
2070,720.0,493,1395204,0.1,0.1470223911587269,4856.933681082999,True,False
2071,690.0,611,1395815,0.1,0.1312150650682222,4858.892185875004,True,False
2072,1950.0,886,1396701,0.1,0.13300962506180947,4861.750708583,True,False
2073,1060.0,640,1397341,0.1,0.13389506959356368,4863.832782917001,True,False
2074,1910.0,1129,1398470,0.1,0.13612755001621676,4868.0071502499995,True,False
2075,2340.0,804,1399274,0.1,0.11543171122596038,4870.728200917001,True,False
2076,1240.0,673,1399947,0.1,0.139321777792204,4873.880911250002,True,False
2077,1400.0,829,1400776,0.1,0.12158382717125978,4877.026395583001,True,False
2078,1450.0,599,1401375,0.1,0.12486734678781272,4879.319010874999,True,False
2079,2690.0,876,1402251,0.1,0.1284115743572445,4882.704775999999,True,False
2080,1230.0,735,1402986,0.1,0.1511298162639951,4885.735721416997,True,False
2081,400.0,408,1403394,0.1,0.08745582449231662,4887.057110082998,True,False
2082,1240.0,698,1404092,0.1,0.11583273904664176,4889.466323207998,True,False
2083,1170.0,689,1404781,0.1,0.1299235717133554,4891.714617333004,True,False
2084,1260.0,730,1405511,0.1,0.12390674671137726,4894.265293124998,True,False
2085,3070.0,1050,1406561,0.1,0.13806070104779625,4897.630521917003,True,False
2086,900.0,558,1407119,0.1,0.13453183750615275,4899.463827,True,False
2087,1560.0,1087,1408206,0.1,0.13323257687529,4903.041997417,True,False
2088,1740.0,1024,1409230,0.1,0.13090168611961417,4906.3662645,True,False
2089,2100.0,979,1410209,0.1,0.130333192749139,4909.621829374999,True,False
2090,1150.0,685,1410894,0.1,0.1396052998038586,4911.861135917003,True,False
2091,1570.0,859,1411753,0.1,0.1338802368141884,4914.622703916997,True,False
2092,1090.0,740,1412493,0.1,0.13557650668395532,4917.00583925,True,False
2093,3640.0,1123,1413616,0.1,0.12310126689643834,4920.655639167002,True,False
2094,960.0,579,1414195,0.1,0.09444692050520745,4922.587200667003,True,False
2095,1090.0,708,1414903,0.1,0.13432363012416215,4924.951779458002,True,False
2096,1420.0,713,1415616,0.1,0.09505410099079489,4927.398926583002,True,False
2097,570.0,565,1416181,0.1,0.10953265107534033,4929.267726083002,True,False
2098,640.0,481,1416662,0.1,0.15884975311346353,4930.895517917001,True,False
2099,630.0,640,1417302,0.1,0.15454581854864954,4933.0065169169975,True,False
2100,2050.0,812,1418114,0.1,0.1305092410299138,4935.695600958003,True,False
2101,1140.0,802,1418916,0.1,0.1325392634862691,4939.378638791997,True,False
2102,1050.0,746,1419662,0.1,0.13827944186425978,4941.848647958002,True,False
2103,1220.0,844,1420506,0.1,0.12627004429486124,4945.314914625,True,False
2104,400.0,417,1420923,0.1,0.130352455836076,4946.651140708003,True,False
2105,1600.0,878,1421801,0.1,0.130346504480324,4949.493875166998,True,False
2106,1520.0,1176,1422977,0.1,0.13034089771257776,4953.294532166998,True,False
2107,790.0,644,1423621,0.1,0.13863782283867368,4955.373999583004,True,False
2108,1800.0,895,1424516,0.1,0.13049015989859722,4958.379444582999,True,False
2109,1300.0,728,1425244,0.1,0.12257775466807269,4960.710725417004,True,False
2110,400.0,426,1425670,0.1,0.13120817041622018,4962.086067958,True,False
2111,1800.0,908,1426578,0.1,0.13344102075512188,4965.026395000001,True,False
2112,2120.0,984,1427562,0.1,0.13235954831286176,4968.336339292,True,False
2113,650.0,520,1428082,0.1,0.13255825631607038,4970.118669292002,True,False
2114,1400.0,718,1428800,0.1,0.15507835290498204,4972.392989250002,True,False
2115,1340.0,777,1429577,0.1,0.14692728930949858,4974.931850458001,True,False
2116,1500.0,783,1430360,0.1,0.11221995321577605,4977.8580573750005,True,False
2117,980.0,901,1431261,0.1,0.1182181283666028,4980.731293666999,True,False
2118,1460.0,913,1432174,0.1,0.1410804517289395,4983.736704707997,True,False
2119,750.0,518,1432692,0.1,0.13833560846172846,4985.438526625003,True,False
2120,1720.0,663,1433355,0.1,0.1394596658759948,4987.655746541997,True,False
2121,1040.0,985,1434340,0.1,0.13435129031750112,4990.8191106250015,True,False
2122,580.0,473,1434813,0.1,0.15253578745207544,4992.371919375,True,False
2123,2900.0,899,1435712,0.1,0.10737413446936342,4995.252911542004,True,False
2124,1000.0,638,1436350,0.1,0.13925214444503844,4997.365091749998,True,False
2125,1390.0,844,1437194,0.1,0.13587568799183833,5000.308657792004,True,False
2126,1190.0,706,1437900,0.1,0.13519938622659208,5003.5541365419995,True,False
2127,1470.0,809,1438709,0.1,0.11187348375557968,5006.933767708004,True,False
2128,1340.0,768,1439477,0.1,0.11007830176580076,5009.456223583002,True,False
2129,1450.0,569,1440046,0.1,0.11743679263589668,5011.573630125,True,False
2130,2020.0,1104,1441150,0.1,0.11170700687132236,5015.256926292001,True,False
2131,1200.0,744,1441894,0.1,0.09556134878307261,5017.899530750001,True,False
2132,1670.0,680,1442574,0.1,0.1362362079870175,5020.314981458003,True,False
2133,960.0,748,1443322,0.1,0.11920849470929666,5022.725710332998,True,False
2134,1800.0,844,1444166,0.1,0.13704539008297345,5025.505563792001,True,False
2135,650.0,466,1444632,0.1,0.15597168357772195,5027.059816292,True,False
2136,1700.0,984,1445616,0.1,0.10291652119438338,5030.538367250003,True,False
2137,2550.0,754,1446370,0.1,0.12123570265248418,5032.912105875002,True,False
2138,1650.0,960,1447330,0.1,0.10611895593659332,5036.056739166997,True,False
2139,970.0,502,1447832,0.1,0.14665338902601174,5037.6788118330005,True,False
2140,1010.0,637,1448469,0.1,0.1330010233528959,5039.862927542003,True,False
2141,1060.0,592,1449061,0.1,0.10067386118493774,5041.834438541999,True,False
2142,1440.0,694,1449755,0.1,0.11053966272170145,5044.053901625004,True,False
2143,1720.0,902,1450657,0.1,0.12738641213823473,5047.048861791998,True,False
2144,2090.0,1117,1451774,0.1,0.1141780328446178,5050.624044875003,True,False
2145,1240.0,822,1452596,0.1,0.13065985201414929,5053.280920375,True,False
2146,1370.0,736,1453332,0.1,0.12269989901181796,5055.63605275,True,False
2147,1570.0,846,1454178,0.1,0.13969483116191428,5058.3968602079985,True,False
2148,1290.0,633,1454811,0.1,0.13174738119580323,5060.413676917,True,False
2149,2510.0,771,1455582,0.1,0.11966706979344237,5062.897880249999,True,False
2150,1230.0,900,1456482,0.1,0.10682614990406566,5065.9613091670035,True,False
2151,930.0,722,1457204,0.1,0.13217722221138728,5069.184359167004,True,False
2152,620.0,424,1457628,0.1,0.13095357413140107,5070.720996541997,True,False
2153,1140.0,692,1458320,0.1,0.1190128805966391,5073.096517457998,True,False
2154,1000.0,616,1458936,0.1,0.11721749866211956,5075.533395625003,True,False
2155,1360.0,695,1459631,0.1,0.12738851824979905,5078.676975916998,True,False
2156,1200.0,654,1460285,0.1,0.1068504022934088,5080.773906082999,True,False
2157,950.0,583,1460868,0.1,0.15307389587572176,5082.805830958001,True,False
2158,1430.0,650,1461518,0.1,0.12573373994939488,5084.989987125002,True,False
2159,1780.0,975,1462493,0.1,0.11636696529162467,5088.221930416999,True,False
2160,1290.0,720,1463213,0.1,0.11478581329186757,5090.673004750002,True,False
2161,2820.0,1000,1464213,0.1,0.11267223674803972,5093.858428542,True,False
2162,1160.0,777,1464990,0.1,0.12779820587524435,5096.428712292,True,False
2163,1630.0,635,1465625,0.1,0.12179976661906303,5098.499459208004,True,False
2164,1460.0,788,1466413,0.1,0.10707076088652998,5101.046575958004,True,False
2165,1540.0,702,1467115,0.1,0.12700931747044836,5103.333496958003,True,False
2166,810.0,566,1467681,0.1,0.12935529483980696,5105.235106082997,True,False
2167,780.0,655,1468336,0.1,0.12413452552040903,5107.490629458,True,False
2168,1240.0,651,1468987,0.1,0.13032020171989261,5109.612426332998,True,False
2169,1410.0,1132,1470119,0.1,0.14021154021179508,5113.352095041999,True,False
2170,1060.0,712,1470831,0.1,0.13291316758841276,5115.662057000001,True,False
2171,1040.0,717,1471548,0.1,0.12014806859402193,5118.008913792,True,False
2172,930.0,668,1472216,0.1,0.1380540543754479,5120.733871124998,True,False
2173,1120.0,844,1473060,0.1,0.13372765221937571,5123.454895832998,True,False
2174,1130.0,841,1473901,0.1,0.0943203464682613,5126.262305875003,True,False
2175,910.0,573,1474474,0.1,0.10108699600075509,5128.128601666998,True,False
2176,1660.0,872,1475346,0.1,0.12214497301659179,5131.885805999998,True,False
2177,1850.0,868,1476214,0.1,0.11985069447227063,5134.709655250001,True,False
2178,1240.0,766,1476980,0.1,0.12744780398982888,5138.289370874998,True,False
2179,2110.0,788,1477768,0.1,0.12827920066523674,5140.788153957998,True,False
2180,1070.0,655,1478423,0.1,0.11295673060316615,5143.018051207997,True,False
2181,1190.0,739,1479162,0.1,0.11781886791860735,5145.412033166998,True,False
2182,1530.0,957,1480119,0.1,0.14287365119608128,5148.699006499999,True,False
2183,1190.0,677,1480796,0.1,0.13493802574846675,5150.934772250002,True,False
2184,830.0,568,1481364,0.1,0.1214502881294195,5152.777892083002,True,False
2185,3030.0,1375,1482739,0.1,0.10752212980072456,5157.179445499998,True,False
2186,1130.0,700,1483439,0.1,0.11265732093581131,5159.544748125001,True,False
2187,1570.0,659,1484098,0.1,0.11968901080615593,5161.858645458,True,False
2188,1000.0,852,1484950,0.1,0.14096469669099984,5164.660270749999,True,False
2189,1390.0,864,1485814,0.1,0.10043916652082568,5168.3018380420035,True,False
2190,1470.0,685,1486499,0.1,0.13474874240918117,5170.583364708,True,False
2191,870.0,626,1487125,0.1,0.11658838653498015,5172.839081999999,True,False
2192,860.0,600,1487725,0.1,0.11678835862626633,5174.794935833001,True,False
2193,1290.0,778,1488503,0.1,0.13080732443744375,5177.354231833,True,False
2194,460.0,371,1488874,0.1,0.13049948515911255,5178.643888250001,True,False
2195,1150.0,670,1489544,0.1,0.10147569551398712,5180.848914542003,True,False
2196,980.0,543,1490087,0.1,0.1286223739385605,5182.6270177080005,True,False
2197,1020.0,762,1490849,0.1,0.10430714619682409,5185.094263542,True,False
2198,1000.0,623,1491472,0.1,0.09872198380673161,5187.094451042001,True,False
2199,440.0,373,1491845,0.1,0.10662334654680504,5188.3069068330005,True,False
2200,1850.0,803,1492648,0.1,0.1399162418269251,5190.897723000002,True,False
2201,660.0,552,1493200,0.1,0.1163388271883562,5193.574396666998,True,False
2202,1080.0,735,1493935,0.1,0.12057394258515106,5196.027196374998,True,False
2203,1980.0,753,1494688,0.1,0.09221400804423466,5199.264382916997,True,False
2204,910.0,697,1495385,0.1,0.11166115881254275,5201.486402125003,True,False
2205,1850.0,922,1496307,0.1,0.12000437587823556,5204.576804832999,True,False
2206,1080.0,1025,1497332,0.1,0.13327082492237194,5207.957953582998,True,False
2207,1780.0,750,1498082,0.1,0.09769582040209503,5210.539757917002,True,False
2208,1060.0,755,1498837,0.1,0.11953078927817168,5212.923786625004,True,False
2209,960.0,597,1499434,0.1,0.12851962884700538,5214.879862000002,True,False
2210,1030.0,632,1500066,0.1,0.12044816565570197,5216.917770583001,True,False
2211,1440.0,621,1500687,0.1,0.11967956262730783,5218.913734417001,True,False
2212,640.0,551,1501238,0.1,0.14208671121277672,5220.716800583003,True,False
2213,1700.0,883,1502121,0.1,0.1378348226494649,5223.694265750004,True,False
2214,2200.0,848,1502969,0.1,0.11873891733516499,5226.470041375003,True,False
2215,1450.0,853,1503822,0.1,0.13506711574332536,5229.214661292004,True,False
2216,1310.0,723,1504545,0.1,0.14287224337870244,5231.576233500004,True,False
2217,1900.0,1193,1505738,0.1,0.11037974854643713,5235.421009457998,True,False
2218,1040.0,677,1506415,0.1,0.12824267963465502,5237.601870416998,True,False
2219,1090.0,886,1507301,0.1,0.11305618394367598,5240.499537000003,True,False
2220,1370.0,1073,1508374,0.1,0.114612086092247,5243.949592666999,True,False
2221,2150.0,1105,1509479,0.1,0.12264557182113978,5247.485802832998,True,False
2222,920.0,677,1510156,0.1,0.10178182190831969,5249.671915749997,True,False
2223,1370.0,919,1511075,0.1,0.13194833351827864,5252.683087582998,True,False
2224,950.0,581,1511656,0.1,0.1076582843590885,5254.563559708004,True,False
2225,1160.0,767,1512423,0.1,0.12915555534016399,5257.070517166998,True,False
2226,830.0,608,1513031,0.1,0.10680263961273197,5260.3812871249975,True,False
2227,2470.0,845,1513876,0.1,0.10458311288318825,5263.185482583001,True,False
2228,1740.0,914,1514790,0.1,0.10040056635217186,5266.190142792002,True,False
2229,990.0,658,1515448,0.1,0.11321554261852394,5268.355746708003,True,False
2230,1060.0,762,1516210,0.1,0.1293378875247742,5270.981936374999,True,False
2231,1090.0,802,1517012,0.1,0.13226813711782,5273.565282417003,True,False
2232,1200.0,647,1517659,0.1,0.11608345383165046,5275.673027792,True,False
2233,1680.0,703,1518362,0.1,0.0975761584810574,5277.909234375002,True,False
2234,3350.0,953,1519315,0.1,0.10934224828858585,5281.041473457997,True,False
2235,1650.0,744,1520059,0.1,0.12264528588181542,5283.471179624998,True,False
2236,710.0,495,1520554,0.1,0.09339762319840732,5285.113806207999,True,False
2237,1490.0,700,1521254,0.1,0.11730415831719126,5287.5785499580015,True,False
2238,1260.0,684,1521938,0.1,0.1323942922230004,5289.801894582997,True,False
2239,1150.0,611,1522549,0.1,0.13878565551895722,5291.9970494169975,True,False
2240,1340.0,627,1523176,0.1,0.14187089122452173,5294.2152953330005,True,False
2241,1100.0,804,1523980,0.1,0.11175393469779943,5296.801039667,True,False
2242,1070.0,724,1524704,0.1,0.11341333604361141,5299.170669542,True,False
2243,1060.0,562,1525266,0.1,0.10951292783554112,5300.981383999999,True,False
2244,1220.0,939,1526205,0.1,0.125694785869502,5304.128768667004,True,False
2245,1170.0,622,1526827,0.1,0.13761924574932743,5306.104069916997,True,False
2246,1430.0,692,1527519,0.1,0.1226135757401844,5308.324726042003,True,False
2247,1000.0,661,1528180,0.1,0.12808642535279674,5310.4941215,True,False
2248,1140.0,684,1528864,0.1,0.11630585611040829,5312.680387749999,True,False
2249,1740.0,694,1529558,0.1,0.10115184092280492,5314.896529500002,True,False
2250,2680.0,755,1530313,0.1,0.10299583662439275,5317.391598832997,True,False
2251,1190.0,873,1531186,0.1,0.11362387254458228,5320.991583750001,True,False
2252,1170.0,617,1531803,0.1,0.1189849976837248,5323.066193792001,True,False
2253,460.0,436,1532239,0.1,0.14646112664235295,5324.484534957999,True,False
2254,1100.0,784,1533023,0.1,0.12406187341073338,5327.054621333002,True,False
2255,880.0,630,1533653,0.1,0.13002994519811642,5329.312357916999,True,False
2256,1410.0,797,1534450,0.1,0.1302459004180665,5331.897232333002,True,False
2257,1480.0,757,1535207,0.1,0.11809040671066633,5334.334452707997,True,False
2258,1530.0,784,1535991,0.1,0.1139483390547031,5336.847603542003,True,False
2259,910.0,708,1536699,0.1,0.13741132144495255,5339.109677875,True,False
2260,1450.0,906,1537605,0.1,0.12530111534611243,5342.042522374999,True,False
2261,930.0,841,1538446,0.1,0.13222288603761367,5344.755480917003,True,False
2262,1320.0,973,1539419,0.1,0.11636276625924641,5347.977679583004,True,False
2263,1630.0,656,1540075,0.1,0.1118487829297054,5350.112046916998,True,False
2264,890.0,552,1540627,0.1,0.10991221206073744,5351.955060417,True,False
2265,1910.0,794,1541421,0.1,0.12232932006593925,5354.588775832999,True,False
2266,1260.0,619,1542040,0.1,0.11774308728354592,5356.588026333004,True,False
2267,1790.0,881,1542921,0.1,0.11074862059375101,5359.422928,True,False
2268,1270.0,946,1543867,0.1,0.11936496992169296,5362.450239292004,True,False
2269,800.0,426,1544293,0.1,0.1111991226533863,5363.832109542003,True,False
2270,2150.0,938,1545231,0.1,0.10972322144696856,5366.845328583004,True,False
2271,1470.0,1036,1546267,0.1,0.11785279343832414,5370.165672542003,True,False
2272,1280.0,738,1547005,0.1,0.09609478591765101,5372.557789582999,True,False
2273,950.0,586,1547591,0.1,0.13471729040452063,5374.583345167004,True,False
2274,1890.0,682,1548273,0.1,0.09697748006087298,5376.8158049170015,True,False
2275,1830.0,676,1548949,0.1,0.1311020293443866,5379.0367883750005,True,False
2276,1250.0,753,1549702,0.1,0.10900038968216866,5382.504927916998,True,False
2277,1530.0,787,1550489,0.1,0.11684425203555127,5385.191003125001,True,False
2278,800.0,587,1551076,0.1,0.1021065483262547,5387.107075624997,True,False
2279,1800.0,915,1551991,0.1,0.12091398422132459,5390.202638667004,True,False
2280,1160.0,648,1552639,0.1,0.10803335618779615,5392.295328708002,True,False
2281,1300.0,741,1553380,0.1,0.09881354814335223,5394.685560750004,True,False
2282,1240.0,637,1554017,0.1,0.12467272630043374,5396.770563500002,True,False
2283,850.0,652,1554669,0.1,0.12325610747229468,5398.862871833,True,False
2284,1180.0,654,1555323,0.1,0.12005384011548355,5401.089635625001,True,False
2285,1640.0,759,1556082,0.1,0.11088264734533272,5403.5770609579995,True,False
2286,550.0,641,1556723,0.1,0.12461589127779008,5405.710609082998,True,False
2287,1450.0,760,1557483,0.1,0.12345475178015859,5408.2425737079975,True,False
2288,900.0,696,1558179,0.1,0.1144820465010473,5410.511968917002,True,False
2289,1040.0,684,1558863,0.1,0.12005586551818234,5412.725176917003,True,False
2290,1490.0,836,1559699,0.1,0.12015704553057417,5415.467524792002,True,False
2291,1370.0,805,1560504,0.1,0.1070882738152943,5418.072373417002,True,False
2292,1150.0,741,1561245,0.1,0.09474004249315005,5420.453952750002,True,False
2293,620.0,469,1561714,0.1,0.12225290446773045,5422.027556041998,True,False
2294,1560.0,875,1562589,0.1,0.13799157092288206,5424.908435292004,True,False
2295,1290.0,962,1563551,0.1,0.1063628063770011,5427.971186333001,True,False
2296,1130.0,828,1564379,0.1,0.10721442614488555,5430.647069667,True,False
2297,1190.0,833,1565212,0.1,0.12884422654562305,5433.341519292,True,False
2298,1120.0,569,1565781,0.1,0.1087215082772391,5435.183233000003,True,False
2299,770.0,565,1566346,0.1,0.12265184275964473,5437.055647250003,True,False
2300,1100.0,624,1566970,0.1,0.13255813245016795,5439.1242504580005,True,False
2301,1920.0,759,1567729,0.1,0.10857944428724678,5442.490434833002,True,False
2302,1330.0,891,1568620,0.1,0.10021100224166975,5445.457542958,True,False
2303,1420.0,849,1569469,0.1,0.11530782140018243,5448.216773458,True,False
2304,1700.0,1095,1570564,0.1,0.12189499196344919,5451.871515999999,True,False
2305,1290.0,947,1571511,0.1,0.10649408553963748,5454.934599624998,True,False
2306,680.0,624,1572135,0.1,0.09825610060197039,5456.956663917001,True,False
2307,1520.0,668,1572803,0.1,0.10696686484744984,5459.080737083001,True,False
2308,1730.0,996,1573799,0.1,0.10826784011021436,5462.347797082999,True,False
2309,1200.0,991,1574790,0.1,0.10981717327940127,5466.075190458003,True,False
2310,1130.0,637,1575427,0.1,0.104061544960681,5468.3862303330025,True,False
2311,1820.0,949,1576376,0.1,0.11983066841083415,5471.693778000001,True,False
2312,810.0,600,1576976,0.1,0.11864246487617493,5473.729809500001,True,False
2313,1980.0,900,1577876,0.1,0.09649670518934726,5476.71489825,True,False
2314,1010.0,689,1578565,0.1,0.10906657675107898,5479.050843249999,True,False
2315,1220.0,618,1579183,0.1,0.10271137354097196,5481.092398332999,True,False
2316,1280.0,670,1579853,0.1,0.11760251094321054,5483.32548775,True,False
2317,1160.0,599,1580452,0.1,0.10533399925877651,5485.267888957998,True,False
2318,2390.0,985,1581437,0.1,0.09423902673207647,5488.439920083001,True,False
2319,2000.0,851,1582288,0.1,0.11251208408267845,5491.180049583003,True,False
2320,2290.0,967,1583255,0.1,0.11306839889974267,5494.311946041998,True,False
2321,1190.0,599,1583854,0.1,0.11996097157398859,5496.265953791997,True,False
2322,980.0,665,1584519,0.1,0.07690613813339228,5498.488920917,True,False
2323,1160.0,640,1585159,0.1,0.1107773885014467,5500.592243332998,True,False
2324,1050.0,766,1585925,0.1,0.11492181143451792,5503.164810374998,True,False
2325,270.0,367,1586292,0.1,0.12267428802569276,5504.3892229170015,True,False
2326,760.0,567,1586859,0.1,0.0925002358853817,5507.285482375002,True,False
2327,950.0,603,1587462,0.1,0.12531206295486316,5509.4972499170035,True,False
2328,2050.0,894,1588356,0.1,0.10907860545142155,5512.375818583001,True,False
2329,390.0,442,1588798,0.1,0.12170017849315297,5513.823108417004,True,False
2330,500.0,442,1589240,0.1,0.09758773773304515,5515.320209124999,True,False
2331,1350.0,630,1589870,0.1,0.10897360870223137,5517.356932625,True,False
2332,1750.0,684,1590554,0.1,0.10904305926061164,5519.812899417004,True,False
2333,1770.0,759,1591313,0.1,0.10993743096723368,5522.475949332998,True,False
2334,1350.0,880,1592193,0.1,0.09839319614693523,5525.572271124998,True,False
2335,970.0,762,1592955,0.1,0.09808428201236223,5528.251077957997,True,False
2336,970.0,659,1593614,0.1,0.12283478379249572,5530.426925083004,True,False
2337,1090.0,593,1594207,0.1,0.13648451991832336,5532.40628725,True,False
2338,1460.0,761,1594968,0.1,0.10844760383259876,5534.978627999997,True,False
2339,1470.0,655,1595623,0.1,0.13901066327570405,5538.347030750003,True,False
2340,720.0,544,1596167,0.1,0.11974532632431124,5540.187162542003,True,False
2341,560.0,407,1596574,0.1,0.10035823020791891,5541.560552875002,True,False
2342,1970.0,817,1597391,0.1,0.11130713719838098,5544.397585375002,True,False
2343,1490.0,877,1598268,0.1,0.11288229161026803,5547.2962216669985,True,False
2344,1040.0,704,1598972,0.1,0.13236436258408835,5549.614019667002,True,False
2345,1110.0,632,1599604,0.1,0.10901111306599047,5551.865321416997,True,False
2346,3920.0,905,1600509,0.1,0.109934925596205,5554.831034458002,True,False
2347,1570.0,1017,1601526,0.1,0.11103548385261551,5558.2095143749975,True,False
2348,770.0,692,1602218,0.1,0.11777960229126704,5560.471158,True,False
2349,1720.0,757,1602975,0.1,0.11589892630381558,5562.9372708329975,True,False
2350,910.0,570,1603545,0.1,0.104140380397439,5564.847940583,True,False
2351,1890.0,795,1604340,0.1,0.11102180757639396,5568.488142957998,True,False
2352,990.0,598,1604938,0.1,0.10938025393442019,5570.5950067919985,True,False
2353,910.0,591,1605529,0.1,0.1033764158853808,5572.485862292,True,False
2354,1420.0,835,1606364,0.1,0.10797218960580643,5575.2642289170035,True,False
2355,780.0,575,1606939,0.1,0.09932776111979168,5577.1174772919985,True,False
2356,1270.0,1060,1607999,0.1,0.09706475000898793,5580.589466874997,True,False
2357,1750.0,992,1608991,0.1,0.10635092931859676,5583.833945083003,True,False
2358,730.0,481,1609472,0.1,0.09371332856557094,5585.440922667003,True,False
2359,1130.0,679,1610151,0.1,0.10138265052314341,5587.625258332999,True,False
2360,1150.0,709,1610860,0.1,0.11595403267007866,5590.268403667003,True,False
2361,810.0,660,1611520,0.1,0.09684559764961402,5592.531440667,True,False
2362,530.0,564,1612084,0.1,0.11898004615032082,5594.3537325,True,False
2363,1430.0,683,1612767,0.1,0.10378407610251623,5596.619993833003,True,False
2364,1270.0,749,1613516,0.1,0.11829431489744086,5599.1246492499995,True,False
2365,1650.0,1066,1614582,0.1,0.12531426993611836,5602.585718167,True,False
2366,1570.0,763,1615345,0.1,0.11818524926939872,5605.070377167001,True,False
2367,1260.0,660,1616005,0.1,0.10708577798848802,5607.299450582999,True,False
2368,1060.0,714,1616719,0.1,0.10309090083360337,5609.639912749997,True,False
2369,1370.0,1014,1617733,0.1,0.11245790069673474,5612.9964829579985,True,False
2370,1330.0,984,1618717,0.1,0.1099929449988938,5616.311859333,True,False
2371,1280.0,662,1619379,0.1,0.10996292032527201,5618.632275707998,True,False
2372,1550.0,687,1620066,0.1,0.09634262620644687,5620.875768917002,True,False
2373,1050.0,663,1620729,0.1,0.1260748914925449,5623.069596583002,True,False
2374,1690.0,746,1621475,0.1,0.1182783286497798,5625.500947250002,True,False
2375,1630.0,929,1622404,0.1,0.1169178449896528,5628.990685333003,True,False
2376,1320.0,645,1623049,0.1,0.1376644838254274,5632.263238749998,True,False
2377,1690.0,912,1623961,0.1,0.13090695161372423,5635.323387791999,True,False
2378,1450.0,990,1624951,0.1,0.12626766503943124,5638.5749164579975,True,False
2379,1120.0,791,1625742,0.1,0.13228401241617072,5641.360900708001,True,False
2380,1330.0,753,1626495,0.1,0.13381753679602704,5643.813035542,True,False
2381,1300.0,888,1627383,0.1,0.10005988522961333,5646.886166417004,True,False
2382,2740.0,1147,1628530,0.1,0.12464331927018091,5650.746549583004,True,False
2383,970.0,938,1629468,0.1,0.12143810928026412,5653.943758667003,True,False
2384,1310.0,587,1630055,0.1,0.11037259227404855,5655.851214125003,True,False
2385,1240.0,690,1630745,0.1,0.11044268257313036,5658.093357167003,True,False
2386,1230.0,765,1631510,0.1,0.11798676568527185,5660.625996542003,True,False
2387,1780.0,750,1632260,0.1,0.12361064029144163,5663.050728667004,True,False
2388,880.0,611,1632871,0.1,0.09372917565174009,5665.056755500002,True,False
2389,950.0,733,1633604,0.1,0.11048194135377265,5667.460439082999,True,False
2390,270.0,320,1633924,0.1,0.12898465283215046,5668.522673207997,True,False
2391,1780.0,696,1634620,0.1,0.12188869680481396,5671.333029792004,True,False
2392,1070.0,623,1635243,0.1,0.1286755522893321,5673.694869500003,True,False
2393,1070.0,973,1636216,0.1,0.11929557648808008,5677.0767391670015,True,False
2394,1050.0,567,1636783,0.1,0.11343019759507043,5678.937583874998,True,False
2395,1300.0,693,1637476,0.1,0.1512920330010954,5681.219276167001,True,False
2396,720.0,750,1638226,0.1,0.1226529752247952,5683.6989938749975,True,False
2397,1530.0,882,1639108,0.1,0.13371016059020255,5686.550723417,True,False
2398,1220.0,888,1639996,0.1,0.13033304398728385,5689.559674917,True,False
2399,1140.0,688,1640684,0.1,0.1083653511934329,5691.805225000004,True,False
2400,1190.0,658,1641342,0.1,0.1338035125376248,5693.950692667,True,False
2401,1180.0,714,1642056,0.1,0.10545513262795336,5697.221017875003,True,False
2402,1110.0,764,1642820,0.1,0.11614832538545755,5699.924473500003,True,False
2403,740.0,492,1643312,0.1,0.12505356231477202,5701.537718042004,True,False
2404,1250.0,677,1643989,0.1,0.10993782125589763,5703.743895624997,True,False
2405,940.0,605,1644594,0.1,0.11553725734698457,5705.7506161249985,True,False
2406,230.0,357,1644951,0.1,0.08285545160094004,5706.926763125004,True,False
2407,1260.0,800,1645751,0.1,0.12177853263914586,5710.388817375002,True,False
2408,1890.0,1063,1646814,0.1,0.13987561120630654,5715.688393750002,True,False
2409,1630.0,792,1647606,0.1,0.1166461528551699,5720.249133666999,True,False
2410,1000.0,620,1648226,0.1,0.13798909754522384,5723.434332707999,True,False
2411,1080.0,829,1649055,0.1,0.1472809836808322,5726.115681417003,True,False
2412,1220.0,785,1649840,0.1,0.1305835029195408,5728.819788957997,True,False
2413,1010.0,811,1650651,0.1,0.1311872560659995,5731.498755375003,True,False
2414,980.0,635,1651286,0.1,0.10280154903167449,5733.6611001249985,True,False
2415,810.0,702,1651988,0.1,0.12377787495709279,5736.045832958,True,False
2416,1460.0,925,1652913,0.1,0.12233339058178844,5739.284609082999,True,False
2417,1340.0,1200,1654113,0.1,0.12820529335488876,5743.364948583003,True,False
2418,970.0,602,1654715,0.1,0.12848291707535583,5745.348123417003,True,False
2419,1840.0,686,1655401,0.1,0.12760332696746254,5747.7457372920035,True,False
2420,1230.0,732,1656133,0.1,0.11098794382615168,5750.2464102079975,True,False
2421,1070.0,649,1656782,0.1,0.10785081244453236,5752.399506833004,True,False
2422,1080.0,628,1657410,0.1,0.147897092471267,5754.527000499998,True,False
2423,890.0,738,1658148,0.1,0.1302590751869453,5757.081661333003,True,False
2424,1060.0,807,1658955,0.1,0.11477556541117269,5759.799308374997,True,False
2425,400.0,372,1659327,0.1,0.126792245534479,5761.110468999999,True,False
2426,1770.0,800,1660127,0.1,0.09791973249986768,5764.682672707997,True,False
2427,1090.0,918,1661045,0.1,0.10942743218139461,5768.307848458004,True,False
2428,1600.0,969,1662014,0.1,0.10484510748685638,5771.628906833001,True,False
2429,2150.0,905,1662919,0.1,0.10987207107245922,5774.649674417,True,False
2430,1440.0,785,1663704,0.1,0.11232465481962346,5777.2774215419995,True,False
2431,1360.0,1135,1664839,0.1,0.11475961377627016,5780.968071083,True,False
2432,1290.0,793,1665632,0.1,0.11126479022579278,5783.615274417003,True,False
2433,1450.0,819,1666451,0.1,0.10262130289429836,5786.278367500003,True,False
2434,630.0,511,1666962,0.1,0.10835289972601458,5788.274091291998,True,False
2435,1450.0,747,1667709,0.1,0.12154678899774896,5791.078842542003,True,False
2436,1580.0,868,1668577,0.1,0.1073357659705361,5794.048419208004,True,False
2437,1050.0,519,1669096,0.1,0.11594361542509152,5795.811630666998,True,False
2438,1370.0,968,1670064,0.1,0.12248341011052782,5799.157344792002,True,False
2439,1520.0,861,1670925,0.1,0.10232309920843258,5801.9435929579995,True,False
2440,1780.0,752,1671677,0.1,0.10412412292343821,5804.429651500002,True,False
2441,1140.0,743,1672420,0.1,0.08569435540947222,5806.860907000002,True,False
2442,1290.0,608,1673028,0.1,0.11540746757466543,5808.992086625003,True,False
2443,1110.0,587,1673615,0.1,0.11940302544158615,5811.262922250004,True,False
2444,2170.0,978,1674593,0.1,0.13766488795529824,5814.429805542,True,False
2445,1570.0,832,1675425,0.1,0.10800070601712483,5817.292780958,True,False
2446,820.0,586,1676011,0.1,0.09320449137626445,5819.318001958003,True,False
2447,1150.0,621,1676632,0.1,0.14146000272236192,5821.498501499998,True,False
2448,900.0,664,1677296,0.1,0.12905299957527452,5823.651908166998,True,False
2449,1370.0,888,1678184,0.1,0.1321729232246677,5827.137873416999,True,False
2450,1270.0,796,1678980,0.1,0.1271979370383761,5830.230529667002,True,False
2451,1420.0,831,1679811,0.1,0.11256256256846414,5834.231275958002,True,False
2452,1630.0,1011,1680822,0.1,0.10975533041352105,5837.654500333003,True,False
2453,1360.0,645,1681467,0.1,0.11691851906987451,5839.945553666999,True,False
2454,1210.0,700,1682167,0.1,0.11999625297529357,5842.307733292,True,False
2455,2150.0,1104,1683271,0.1,0.13651073436536218,5845.918891166999,True,False
2456,2300.0,914,1684185,0.1,0.11232996647404792,5848.858292625002,True,False
2457,1010.0,956,1685141,0.1,0.10177635821556696,5852.045096000002,True,False
2458,1120.0,764,1685905,0.1,0.15434108699881594,5854.541488333001,True,False
2459,2290.0,634,1686539,0.1,0.1358589582923281,5856.5805210000035,True,False
2460,1430.0,831,1687370,0.1,0.10306187027778763,5859.375297749997,True,False
2461,2210.0,966,1688336,0.1,0.11556333275742767,5862.551532457997,True,False
2462,510.0,392,1688728,0.1,0.11507811260466673,5863.863613374997,True,False
2463,760.0,575,1689303,0.1,0.13985658218185384,5865.703815916997,True,False
2464,4390.0,1182,1690485,0.1,0.12209114654467919,5869.778445292002,True,False
2465,820.0,689,1691174,0.1,0.12214142387343008,5872.003399458001,True,False
2466,1240.0,710,1691884,0.1,0.13295801191098905,5874.352777833003,True,False
2467,830.0,615,1692499,0.1,0.12933619018473658,5876.364702625004,True,False
2468,360.0,354,1692853,0.1,0.11541988093698963,5877.531693375,True,False
2469,1350.0,896,1693749,0.1,0.14677797370989407,5880.576911042001,True,False
2470,1000.0,703,1694452,0.1,0.1539281718009575,5882.899760125001,True,False
2471,1240.0,793,1695245,0.1,0.10552080397051994,5885.531573458,True,False
2472,1730.0,876,1696121,0.1,0.1354419000055556,5888.553072374998,True,False
2473,3290.0,969,1697090,0.1,0.11305318384100337,5891.852833333003,True,False
2474,2810.0,1211,1698301,0.1,0.11207941116107376,5895.852384541999,True,False
2475,1400.0,790,1699091,0.1,0.09961724329531797,5898.675100375003,True,False
2476,1220.0,684,1699775,0.1,0.08688024250648872,5902.656397332998,True,False
2477,1550.0,946,1700721,0.1,0.12441044119245644,5905.903730541999,True,False
2478,630.0,473,1701194,0.1,0.10759403351378644,5907.453051042001,True,False
2479,890.0,643,1701837,0.1,0.11080642192630294,5909.560620541997,True,False
2480,750.0,501,1702338,0.1,0.14620941041409968,5911.274351083004,True,False
2481,2430.0,819,1703157,0.1,0.11147271931716582,5913.927280750002,True,False
2482,860.0,615,1703772,0.1,0.11384071449616126,5915.975925999999,True,False
2483,1180.0,663,1704435,0.1,0.09639514493897106,5918.455973707998,True,False
2484,1030.0,568,1705003,0.1,0.10179966375966307,5920.3536959170015,True,False
2485,1510.0,1177,1706180,0.1,0.11083985404821775,5924.2943145419995,True,False
2486,1270.0,690,1706870,0.1,0.11821595560975892,5926.771636666999,True,False
2487,1230.0,740,1707610,0.1,0.12130147541898328,5929.431525375003,True,False
2488,930.0,683,1708293,0.1,0.13739245501483044,5931.705621082998,True,False
2489,1240.0,672,1708965,0.1,0.11413077779469036,5933.883414458003,True,False
2490,1780.0,801,1709766,0.1,0.12006754589267075,5936.552654166997,True,False
2491,650.0,502,1710268,0.1,0.10437374315150673,5938.207624041999,True,False
2492,810.0,660,1710928,0.1,0.10582425173259143,5940.404795542003,True,False
2493,1170.0,571,1711499,0.1,0.10787875034754545,5942.307426416999,True,False
2494,1860.0,872,1712371,0.1,0.13462126005543482,5945.117245624999,True,False
2495,1740.0,824,1713195,0.1,0.12304268016036853,5947.817811125002,True,False
2496,1960.0,1077,1714272,0.1,0.11140980887468215,5951.381946000001,True,False
2497,1040.0,818,1715090,0.1,0.13442218940997241,5954.027198208001,True,False
2498,870.0,566,1715656,0.1,0.1280835587400156,5955.865425124997,True,False
2499,1610.0,1021,1716677,0.1,0.11418682535489401,5959.261260874999,True,False
2500,1260.0,777,1717454,0.1,0.09606257785764552,5962.204766208,True,False
2501,2390.0,1090,1718544,0.1,0.1018163080671768,5966.814072333,True,False
2502,1080.0,722,1719266,0.1,0.09698365296547612,5969.260496125004,True,False
2503,1090.0,719,1719985,0.1,0.10889206336190303,5972.363857249999,True,False
2504,1590.0,660,1720645,0.1,0.14621025324996673,5974.482330958002,True,False
2505,1070.0,565,1721210,0.1,0.14097732946223823,5976.384139458001,True,False
2506,1660.0,822,1722032,0.1,0.11616877744932777,5979.250834874998,True,False
2507,950.0,495,1722527,0.1,0.11665047812692034,5980.890852417004,True,False
2508,1150.0,880,1723407,0.1,0.12508583621714603,5983.972486792001,True,False
2509,2320.0,585,1723992,0.1,0.12073954193517059,5986.077980458002,True,False
2510,1140.0,799,1724791,0.1,0.1136075360279287,5989.490384124998,True,False
2511,3120.0,1080,1725871,0.1,0.11212270998706421,5993.3411987080035,True,False
2512,770.0,534,1726405,0.1,0.10454988196047384,5995.226320542002,True,False
2513,1110.0,906,1727311,0.1,0.12092527903748297,5998.453168166998,True,False
2514,790.0,492,1727803,0.1,0.1214166438525043,6000.683920666997,True,False
2515,2310.0,1117,1728920,0.1,0.12707831137813627,6004.455617125001,True,False
2516,1510.0,1024,1729944,0.1,0.11203576317348052,6011.234162542001,True,False
2517,700.0,620,1730564,0.1,0.13112780281132266,6015.254715832998,True,False
2518,2260.0,1077,1731641,0.1,0.11015245508139461,6019.038418666998,True,False
2519,1070.0,623,1732264,0.1,0.11730632316082334,6021.364929707997,True,False
2520,1490.0,1212,1733476,0.1,0.13094719206736033,6026.392296208003,True,False
2521,1480.0,769,1734245,0.1,0.10253666146309115,6029.341249541998,True,False
2522,1130.0,715,1734960,0.1,0.10995641621297964,6032.252074791999,True,False
2523,1110.0,616,1735576,0.1,0.11875407140121444,6034.414001917001,True,False
2524,790.0,571,1736147,0.1,0.11085657109047325,6037.604566167,True,False
2525,1240.0,620,1736767,0.1,0.10761315823803025,6040.054711666999,True,False
2526,790.0,502,1737269,0.1,0.11800754493072865,6043.1082915829975,True,False
2527,1140.0,651,1737920,0.1,0.12577790572690817,6045.454257292004,True,False
2528,1170.0,794,1738714,0.1,0.12054307588536028,6048.222359874999,True,False
2529,1590.0,697,1739411,0.1,0.11954751722086435,6051.274885958002,True,False
2530,960.0,571,1739982,0.1,0.12009510287194403,6053.486499958002,True,False
2531,2460.0,595,1740577,0.1,0.11525278470960239,6055.977634499999,True,False
2532,2230.0,1010,1741587,0.1,0.11404512714712865,6059.545855000004,True,False
2533,1100.0,649,1742236,0.1,0.11936752015919042,6061.845291083002,True,False
2534,1150.0,610,1742846,0.1,0.13033183659181782,6063.9955426669985,True,False
2535,1430.0,736,1743582,0.1,0.10559740330538024,6067.066940124998,True,False
2536,1150.0,770,1744352,0.1,0.1325758743278412,6069.694069167002,True,False
2537,3180.0,1079,1745431,0.1,0.12595071237825106,6074.271349832998,True,False
2538,1320.0,807,1746238,0.1,0.1057124030269166,6077.212208707999,True,False
2539,1620.0,700,1746938,0.1,0.12157190931694849,6079.692390208002,True,False
2540,1100.0,671,1747609,0.1,0.1267379994969815,6082.140036208002,True,False
2541,990.0,646,1748255,0.1,0.11787407136065249,6084.420864833002,True,False
2542,1800.0,992,1749247,0.1,0.13683396698005737,6088.002247875003,True,False
2543,1330.0,990,1750237,0.1,0.13144826446659863,6092.220947792004,True,False
2544,1190.0,723,1750960,0.1,0.1208373499900432,6094.812122374999,True,False
2545,900.0,707,1751667,0.1,0.11029909222005782,6097.211539666998,True,False
2546,1420.0,780,1752447,0.1,0.12595603331350363,6100.010359874999,True,False
2547,1140.0,534,1752981,0.1,0.1329072998113819,6101.785238042001,True,False
2548,2010.0,875,1753856,0.1,0.10834632532407432,6104.755815417004,True,False
2549,1040.0,898,1754754,0.1,0.11946334639963295,6107.745571667001,True,False
2550,1280.0,646,1755400,0.1,0.09359672148194578,6110.145603167002,True,False
2551,1390.0,918,1756318,0.1,0.12321060629943834,6114.977372833004,True,False
2552,1670.0,674,1756992,0.1,0.12027971742994334,6117.224808042003,True,False
2553,700.0,730,1757722,0.1,0.12365521879477816,6119.927173458003,True,False
2554,1240.0,684,1758406,0.1,0.11251757124014068,6122.316066749998,True,False
2555,940.0,599,1759005,0.1,0.12100341117630402,6124.297038292003,True,False
2556,2610.0,815,1759820,0.1,0.10995970108528055,6127.671069582997,True,False
2557,1260.0,694,1760514,0.1,0.09660816241077261,6129.942769041998,True,False
2558,1060.0,623,1761137,0.1,0.11373491776295197,6132.111282042002,True,False
2559,1100.0,709,1761846,0.1,0.11068618822695508,6135.259446582997,True,False
2560,1520.0,579,1762425,0.1,0.11003636512263068,6137.189822667002,True,False
2561,1280.0,716,1763141,0.1,0.12486800295430854,6140.001429582997,True,False
2562,830.0,604,1763745,0.1,0.10523573882779144,6141.960562458,True,False
2563,1140.0,631,1764376,0.1,0.1173679815793905,6144.115614542003,True,False
2564,1240.0,618,1764994,0.1,0.10347347019554733,6146.172303332998,True,False
2565,970.0,550,1765544,0.1,0.14640872247949027,6148.186586042,True,False
2566,1040.0,694,1766238,0.1,0.096574297433213,6151.873456499998,True,False
2567,620.0,524,1766762,0.1,0.13804793535582438,6153.722755208,True,False
2568,2510.0,660,1767422,0.1,0.12050446372366312,6156.031015958004,True,False
2569,1560.0,836,1768258,0.1,0.12790653747662403,6158.9551543749985,True,False
2570,1310.0,776,1769034,0.1,0.12177601109076407,6161.471921625001,True,False
2571,580.0,492,1769526,0.1,0.11755268399914105,6163.110670875001,True,False
2572,1230.0,664,1770190,0.1,0.12463822340345886,6165.264418625004,True,False
2573,1100.0,642,1770832,0.1,0.10085552123300037,6167.419951042,True,False
2574,1500.0,717,1771549,0.1,0.12309483351321193,6169.920225708003,True,False
2575,1080.0,597,1772146,0.1,0.11018244418371843,6171.849542374999,True,False
2576,490.0,453,1772599,0.1,0.11628236697442763,6174.111618249997,True,False
2577,1900.0,880,1773479,0.1,0.1264619251374494,6177.203131125003,True,False
2578,1220.0,619,1774098,0.1,0.11691708829133741,6179.235589707998,True,False
2579,1350.0,1097,1775195,0.1,0.11114844681531952,6182.939055374998,True,False
2580,970.0,717,1775912,0.1,0.11690733344811532,6185.347136167002,True,False
2581,930.0,519,1776431,0.1,0.1384762755573489,6187.363009749999,True,False
2582,2600.0,986,1777417,0.1,0.14209080463358265,6190.626171832999,True,False
2583,4450.0,1073,1778490,0.1,0.11680800815237992,6194.176727958002,True,False
2584,2020.0,892,1779382,0.1,0.11158011838660112,6197.145190208001,True,False
2585,1210.0,694,1780076,0.1,0.10764944751415102,6199.441210083001,True,False
2586,1250.0,840,1780916,0.1,0.14092256121692204,6202.158303832999,True,False
2587,1390.0,622,1781538,0.1,0.11435312997669943,6204.1964195830005,True,False
2588,1040.0,609,1782147,0.1,0.12063885084353387,6206.180086250002,True,False
2589,1230.0,718,1782865,0.1,0.1442413307312462,6208.526788625,True,False
2590,1100.0,615,1783480,0.1,0.1072690687565641,6211.000598416998,True,False
2591,1260.0,809,1784289,0.1,0.12130536958759669,6213.920542792002,True,False
2592,1210.0,824,1785113,0.1,0.14942629366787602,6216.626477292004,True,False
2593,2460.0,650,1785763,0.1,0.13368041666201602,6218.810854333002,True,False
2594,800.0,675,1786438,0.1,0.1264868361004711,6221.020933583,True,False
2595,1950.0,917,1787355,0.1,0.132326476999831,6224.097029375,True,False
2596,1110.0,609,1787964,0.1,0.11714728808432233,6226.119201875001,True,False
2597,1740.0,834,1788798,0.1,0.1309384565997439,6229.103422917004,True,False
2598,1310.0,655,1789453,0.1,0.1381875703497449,6231.364070583004,True,False
2599,1300.0,656,1790109,0.1,0.1298299279154801,6234.083303375002,True,False
2600,1500.0,667,1790776,0.1,0.13899423660498536,6236.253849749999,True,False
2601,1240.0,645,1791421,0.1,0.1461830269661009,6239.414967500001,True,False
2602,1510.0,947,1792368,0.1,0.11886881649462734,6242.726940833003,True,False
2603,1340.0,720,1793088,0.1,0.13123791575845745,6245.122330708,True,False
2604,670.0,549,1793637,0.1,0.12973498977231282,6247.073093999999,True,False
2605,940.0,1030,1794667,0.1,0.13573506404917526,6250.536395249997,True,False
2606,1430.0,904,1795571,0.1,0.1257508407322179,6253.657531958001,True,False
2607,1060.0,579,1796150,0.1,0.1405900091832054,6255.565039583002,True,False
2608,1300.0,665,1796815,0.1,0.13254915454974733,6257.754050333002,True,False
2609,2550.0,1064,1797879,0.1,0.11877286919441662,6261.258653625002,True,False
2610,580.0,500,1798379,0.1,0.13384344072639942,6262.908875292,True,False
2611,1150.0,619,1798998,0.1,0.14094443624058078,6264.9346651669985,True,False
2612,2030.0,911,1799909,0.1,0.1376965910670135,6268.0736903330035,True,False
2613,1650.0,768,1800677,0.1,0.13439679453343464,6270.635304249998,True,False
2614,1630.0,986,1801663,0.1,0.1620610835924139,6274.419737541997,True,False
2615,630.0,665,1802328,0.1,0.13841437204869209,6276.762299667003,True,False
2616,980.0,554,1802882,0.1,0.11632844168638838,6278.709228375003,True,False
2617,1510.0,665,1803547,0.1,0.14278864698955812,6280.959104833004,True,False
2618,680.0,504,1804051,0.1,0.11257742809516097,6282.695339292004,True,False
2619,1050.0,725,1804776,0.1,0.12327107281557151,6285.134700499999,True,False
2620,2110.0,1177,1805953,0.1,0.13571774825884575,6289.092625457997,True,False
2621,1390.0,937,1806890,0.1,0.13520584461621493,6292.121371207999,True,False
2622,1390.0,746,1807636,0.1,0.14026482067603796,6294.5977905830005,True,False
2623,1070.0,595,1808231,0.1,0.12552748672110406,6296.520535417003,True,False
2624,2390.0,1036,1809267,0.1,0.1472671767229279,6299.905993207998,True,False
2625,2540.0,649,1809916,0.1,0.13808153373149276,6302.037895583002,True,False
2626,1230.0,669,1810585,0.1,0.13092717047624602,6305.346079875002,True,False
2627,610.0,406,1810991,0.1,0.15243860330469539,6306.756867000004,True,False
2628,1530.0,585,1811576,0.1,0.13059677719613727,6308.695531167003,True,False
2629,1890.0,743,1812319,0.1,0.1229108515724137,6311.208176624998,True,False
2630,1370.0,1060,1813379,0.1,0.13733264053205274,6314.883755499999,True,False
2631,910.0,652,1814031,0.1,0.16426098796944677,6317.618731708004,True,False
2632,590.0,487,1814518,0.1,0.1299782175509656,6319.250013750003,True,False
2633,1250.0,785,1815303,0.1,0.15582399669920607,6322.01713375,True,False
2634,460.0,418,1815721,0.1,0.14513503701559136,6323.459629042001,True,False
2635,1070.0,727,1816448,0.1,0.13217895627431162,6325.803953125003,True,False
2636,1250.0,875,1817323,0.1,0.1323148127850316,6328.777399833001,True,False
2637,2400.0,641,1817964,0.1,0.1314282411397059,6330.9329894580005,True,False
2638,1620.0,805,1818769,0.1,0.14367279890387213,6333.6967608330015,True,False
2639,1050.0,670,1819439,0.1,0.17123378869034572,6335.869736499997,True,False
2640,1750.0,768,1820207,0.1,0.14189933414066522,6338.463127499999,True,False
2641,960.0,752,1820959,0.1,0.1294716243592507,6340.920800958003,True,False
2642,750.0,536,1821495,0.1,0.11972708131339568,6343.274227082999,True,False
2643,1270.0,756,1822251,0.1,0.1386061893509967,6346.327109625003,True,False
2644,1260.0,789,1823040,0.1,0.1320688666945154,6349.241776167,True,False
2645,1460.0,837,1823877,0.1,0.12195879474068372,6351.964980833,True,False
2646,1690.0,1019,1824896,0.1,0.12631380588692778,6355.400462874997,True,False
2647,1400.0,990,1825886,0.1,0.12938772193212741,6358.597186416999,True,False
2648,1240.0,1020,1826906,0.1,0.12675484534279974,6362.058351042004,True,False
2649,2120.0,1124,1828030,0.1,0.13709260693675046,6366.230192875002,True,False
2650,1140.0,676,1828706,0.1,0.14530704559526852,6368.646228541998,True,False
2651,1200.0,668,1829374,0.1,0.12724704411393867,6371.974239125004,True,False
2652,1680.0,848,1830222,0.1,0.13878725099219186,6375.050314375003,True,False
2653,1760.0,836,1831058,0.1,0.14639828256977516,6377.8539835420015,True,False
2654,1200.0,729,1831787,0.1,0.13116229420712033,6380.271432667003,True,False
2655,1150.0,571,1832358,0.1,0.1103182853674972,6382.140472332998,True,False
2656,1340.0,816,1833174,0.1,0.15010778720070625,6384.860579375003,True,False
2657,2320.0,630,1833804,0.1,0.1329626010707285,6386.923138416998,True,False
2658,1240.0,850,1834654,0.1,0.13185946884969213,6389.699214542001,True,False
2659,1600.0,852,1835506,0.1,0.1260471529296726,6392.515875167002,True,False
2660,820.0,629,1836135,0.1,0.12493887046577444,6394.582135208002,True,False
2661,1760.0,679,1836814,0.1,0.14135425029432072,6396.998158791997,True,False
2662,1560.0,924,1837738,0.1,0.12924642615762108,6400.041212875003,True,False
2663,1280.0,696,1838434,0.1,0.11639297085589376,6402.731831875004,True,False
2664,2490.0,929,1839363,0.1,0.1459239890381437,6406.913610208001,True,False
2665,1470.0,673,1840036,0.1,0.1347446159167579,6409.351220208002,True,False
2666,1510.0,939,1840975,0.1,0.1454582636873437,6412.739564333002,True,False
2667,1290.0,894,1841869,0.1,0.1393426622214195,6415.874684041999,True,False
2668,1680.0,798,1842667,0.1,0.127237171608599,6418.473062666999,True,False
2669,1110.0,586,1843253,0.1,0.16102791630796023,6420.4644216669985,True,False
2670,1650.0,707,1843960,0.1,0.12873838913474378,6422.839575958002,True,False
2671,810.0,727,1844687,0.1,0.13919554209305765,6425.242226750001,True,False
2672,1690.0,826,1845513,0.1,0.12495622134223076,6427.993904000003,True,False
2673,1840.0,737,1846250,0.1,0.1274717608264283,6430.399726666998,True,False
2674,1840.0,838,1847088,0.1,0.12229994475131943,6433.3040607919975,True,False
2675,1150.0,675,1847763,0.1,0.1203981828764968,6435.511317167002,True,False
2676,1010.0,635,1848398,0.1,0.12947124262697668,6438.700301875004,True,False
2677,1050.0,793,1849191,0.1,0.11875957483896102,6441.436475708004,True,False
2678,1010.0,733,1849924,0.1,0.12613923857798395,6443.823273542002,True,False
2679,1290.0,772,1850696,0.1,0.12230557239001588,6446.7080908749995,True,False
2680,1220.0,764,1851460,0.1,0.11963132212026269,6449.181039832998,True,False
2681,1790.0,839,1852299,0.1,0.11891545333039533,6452.067122667002,True,False
2682,2710.0,834,1853133,0.1,0.10745081957875256,6454.805749457999,True,False
2683,940.0,755,1853888,0.1,0.13057561184245128,6457.365365208003,True,False
2684,870.0,688,1854576,0.1,0.11148529399056421,6459.801632625,True,False
2685,870.0,612,1855188,0.1,0.13254330352289614,6461.842118583001,True,False
2686,1390.0,1017,1856205,0.1,0.13096898318979683,6465.7098169169985,True,False
2687,830.0,696,1856901,0.1,0.11459870660013852,6468.660426374998,True,False
2688,410.0,532,1857433,0.1,0.11330070702317066,6470.460496792002,True,False
2689,1720.0,734,1858167,0.1,0.13883183612564548,6473.2140064999985,True,False
2690,1590.0,858,1859025,0.1,0.13081943540898866,6476.076932625001,True,False
2691,1350.0,716,1859741,0.1,0.1402726223765139,6478.506255542001,True,False
2692,1590.0,698,1860439,0.1,0.11991172757042551,6481.123005833004,True,False
2693,920.0,700,1861139,0.1,0.10734423501150948,6483.498507042001,True,False
2694,1340.0,680,1861819,0.1,0.11537775082842391,6485.907054167001,True,False
2695,1180.0,703,1862522,0.1,0.11883445230143314,6488.3833605830005,True,False
2696,900.0,741,1863263,0.1,0.13800308259355054,6491.1912068750025,True,False
2697,1040.0,777,1864040,0.1,0.1312473760583462,6493.778581457998,True,False
2698,1120.0,576,1864616,0.1,0.13246922658032012,6495.698981041998,True,False
2699,1470.0,786,1865402,0.1,0.11303862580573376,6498.285815417003,True,False
2700,950.0,535,1865937,0.1,0.09707127775607714,6500.055603749999,True,False
2701,1040.0,838,1866775,0.1,0.09885343121427098,6503.985770917003,True,False
2702,1320.0,553,1867328,0.1,0.14676552026686693,6505.931588624997,True,False
2703,1450.0,880,1868208,0.1,0.11035747785459865,6508.827818917001,True,False
2704,940.0,568,1868776,0.1,0.13937656742743623,6510.735778292001,True,False
2705,1480.0,646,1869422,0.1,0.10588870417349827,6512.939107208003,True,False
2706,1870.0,967,1870389,0.1,0.10707113453887465,6516.098590957998,True,False
2707,910.0,631,1871020,0.1,0.10042345425986414,6518.364540750001,True,False
2708,1020.0,587,1871607,0.1,0.10570888014586821,6520.278144208001,True,False
2709,1390.0,823,1872430,0.1,0.1312868126704204,6523.033853499997,True,False
2710,800.0,547,1872977,0.1,0.11024344707057424,6524.847867666998,True,False
2711,740.0,544,1873521,0.1,0.117593208574416,6527.291078417002,True,False
2712,1260.0,780,1874301,0.1,0.12629067678577624,6530.374322167001,True,False
2713,1950.0,859,1875160,0.1,0.13197435392716597,6533.493168749999,True,False
2714,1730.0,753,1875913,0.1,0.09760611787676177,6536.193843333,True,False
2715,1960.0,810,1876723,0.1,0.10496151277629456,6538.904061041998,True,False
2716,1630.0,822,1877545,0.1,0.13022149943755668,6541.793968541999,True,False
2717,1790.0,894,1878439,0.1,0.1403647118703266,6544.804194417004,True,False
2718,1280.0,768,1879207,0.1,0.14151020807912573,6547.680407792002,True,False
2719,1660.0,1112,1880319,0.1,0.13604714898325557,6551.443638375,True,False
2720,790.0,665,1880984,0.1,0.12180170386717348,6553.77751475,True,False
2721,1860.0,822,1881806,0.1,0.11656744615515557,6556.4669828749975,True,False
2722,2680.0,1152,1882958,0.1,0.11214923009457481,6560.291779166997,True,False
2723,1260.0,836,1883794,0.1,0.10296973299110335,6562.968791708001,True,False
2724,1090.0,877,1884671,0.1,0.131937329831733,6565.870854792003,True,False
2725,1560.0,604,1885275,0.1,0.12410353356047182,6567.938612917002,True,False
2726,430.0,391,1885666,0.1,0.09387586636430754,6570.024902457997,True,False
2727,1200.0,621,1886287,0.1,0.11094378225745694,6572.130652166998,True,False
2728,1610.0,994,1887281,0.1,0.11970691416547241,6575.469567417,True,False
2729,1100.0,645,1887926,0.1,0.09555198164274974,6578.095914375001,True,False
2730,1660.0,1149,1889075,0.1,0.11569880315780848,6582.009936667004,True,False
2731,710.0,490,1889565,0.1,0.09809930145558787,6583.698074917003,True,False
2732,1160.0,620,1890185,0.1,0.10827426672462494,6585.722084916997,True,False
2733,1540.0,931,1891116,0.1,0.11247268766804315,6589.872781874998,True,False
2734,1280.0,855,1891971,0.1,0.13949992362532257,6592.702737667001,True,False
2735,2670.0,855,1892826,0.1,0.11238321222399718,6595.646802458003,True,False
2736,1550.0,735,1893561,0.1,0.09760502949559494,6598.029843999997,True,False
2737,1210.0,782,1894343,0.1,0.11874799485772083,6600.710491167003,True,False
2738,1450.0,1244,1895587,0.1,0.10724607181894051,6604.779104624999,True,False
2739,1590.0,813,1896400,0.1,0.1315992246747163,6607.501734541998,True,False
2740,1450.0,695,1897095,0.1,0.11412111066841665,6609.816872249998,True,False
2741,960.0,623,1897718,0.1,0.10627477111008304,6612.029201666999,True,False
2742,1560.0,906,1898624,0.1,0.14211664846913669,6615.036354458003,True,False
2743,930.0,693,1899317,0.1,0.11378236412140676,6617.284436374997,True,False
2744,1700.0,691,1900008,0.1,0.1169981052291531,6619.607591,True,False
2745,490.0,453,1900461,0.1,0.09534398265248906,6621.114605041999,True,False
2746,2070.0,944,1901405,0.1,0.13000496027012498,6624.228143542001,True,False
2747,2010.0,975,1902380,0.1,0.15020515629258313,6627.422654250004,True,False
2748,1150.0,774,1903154,0.1,0.12492804875877236,6630.121418458002,True,False
2749,1140.0,720,1903874,0.1,0.11744675058871508,6632.495024083,True,False
2750,1170.0,554,1904428,0.1,0.08930107303928557,6634.388340792,True,False
2751,930.0,620,1905048,0.1,0.10280002621152709,6637.2844659170005,True,False
2752,1390.0,844,1905892,0.1,0.11429710487583519,6640.191392624998,True,False
2753,1130.0,895,1906787,0.1,0.11895224284130095,6643.078549500002,True,False
2754,1270.0,701,1907488,0.1,0.10694689393593845,6645.416992457998,True,False
2755,1270.0,974,1908462,0.1,0.1260340419509774,6649.1682755,True,False
2756,1880.0,733,1909195,0.1,0.12350931971288118,6651.680552708,True,False
2757,1180.0,715,1909910,0.1,0.10613863911042666,6654.084863333002,True,False
2758,1170.0,635,1910545,0.1,0.1045142168518882,6656.176312333002,True,False
2759,1160.0,637,1911182,0.1,0.11036827114158831,6658.254849541998,True,False
2760,940.0,683,1911865,0.1,0.1118027433448019,6660.57935575,True,False
2761,910.0,554,1912419,0.1,0.1247820242618521,6662.415024292,True,False
2762,1010.0,739,1913158,0.1,0.12453495703033499,6664.846609291999,True,False
2763,1720.0,658,1913816,0.1,0.10991180823607878,6667.705462750004,True,False
2764,1540.0,1152,1914968,0.1,0.12578268325240868,6671.655077249998,True,False
2765,1650.0,734,1915702,0.1,0.12504203225704816,6674.550776374999,True,False
2766,1700.0,722,1916424,0.1,0.11213404704811494,6676.878569833003,True,False
2767,1310.0,1001,1917425,0.1,0.11322537738084792,6680.222817417001,True,False
2768,490.0,446,1917871,0.1,0.11929833251345265,6681.700565042003,True,False
2769,1230.0,696,1918567,0.1,0.12261623470647924,6683.997765833003,True,False
2770,1420.0,870,1919437,0.1,0.09560338740980406,6686.854758333,True,False
2771,880.0,574,1920011,0.1,0.11636562370597482,6688.7492073329995,True,False
2772,1240.0,661,1920672,0.1,0.11701204168823469,6691.042481958,True,False
2773,1540.0,1026,1921698,0.1,0.11384694103617221,6694.610730041997,True,False
2774,1550.0,784,1922482,0.1,0.1361252220195471,6697.245902041999,True,False
2775,520.0,472,1922954,0.1,0.11267656054726596,6698.876098499997,True,False
2776,2490.0,742,1923696,0.1,0.10757835313517561,6702.192123708002,True,False
2777,590.0,594,1924290,0.1,0.10004032642354031,6704.221584083003,True,False
2778,990.0,616,1924906,0.1,0.12056063913873263,6706.221469458003,True,False
2779,940.0,519,1925425,0.1,0.11437314672825429,6708.086909666999,True,False
2780,1600.0,924,1926349,0.1,0.11006339079825393,6711.669611249999,True,False
2781,1220.0,594,1926943,0.1,0.1058514556797171,6714.091402208003,True,False
2782,1210.0,775,1927718,0.1,0.13158105897534753,6716.856179374998,True,False
2783,1350.0,653,1928371,0.1,0.11672137253717776,6719.125596792001,True,False
2784,1840.0,1074,1929445,0.1,0.1245184992215004,6723.679254667004,True,False
2785,1780.0,923,1930368,0.1,0.14007131505386655,6727.116786125,True,False
2786,1520.0,716,1931084,0.1,0.10158741989240633,6729.480191292001,True,False
2787,1240.0,721,1931805,0.1,0.11210641958233383,6731.952283708,True,False
2788,540.0,446,1932251,0.1,0.12648254007033938,6733.608780667004,True,False
2789,1330.0,947,1933198,0.1,0.12482517694402093,6737.785659041998,True,False
2790,1440.0,837,1934035,0.1,0.10932998336031677,6740.889092167003,True,False
2791,810.0,503,1934538,0.1,0.10798663007361549,6742.698219083002,True,False
2792,2050.0,900,1935438,0.1,0.1090476607862446,6746.223862958002,True,False
2793,1190.0,730,1936168,0.1,0.13214585682774177,6748.861061875003,True,False
2794,1580.0,743,1936911,0.1,0.11286423216397698,6751.773673666998,True,False
2795,810.0,657,1937568,0.1,0.12416289207158666,6754.2333645000035,True,False
2796,1280.0,700,1938268,0.1,0.11352870443037578,6757.017060708,True,False
2797,1100.0,565,1938833,0.1,0.11086947992708243,6759.188729875001,True,False
2798,1250.0,1007,1939840,0.1,0.10557093055150102,6762.819038667003,True,False
2799,1490.0,692,1940532,0.1,0.11407457212406087,6765.202706832999,True,False
2800,2120.0,1142,1941674,0.1,0.1318740265607311,6769.111663458003,True,False
2801,1570.0,861,1942535,0.1,0.08130889916142751,6772.905308583002,True,False
2802,580.0,501,1943036,0.1,0.11179149416940552,6774.703690708004,True,False
2803,2000.0,732,1943768,0.1,0.143571697338357,6777.733954542004,True,False
2804,1330.0,678,1944446,0.1,0.13541443650362758,6780.160010917003,True,False
2805,1620.0,900,1945346,0.1,0.11394646214114296,6783.766817666998,True,False
2806,1030.0,754,1946100,0.1,0.12265415079694576,6786.785810624999,True,False
2807,1420.0,519,1946619,0.1,0.09089783031868842,6788.5035139579995,True,False
2808,1110.0,656,1947275,0.1,0.11005756027269654,6790.787261083002,True,False
2809,1000.0,748,1948023,0.1,0.13003347365852982,6794.793042042002,True,False
2810,1740.0,910,1948933,0.1,0.11431006858484787,6797.853387666997,True,False
2811,670.0,598,1949531,0.1,0.1020645452850817,6799.910511125003,True,False
2812,1600.0,601,1950132,0.1,0.12429143698108906,6801.886359249998,True,False
2813,250.0,361,1950493,0.1,0.13996505304757093,6803.149094458,True,False
2814,730.0,570,1951063,0.1,0.1220833226828508,6805.099155292002,True,False
2815,1530.0,929,1951992,0.1,0.12153013673303209,6808.170864792002,True,False
2816,1140.0,1088,1953080,0.1,0.12726515101488023,6812.053688708002,True,False
2817,1060.0,657,1953737,0.1,0.11576609558812002,6814.390079750003,True,False
2818,1680.0,678,1954415,0.1,0.1119476226902396,6817.472845917,True,False
2819,1310.0,881,1955296,0.1,0.11273702854349603,6820.8816592919975,True,False
2820,1250.0,647,1955943,0.1,0.11218915217966767,6823.872250583001,True,False
2821,1530.0,1023,1956966,0.1,0.11212662969046505,6828.309232874999,True,False
2822,1370.0,802,1957768,0.1,0.10866701602935791,6831.570929542002,True,False
2823,1340.0,738,1958506,0.1,0.13296548063542857,6834.154813292,True,False
2824,2700.0,936,1959442,0.1,0.1094340600598699,6837.873066458,True,False
2825,2290.0,597,1960039,0.1,0.14321510670019078,6840.0978445,True,False
2826,2320.0,714,1960753,0.1,0.12450193917618117,6843.830127458001,True,False
2827,1370.0,597,1961350,0.1,0.12558403801197973,6846.200288166998,True,False
2828,540.0,414,1961764,0.1,0.10043085456037751,6847.821700166998,True,False
2829,1340.0,853,1962617,0.1,0.15753807238972103,6850.709605458003,True,False
2830,1650.0,747,1963364,0.1,0.11915034758933088,6854.200458332998,True,False
2831,1130.0,744,1964108,0.1,0.12069864099424693,6856.998765333003,True,False
2832,1850.0,1087,1965195,0.1,0.10475252964619781,6860.882754416998,True,False
2833,1370.0,685,1965880,0.1,0.14439037565661725,6863.231907875001,True,False
2834,990.0,654,1966534,0.1,0.12120161471785577,6865.479327499997,True,False
2835,820.0,629,1967163,0.1,0.10583339783416432,6867.6658666250005,True,False
2836,1090.0,624,1967787,0.1,0.11407700565476449,6870.275685082997,True,False
2837,1670.0,774,1968561,0.1,0.12177041603117875,6872.864996292003,True,False
2838,710.0,508,1969069,0.1,0.12562694130685387,6874.750812917002,True,False
2839,1070.0,549,1969618,0.1,0.09121764679677295,6876.744898083001,True,False
2840,690.0,468,1970086,0.1,0.1573758101106709,6878.409738832997,True,False
2841,990.0,768,1970854,0.1,0.12764799418800976,6880.951718582997,True,False
2842,640.0,504,1971358,0.1,0.11778479548437255,6882.647516042001,True,False
2843,640.0,560,1971918,0.1,0.12019331491153155,6884.538550792,True,False
2844,1620.0,665,1972583,0.1,0.12069460551018815,6887.256232375003,True,False
2845,1800.0,907,1973490,0.1,0.13985507636605907,6890.355989208001,True,False
2846,1460.0,848,1974338,0.1,0.13776413697468223,6893.159471291998,True,False
2847,1520.0,706,1975044,0.1,0.11067507738026522,6895.516913749998,True,False
2848,1170.0,794,1975838,0.1,0.12499999634056079,6898.147930749998,True,False
2849,2240.0,613,1976451,0.1,0.152917324644483,6900.196054332999,True,False
2850,1210.0,784,1977235,0.1,0.11163884962015615,6902.767349542002,True,False
2851,1530.0,850,1978085,0.1,0.11410745087258972,6906.5220277499975,True,False
2852,950.0,676,1978761,0.1,0.11889408437325757,6908.830144332998,True,False
2853,1750.0,1013,1979774,0.1,0.11279296131414387,6912.363765499998,True,False
2854,910.0,904,1980678,0.1,0.11600658656056739,6915.875407083004,True,False
2855,1080.0,606,1981284,0.1,0.14472732815499367,6917.809512332999,True,False
2856,530.0,405,1981689,0.1,0.1257793392875407,6919.203304832998,True,False
2857,1600.0,1142,1982831,0.1,0.10568337543099596,6922.995424958004,True,False
2858,1510.0,891,1983722,0.1,0.12454816148587139,6926.308108416997,True,False
2859,1210.0,551,1984273,0.1,0.13909397415978753,6928.296944875001,True,False
2860,2140.0,1204,1985477,0.1,0.11903275998055539,6932.272861917001,True,False
2861,2220.0,925,1986402,0.1,0.12863872719533515,6935.279549749997,True,False
2862,2380.0,717,1987119,0.1,0.12529560972483797,6937.689126124998,True,False
2863,1390.0,841,1987960,0.1,0.13347906431280324,6940.439844166998,True,False
2864,830.0,653,1988613,0.1,0.10699311277023488,6942.620305124998,True,False
2865,1050.0,750,1989363,0.1,0.1171785764655168,6945.089111916997,True,False
2866,1080.0,643,1990006,0.1,0.10015965440536137,6947.258776292001,True,False
2867,710.0,643,1990649,0.1,0.11260719600810397,6949.508776249997,True,False
2868,1220.0,746,1991395,0.1,0.12566271523434308,6951.963515249998,True,False
2869,1560.0,844,1992239,0.1,0.133132709410942,6954.712778916997,True,False
2870,1660.0,740,1992979,0.1,0.12093936399229475,6957.139114999998,True,False
2871,1150.0,649,1993628,0.1,0.11698927630904628,6959.6019932499985,True,False
2872,1720.0,837,1994465,0.1,0.1241182472432059,6962.404738750003,True,False
2873,1610.0,862,1995327,0.1,0.14275102972291237,6966.090990249999,True,False
2874,1690.0,627,1995954,0.1,0.12936451647928945,6968.525909167001,True,False
2875,1840.0,981,1996935,0.1,0.11640163558174153,6972.007085625002,True,False
2876,1400.0,766,1997701,0.1,0.11698138476155388,6975.484336542002,True,False
2877,2140.0,977,1998678,0.1,0.12163898693855668,6978.833810417003,True,False
2878,990.0,700,1999378,0.1,0.1137792788871697,6981.0825865829975,True,False
2879,2340.0,652,2000030,0.1,0.12776982007216822,6983.292619708001,True,False
2880,1530.0,836,2000866,0.1,0.1359787859896011,6986.792291208003,True,False
2881,760.0,493,2001359,0.1,0.0873791838170794,6988.418009000001,True,False
2882,1570.0,1418,2002777,0.1,0.12446402423083783,6993.062534292003,True,False
2883,1250.0,684,2003461,0.1,0.124699855386688,6995.2519033749995,True,False
2884,1200.0,848,2004309,0.1,0.1233151554446316,6998.121315791999,True,False
2885,1090.0,641,2004950,0.1,0.12259614581707864,7000.211891749997,True,False
2886,1030.0,763,2005713,0.1,0.11419759347488743,7003.237052999997,True,False
2887,1090.0,732,2006445,0.1,0.12997228135176694,7005.954998207999,True,False
2888,2350.0,999,2007444,0.1,0.11744862055033445,7010.1427951669975,True,False
2889,1130.0,799,2008243,0.1,0.12130956899318564,7013.148707082997,True,False
2890,1740.0,911,2009154,0.1,0.12029093644467362,7016.402230749998,True,False
2891,880.0,794,2009948,0.1,0.10487698862825207,7019.060057249997,True,False
2892,1480.0,854,2010802,0.1,0.14320032108802472,7022.006404833002,True,False
2893,510.0,448,2011250,0.1,0.12414567676439349,7023.480625249998,True,False
2894,2000.0,889,2012139,0.1,0.11681415717041976,7026.418778500003,True,False
2895,980.0,646,2012785,0.1,0.12223615082279768,7028.5567168749985,True,False
2896,1260.0,967,2013752,0.1,0.1053977282717824,7031.740039875003,True,False
2897,1040.0,714,2014466,0.1,0.12853487458582338,7034.079554875003,True,False
2898,990.0,782,2015248,0.1,0.13193593329122785,7036.636322667,True,False
2899,1140.0,626,2015874,0.1,0.12037094892599644,7038.702777999999,True,False
2900,1100.0,737,2016611,0.1,0.11494814069010317,7041.112384,True,False
2901,2010.0,874,2017485,0.1,0.1272457969209103,7045.066868957998,True,False
2902,1990.0,977,2018462,0.1,0.10844696729947798,7048.293997917004,True,False
2903,1270.0,620,2019082,0.1,0.11378795278649176,7050.307623542001,True,False
2904,1330.0,828,2019910,0.1,0.10855500517044091,7053.046221999997,True,False
2905,1620.0,1042,2020952,0.1,0.1209352273579644,7056.464314292003,True,False
2906,1990.0,958,2021910,0.1,0.11927892650364583,7059.588976667001,True,False
2907,1980.0,903,2022813,0.1,0.12117938248160402,7062.5434424999985,True,False
2908,960.0,837,2023650,0.1,0.1101962781854366,7065.270486583002,True,False
2909,1160.0,571,2024221,0.1,0.12213023499279589,7067.177744041997,True,False
2910,1180.0,801,2025022,0.1,0.11311133419163526,7069.884966083002,True,False
2911,1250.0,625,2025647,0.1,0.09945883195942794,7071.921868707999,True,False
2912,170.0,310,2025957,0.1,0.12539899296676502,7072.956492042002,True,False
2913,750.0,636,2026593,0.1,0.14368830924654533,7075.050610874998,True,False
2914,1700.0,684,2027277,0.1,0.10776196724097979,7077.288272083002,True,False
2915,820.0,646,2027923,0.1,0.12657393643528408,7079.463974500002,True,False
2916,830.0,568,2028491,0.1,0.11709740613652787,7081.437427249999,True,False
2917,1280.0,653,2029144,0.1,0.12070596287390445,7083.6093433330025,True,False
2918,1540.0,744,2029888,0.1,0.13090795011169487,7086.175192542003,True,False
2919,1290.0,773,2030661,0.1,0.130940379661754,7088.753439792003,True,False
2920,750.0,693,2031354,0.1,0.11343146089701295,7091.046049500001,True,False
2921,1310.0,956,2032310,0.1,0.10507303747547221,7094.239398958001,True,False
2922,1370.0,632,2032942,0.1,0.11645071101198091,7096.301822667003,True,False
2923,1610.0,583,2033525,0.1,0.11650809861260326,7098.19231875,True,False
2924,1130.0,613,2034138,0.1,0.0976612255999855,7100.243982332999,True,False
2925,1060.0,772,2034910,0.1,0.10707105884396041,7102.735714499999,True,False
2926,1500.0,982,2035892,0.1,0.11604218428000444,7107.132480667002,True,False
2927,930.0,604,2036496,0.1,0.10992183039174569,7109.353470957998,True,False
2928,1300.0,634,2037130,0.1,0.11861562289156113,7111.471941124997,True,False
2929,860.0,692,2037822,0.1,0.12084339855163428,7113.712915791999,True,False
2930,1090.0,691,2038513,0.1,0.11159897343702399,7116.020812292001,True,False
2931,1140.0,723,2039236,0.1,0.11187453541225491,7118.536429042004,True,False
2932,1100.0,553,2039789,0.1,0.09085909949372643,7120.347474624999,True,False
2933,1700.0,655,2040444,0.1,0.11357901022746796,7122.486592583002,True,False
2934,1370.0,673,2041117,0.1,0.11908052959257648,7124.706294374999,True,False
2935,1020.0,605,2041722,0.1,0.10802733650221336,7126.688537250004,True,False
2936,1030.0,556,2042278,0.1,0.1080183774340067,7128.630496333004,True,False
2937,270.0,344,2042622,0.1,0.1111714189525607,7129.815755333002,True,False
2938,1200.0,791,2043413,0.1,0.09903791969209308,7132.370403000001,True,False
2939,1270.0,912,2044325,0.1,0.13086019172088095,7135.371355249998,True,False
2940,2040.0,1067,2045392,0.1,0.11117652176499143,7138.886671417,True,False
2941,670.0,576,2045968,0.1,0.12032234522565785,7140.779065957999,True,False
2942,1330.0,710,2046678,0.1,0.11020441959470005,7143.190812916997,True,False
2943,2420.0,1123,2047801,0.1,0.10926978951618341,7146.929205542001,True,False
2944,2660.0,939,2048740,0.1,0.12720467812044822,7149.968710833004,True,False
2945,720.0,590,2049330,0.1,0.10251217548336301,7151.918055333001,True,False
2946,1800.0,722,2050052,0.1,0.1002727259588505,7154.259046792002,True,False
2947,1220.0,904,2050956,0.1,0.1268836470996648,7157.203764958002,True,False
2948,1090.0,693,2051649,0.1,0.12263454253532294,7159.467228833004,True,False
2949,460.0,420,2052069,0.1,0.09135088101029396,7160.885919958004,True,False
2950,1920.0,721,2052790,0.1,0.10123091606526739,7163.225363333004,True,False
2951,1280.0,767,2053557,0.1,0.12141723093615535,7166.853282417003,True,False
2952,1640.0,743,2054300,0.1,0.1348519248947982,7169.482425041999,True,False
2953,770.0,594,2054894,0.1,0.13381080694395947,7171.418524667002,True,False
2954,790.0,700,2055594,0.1,0.11914895832538605,7173.825225458,True,False
2955,1330.0,792,2056386,0.1,0.12346029247749936,7176.374493832998,True,False
2956,1330.0,893,2057279,0.1,0.12008627762207803,7179.978047124998,True,False
2957,1940.0,699,2057978,0.1,0.12528481513261794,7182.246389207998,True,False
2958,1380.0,712,2058690,0.1,0.12993279353746873,7184.638364083003,True,False
2959,570.0,473,2059163,0.1,0.13226255746084756,7186.193268083,True,False
2960,1050.0,1005,2060168,0.1,0.12659202641733583,7189.988912125002,True,False
2961,1330.0,652,2060820,0.1,0.13015678795797328,7192.237254250002,True,False
2962,1420.0,818,2061638,0.1,0.12108369672890096,7194.906046832999,True,False
2963,1220.0,719,2062357,0.1,0.14246290658290187,7197.250692583002,True,False
2964,490.0,510,2062867,0.1,0.1747287790489009,7199.595129583002,True,False
2965,1240.0,728,2063595,0.1,0.1253823728331334,7203.408847125,True,False
2966,1130.0,696,2064291,0.1,0.1317576439515955,7206.224542292002,True,False
2967,520.0,415,2064706,0.1,0.14783408729216227,7207.938632792,True,False
2968,1600.0,615,2065321,0.1,0.1532295506762026,7210.108053124997,True,False
2969,1810.0,869,2066190,0.1,0.1625358557096824,7213.114031124998,True,False
2970,2090.0,1065,2067255,0.1,0.1433850470440168,7216.610299583001,True,False
2971,510.0,480,2067735,0.1,0.1320826427390178,7218.259514333004,True,False
2972,860.0,580,2068315,0.1,0.11604716964066028,7220.294922166999,True,False
2973,1140.0,832,2069147,0.1,0.1363562807225837,7223.126996125,True,False
2974,2900.0,1064,2070211,0.1,0.16762792622964634,7226.686768500003,True,False
2975,1260.0,736,2070947,0.1,0.12896763635596828,7229.063873416999,True,False
2976,1620.0,845,2071792,0.1,0.13993376485546524,7233.1981935,True,False
2977,1290.0,675,2072467,0.1,0.12830855208449066,7235.490382124997,True,False
2978,1770.0,1084,2073551,0.1,0.13180753620293306,7239.197868042,True,False
2979,1550.0,681,2074232,0.1,0.12033020670128147,7241.446801792001,True,False
2980,1580.0,712,2074944,0.1,0.13461981655171748,7243.841380750004,True,False
2981,1170.0,733,2075677,0.1,0.1376215872237754,7246.240527957998,True,False
2982,2150.0,886,2076563,0.1,0.13322564097315207,7249.324901332999,True,False
2983,1180.0,715,2077278,0.1,0.12463689874337372,7251.650183375001,True,False
2984,1860.0,860,2078138,0.1,0.13813455155942328,7254.5351705830035,True,False
2985,1700.0,998,2079136,0.1,0.13262675684690475,7257.755769083,True,False
2986,1200.0,773,2079909,0.1,0.14970395086728847,7260.318684375001,True,False
2987,1130.0,710,2080619,0.1,0.1328461774030311,7262.636746083001,True,False
2988,1030.0,641,2081260,0.1,0.10343811219060643,7264.767604207998,True,False
2989,1000.0,709,2081969,0.1,0.12219418385355486,7267.579687292004,True,False
2990,1080.0,767,2082736,0.1,0.10998819609327863,7270.310489583004,True,False
2991,1560.0,910,2083646,0.1,0.10434955575950608,7273.430019958003,True,False
2992,980.0,621,2084267,0.1,0.1418118807817659,7275.509334957998,True,False
2993,2420.0,773,2085040,0.1,0.11038465484899958,7278.090471750002,True,False
2994,860.0,696,2085736,0.1,0.1023114669811109,7280.438417333004,True,False
2995,2310.0,975,2086711,0.1,0.11293169343269166,7283.574535833002,True,False
2996,2290.0,827,2087538,0.1,0.11299455465505952,7286.3056583330035,True,False
2997,940.0,614,2088152,0.1,0.10995973658735876,7288.284780374997,True,False
2998,1250.0,805,2088957,0.1,0.11018204044050245,7290.998060042002,True,False
2999,750.0,662,2089619,0.1,0.10797653400310964,7293.168863500003,True,False
3000,760.0,567,2090186,0.1,0.11870829830549552,7295.046739208003,True,False
3001,1550.0,780,2090966,0.1,0.121216012031222,7298.736634207999,True,False
3002,1650.0,761,2091727,0.1,0.13019945734229527,7301.270137958003,True,False
3003,1190.0,691,2092418,0.1,0.10037015584119827,7303.699455374997,True,False
3004,1800.0,1004,2093422,0.1,0.11558066876197004,7307.135555542001,True,False
3005,1350.0,776,2094198,0.1,0.10826859025035016,7309.872284875004,True,False
3006,1810.0,702,2094900,0.1,0.11293101756283166,7312.168014875002,True,False
3007,1400.0,817,2095717,0.1,0.1327470034068706,7315.587972583002,True,False
3008,1800.0,1004,2096721,0.1,0.1350060161277355,7318.838653500003,True,False
3009,2060.0,990,2097711,0.1,0.13010278475369036,7322.310218457998,True,False
3010,2580.0,764,2098475,0.1,0.1378767627110968,7324.786038457998,True,False
3011,1980.0,925,2099400,0.1,0.10957973650335495,7327.8806021670025,True,False
3012,1770.0,1040,2100440,0.1,0.1253121508571964,7331.275955292003,True,False
3013,490.0,408,2100848,0.1,0.13132600139315223,7332.655439082999,True,False
3014,1700.0,855,2101703,0.1,0.12138583190179487,7335.5260026250035,True,False
3015,1400.0,710,2102413,0.1,0.13368493797822614,7337.919831500003,True,False
3016,1680.0,1059,2103472,0.1,0.11265771003826609,7341.359512832998,True,False
3017,820.0,565,2104037,0.1,0.12448756012352223,7343.233160458003,True,False
3018,1130.0,823,2104860,0.1,0.1083632102959509,7345.9053876670005,True,False
3019,920.0,641,2105501,0.1,0.09952255375683308,7348.0377792080035,True,False
3020,910.0,677,2106178,0.1,0.0982011320102497,7350.241131292001,True,False
3021,1600.0,724,2106902,0.1,0.11589224328858089,7353.208702208001,True,False
3022,580.0,467,2107369,0.1,0.1250854073267462,7355.184669542003,True,False
3023,1460.0,1045,2108414,0.1,0.1132882594477057,7358.972589958001,True,False
3024,820.0,549,2108963,0.1,0.1259478441147256,7360.863517375001,True,False
3025,2500.0,915,2109878,0.1,0.11813783526062704,7363.937055957998,True,False
3026,1050.0,814,2110692,0.1,0.09284785688471268,7367.5778304999985,True,False
3027,2370.0,806,2111498,0.1,0.1046097274980883,7370.485843082999,True,False
3028,860.0,649,2112147,0.1,0.1105276018979005,7372.584471333001,True,False
3029,1030.0,707,2112854,0.1,0.14597665546935493,7375.007473083002,True,False
3030,1900.0,858,2113712,0.1,0.10679637499500153,7377.771808625002,True,False
3031,1890.0,902,2114614,0.1,0.13536912969417042,7380.791130792,True,False
3032,2340.0,1039,2115653,0.1,0.09760034428909421,7384.203183541998,True,False
3033,2850.0,869,2116522,0.1,0.11971578304119374,7387.059067000002,True,False
3034,860.0,535,2117057,0.1,0.10289840763017757,7388.839192667001,True,False
3035,1870.0,718,2117775,0.1,0.10983586436210398,7391.19947575,True,False
3036,2820.0,876,2118651,0.1,0.1145194059059228,7394.120371083001,True,False
3037,940.0,602,2119253,0.1,0.14699383579589279,7396.107586500002,True,False
3038,1770.0,1073,2120326,0.1,0.10144808882180212,7399.760822333003,True,False
3039,1220.0,682,2121008,0.1,0.13054089266697913,7402.0711420829975,True,False
3040,810.0,590,2121598,0.1,0.11831715260790725,7404.058006375002,True,False
3041,1720.0,1027,2122625,0.1,0.10019298685634878,7407.461702291999,True,False
3042,1970.0,835,2123460,0.1,0.11630765600887497,7410.192749125003,True,False
3043,1310.0,985,2124445,0.1,0.11153973632196827,7413.484252499999,True,False
3044,1230.0,729,2125174,0.1,0.11570869496726728,7415.836809875,True,False
3045,520.0,395,2125569,0.1,0.11165641398742945,7417.210134166999,True,False
3046,1500.0,1043,2126612,0.1,0.09970239449963259,7420.914929457998,True,False
3047,1360.0,1044,2127656,0.1,0.10780548421359154,7424.550158500002,True,False
3048,1500.0,728,2128384,0.1,0.1110093727973955,7427.110275500003,True,False
3049,1340.0,731,2129115,0.1,0.0977436667819927,7429.725799375003,True,False
3050,710.0,467,2129582,0.1,0.12696037737604898,7431.274343707999,True,False
3051,2040.0,1101,2130683,0.1,0.11881066079844128,7436.948142499998,True,False
3052,1700.0,884,2131567,0.1,0.10919985342855097,7439.947172041997,True,False
3053,2530.0,867,2132434,0.1,0.1211762762529784,7443.081031417001,True,False
3054,1890.0,927,2133361,0.1,0.09502024985528712,7446.298853125001,True,False
3055,1450.0,1022,2134383,0.1,0.12143552750349045,7449.709939624998,True,False
3056,2570.0,966,2135349,0.1,0.09373556847938082,7452.985531750004,True,False
3057,1860.0,802,2136151,0.1,0.1062960746139288,7455.630499999999,True,False
3058,1400.0,761,2136912,0.1,0.11982598412216333,7458.143725916998,True,False
3059,1680.0,936,2137848,0.1,0.11348783173080948,7461.240509916999,True,False
3060,870.0,840,2138688,0.1,0.11420455207782132,7464.058212958,True,False
3061,1250.0,789,2139477,0.1,0.08655390727716654,7466.668257500001,True,False
3062,2190.0,604,2140081,0.1,0.11138569182463434,7468.627311750002,True,False
3063,1800.0,1029,2141110,0.1,0.10751743767598955,7472.021073042,True,False
3064,1090.0,602,2141712,0.1,0.1157996134203396,7474.015847458002,True,False
3065,2930.0,804,2142516,0.1,0.10060573048630164,7476.707531667002,True,False
3066,620.0,496,2143012,0.1,0.09890073983960095,7478.425312416999,True,False
3067,1280.0,695,2143707,0.1,0.09948625075334759,7480.747387417003,True,False
3068,1310.0,1019,2144726,0.1,0.10742933057686861,7484.234228250003,True,False
3069,1250.0,683,2145409,0.1,0.08879270442701571,7486.623504666997,True,False
3070,920.0,602,2146011,0.1,0.10798580214381218,7488.767622667001,True,False
3071,1230.0,666,2146677,0.1,0.10846785486056776,7491.028655208,True,False
3072,470.0,464,2147141,0.1,0.10446530087561957,7492.581666833001,True,False
3073,1170.0,641,2147782,0.1,0.11018352498067543,7494.890140125004,True,False
3074,810.0,613,2148395,0.1,0.11925350704224282,7497.774695458,True,False
3075,2770.0,1110,2149505,0.1,0.1275449831963336,7501.572337625003,True,False
3076,1340.0,601,2150106,0.1,0.13240578019370636,7504.464422707999,True,False
3077,1080.0,917,2151023,0.1,0.11158120236054518,7507.653483000002,True,False
3078,1100.0,760,2151783,0.1,0.10932397665946107,7510.131813,True,False
3079,1750.0,816,2152599,0.1,0.11133116349468336,7512.970933458004,True,False
3080,1210.0,628,2153227,0.1,0.10153220586810902,7515.0981699999975,True,False
3081,510.0,374,2153601,0.1,0.11814374821458726,7516.435888375003,True,False
3082,2000.0,861,2154462,0.1,0.11316946621031262,7519.336320208,True,False
3083,2380.0,808,2155270,0.1,0.10447610777314051,7522.063287666999,True,False
3084,1360.0,583,2155853,0.1,0.09720490960889075,7524.000747917002,True,False
3085,1640.0,833,2156686,0.1,0.10740932726408713,7526.844153958002,True,False
3086,1400.0,813,2157499,0.1,0.12681564363866604,7529.474672582997,True,False
3087,860.0,695,2158194,0.1,0.09200124944635164,7531.798206792002,True,False
3088,1440.0,752,2158946,0.1,0.12977260976356078,7534.233924708002,True,False
3089,1340.0,820,2159766,0.1,0.13269512063664635,7537.315135707999,True,False
3090,1470.0,821,2160587,0.1,0.11276390781489815,7540.046727125002,True,False
3091,1250.0,832,2161419,0.1,0.1274048621282698,7542.823240167003,True,False
3092,1660.0,841,2162260,0.1,0.11572963771767808,7545.715563999998,True,False
3093,1410.0,777,2163037,0.1,0.14294424853719695,7548.380981667004,True,False
3094,290.0,446,2163483,0.1,0.1271726314213362,7550.056272374997,True,False
3095,1410.0,980,2164463,0.1,0.12826632524327355,7553.276410749997,True,False
3096,1430.0,799,2165262,0.1,0.11515435077250004,7556.161986207997,True,False
3097,930.0,590,2165852,0.1,0.10360553656780236,7558.9418368749975,True,False
3098,2040.0,1015,2166867,0.1,0.1400070050031889,7562.4813504580015,True,False
3099,690.0,516,2167383,0.1,0.12728279514252677,7564.2586230000015,True,False
3100,1340.0,842,2168225,0.1,0.12433031773397708,7567.7151648750005,True,False
3101,1330.0,739,2168964,0.1,0.1128612465250331,7571.194559333002,True,False
3102,660.0,524,2169488,0.1,0.11484076516375742,7573.163227333003,True,False
3103,730.0,587,2170075,0.1,0.10409936433887645,7575.095979874997,True,False
3104,1690.0,924,2170999,0.1,0.12212287520110865,7578.221413207997,True,False
3105,370.0,452,2171451,0.1,0.11008720040585088,7579.743246708,True,False
3106,2030.0,905,2172356,0.1,0.11243226425927379,7582.785475750003,True,False
3107,1780.0,836,2173192,0.1,0.1261673415676829,7585.6745112080025,True,False
3108,1140.0,769,2173961,0.1,0.10492829110201758,7588.335308041998,True,False
3109,1340.0,781,2174742,0.1,0.11346621350027047,7590.982190125003,True,False
3110,1410.0,705,2175447,0.1,0.1199819115625525,7593.395389999998,True,False
3111,1560.0,803,2176250,0.1,0.11650467016247672,7596.094100625,True,False
3112,2360.0,672,2176922,0.1,0.11287664005621559,7598.614774333,True,False
3113,1780.0,752,2177674,0.1,0.13363177827658487,7601.104889832997,True,False
3114,2660.0,963,2178637,0.1,0.10341929385430833,7604.376391874997,True,False
3115,950.0,897,2179534,0.1,0.1372504633119596,7607.354052832998,True,False
3116,1120.0,720,2180254,0.1,0.13527130260028772,7609.8750020419975,True,False
3117,1780.0,809,2181063,0.1,0.14658917441484656,7612.609384707997,True,False
3118,2480.0,713,2181776,0.1,0.11201731293519449,7614.989750125002,True,False
3119,1810.0,864,2182640,0.1,0.1297415903321019,7618.854320541999,True,False
3120,1140.0,747,2183387,0.1,0.12348705679378523,7621.340705125003,True,False
3121,1350.0,782,2184169,0.1,0.1133655210272694,7624.102601416998,True,False
3122,1530.0,949,2185118,0.1,0.13289706509576066,7627.571661957998,True,False
3123,1410.0,881,2185999,0.1,0.1215911211615259,7630.6874682080015,True,False
3124,1760.0,1109,2187108,0.1,0.12422169916492572,7634.488885125,True,False
3125,1450.0,673,2187781,0.1,0.13219698057288215,7636.705996541998,True,False
3126,1870.0,908,2188689,0.1,0.12948398588282684,7640.431118125001,True,False
3127,1530.0,972,2189661,0.1,0.12824861886202063,7643.69259775,True,False
3128,980.0,757,2190418,0.1,0.10691098450983642,7646.1407005,True,False
3129,2820.0,925,2191343,0.1,0.13155450026839327,7649.171193417002,True,False
3130,350.0,410,2191753,0.1,0.12518209765113672,7650.5413309580035,True,False
3131,1730.0,819,2192572,0.1,0.15500554910338507,7653.2485978330005,True,False
3132,330.0,363,2192935,0.1,0.1582675344414181,7654.519833582999,True,False
3133,1680.0,861,2193796,0.1,0.15176373289001208,7657.416719041998,True,False
3134,1070.0,649,2194445,0.1,0.12937392415133891,7659.585166208002,True,False
3135,620.0,563,2195008,0.1,0.15427129985170163,7661.467415958003,True,False
3136,900.0,851,2195859,0.1,0.13535850119056567,7664.342912667002,True,False
3137,1910.0,939,2196798,0.1,0.12453559469035332,7667.476115958001,True,False
3138,2220.0,1061,2197859,0.1,0.13815183986048654,7671.156527625004,True,False
3139,1100.0,786,2198645,0.1,0.13890090736035768,7673.768096125001,True,False
3140,1040.0,817,2199462,0.1,0.11481064733336954,7676.488717875,True,False
3141,1220.0,613,2200075,0.1,0.11766739268756769,7679.063052457997,True,False
3142,1010.0,806,2200881,0.1,0.12676899988978807,7681.991943250003,True,False
3143,1340.0,792,2201673,0.1,0.12704687843080423,7684.786307708004,True,False
3144,3340.0,884,2202557,0.1,0.11854806274377921,7687.860467708,True,False
3145,600.0,483,2203040,0.1,0.12381624310346674,7689.521894457997,True,False
3146,1030.0,568,2203608,0.1,0.10378993500653706,7691.4500053329975,True,False
3147,1600.0,797,2204405,0.1,0.10857087044260609,7694.094004416998,True,False
3148,1840.0,827,2205232,0.1,0.13690221819864667,7696.807874208003,True,False
3149,730.0,639,2205871,0.1,0.10894337226197405,7698.877918625003,True,False
3150,900.0,968,2206839,0.1,0.12976001225381104,7702.080782999998,True,False
3151,1090.0,585,2207424,0.1,0.15014947744301793,7704.928423999998,True,False
3152,2100.0,945,2208369,0.1,0.11115782140454246,7708.102967500003,True,False
3153,1210.0,696,2209065,0.1,0.11043746775851168,7710.380369749997,True,False
3154,250.0,380,2209445,0.1,0.09351276998457156,7711.670017292003,True,False
3155,770.0,618,2210063,0.1,0.10525581712362828,7713.716441208002,True,False
3156,2250.0,999,2211062,0.1,0.13351531259715557,7717.191982000004,True,False
3157,1400.0,703,2211765,0.1,0.1173087453617799,7719.698548667002,True,False
3158,980.0,626,2212391,0.1,0.11569245493946931,7721.858715292001,True,False
3159,2330.0,1001,2213392,0.1,0.10884312644927388,7725.395019333002,True,False
3160,1220.0,709,2214101,0.1,0.11584941148336998,7727.8457872080035,True,False
3161,1200.0,819,2214920,0.1,0.12372627083848163,7730.718213917004,True,False
3162,960.0,546,2215466,0.1,0.11878055665532455,7732.492795750004,True,False
3163,550.0,466,2215932,0.1,0.17230571263557315,7734.086520167002,True,False
3164,2220.0,660,2216592,0.1,0.1184827973332369,7736.278987042002,True,False
3165,1050.0,624,2217216,0.1,0.1261908451620585,7738.439436375003,True,False
3166,1200.0,877,2218093,0.1,0.12376427325551913,7741.872974208003,True,False
3167,1140.0,814,2218907,0.1,0.12958676820354803,7744.497269749998,True,False
3168,1030.0,589,2219496,0.1,0.12031993161685564,7746.504830792001,True,False
3169,1370.0,774,2220270,0.1,0.11865731252482827,7749.199479707997,True,False
3170,1820.0,1245,2221515,0.1,0.11897714601955421,7753.390703917001,True,False
3171,1470.0,882,2222397,0.1,0.13802545892740536,7756.353887375,True,False
3172,590.0,505,2222902,0.1,0.12581476415433582,7758.012961291999,True,False
3173,1180.0,620,2223522,0.1,0.1258113787779885,7760.085588667003,True,False
3174,1900.0,1147,2224669,0.1,0.11342938829745565,7763.871959417003,True,False
3175,880.0,549,2225218,0.1,0.11411235202783651,7765.695525791998,True,False
3176,770.0,665,2225883,0.1,0.14490444730428687,7768.990854542004,True,False
3177,1130.0,910,2226793,0.1,0.15345367896288895,7772.083271583004,True,False
3178,1430.0,708,2227501,0.1,0.12032763974604296,7774.457233292,True,False
3179,1390.0,861,2228362,0.1,0.11337948228384173,7777.441419041999,True,False
3180,1450.0,753,2229115,0.1,0.12434562670185845,7780.759478,True,False
3181,1390.0,897,2230012,0.1,0.11430737348066436,7783.905403167002,True,False
3182,1570.0,1160,2231172,0.1,0.1317839748386679,7788.066725333003,True,False
3183,860.0,556,2231728,0.1,0.125636441539303,7790.0689727920035,True,False
3184,1480.0,788,2232516,0.1,0.16029353647819025,7792.633825500001,True,False
3185,1780.0,783,2233299,0.1,0.13304856643080712,7795.252975707997,True,False
3186,500.0,471,2233770,0.1,0.14293763947562646,7796.803867082999,True,False
3187,1870.0,889,2234659,0.1,0.12181647881227839,7799.923133333003,True,False
3188,1210.0,991,2235650,0.1,0.14279754443334475,7803.2565602500035,True,False
3189,1850.0,723,2236373,0.1,0.11537921065413162,7805.741649458003,True,False
3190,1770.0,970,2237343,0.1,0.1074141702914903,7808.999871874999,True,False
3191,2470.0,702,2238045,0.1,0.12413230394436554,7811.986652667001,True,False
3192,1100.0,629,2238674,0.1,0.148789062740127,7814.029844458004,True,False
3193,1160.0,624,2239298,0.1,0.11560750485230716,7816.093217417001,True,False
3194,1270.0,641,2239939,0.1,0.15123375315451995,7818.231315042001,True,False
3195,1560.0,842,2240781,0.1,0.11903008559091961,7820.960913000003,True,False
3196,290.0,308,2241089,0.1,0.11461707412615998,7822.021249582998,True,False
3197,1300.0,828,2241917,0.1,0.13757361621024528,7824.742475416999,True,False
3198,1160.0,622,2242539,0.1,0.12069871002027104,7826.766776832999,True,False
3199,1040.0,562,2243101,0.1,0.12093132907352971,7828.644070041999,True,False
3200,1170.0,975,2244076,0.1,0.1223231211579481,7831.844982374998,True,False
3201,480.0,410,2244486,0.1,0.10279195343016409,7834.444434167002,True,False
3202,1980.0,901,2245387,0.1,0.1408726880616612,7837.501743250003,True,False
3203,720.0,539,2245926,0.1,0.12756191285120116,7839.305204750002,True,False
3204,2100.0,861,2246787,0.1,0.15217774835263573,7842.126672625003,True,False
3205,1860.0,930,2247717,0.1,0.12336200570823552,7845.389880125003,True,False
3206,1640.0,767,2248484,0.1,0.1434912763555379,7848.342981000002,True,False
3207,2090.0,846,2249330,0.1,0.11166513551432657,7851.413693167,True,False
3208,3350.0,972,2250302,0.1,0.13797426948116887,7855.560143542003,True,False
3209,1560.0,965,2251267,0.1,0.12535860056358997,7859.155004166998,True,False
3210,1700.0,734,2252001,0.1,0.10200748829495,7861.7930511250015,True,False
3211,1320.0,908,2252909,0.1,0.1283451686018364,7865.192478375,True,False
3212,1430.0,918,2253827,0.1,0.12944609917472544,7868.849691249998,True,False
3213,1170.0,779,2254606,0.1,0.133205738520393,7872.505913250003,True,False
3214,1450.0,684,2255290,0.1,0.1004471354600456,7875.500073791998,True,False
3215,870.0,692,2255982,0.1,0.12533880937090844,7877.884502250003,True,False
3216,1570.0,703,2256685,0.1,0.13661673027937385,7880.590471000003,True,False
3217,1720.0,715,2257400,0.1,0.10261940275573864,7883.672598958001,True,False
3218,1340.0,788,2258188,0.1,0.14168045925080475,7887.300850207997,True,False
3219,1290.0,890,2259078,0.1,0.13929136516945856,7890.9679382500035,True,False
3220,1810.0,1012,2260090,0.1,0.13185652961637898,7894.559130166999,True,False
3221,1530.0,1051,2261141,0.1,0.1258411018510735,7898.516797333003,True,False
3222,1340.0,811,2261952,0.1,0.09310559647644094,7901.538600375003,True,False
3223,1120.0,845,2262797,0.1,0.12486318068058005,7904.637361708003,True,False
3224,1570.0,776,2263573,0.1,0.1140846584145863,7907.565975208003,True,False
3225,950.0,642,2264215,0.1,0.12544877547770739,7910.162781332998,True,False
3226,1740.0,874,2265089,0.1,0.11983259555513728,7914.097325167,True,False
3227,1240.0,815,2265904,0.1,0.146851228349203,7916.9620505420025,True,False
3228,1820.0,913,2266817,0.1,0.11809001481487301,7920.678276250001,True,False
3229,1410.0,719,2267536,0.1,0.09783409930144747,7923.243419874998,True,False
3230,1230.0,837,2268373,0.1,0.1350795671022965,7926.696845416998,True,False
3231,940.0,782,2269155,0.1,0.12064608527490726,7929.803253291997,True,False
3232,880.0,533,2269688,0.1,0.12049508515967806,7931.65656625,True,False
3233,1350.0,732,2270420,0.1,0.1271931821368431,7934.374509166999,True,False
3234,580.0,572,2270992,0.1,0.13412995618227477,7936.347329625001,True,False
3235,1050.0,875,2271867,0.1,0.11825913568497251,7939.5158631250015,True,False
3236,1470.0,928,2272795,0.1,0.13945531218055765,7942.849402125001,True,False
3237,1000.0,765,2273560,0.1,0.13382703939957233,7945.549031458002,True,False
3238,1050.0,817,2274377,0.1,0.11998666504251898,7948.706286458,True,False
3239,600.0,498,2274875,0.1,0.13094494506836898,7950.563823375,True,False
3240,1370.0,794,2275669,0.1,0.10807333120037263,7953.573179667001,True,False
3241,2530.0,956,2276625,0.1,0.12263155549328197,7957.290365000001,True,False
3242,2590.0,1154,2277779,0.1,0.1361345351130391,7961.976010999999,True,False
3243,1570.0,642,2278421,0.1,0.10469800145914836,7964.556563083002,True,False
3244,1050.0,1091,2279512,0.1,0.11475193053620421,7968.378606375001,True,False
3245,1590.0,1139,2280651,0.1,0.10709781207564012,7972.3932582080015,True,False
3246,1170.0,708,2281359,0.1,0.13572650736376726,7975.071827749998,True,False
3247,2500.0,788,2282147,0.1,0.11270024803311086,7977.766634,True,False
3248,1360.0,552,2282699,0.1,0.13665433217217957,7979.639872749998,True,False
3249,1580.0,856,2283555,0.1,0.1298928954246863,7982.497645374999,True,False
3250,1530.0,679,2284234,0.1,0.10531258784672794,7984.758085375004,True,False
3251,1460.0,827,2285061,0.1,0.11911101637471125,7988.819306167003,True,False
3252,1610.0,814,2285875,0.1,0.128017424151595,7992.166110708,True,False
3253,990.0,713,2286588,0.1,0.12449682230265113,7994.7941824169975,True,False
3254,750.0,498,2287086,0.1,0.11154197706210037,7996.497258292002,True,False
3255,1340.0,872,2287958,0.1,0.12492366292334478,7999.398956042001,True,False
3256,1620.0,1038,2288996,0.1,0.12267406208154101,8003.577304667,True,False
3257,1040.0,537,2289533,0.1,0.11346671847042752,8005.329522708002,True,False
3258,2000.0,825,2290358,0.1,0.12648400110961164,8008.186931333003,True,False
3259,890.0,618,2290976,0.1,0.13827242540015328,8010.244453416999,True,False
3260,1800.0,939,2291915,0.1,0.11988697130965371,8013.542172250003,True,False
3261,1830.0,841,2292756,0.1,0.10541728768338807,8016.366429207999,True,False
3262,1720.0,899,2293655,0.1,0.12277876259759068,8019.376742583001,True,False
3263,1880.0,987,2294642,0.1,0.10349122455969513,8022.725697499998,True,False
3264,1230.0,631,2295273,0.1,0.11355095769314072,8024.828867707998,True,False
3265,1970.0,735,2296008,0.1,0.14152951527427396,8027.382297832999,True,False
3266,2010.0,839,2296847,0.1,0.1148854173167328,8030.2993851670035,True,False
3267,1070.0,574,2297421,0.1,0.12392464409478837,8032.180855917002,True,False
3268,1260.0,735,2298156,0.1,0.11480919731294979,8034.594852791997,True,False
3269,1410.0,933,2299089,0.1,0.12130208130398278,8037.705522832999,True,False
3270,1150.0,910,2299999,0.1,0.12112533844318159,8040.866556082998,True,False
3271,920.0,682,2300681,0.1,0.11355981873402819,8043.158054500003,True,False
3272,1700.0,916,2301597,0.1,0.11325518457487421,8046.294091542004,True,False
3273,1150.0,781,2302378,0.1,0.11393975870540508,8048.8684859170025,True,False
3274,2150.0,830,2303208,0.1,0.09413752274122089,8051.709692707998,True,False
3275,1550.0,1109,2304317,0.1,0.10878059873189307,8055.3941789579985,True,False
3276,2760.0,905,2305222,0.1,0.10387547223507303,8059.543168541997,True,False
3277,2160.0,811,2306033,0.1,0.12212269741289428,8062.267122875004,True,False
3278,1000.0,958,2306991,0.1,0.12213195621515292,8065.523175374998,True,False
3279,860.0,636,2307627,0.1,0.10749267797284531,8067.642628000001,True,False
3280,2010.0,1055,2308682,0.1,0.12614431636492637,8071.183269207999,True,False
3281,660.0,467,2309149,0.1,0.11813596537352627,8072.731638999998,True,False
3282,740.0,653,2309802,0.1,0.11218351669655256,8074.934482249999,True,False
3283,1330.0,985,2310787,0.1,0.12982659142585548,8078.3502954170035,True,False
3284,1480.0,915,2311702,0.1,0.1316041400794379,8081.686363082998,True,False
3285,1530.0,845,2312547,0.1,0.12228697590459298,8084.6161888330025,True,False
3286,1410.0,1027,2313574,0.1,0.1337198900051618,8088.264924625,True,False
3287,2070.0,826,2314400,0.1,0.13694854472102463,8091.210848667004,True,False
3288,1260.0,850,2315250,0.1,0.12852919302915908,8094.0604695,True,False
3289,1140.0,780,2316030,0.1,0.12703672395302698,8097.40760875,True,False
3290,1240.0,662,2316692,0.1,0.12279383420764682,8099.562055250004,True,False
3291,1710.0,958,2317650,0.1,0.10750262274808216,8102.873274416997,True,False
3292,1630.0,818,2318468,0.1,0.11376539643217877,8105.665459083,True,False
3293,1390.0,860,2319328,0.1,0.11410225033760071,8108.685135291998,True,False
3294,1070.0,758,2320086,0.1,0.1283325165037125,8111.205496333001,True,False
3295,1180.0,631,2320717,0.1,0.10147125545087494,8113.393793707997,True,False
3296,970.0,653,2321370,0.1,0.1040620485012151,8115.538759042,True,False
3297,1630.0,898,2322268,0.1,0.12139680497348308,8118.541994083003,True,False
3298,750.0,552,2322820,0.1,0.1168041917481932,8120.451092750001,True,False
3299,2730.0,875,2323695,0.1,0.12219241111957972,8123.3658150830015,True,False
3300,1540.0,1085,2324780,0.1,0.1108201459488448,8127.708807666997,True,False
3301,1270.0,687,2325467,0.1,0.0992489578038977,8131.153566292,True,False
3302,650.0,584,2326051,0.1,0.12321251468758469,8133.240212999997,True,False
3303,1250.0,767,2326818,0.1,0.10297044093992251,8135.797639417004,True,False
3304,1370.0,961,2327779,0.1,0.09449753126051898,8139.140643708,True,False
3305,370.0,357,2328136,0.1,0.0926762454625633,8140.332470250003,True,False
3306,1460.0,1048,2329184,0.1,0.12462562985917311,8143.849222458004,True,False
3307,1120.0,729,2329913,0.1,0.11212935257744003,8148.009260125,True,False
3308,1380.0,901,2330814,0.1,0.13537795455091528,8151.9219129170015,True,False
3309,1520.0,623,2331437,0.1,0.12376148033982669,8153.969688375,True,False
3310,1100.0,684,2332121,0.1,0.10948539877103435,8156.796591375001,True,False
3311,1080.0,732,2332853,0.1,0.11130473952068658,8159.512734666998,True,False
3312,2760.0,843,2333696,0.1,0.1237559980267032,8162.672092833003,True,False
3313,990.0,934,2334630,0.1,0.11084321668859204,8166.356719625001,True,False
3314,1210.0,711,2335341,0.1,0.12090122659449999,8168.698790292001,True,False
3315,1180.0,800,2336141,0.1,0.11515764760784805,8171.648391125003,True,False
3316,1670.0,770,2336911,0.1,0.10505992549587972,8174.406379749998,True,False
3317,1060.0,884,2337795,0.1,0.09668253709423057,8177.379908125004,True,False
3318,1630.0,712,2338507,0.1,0.10057978181356794,8179.873126208004,True,False
3319,1320.0,868,2339375,0.1,0.12012100454059339,8182.792521791998,True,False
3320,1130.0,566,2339941,0.1,0.10927878111653344,8184.713674874998,True,False
3321,1670.0,985,2340926,0.1,0.10983743606422974,8187.980104417002,True,False
3322,1160.0,651,2341577,0.1,0.09233845313268205,8190.170166583004,True,False
3323,1140.0,620,2342197,0.1,0.11054846182946236,8192.300128083,True,False
3324,1700.0,920,2343117,0.1,0.11321235535585362,8195.583682999997,True,False
3325,660.0,590,2343707,0.1,0.10092616142058859,8198.026721667004,True,False
3326,1680.0,1129,2344836,0.1,0.13051002411428483,8203.583376667004,True,False
3327,940.0,556,2345392,0.1,0.11158129424124742,8205.631725250001,True,False
3328,1260.0,670,2346062,0.1,0.11502783101966638,8208.126079417001,True,False
3329,1280.0,644,2346706,0.1,0.1314027399657676,8210.467202500004,True,False
3330,1880.0,1074,2347780,0.1,0.11388441389184237,8215.200694625004,True,False
3331,1890.0,1096,2348876,0.1,0.10868977908262589,8219.045659083,True,False
3332,2450.0,936,2349812,0.1,0.10637416389699166,8222.447311375,True,False
3333,1940.0,1012,2350824,0.1,0.11632407017111071,8225.883878041997,True,False
3334,1080.0,692,2351516,0.1,0.11322454762015212,8228.242852832998,True,False
3335,1380.0,534,2352050,0.1,0.10121051569406252,8230.258126542001,True,False
3336,930.0,704,2352754,0.1,0.10594540296799758,8232.640581125,True,False
3337,1040.0,897,2353651,0.1,0.10622240639557796,8235.745469292,True,False
3338,1090.0,531,2354182,0.1,0.1413950027995988,8237.528754332998,True,False
3339,860.0,649,2354831,0.1,0.11865245859012191,8239.765665958003,True,False
3340,1500.0,825,2355656,0.1,0.11495416525049486,8242.505310708002,True,False
3341,1840.0,830,2356486,0.1,0.12023596040868528,8245.349860625,True,False
3342,1990.0,1183,2357669,0.1,0.13037526770494878,8249.437999167,True,False
3343,1920.0,801,2358470,0.1,0.13944579633884133,8252.109816208002,True,False
3344,1180.0,822,2359292,0.1,0.13473269526023887,8254.850299833,True,False
3345,1760.0,1000,2360292,0.1,0.11551860822737217,8258.198964958,True,False
3346,1200.0,630,2360922,0.1,0.1316109168918649,8260.309650167,True,False
3347,1170.0,668,2361590,0.1,0.0973282477701317,8262.616756458003,True,False
3348,730.0,723,2362313,0.1,0.1240318966977998,8265.022047749997,True,False
3349,1450.0,815,2363128,0.1,0.11553630041981153,8267.847428207999,True,False
3350,1280.0,714,2363842,0.1,0.09253254320388765,8270.326290875004,True,False
3351,1980.0,824,2364666,0.1,0.1366488176750616,8274.137487500004,True,False
3352,830.0,619,2365285,0.1,0.12710865288372,8277.001360957998,True,False
3353,1110.0,696,2365981,0.1,0.10012492856503218,8279.208956292001,True,False
3354,1310.0,612,2366593,0.1,0.11624242440839998,8281.449458542003,True,False
3355,1510.0,1065,2367658,0.1,0.10073042946650569,8285.089632917,True,False
3356,360.0,396,2368054,0.1,0.10465835902200203,8286.713945167001,True,False
3357,1190.0,640,2368694,0.1,0.13678938357625156,8288.867195042003,True,False
3358,1160.0,667,2369361,0.1,0.11664979400748979,8291.140266832997,True,False
3359,970.0,733,2370094,0.1,0.13402807239259854,8293.609136667,True,False
3360,940.0,727,2370821,0.1,0.11832180844394716,8296.127514207998,True,False
3361,1160.0,670,2371491,0.1,0.12677856116460826,8298.486287958003,True,False
3362,930.0,973,2372464,0.1,0.11778512833731584,8301.660173042,True,False
3363,1000.0,734,2373198,0.1,0.13560962967086035,8304.101902832997,True,False
3364,1050.0,809,2374007,0.1,0.1293508082001221,8306.75841925,True,False
3365,1490.0,937,2374944,0.1,0.11666332079850612,8309.879653958,True,False
3366,1340.0,652,2375596,0.1,0.11292333422125848,8312.088697874999,True,False
3367,1150.0,806,2376402,0.1,0.11841600204804051,8314.759950332998,True,False
3368,950.0,611,2377013,0.1,0.11066300011684302,8316.809243707998,True,False
3369,640.0,661,2377674,0.1,0.09917704798281193,8319.094391083003,True,False
3370,700.0,490,2378164,0.1,0.10150846819264617,8320.728908416997,True,False
3371,1160.0,665,2378829,0.1,0.13625273090529155,8322.944941499998,True,False
3372,1080.0,795,2379624,0.1,0.1081972086437084,8325.685304708,True,False
3373,1140.0,648,2380272,0.1,0.10553741831056497,8327.846240708,True,False
3374,1040.0,714,2380986,0.1,0.10740481027182233,8330.565122083004,True,False
3375,1150.0,715,2381701,0.1,0.10643781575910206,8332.884669792002,True,False
3376,1260.0,676,2382377,0.1,0.12352390527813392,8336.802768374997,True,False
3377,1030.0,724,2383101,0.1,0.1094583792725156,8339.259195332997,True,False
3378,2300.0,896,2383997,0.1,0.15244409427811792,8342.442569457999,True,False
3379,1650.0,1131,2385128,0.1,0.1348116461898434,8346.421240167001,True,False
3380,1740.0,969,2386097,0.1,0.10655151626233719,8349.687781542001,True,False
3381,1060.0,797,2386894,0.1,0.12151047954307728,8352.731791874998,True,False
3382,1690.0,1136,2388030,0.1,0.0936742065421922,8356.516131042,True,False
3383,1250.0,855,2388885,0.1,0.134993968940575,8359.426351208,True,False
3384,1030.0,568,2389453,0.1,0.08976010502066831,8361.451101958002,True,False
3385,1290.0,835,2390288,0.1,0.11029979759497506,8364.270303333004,True,False
3386,970.0,583,2390871,0.1,0.13298650197684764,8366.159245791998,True,False
3387,2530.0,668,2391539,0.1,0.10631472841574403,8368.395265,True,False
3388,440.0,484,2392023,0.1,0.11569333322777235,8370.034429416999,True,False
3389,1360.0,661,2392684,0.1,0.1038890298209097,8372.230623750002,True,False
3390,660.0,531,2393215,0.1,0.12197055676105348,8374.056677749999,True,False
3391,1740.0,1074,2394289,0.1,0.12586100251313478,8377.733231999999,True,False
3392,1440.0,983,2395272,0.1,0.14549736169023,8381.051999042,True,False
3393,1470.0,1124,2396396,0.1,0.1334368541399249,8384.819909999998,True,False
3394,650.0,506,2396902,0.1,0.11677880406320568,8386.548840707997,True,False
3395,1030.0,607,2397509,0.1,0.13648285883429803,8388.748261624998,True,False
3396,640.0,536,2398045,0.1,0.1258440462093967,8390.648014332997,True,False
3397,1490.0,754,2398799,0.1,0.12125099352263707,8393.113000083002,True,False
3398,1880.0,967,2399766,0.1,0.12005385153057162,8396.622115958002,True,False
3399,1160.0,616,2400382,0.1,0.13779405354485882,8398.691556083002,True,False
3400,2280.0,930,2401312,0.1,0.13208307581653922,8402.127706125,True,False
3401,1200.0,749,2402061,0.1,0.11940777218118709,8405.690152208,True,False
3402,1550.0,639,2402700,0.1,0.15786399885546415,8408.790630167001,True,False
3403,2030.0,969,2403669,0.1,0.11932416859829476,8412.094134375002,True,False
3404,940.0,801,2404470,0.1,0.1474754166882485,8414.875051791998,True,False
3405,2800.0,981,2405451,0.1,0.15259759645072782,8418.257133833002,True,False
3406,2070.0,818,2406269,0.1,0.1441777368871177,8420.990636125003,True,False
3407,440.0,472,2406741,0.1,0.16426493585804255,8422.707801582997,True,False
3408,1430.0,965,2407706,0.1,0.1442927885723312,8426.031885458004,True,False
3409,2640.0,979,2408685,0.1,0.13860679472587548,8429.260957792001,True,False
3410,1380.0,827,2409512,0.1,0.12114406200710702,8432.111194666999,True,False
3411,1890.0,1201,2410713,0.1,0.13750533185278377,8436.140523250004,True,False
3412,1350.0,722,2411435,0.1,0.15087307058274746,8438.705750708003,True,False
3413,750.0,523,2411958,0.1,0.14135659838678272,8440.456093041998,True,False
3414,2080.0,811,2412769,0.1,0.14514645572586599,8443.256251208004,True,False
3415,1240.0,888,2413657,0.1,0.13802115689661051,8446.278436667002,True,False
3416,720.0,666,2414323,0.1,0.1543292041576232,8448.683166875002,True,False
3417,1000.0,673,2414996,0.1,0.12904827058667967,8451.100239749998,True,False
3418,1190.0,677,2415673,0.1,0.12811710407748025,8453.317547917002,True,False
3419,1470.0,889,2416562,0.1,0.10958500245904869,8456.362591042001,True,False
3420,530.0,435,2416997,0.1,0.1358903561368448,8457.815260000003,True,False
3421,2120.0,731,2417728,0.1,0.14942160206007177,8460.282354292001,True,False
3422,2060.0,1213,2418941,0.1,0.1262679116327082,8464.431507125002,True,False
3423,1270.0,987,2419928,0.1,0.11488388147702826,8468.333287250003,True,False
3424,1020.0,698,2420626,0.1,0.12035531415764628,8470.749532250004,True,False
3425,980.0,584,2421210,0.1,0.09927474015889919,8472.85123375,True,False
3426,2630.0,854,2422064,0.1,0.12822388237881882,8476.42240925,True,False
3427,1930.0,887,2422951,0.1,0.104432278224246,8479.415125792002,True,False
3428,1740.0,1129,2424080,0.1,0.11421689467484875,8483.187000042002,True,False
3429,350.0,331,2424411,0.1,0.09202486044931703,8484.324249833,True,False
3430,2170.0,989,2425400,0.1,0.13096336711708817,8487.651658042,True,False
3431,1180.0,905,2426305,0.1,0.13319465200688724,8490.74027925,True,False
3432,1560.0,684,2426989,0.1,0.11682210445447623,8492.978153167001,True,False
3433,980.0,630,2427619,0.1,0.11149315920415198,8495.091726500003,True,False
3434,1170.0,1005,2428624,0.1,0.12227200024894305,8498.501147042,True,False
3435,820.0,518,2429142,0.1,0.13724925546625324,8500.643511250004,True,False
3436,1420.0,890,2430032,0.1,0.11401874110136064,8503.534221791997,True,False
3437,1790.0,834,2430866,0.1,0.11252391341034897,8506.634680832998,True,False
3438,900.0,532,2431398,0.1,0.15449608868001996,8508.646340958003,True,False
3439,1420.0,764,2432162,0.1,0.14880657067317613,8511.383295375002,True,False
3440,1370.0,824,2432986,0.1,0.13296660799894808,8514.148350666997,True,False
3441,1690.0,982,2433968,0.1,0.12721706546721903,8518.240403458003,True,False
3442,1340.0,845,2434813,0.1,0.11537113915510935,8521.194287999999,True,False
3443,1340.0,909,2435722,0.1,0.13228976437698903,8524.249089417004,True,False
3444,2770.0,898,2436620,0.1,0.12792287769416968,8527.471130292004,True,False
3445,1260.0,634,2437254,0.1,0.13992789025783917,8529.589709500004,True,False
3446,1060.0,938,2438192,0.1,0.12124051747328424,8532.890168541999,True,False
3447,1460.0,772,2438964,0.1,0.12335604054785763,8535.435852042,True,False
3448,3140.0,863,2439827,0.1,0.11926310078002686,8538.346748791999,True,False
3449,1310.0,658,2440485,0.1,0.10977298099208962,8540.555555792002,True,False
3450,2710.0,959,2441444,0.1,0.1297947842006882,8543.793655208,True,False
3451,1280.0,884,2442328,0.1,0.13496725037862542,8547.607113375001,True,False
3452,1330.0,922,2443250,0.1,0.1237233815876686,8550.874531125002,True,False
3453,1370.0,966,2444216,0.1,0.12561591414442239,8554.081635625,True,False
3454,1250.0,696,2444912,0.1,0.12116120841311312,8557.196582792,True,False
3455,890.0,615,2445527,0.1,0.1430249992952822,8559.246435082998,True,False
3456,1540.0,973,2446500,0.1,0.12386779800881861,8562.5737715,True,False
3457,1150.0,701,2447201,0.1,0.1132039304290499,8564.893193875003,True,False
3458,1240.0,812,2448013,0.1,0.11852917225636872,8567.774400208,True,False
3459,1120.0,698,2448711,0.1,0.12464236961570622,8570.46785375,True,False
3460,1700.0,812,2449523,0.1,0.12533548728475724,8573.890525249997,True,False
3461,1270.0,622,2450145,0.1,0.10544651389742891,8576.124056583001,True,False
3462,1190.0,844,2450989,0.1,0.11239854776922843,8579.092320458003,True,False
3463,1190.0,802,2451791,0.1,0.14364716888405382,8581.882200875,True,False
3464,2380.0,1161,2452952,0.1,0.12158237788762219,8585.823291375003,True,False
3465,1010.0,796,2453748,0.1,0.09788786662957775,8588.562636125003,True,False
3466,1450.0,796,2454544,0.1,0.1060785687711071,8591.281971666998,True,False
3467,990.0,609,2455153,0.1,0.11725274235696385,8593.396229667,True,False
3468,1080.0,661,2455814,0.1,0.11257017827169462,8595.623578125,True,False
3469,2220.0,930,2456744,0.1,0.13349565892388382,8598.823217416997,True,False
3470,260.0,301,2457045,0.1,0.1368640173226595,8599.865911,True,False
3471,1340.0,748,2457793,0.1,0.11293353254901853,8602.352794457998,True,False
3472,980.0,663,2458456,0.1,0.13904219388916908,8604.640482042,True,False
3473,940.0,735,2459191,0.1,0.14108114079903059,8607.248012750002,True,False
3474,940.0,690,2459881,0.1,0.14473599636916482,8610.321824833001,True,False
3475,810.0,545,2460426,0.1,0.11950944895472597,8612.592575667004,True,False
3476,1610.0,794,2461220,0.1,0.11930237852748315,8616.379775667003,True,False
3477,430.0,389,2461609,0.1,0.13904123691861162,8617.897316208,True,False
3478,1540.0,755,2462364,0.1,0.13645829737344117,8620.450663000003,True,False
3479,280.0,332,2462696,0.1,0.144534882113158,8621.557910583004,True,False
3480,590.0,567,2463263,0.1,0.13861390075098115,8623.488452667,True,False
3481,1670.0,812,2464075,0.1,0.1410104226816464,8626.221727458003,True,False
3482,860.0,501,2464576,0.1,0.11609218986557117,8627.964130667002,True,False
3483,1460.0,973,2465549,0.1,0.12369766201318046,8631.336197375,True,False
3484,890.0,1183,2466732,0.1,0.1335585470172904,8635.337536500003,True,False
3485,740.0,489,2467221,0.1,0.1341375535140272,8636.956436792003,True,False
3486,760.0,581,2467802,0.1,0.13749578019668315,8638.899643458004,True,False
3487,440.0,374,2468176,0.1,0.1610395418915977,8640.222488958003,True,False
3488,1790.0,980,2469156,0.1,0.12126254186186256,8643.482048457998,True,False
3489,980.0,574,2469730,0.1,0.12565389821318895,8645.419462416998,True,False
3490,1290.0,814,2470544,0.1,0.11838642666664194,8648.154912792,True,False
3491,1100.0,777,2471321,0.1,0.12463432519706254,8650.733987250002,True,False
3492,1380.0,1033,2472354,0.1,0.1290628529738548,8654.147453667,True,False
3493,1160.0,768,2473122,0.1,0.12040841767642026,8656.6851685,True,False
3494,1290.0,858,2473980,0.1,0.10876645938774875,8659.499327917001,True,False
3495,1720.0,688,2474668,0.1,0.10738449661754244,8661.766356542,True,False
3496,1930.0,940,2475608,0.1,0.10827991302977218,8664.887509166998,True,False
3497,1380.0,818,2476426,0.1,0.10736470959861488,8667.575719207998,True,False
3498,1010.0,932,2477358,0.1,0.11034137734048101,8670.619835208003,True,False
3499,1690.0,944,2478302,0.1,0.1281850736872372,8673.777488958003,True,False
3500,1430.0,583,2478885,0.1,0.107411098513395,8675.766323208001,True,False
3501,1350.0,889,2479774,0.1,0.12591093543682014,8680.006831542,True,False
3502,1320.0,908,2480682,0.1,0.13626660882507652,8683.213429208,True,False
3503,1270.0,740,2481422,0.1,0.13624039050695058,8685.679957417,True,False
3504,1690.0,644,2482066,0.1,0.11874121488852901,8687.986199208004,True,False
3505,1540.0,784,2482850,0.1,0.13375121463394288,8690.756540542003,True,False
3506,1330.0,753,2483603,0.1,0.13174067814140877,8693.230819917,True,False
3507,810.0,701,2484304,0.1,0.1289396806704727,8695.563475542003,True,False
3508,940.0,843,2485147,0.1,0.1547780793603687,8698.472181167002,True,False
3509,1200.0,872,2486019,0.1,0.1311556635287787,8701.3347125,True,False
3510,2620.0,990,2487009,0.1,0.1458868735935539,8704.617094041998,True,False
3511,1060.0,614,2487623,0.1,0.12333685106116962,8706.800462958003,True,False
3512,1710.0,700,2488323,0.1,0.10160055035991328,8709.125971499998,True,False
3513,480.0,451,2488774,0.1,0.13579408590376904,8710.65005625,True,False
3514,1630.0,977,2489751,0.1,0.14150181178339435,8713.898049000003,True,False
3515,2730.0,1126,2490877,0.1,0.14184986784103068,8717.738128208002,True,False
3516,1980.0,898,2491775,0.1,0.13052815902379475,8720.706892957998,True,False
3517,2090.0,919,2492694,0.1,0.13357932856711358,8724.054213125004,True,False
3518,1890.0,1027,2493721,0.1,0.1350361165021644,8727.426576667,True,False
3519,1910.0,942,2494663,0.1,0.1477188539076993,8730.577437458,True,False
3520,1510.0,935,2495598,0.1,0.12591648432943556,8733.693502832997,True,False
3521,800.0,579,2496177,0.1,0.1055953673119175,8735.636367207997,True,False
3522,1230.0,882,2497059,0.1,0.13694152384149758,8738.642305542002,True,False
3523,1670.0,966,2498025,0.1,0.09866924212922241,8741.864128875,True,False
3524,1640.0,870,2498895,0.1,0.1164213880587558,8744.836301417003,True,False
3525,1970.0,706,2499601,0.1,0.10778279689871996,8747.305479542003,True,False
3526,1300.0,789,2500390,0.1,0.14366800065724378,8750.883753667003,True,False
3527,540.0,462,2500852,0.1,0.13159474552255765,8752.482424167,True,False
3528,1800.0,1089,2501941,0.1,0.13414908953778007,8756.071343208001,True,False
3529,2110.0,759,2502700,0.1,0.12436325215783559,8758.597658583,True,False
3530,1210.0,820,2503520,0.1,0.111215920937134,8761.525644333,True,False
3531,960.0,639,2504159,0.1,0.1430072084818996,8763.676231124999,True,False
3532,1410.0,548,2504707,0.1,0.1403519780558609,8765.729242542002,True,False
3533,1060.0,684,2505391,0.1,0.11208295355937635,8768.58726575,True,False
3534,1700.0,713,2506104,0.1,0.11092104506808952,8770.979673082998,True,False
3535,1430.0,904,2507008,0.1,0.12119030307121245,8774.187206333001,True,False
3536,1380.0,912,2507920,0.1,0.1160892220867569,8777.168832917,True,False
3537,1430.0,1042,2508962,0.1,0.12824484839175757,8780.584973666999,True,False
3538,980.0,634,2509596,0.1,0.12736202471848554,8782.662404083,True,False
3539,1110.0,734,2510330,0.1,0.10146347973801073,8785.087880708,True,False
3540,800.0,677,2511007,0.1,0.11807771170368561,8787.271753624998,True,False
3541,610.0,520,2511527,0.1,0.1423330371769575,8789.009789875003,True,False
3542,760.0,580,2512107,0.1,0.12358063388744304,8790.969152582999,True,False
3543,1580.0,824,2512931,0.1,0.11958848449935033,8793.643045999997,True,False
3544,1650.0,873,2513804,0.1,0.1303101298250428,8796.557761582997,True,False
3545,1540.0,842,2514646,0.1,0.10819368917672408,8799.373384042003,True,False
3546,300.0,348,2514994,0.1,0.11959859568240314,8800.524222708002,True,False
3547,1510.0,854,2515848,0.1,0.11180937640090412,8803.337840291999,True,False
3548,1370.0,933,2516781,0.1,0.13251699499242295,8806.4817865,True,False
3549,1560.0,921,2517702,0.1,0.12339651859972788,8809.667781666998,True,False
3550,1500.0,809,2518511,0.1,0.10990336324355685,8812.296587541998,True,False
3551,2230.0,941,2519452,0.1,0.1219392097318324,8816.495189125002,True,False
3552,1640.0,914,2520366,0.1,0.12278753365471698,8819.467078417001,True,False
3553,1330.0,1019,2521385,0.1,0.09957759506708266,8822.858575332997,True,False
3554,970.0,734,2522119,0.1,0.10959534797959966,8825.211782999999,True,False
3555,1220.0,631,2522750,0.1,0.13603162224392726,8827.357914041997,True,False
3556,300.0,344,2523094,0.1,0.12653870804798464,8828.501238666999,True,False
3557,1830.0,846,2523940,0.1,0.12037371078787266,8831.265933458002,True,False
3558,1780.0,690,2524630,0.1,0.12824444878889724,8833.538359416998,True,False
3559,2250.0,1029,2525659,0.1,0.10809719411054707,8836.878899958,True,False
3560,1370.0,741,2526400,0.1,0.1139975990198793,8839.284818417,True,False
3561,1600.0,1023,2527423,0.1,0.13122276603883387,8842.634206499999,True,False
3562,1160.0,953,2528376,0.1,0.1155584826831663,8845.697212749998,True,False
3563,1200.0,683,2529059,0.1,0.12253796713536276,8847.929795000004,True,False
3564,1820.0,825,2529884,0.1,0.10246154550768903,8850.624373375002,True,False
3565,1270.0,754,2530638,0.1,0.10925056387056062,8853.103220375,True,False
3566,1460.0,950,2531588,0.1,0.11134744834687028,8856.189815582999,True,False
3567,390.0,387,2531975,0.1,0.11009562795516104,8857.486608542,True,False
3568,1600.0,953,2532928,0.1,0.12781820528863863,8860.6207765,True,False
3569,1490.0,1108,2534036,0.1,0.11079129444213336,8864.281896250002,True,False
3570,1320.0,743,2534779,0.1,0.0921161268409845,8866.668993457999,True,False
3571,1160.0,868,2535647,0.1,0.11396057750978228,8869.765520708002,True,False
3572,1350.0,762,2536409,0.1,0.1136495636395759,8872.344921042,True,False
3573,1600.0,589,2536998,0.1,0.12227341783594112,8874.346572499999,True,False
3574,1380.0,677,2537675,0.1,0.13461615288486847,8876.555081583,True,False
3575,1070.0,747,2538422,0.1,0.12526562233221403,8879.018688249998,True,False
3576,1660.0,682,2539104,0.1,0.12744526804713477,8882.101871375002,True,False
3577,1110.0,630,2539734,0.1,0.1145330826591724,8884.284364749998,True,False
3578,1260.0,918,2540652,0.1,0.12864014570722762,8887.451474792004,True,False
3579,1320.0,787,2541439,0.1,0.13627094319280314,8890.017395707997,True,False
3580,900.0,620,2542059,0.1,0.11144278539765266,8892.214759458002,True,False
3581,1040.0,858,2542917,0.1,0.12260089345103087,8895.135340458,True,False
3582,1090.0,795,2543712,0.1,0.1249440614807995,8897.736605750004,True,False
3583,830.0,594,2544306,0.1,0.12894883149026617,8899.726375750004,True,False
3584,1250.0,810,2545116,0.1,0.13932982006390107,8902.379454667003,True,False
3585,1490.0,617,2545733,0.1,0.11946783754248898,8904.42828375,True,False
3586,1650.0,824,2546557,0.1,0.14786017753943367,8907.104940083002,True,False
3587,1060.0,615,2547172,0.1,0.14998430480527414,8909.117245375004,True,False
3588,1900.0,1330,2548502,0.1,0.13636172620624484,8913.513974374997,True,False
3589,1130.0,643,2549145,0.1,0.12905164008601483,8915.611148292002,True,False
3590,1830.0,950,2550095,0.1,0.13406969738126054,8919.509499500004,True,False
3591,590.0,507,2550602,0.1,0.11357610432181771,8921.183343582998,True,False
3592,430.0,548,2551150,0.1,0.12802994914053784,8923.047259332998,True,False
3593,1820.0,820,2551970,0.1,0.12002603605207873,8925.77764375,True,False
3594,1740.0,854,2552824,0.1,0.10425594912963772,8928.849784208003,True,False
3595,1300.0,817,2553641,0.1,0.15243028895016394,8932.142863000001,True,False
3596,1400.0,829,2554470,0.1,0.11612316250693107,8934.939507583003,True,False
3597,2800.0,793,2555263,0.1,0.13678196653008762,8937.597774916998,True,False
3598,850.0,617,2555880,0.1,0.1309647124260664,8939.657194749998,True,False
3599,1780.0,977,2556857,0.1,0.13821555797743504,8942.933535582997,True,False
3600,1320.0,867,2557724,0.1,0.10428230132272441,8945.845081583,True,False
3601,1300.0,741,2558465,0.1,0.13450603632105362,8949.197750583,True,False
3602,880.0,562,2559027,0.1,0.1403182182061885,8951.145600374999,True,False
3603,970.0,577,2559604,0.1,0.10444199264306446,8953.108396958,True,False
3604,1110.0,685,2560289,0.1,0.11876843703028403,8955.403300833,True,False
3605,1360.0,792,2561081,0.1,0.12811878618003444,8958.055128458,True,False
3606,950.0,598,2561679,0.1,0.12566456997504571,8960.0394515,True,False
3607,1300.0,982,2562661,0.1,0.12614831081553687,8963.309116958,True,False
3608,2400.0,926,2563587,0.1,0.10866840252273785,8966.360771417,True,False
3609,1510.0,797,2564384,0.1,0.12946273494511842,8968.997582750002,True,False
3610,1730.0,1033,2565417,0.1,0.1165963833025375,8972.636023792002,True,False
3611,1590.0,898,2566315,0.1,0.1576689097730975,8975.785209208,True,False
3612,1590.0,799,2567114,0.1,0.14346313497051597,8978.557762541997,True,False
3613,930.0,664,2567778,0.1,0.1434825708169535,8980.790182292003,True,False
3614,930.0,797,2568575,0.1,0.14149332473325968,8983.517480374998,True,False
3615,1740.0,1026,2569601,0.1,0.11940827787444286,8986.927283875004,True,False
3616,1320.0,992,2570593,0.1,0.12717627108307375,8990.454084582998,True,False
3617,2160.0,972,2571565,0.1,0.11545107797278789,8993.640035958,True,False
3618,1290.0,824,2572389,0.1,0.10174412880707713,8996.376118,True,False
3619,1120.0,848,2573237,0.1,0.13445108905786052,8999.292712583003,True,False
3620,1210.0,772,2574009,0.1,0.1298175899823404,9001.984300875003,True,False
3621,1560.0,812,2574821,0.1,0.12351817524822181,9004.673600791997,True,False
3622,1460.0,749,2575570,0.1,0.11441543556869349,9007.268231791997,True,False
3623,1360.0,720,2576290,0.1,0.12351848601053159,9009.690767417,True,False
3624,2020.0,786,2577076,0.1,0.13228801366055223,9012.364277624998,True,False
3625,1130.0,781,2577857,0.1,0.1297506828338672,9014.955530833002,True,False
3626,1620.0,902,2578759,0.1,0.12290634363061852,9019.531210875,True,False
3627,1140.0,822,2579581,0.1,0.13883562612085087,9022.297592042,True,False
3628,2170.0,947,2580528,0.1,0.12522751071690758,9025.436990125003,True,False
3629,1280.0,1039,2581567,0.1,0.10811575776160223,9028.855175541998,True,False
3630,1490.0,798,2582365,0.1,0.12495497369207442,9031.804246874999,True,False
3631,2990.0,1228,2583593,0.1,0.10663968829456293,9036.033072167003,True,False
3632,1880.0,821,2584414,0.1,0.11146881216909828,9039.088126542003,True,False
3633,1550.0,863,2585277,0.1,0.11455944406420544,9041.994081666999,True,False
3634,1280.0,660,2585937,0.1,0.14378514356459632,9044.214405667,True,False
3635,1060.0,634,2586571,0.1,0.12341589876745321,9047.218209416998,True,False
3636,2150.0,804,2587375,0.1,0.11811266231596174,9050.286243417002,True,False
3637,1520.0,882,2588257,0.1,0.12511363645754248,9053.3611495,True,False
3638,1370.0,834,2589091,0.1,0.10119190891810621,9056.147284749997,True,False
3639,1830.0,958,2590049,0.1,0.1305403414182365,9059.382103042,True,False
3640,1010.0,749,2590798,0.1,0.11573543806963744,9062.111051749998,True,False
3641,1000.0,631,2591429,0.1,0.1296677188476241,9064.227807917,True,False
3642,1440.0,793,2592222,0.1,0.12118832221386408,9067.527585791999,True,False
3643,1460.0,787,2593009,0.1,0.10306328444311462,9070.198837249998,True,False
3644,1970.0,1107,2594116,0.1,0.1295185765244793,9074.067043916999,True,False
3645,2440.0,670,2594786,0.1,0.13723641947402568,9076.28846425,True,False
3646,1030.0,633,2595419,0.1,0.1317141107696144,9078.434239667004,True,False
3647,780.0,551,2595970,0.1,0.13384080146425875,9080.311142375002,True,False
3648,1320.0,942,2596912,0.1,0.12202755735113711,9083.679866500002,True,False
3649,1440.0,615,2597527,0.1,0.10823796399765545,9085.694366000003,True,False
3650,2700.0,951,2598478,0.1,0.12341562127929274,9088.894038416998,True,False
3651,1290.0,793,2599271,0.1,0.12672622212105328,9092.598211000004,True,False
3652,1150.0,849,2600120,0.1,0.13642012330532913,9095.494215749997,True,False
3653,1410.0,863,2600983,0.1,0.13478873607724212,9099.520995749997,True,False
3654,1780.0,1293,2602276,0.1,0.1282089631544587,9104.377539166999,True,False
3655,1690.0,781,2603057,0.1,0.13957027231271452,9107.530862542,True,False
3656,1960.0,848,2603905,0.1,0.13344769100746456,9111.177408374999,True,False
3657,1790.0,862,2604767,0.1,0.13975607047593872,9114.222417042001,True,False
3658,1240.0,766,2605533,0.1,0.12897289672400802,9116.756020875,True,False
3659,570.0,468,2606001,0.1,0.1276954244185462,9118.410503457999,True,False
3660,1650.0,794,2606795,0.1,0.11745617420158604,9121.199871958,True,False
3661,1250.0,884,2607679,0.1,0.11448359142196664,9124.143126208,True,False
3662,1400.0,761,2608440,0.1,0.13128128329886815,9126.901892458001,True,False
3663,2630.0,1054,2609494,0.1,0.13992250794296934,9130.445190667,True,False
3664,1200.0,745,2610239,0.1,0.15271898333023312,9132.962161249998,True,False
3665,760.0,506,2610745,0.1,0.13334503016016613,9134.921425624998,True,False
3666,920.0,715,2611460,0.1,0.11676363280698573,9137.7718875,True,False
3667,1630.0,738,2612198,0.1,0.13120403580124612,9140.216048208,True,False
3668,1290.0,894,2613092,0.1,0.10961969653726555,9143.531290416999,True,False
3669,1400.0,831,2613923,0.1,0.12670780810109084,9146.388177957997,True,False
3670,1830.0,864,2614787,0.1,0.10355039242724026,9149.293813833,True,False
3671,2000.0,929,2615716,0.1,0.13132070009736543,9152.501389792,True,False
3672,2210.0,1032,2616748,0.1,0.13288834154634743,9155.948035041998,True,False
3673,900.0,641,2617389,0.1,0.12276156960288062,9158.151606833002,True,False
3674,2110.0,1035,2618424,0.1,0.10896904912550708,9161.603452000003,True,False
3675,1240.0,815,2619239,0.1,0.10997121042475619,9164.345228332997,True,False
3676,1020.0,735,2619974,0.1,0.11240722923337118,9168.502898375002,True,False
3677,1570.0,842,2620816,0.1,0.10293245861103749,9172.443477375004,True,False
3678,1630.0,666,2621482,0.1,0.1269939870809216,9174.782605207998,True,False
3679,1450.0,681,2622163,0.1,0.13676100475165773,9177.114487667,True,False
3680,1530.0,828,2622991,0.1,0.09309221187759424,9179.9371045,True,False
3681,1290.0,820,2623811,0.1,0.11389701410946322,9182.691449750004,True,False
3682,970.0,755,2624566,0.1,0.09063897636674699,9185.197940167003,True,False
3683,560.0,487,2625053,0.1,0.10559746252036974,9186.847632917,True,False
3684,2620.0,1003,2626056,0.1,0.12052973211405286,9190.291684124997,True,False
3685,1450.0,805,2626861,0.1,0.1267258267923819,9192.926732833002,True,False
3686,1160.0,778,2627639,0.1,0.11303340872154408,9195.569612792002,True,False
3687,1820.0,937,2628576,0.1,0.1043174793111517,9198.666405791999,True,False
3688,1470.0,812,2629388,0.1,0.11414128047382009,9201.366334750004,True,False
3689,2400.0,1017,2630405,0.1,0.12722635503828994,9204.742655583002,True,False
3690,1700.0,856,2631261,0.1,0.12177134470613761,9207.588720332998,True,False
3691,1350.0,847,2632108,0.1,0.12028843110848991,9210.409156208,True,False
3692,1010.0,576,2632684,0.1,0.1529412468791836,9212.333717708003,True,False
3693,1690.0,985,2633669,0.1,0.13367603705605355,9215.623829625001,True,False
3694,1010.0,635,2634304,0.1,0.13178070287846919,9217.757406417004,True,False
3695,1630.0,883,2635187,0.1,0.12511218975890767,9220.711202332997,True,False
3696,1140.0,880,2636067,0.1,0.13291354921053755,9224.119515792001,True,False
3697,1010.0,756,2636823,0.1,0.1697705370723886,9226.888633167,True,False
3698,570.0,482,2637305,0.1,0.1262557006879779,9228.640587708003,True,False
3699,1650.0,756,2638061,0.1,0.13269144547955383,9231.807607167,True,False
3700,1380.0,1192,2639253,0.1,0.10753529106935598,9235.905657832998,True,False
3701,270.0,360,2639613,0.1,0.11608444814466767,9238.030435417,True,False
3702,1770.0,748,2640361,0.1,0.13705708733934133,9241.081162041999,True,False
3703,2090.0,823,2641184,0.1,0.10030842444958907,9244.054971333004,True,False
3704,1200.0,694,2641878,0.1,0.11433092563956804,9246.865942042,True,False
3705,880.0,606,2642484,0.1,0.12023567932804949,9248.877193500004,True,False
3706,820.0,683,2643167,0.1,0.13717822005205293,9251.299446958,True,False
3707,1380.0,696,2643863,0.1,0.112209336585954,9253.625081667,True,False
3708,2570.0,835,2644698,0.1,0.12361405237297123,9256.503073207998,True,False
3709,880.0,928,2645626,0.1,0.1472972779743502,9259.576602667003,True,False
3710,1300.0,961,2646587,0.1,0.1426425506050388,9262.788406624997,True,False
3711,1780.0,1039,2647626,0.1,0.13939381473912643,9266.216229582998,True,False
3712,1920.0,1116,2648742,0.1,0.1346681685617534,9269.858079500002,True,False
3713,1370.0,1080,2649822,0.1,0.14062065149622935,9273.432913707999,True,False
3714,1700.0,712,2650534,0.1,0.13915969134214218,9275.879742792,True,False
3715,1010.0,640,2651174,0.1,0.11976019683061168,9278.05583325,True,False
3716,1460.0,715,2651889,0.1,0.10634805010267476,9280.428669624998,True,False
3717,1570.0,615,2652504,0.1,0.14120566171243207,9282.483873457997,True,False
3718,1640.0,1204,2653708,0.1,0.11829164073465274,9286.527672167002,True,False
3719,1620.0,788,2654496,0.1,0.1335372367713052,9289.322244125004,True,False
3720,820.0,730,2655226,0.1,0.12222312153368206,9291.808205624999,True,False
3721,1300.0,676,2655902,0.1,0.11990302280914149,9294.067597624999,True,False
3722,2070.0,755,2656657,0.1,0.1033441151970278,9296.551623708001,True,False
3723,1810.0,1232,2657889,0.1,0.12359087445543378,9301.669416249999,True,False
3724,1600.0,587,2658476,0.1,0.1248218452013066,9303.760167207998,True,False
3725,1780.0,814,2659290,0.1,0.12409807143393409,9306.494855666999,True,False
3726,1820.0,914,2660204,0.1,0.11427489565644722,9310.616262625,True,False
3727,1810.0,813,2661017,0.1,0.11946068649992274,9313.485088792004,True,False
3728,1860.0,1530,2662547,0.1,0.11431117100806916,9318.821069292004,True,False
3729,2060.0,756,2663303,0.1,0.12240743637084961,9321.313849208003,True,False
3730,410.0,376,2663679,0.1,0.17431348982326528,9322.623687583,True,False
3731,620.0,497,2664176,0.1,0.10948450882732869,9324.337316625002,True,False
3732,1670.0,782,2664958,0.1,0.09262037206536684,9326.924279542,True,False
3733,1120.0,564,2665522,0.1,0.14455152268633775,9328.829442458002,True,False
3734,1890.0,1129,2666651,0.1,0.1036966639630338,9333.028556999998,True,False
3735,470.0,582,2667233,0.1,0.13446854160817928,9335.256723708,True,False
3736,1470.0,652,2667885,0.1,0.10415145352574214,9337.541199667001,True,False
3737,1350.0,735,2668620,0.1,0.11225847223692614,9340.097635457998,True,False
3738,730.0,651,2669271,0.1,0.11371708862529492,9342.291852125003,True,False
3739,1720.0,775,2670046,0.1,0.10704537795991012,9344.881210332998,True,False
3740,2690.0,1101,2671147,0.1,0.12308575302362441,9348.732904958,True,False
3741,1620.0,1313,2672460,0.1,0.1094930829327429,9353.112765208003,True,False
3742,1310.0,789,2673249,0.1,0.12589023352085335,9355.766080499998,True,False
3743,1650.0,664,2673913,0.1,0.10320952736649168,9358.018503874999,True,False
3744,1190.0,640,2674553,0.1,0.11023017431143671,9360.189151500002,True,False
3745,1640.0,633,2675186,0.1,0.12108639595865071,9363.243271,True,False
3746,1350.0,661,2675847,0.1,0.10689165347227544,9365.666507082999,True,False
3747,2910.0,799,2676646,0.1,0.10080071643926203,9368.769613917,True,False
3748,1070.0,758,2677404,0.1,0.11070220883151419,9371.300862292002,True,False
3749,630.0,467,2677871,0.1,0.0961295442398766,9372.958643375001,True,False
3750,1530.0,992,2678863,0.1,0.10934226648251136,9376.353098207997,True,False
3751,490.0,471,2679334,0.1,0.13540560584831035,9378.939563833002,True,False
3752,1280.0,1035,2680369,0.1,0.1087519669452229,9382.486770458003,True,False
3753,1890.0,1013,2681382,0.1,0.1386451826397727,9385.869065375002,True,False
3754,2730.0,909,2682291,0.1,0.10191709160115488,9388.891975874998,True,False
3755,1260.0,908,2683199,0.1,0.1011467559041562,9392.008897958003,True,False
3756,1460.0,787,2683986,0.1,0.12361656247548343,9394.635627249998,True,False
3757,1150.0,922,2684908,0.1,0.11775438684276689,9397.81522225,True,False
3758,1260.0,664,2685572,0.1,0.12109811688178634,9400.029126333,True,False
3759,480.0,381,2685953,0.1,0.14544875315929714,9401.302879292001,True,False
3760,1700.0,1002,2686955,0.1,0.131964649990201,9404.767534332997,True,False
3761,1150.0,694,2687649,0.1,0.12653390459459404,9407.108590374999,True,False
3762,660.0,674,2688323,0.1,0.11542236104252793,9409.585238125,True,False
3763,830.0,818,2689141,0.1,0.11461059943568416,9412.249848749998,True,False
3764,1490.0,918,2690059,0.1,0.1389507037225509,9415.329818500002,True,False
3765,1170.0,744,2690803,0.1,0.11030711493985627,9417.744403042001,True,False
3766,1450.0,954,2691757,0.1,0.12263558244636617,9421.014184375003,True,False
3767,1460.0,947,2692704,0.1,0.10373121128272156,9424.951289792,True,False
3768,1760.0,875,2693579,0.1,0.10430078634804268,9428.112612541998,True,False
3769,1400.0,843,2694422,0.1,0.12138449176439742,9430.911440167001,True,False
3770,1100.0,762,2695184,0.1,0.13637139106959262,9433.582141291998,True,False
3771,1830.0,930,2696114,0.1,0.1157359989311803,9436.623279291998,True,False
3772,1210.0,615,2696729,0.1,0.14482218076704773,9438.689746417003,True,False
3773,1520.0,921,2697650,0.1,0.11750094182789325,9441.734412874997,True,False
3774,1690.0,894,2698544,0.1,0.11748737325459453,9444.702131625003,True,False
3775,1150.0,677,2699221,0.1,0.10376867548336643,9446.996126042002,True,False
3776,1560.0,864,2700085,0.1,0.10180120491767647,9450.965773292002,True,False
3777,1730.0,806,2700891,0.1,0.12408923932272403,9453.646722541998,True,False
3778,1130.0,716,2701607,0.1,0.12949022037814784,9455.978455417004,True,False
3779,2870.0,850,2702457,0.1,0.1066814346649977,9458.893157167004,True,False
3780,1670.0,863,2703320,0.1,0.09280113489539535,9461.746140000003,True,False
3781,1190.0,849,2704169,0.1,0.11104304437472853,9464.591414083,True,False
3782,1340.0,885,2705054,0.1,0.09258335828781128,9467.539930291998,True,False
3783,1410.0,949,2706003,0.1,0.11197292554793478,9470.845836333,True,False
3784,1530.0,955,2706958,0.1,0.10290723419494958,9473.994975333,True,False
3785,1620.0,1293,2708251,0.1,0.10662514885062865,9478.242575958,True,False
3786,3320.0,872,2709123,0.1,0.10195905026561077,9481.211202833001,True,False
3787,1740.0,974,2710097,0.1,0.09773630985501604,9484.466212667001,True,False
3788,1300.0,996,2711093,0.1,0.08950745510348833,9487.825513791999,True,False
3789,1470.0,532,2711625,0.1,0.10000500353263285,9489.643888457998,True,False
3790,1850.0,810,2712435,0.1,0.10599321219148022,9492.428258125,True,False
3791,1510.0,855,2713290,0.1,0.10438415109589,9495.243378792002,True,False
3792,710.0,588,2713878,0.1,0.10186195879743822,9497.187024291998,True,False
3793,2110.0,1209,2715087,0.1,0.1189370078114879,9501.145790042,True,False
3794,1660.0,852,2715939,0.1,0.0985055465268697,9504.019482666998,True,False
3795,770.0,698,2716637,0.1,0.08535249195992947,9506.324975583004,True,False
3796,1300.0,778,2717415,0.1,0.08716880206556357,9508.907611374998,True,False
3797,2000.0,851,2718266,0.1,0.1072663346419172,9511.806938458001,True,False
3798,1680.0,944,2719210,0.1,0.09284985138071795,9515.041057791997,True,False
3799,760.0,558,2719768,0.1,0.10410150574254139,9516.940126082998,True,False
3800,1890.0,803,2720571,0.1,0.10758519000373781,9519.673339916997,True,False
3801,1990.0,776,2721347,0.1,0.10227185032647296,9523.351851083004,True,False
3802,1760.0,879,2722226,0.1,0.11871620067818599,9526.345876125,True,False
3803,2570.0,934,2723160,0.1,0.09819508538955551,9529.576845417003,True,False
3804,820.0,504,2723664,0.1,0.10758853537429656,9531.248905082997,True,False
3805,1650.0,704,2724368,0.1,0.09523784069725397,9533.595885249997,True,False
3806,1600.0,878,2725246,0.1,0.09656217838020902,9536.493234499998,True,False
3807,2040.0,1053,2726299,0.1,0.10303996519642411,9539.975493416998,True,False
3808,1520.0,765,2727064,0.1,0.09777182211594966,9542.513198917004,True,False
3809,1760.0,859,2727923,0.1,0.10361692505218437,9545.359953792002,True,False
3810,1180.0,611,2728534,0.1,0.101922130954811,9547.407629957997,True,False
3811,1430.0,952,2729486,0.1,0.11441021294434782,9550.541593292,True,False
3812,2480.0,662,2730148,0.1,0.12312577983521554,9552.752101416998,True,False
3813,1660.0,806,2730954,0.1,0.10307067511278895,9555.397485374997,True,False
3814,1820.0,828,2731782,0.1,0.09703561631233795,9558.131128957997,True,False
3815,2120.0,950,2732732,0.1,0.08112321419156149,9561.298466082997,True,False
3816,1070.0,662,2733394,0.1,0.11396965031145197,9563.492482000001,True,False
3817,1350.0,923,2734317,0.1,0.10552741438795478,9566.568861542,True,False
3818,1170.0,824,2735141,0.1,0.09958445144708729,9569.299282542,True,False
3819,1960.0,764,2735905,0.1,0.08537094335008354,9571.836444499997,True,False
3820,2210.0,1282,2737187,0.1,0.09129527494078502,9576.361471458004,True,False
3821,2090.0,1342,2738529,0.1,0.1003596244124873,9580.94527525,True,False
3822,1130.0,714,2739243,0.1,0.11272547600183928,9583.328427917004,True,False
3823,1420.0,920,2740163,0.1,0.11567627195592807,9586.428471,True,False
3824,1450.0,1103,2741266,0.1,0.09156209617124303,9590.443396583003,True,False
3825,1360.0,794,2742060,0.1,0.10296128596174507,9593.018804958003,True,False
3826,1230.0,730,2742790,0.1,0.08063598279073671,9596.330221958,True,False
3827,1060.0,739,2743529,0.1,0.07984123231994139,9598.855814916998,True,False
3828,1220.0,734,2744263,0.1,0.09406044526035831,9601.364291124999,True,False
3829,1770.0,1170,2745433,0.1,0.08841568826611945,9605.317366625,True,False
3830,1000.0,648,2746081,0.1,0.09882550204839603,9607.608299917003,True,False
3831,370.0,451,2746532,0.1,0.10190776892138266,9609.161856291998,True,False
3832,1090.0,955,2747487,0.1,0.10037486996313855,9612.503002375,True,False
3833,810.0,711,2748198,0.1,0.10674679693713617,9614.880565291998,True,False
3834,1110.0,531,2748729,0.1,0.11856738405820347,9616.643527792003,True,False
3835,1830.0,1069,2749798,0.1,0.09944045215789299,9620.222297417,True,False
3836,1770.0,759,2750557,0.1,0.1333459702075312,9622.740251625,True,False
3837,1510.0,1205,2751762,0.1,0.11871057443716795,9626.799586792004,True,False
3838,1370.0,667,2752429,0.1,0.10118765297518698,9629.025413832998,True,False
3839,1410.0,872,2753301,0.1,0.09846355775456636,9632.001381916998,True,False
3840,1870.0,949,2754250,0.1,0.096378191260283,9635.180430375003,True,False
3841,1190.0,1133,2755383,0.1,0.10459508139363657,9639.166089375001,True,False
3842,1710.0,777,2756160,0.1,0.0969016662488381,9641.790249292004,True,False
3843,1570.0,717,2756877,0.1,0.10434840377108012,9644.243043000002,True,False
3844,510.0,489,2757366,0.1,0.1055835967761327,9645.990088375002,True,False
3845,1060.0,678,2758044,0.1,0.10057237134041155,9648.328993417002,True,False
3846,1800.0,858,2758902,0.1,0.11809033081457715,9651.332260875002,True,False
3847,1350.0,977,2759879,0.1,0.0986464454975651,9654.563456124997,True,False
3848,1280.0,809,2760688,0.1,0.10857399625547708,9657.228880292001,True,False
3849,1030.0,974,2761662,0.1,0.12606941181936382,9660.508167166998,True,False
3850,1940.0,907,2762569,0.1,0.09423988704705029,9663.523731957997,True,False
3851,1560.0,834,2763403,0.1,0.09308807576039377,9668.342877208,True,False
3852,2590.0,806,2764209,0.1,0.09030584679307914,9671.018721667002,True,False
3853,1790.0,849,2765058,0.1,0.1324438858109544,9674.008310625002,True,False
3854,500.0,405,2765463,0.1,0.10858910748421556,9675.394887417002,True,False
3855,1670.0,927,2766390,0.1,0.09935389559491184,9678.485614833,True,False
3856,1800.0,1058,2767448,0.1,0.10050524047242021,9682.089200957998,True,False
3857,1820.0,1099,2768547,0.1,0.11839578789488896,9685.768327708,True,False
3858,980.0,590,2769137,0.1,0.10810610480807922,9687.746695041998,True,False
3859,1510.0,807,2769944,0.1,0.09829535578737164,9690.472568875004,True,False
3860,1240.0,742,2770686,0.1,0.11137035657223818,9692.979231874997,True,False
3861,1630.0,860,2771546,0.1,0.1117790530240813,9695.839256958003,True,False
3862,820.0,628,2772174,0.1,0.11894229698665203,9698.046100708001,True,False
3863,890.0,664,2772838,0.1,0.12319715788969433,9700.274828250003,True,False
3864,1970.0,1065,2773903,0.1,0.10733965866239671,9704.084148832997,True,False
3865,1790.0,789,2774692,0.1,0.09623738603120802,9706.724456208001,True,False
3866,2510.0,806,2775498,0.1,0.09955294035486321,9709.614636457998,True,False
3867,800.0,592,2776090,0.1,0.0959033432819352,9711.579816042002,True,False
3868,1030.0,576,2776666,0.1,0.14808318820885485,9713.487188500003,True,False
3869,2170.0,1050,2777716,0.1,0.09295332898516845,9716.942405292,True,False
3870,1880.0,1148,2778864,0.1,0.10607925187861254,9720.868141250001,True,False
3871,1700.0,1082,2779946,0.1,0.1001304083124355,9724.501694999999,True,False
3872,1630.0,713,2780659,0.1,0.09403366563067342,9726.901870542002,True,False
3873,4010.0,1080,2781739,0.1,0.10450804845464451,9730.624196917,True,False
3874,1910.0,961,2782700,0.1,0.10921003586029115,9733.856411499997,True,False
3875,980.0,502,2783202,0.1,0.11402980985492468,9735.536322500004,True,False
3876,1710.0,854,2784056,0.1,0.11344906201185746,9739.497228,True,False
3877,660.0,605,2784661,0.1,0.11991810255887493,9741.551872249998,True,False
3878,2230.0,1002,2785663,0.1,0.11326434928923845,9744.832468624998,True,False
3879,1530.0,770,2786433,0.1,0.11546525793449249,9747.407030667004,True,False
3880,530.0,522,2786955,0.1,0.11624081437117778,9749.120877916997,True,False
3881,2070.0,825,2787780,0.1,0.11591124275456303,9751.938849708,True,False
3882,1620.0,872,2788652,0.1,0.11236646305769682,9754.810088416998,True,False
3883,2480.0,693,2789345,0.1,0.10537147998939016,9757.153279792,True,False
3884,1200.0,675,2790020,0.1,0.1301822003814772,9759.421655792,True,False
3885,1930.0,823,2790843,0.1,0.13239136893393064,9762.154624583003,True,False
3886,1290.0,671,2791514,0.1,0.14543463862944572,9764.402507708,True,False
3887,1240.0,921,2792435,0.1,0.1217632560869274,9767.544510207998,True,False
3888,1000.0,846,2793281,0.1,0.12029011695171302,9770.622772292001,True,False
3889,1450.0,869,2794150,0.1,0.12433011471057817,9773.458865792003,True,False
3890,950.0,926,2795076,0.1,0.11515565925470457,9776.740010583002,True,False
3891,1760.0,960,2796036,0.1,0.11150282337330282,9779.956249832998,True,False
3892,620.0,497,2796533,0.1,0.12107516975412445,9781.623048916998,True,False
3893,2940.0,1108,2797641,0.1,0.13185705423408897,9785.431820999998,True,False
3894,1250.0,701,2798342,0.1,0.13316377943115576,9788.133316500003,True,False
3895,1810.0,1017,2799359,0.1,0.11400899087540864,9791.628888207997,True,False
3896,2810.0,860,2800219,0.1,0.10482264748492906,9794.539459874999,True,False
3897,970.0,893,2801112,0.1,0.11402870955810483,9797.481905458,True,False
3898,1860.0,768,2801880,0.1,0.11925700725987554,9800.185960167,True,False
3899,1420.0,714,2802594,0.1,0.11434977019226618,9802.535814667004,True,False
3900,1770.0,768,2803362,0.1,0.11859643054776825,9805.136540042004,True,False
3901,1870.0,944,2804306,0.1,0.10840890995400437,9809.004205124998,True,False
3902,1590.0,864,2805170,0.1,0.12311796569782826,9812.264813583002,True,False
3903,2060.0,1067,2806237,0.1,0.09958495073411125,9816.164111541999,True,False
3904,2320.0,635,2806872,0.1,0.10394936455589421,9818.446213083,True,False
3905,2120.0,1156,2808028,0.1,0.11620241384888809,9822.510943333,True,False
3906,1390.0,538,2808566,0.1,0.09448578203124787,9825.250057666999,True,False
3907,1820.0,608,2809174,0.1,0.128106185480168,9827.60172775,True,False
3908,1340.0,813,2809987,0.1,0.10665600547759697,9830.666341167002,True,False
3909,1210.0,708,2810695,0.1,0.12350101957339688,9833.083952250003,True,False
3910,2090.0,915,2811610,0.1,0.11834966860646504,9836.354747708,True,False
3911,1870.0,818,2812428,0.1,0.12860491923624423,9839.117904833001,True,False
3912,1410.0,736,2813164,0.1,0.12830235096423523,9841.696248958004,True,False
3913,1160.0,655,2813819,0.1,0.11471883325260475,9844.579029792003,True,False
3914,1580.0,1063,2814882,0.1,0.11143819538218186,9848.624507166998,True,False
3915,2150.0,982,2815864,0.1,0.10217525181549836,9852.207251125,True,False
3916,1250.0,766,2816630,0.1,0.11335671956392483,9855.543300208003,True,False
3917,1700.0,987,2817617,0.1,0.10728245092789654,9859.041777167004,True,False
3918,2490.0,1245,2818862,0.1,0.13022935522834012,9863.829850250004,True,False
3919,2150.0,998,2819860,0.1,0.1019064080491662,9867.248939208002,True,False
3920,1840.0,826,2820686,0.1,0.1256859687256437,9870.154287457997,True,False
3921,1910.0,874,2821560,0.1,0.10825900144058548,9873.764335207998,True,False
3922,1340.0,868,2822428,0.1,0.11230623142682188,9876.808605167003,True,False
3923,930.0,515,2822943,0.1,0.09511226663016714,9878.696091874997,True,False
3924,1270.0,806,2823749,0.1,0.0954737529656527,9881.927840582997,True,False
3925,510.0,459,2824208,0.1,0.10758561548655447,9883.529837708003,True,False
3926,2090.0,933,2825141,0.1,0.12440752499445058,9888.889436541998,True,False
3927,2090.0,882,2826023,0.1,0.10393362565135414,9891.881324791997,True,False
3928,1880.0,968,2826991,0.1,0.10463277294400557,9895.260404917004,True,False
3929,940.0,587,2827578,0.1,0.13224984522984953,9897.219688917,True,False
3930,1630.0,798,2828376,0.1,0.14794986992143094,9899.966246707998,True,False
3931,2100.0,1025,2829401,0.1,0.11698278957919683,9903.432754792004,True,False
3932,1300.0,831,2830232,0.1,0.12388275681027713,9906.263164417003,True,False
3933,1900.0,806,2831038,0.1,0.10991748476132232,9908.988481667002,True,False
3934,2540.0,1133,2832171,0.1,0.1321863795008655,9912.889915458,True,False
3935,1420.0,1113,2833284,0.1,0.11837958653313925,9916.768915875,True,False
3936,2020.0,1100,2834384,0.1,0.11691360475664789,9920.488451541998,True,False
3937,1300.0,1008,2835392,0.1,0.12402621822963868,9923.900209833002,True,False
3938,1790.0,826,2836218,0.1,0.10637612535066686,9926.663644917004,True,False
3939,1410.0,768,2836986,0.1,0.11064039293948251,9929.257672792002,True,False
3940,1820.0,1020,2838006,0.1,0.08993669754149868,9932.664244500003,True,False
3941,1730.0,1064,2839070,0.1,0.12282452564266391,9936.233884375004,True,False
3942,1190.0,620,2839690,0.1,0.1115893877321674,9938.361534374999,True,False
3943,2860.0,845,2840535,0.1,0.09897581284856909,9941.155573958,True,False
3944,1090.0,763,2841298,0.1,0.10078956830407937,9943.734730832999,True,False
3945,1020.0,646,2841944,0.1,0.10930842468170104,9945.892144500001,True,False
3946,2220.0,944,2842888,0.1,0.11562341795760696,9949.200485833004,True,False
3947,1420.0,856,2843744,0.1,0.11715216932940149,9952.041762041998,True,False
3948,1090.0,655,2844399,0.1,0.1206518898780909,9954.246738625,True,False
3949,1020.0,718,2845117,0.1,0.12794211766579086,9956.601120583,True,False
3950,990.0,634,2845751,0.1,0.1264805891610022,9960.153279750004,True,False
3951,1720.0,961,2846712,0.1,0.12058438504447086,9966.267608667004,True,False
3952,730.0,427,2847139,0.1,0.13231105355651313,9969.066903332998,True,False
3953,1070.0,668,2847807,0.1,0.11771581092191313,9971.658970417004,True,False
3954,1980.0,977,2848784,0.1,0.10353728406587426,9975.469373042004,True,False
3955,910.0,666,2849450,0.1,0.09818421764276831,9977.985347000002,True,False
3956,1160.0,987,2850437,0.1,0.11983314193106494,9981.72345025,True,False
3957,820.0,514,2850951,0.1,0.1094627801066963,9983.4905995,True,False
3958,1710.0,800,2851751,0.1,0.11108108557760715,9986.320608625,True,False
3959,1580.0,1033,2852784,0.1,0.1382641159213763,9989.902921916997,True,False
3960,2090.0,862,2853646,0.1,0.10489291368528854,9992.894486500001,True,False
3961,1540.0,822,2854468,0.1,0.12142349986666903,9995.801906166998,True,False
3962,1860.0,925,2855393,0.1,0.12306847319297202,9999.059270375,True,False
3963,1220.0,819,2856212,0.1,0.10340507247644226,10001.872526958003,True,False
3964,1400.0,924,2857136,0.1,0.13316600222253439,10005.119689749998,True,False
3965,1590.0,897,2858033,0.1,0.13445282320857846,10008.24737025,True,False
3966,2960.0,848,2858881,0.1,0.11246381180782644,10011.244567041998,True,False
3967,1190.0,890,2859771,0.1,0.1128784850793513,10014.332719042002,True,False
3968,1430.0,935,2860706,0.1,0.11353002464733063,10017.618326583004,True,False
3969,1970.0,1035,2861741,0.1,0.11480770599542897,10021.205490207998,True,False
3970,1460.0,793,2862534,0.1,0.11882537827272006,10023.965733541998,True,False
3971,1680.0,827,2863361,0.1,0.11440797722426013,10026.862619291998,True,False
3972,2010.0,917,2864278,0.1,0.14595185204787287,10029.963021666998,True,False
3973,2340.0,1081,2865359,0.1,0.109863941412833,10033.630926083002,True,False
3974,2480.0,927,2866286,0.1,0.11025313451757719,10036.703925374997,True,False
3975,1800.0,812,2867098,0.1,0.10396083638879466,10039.445358792,True,False
3976,1300.0,872,2867970,0.1,0.11836162815297689,10043.538837749998,True,False
3977,1270.0,715,2868685,0.1,0.12319324232180025,10046.081551832998,True,False
3978,1380.0,798,2869483,0.1,0.10807304924831318,10048.774209707997,True,False
3979,1110.0,770,2870253,0.1,0.13059272149992732,10051.350826542002,True,False
3980,960.0,633,2870886,0.1,0.11512969034617837,10053.481839583,True,False
3981,2060.0,1112,2871998,0.1,0.12444867435574745,10057.169270125,True,False
3982,1670.0,889,2872887,0.1,0.11254024005553744,10060.100011832998,True,False
3983,1020.0,561,2873448,0.1,0.10231837911650221,10062.063611457997,True,False
3984,1330.0,643,2874091,0.1,0.10782662329729646,10064.13983275,True,False
3985,1950.0,984,2875075,0.1,0.10043566459714155,10067.409995041999,True,False
3986,1280.0,674,2875749,0.1,0.10797510544091639,10069.647580333003,True,False
3987,750.0,506,2876255,0.1,0.1070842177326244,10071.316962625002,True,False
3988,1780.0,1418,2877673,0.1,0.12427531412579644,10076.026391458,True,False
3989,1660.0,837,2878510,0.1,0.12201973604278986,10078.785732417004,True,False
3990,2110.0,888,2879398,0.1,0.11566454957465867,10081.677597000002,True,False
3991,1330.0,914,2880312,0.1,0.10162040746595923,10084.763296625002,True,False
3992,2760.0,1016,2881328,0.1,0.10924506392036601,10088.1451515,True,False
3993,1910.0,1067,2882395,0.1,0.12344227450430617,10091.628181667002,True,False
3994,1520.0,646,2883041,0.1,0.12683843601678993,10093.816664500002,True,False
3995,1800.0,992,2884033,0.1,0.10277698584832251,10096.992953667002,True,False
3996,1430.0,835,2884868,0.1,0.12154960446950921,10099.897911207998,True,False
3997,1900.0,1154,2886022,0.1,0.11454488375198303,10103.655861583,True,False
3998,1330.0,729,2886751,0.1,0.10487956888359654,10106.019321833002,True,False
3999,1480.0,1067,2887818,0.1,0.1099170973447713,10109.509963292003,True,False
4000,1980.0,968,2888786,0.1,0.10849413538952012,10112.627374625,True,False
4001,1680.0,701,2889487,0.1,0.11640440939792565,10116.032431332998,True,False
4002,1310.0,565,2890052,0.1,0.09520502182536981,10117.962366332998,True,False
4003,1770.0,1106,2891158,0.1,0.10992295429974362,10121.551734041997,True,False
4004,1870.0,967,2892125,0.1,0.11121188597522738,10124.775180999997,True,False
4005,1790.0,1145,2893270,0.1,0.1302545566137854,10128.583264542001,True,False
4006,1520.0,1270,2894540,0.1,0.12493148803382924,10132.731180167,True,False
4007,1340.0,606,2895146,0.1,0.1385652550699695,10134.759908583,True,False
4008,1280.0,688,2895834,0.1,0.12327060357905752,10137.018611958003,True,False
4009,1310.0,934,2896768,0.1,0.13908138177079013,10140.101248874998,True,False
4010,890.0,750,2897518,0.1,0.11141591811961031,10142.539258124998,True,False
4011,1420.0,952,2898470,0.1,0.12071424355620847,10145.654939375003,True,False
4012,1030.0,712,2899182,0.1,0.1285111733262291,10147.980693208003,True,False
4013,1870.0,741,2899923,0.1,0.11342167353911979,10150.527204833,True,False
4014,4040.0,1332,2901255,0.1,0.1255283887769367,10154.866706916997,True,False
4015,2300.0,795,2902050,0.1,0.1317689852255523,10157.430988,True,False
4016,1180.0,850,2902900,0.1,0.11520010550362124,10160.226154917,True,False
4017,1610.0,840,2903740,0.1,0.1233447909000374,10162.924455749999,True,False
4018,1710.0,727,2904467,0.1,0.10561048620231243,10165.306141082998,True,False
4019,1250.0,761,2905228,0.1,0.1505237226203786,10167.791345708,True,False
4020,1470.0,808,2906036,0.1,0.11149430342276792,10170.536835749997,True,False
4021,1560.0,968,2907004,0.1,0.11138193285446768,10173.630909332998,True,False
4022,2110.0,980,2907984,0.1,0.1316309825346178,10176.844860917001,True,False
4023,1930.0,983,2908967,0.1,0.09634099905284084,10179.998921332997,True,False
4024,1390.0,528,2909495,0.1,0.1291084083530939,10181.740190792,True,False
4025,1640.0,740,2910235,0.1,0.11753011618715686,10184.147437083004,True,False
4026,2150.0,866,2911101,0.1,0.15321530934749386,10188.119657917,True,False
4027,1300.0,691,2911792,0.1,0.12006549763283289,10190.509517291997,True,False
4028,1770.0,906,2912698,0.1,0.13316243453429336,10193.362298958004,True,False
4029,1370.0,730,2913428,0.1,0.1150575056977448,10195.854040625003,True,False
4030,210.0,359,2913787,0.1,0.11283711503061016,10197.022358667004,True,False
4031,1370.0,718,2914505,0.1,0.13345571415912774,10199.344331958004,True,False
4032,1590.0,958,2915463,0.1,0.12553859293211453,10202.424098000003,True,False
4033,1430.0,780,2916243,0.1,0.13246340395357364,10204.980956291998,True,False
4034,1210.0,684,2916927,0.1,0.1126454624712293,10207.219793999997,True,False
4035,1510.0,806,2917733,0.1,0.114874802022656,10209.823003416997,True,False
4036,2170.0,1080,2918813,0.1,0.10746274807110981,10213.302921625,True,False
4037,690.0,480,2919293,0.1,0.1021834347397089,10214.949054083001,True,False
4038,1490.0,916,2920209,0.1,0.12380379463615115,10217.951792417,True,False
4039,2130.0,1023,2921232,0.1,0.14202606389881112,10221.245468624998,True,False
4040,1380.0,922,2922154,0.1,0.1073845171896012,10224.275398750004,True,False
4041,580.0,542,2922696,0.1,0.16125140617163303,10226.008418167003,True,False
4042,870.0,568,2923264,0.1,0.1253017404339683,10227.860288208001,True,False
4043,1880.0,1147,2924411,0.1,0.11741445741739932,10231.593667292,True,False
4044,1310.0,788,2925199,0.1,0.12543775271718877,10234.131067458002,True,False
4045,1380.0,710,2925909,0.1,0.12138870283124152,10236.479099791999,True,False
4046,1330.0,946,2926855,0.1,0.13005743221521882,10239.540107542001,True,False
4047,1710.0,1040,2927895,0.1,0.15164126592616622,10242.915321624998,True,False
4048,1650.0,878,2928773,0.1,0.13940633200955663,10245.761073458001,True,False
4049,1540.0,809,2929582,0.1,0.10509197295892357,10248.453467500003,True,False
4050,2070.0,903,2930485,0.1,0.1256184106758606,10251.421032792001,True,False
4051,320.0,323,2930808,0.1,0.12512619425485164,10253.547806499999,True,False
4052,1350.0,1084,2931892,0.1,0.09795346328596898,10257.101575792003,True,False
4053,3570.0,1500,2933392,0.1,0.12468845784664154,10261.976284750002,True,False
4054,2480.0,863,2934255,0.1,0.12497241364488768,10264.744718167,True,False
4055,1500.0,944,2935199,0.1,0.11246698657524283,10268.00459425,True,False
4056,2880.0,894,2936093,0.1,0.12245967767999641,10270.884528542003,True,False
4057,1410.0,792,2936885,0.1,0.12891309622750438,10273.4452075,True,False
4058,1490.0,884,2937769,0.1,0.1110489178044359,10276.337901083003,True,False
4059,1190.0,786,2938555,0.1,0.09046368309467727,10278.931451999997,True,False
4060,1670.0,880,2939435,0.1,0.12622485844079745,10281.819987667004,True,False
4061,2580.0,878,2940313,0.1,0.10513319975950501,10285.262489749999,True,False
4062,1740.0,800,2941113,0.1,0.13927784726954998,10287.852850625,True,False
4063,1640.0,901,2942014,0.1,0.10533037414567338,10290.893867332998,True,False
4064,2200.0,900,2942914,0.1,0.1309233913736211,10293.806930167004,True,False
4065,1300.0,676,2943590,0.1,0.11076711887526794,10296.0876575,True,False
4066,1650.0,925,2944515,0.1,0.12230944419803816,10299.103073125,True,False
4067,1530.0,869,2945384,0.1,0.1365499355821708,10301.922505417002,True,False
4068,2430.0,650,2946034,0.1,0.12533061069516857,10304.073042541997,True,False
4069,1000.0,561,2946595,0.1,0.12757427923913514,10305.974477750002,True,False
4070,2320.0,1010,2947605,0.1,0.11394888883375603,10309.352343625003,True,False
4071,1360.0,914,2948519,0.1,0.13272716300235243,10312.311030707999,True,False
4072,3010.0,1067,2949586,0.1,0.13241540128539564,10315.817539333002,True,False
4073,1010.0,651,2950237,0.1,0.13586025447384711,10317.904181958002,True,False
4074,1350.0,923,2951160,0.1,0.1271255137277888,10320.950385000004,True,False
4075,1170.0,734,2951894,0.1,0.13146124057512465,10323.298226042003,True,False
4076,1590.0,937,2952831,0.1,0.1311513838262703,10327.349922458001,True,False
4077,1410.0,913,2953744,0.1,0.14542413789242115,10330.338372708,True,False
4078,910.0,573,2954317,0.1,0.11396880522109828,10332.192288167003,True,False
4079,1680.0,647,2954964,0.1,0.1319605474371785,10334.333960167001,True,False
4080,1830.0,667,2955631,0.1,0.12936372094484697,10336.489518625,True,False
4081,880.0,591,2956222,0.1,0.14355621687010736,10338.405843458,True,False
4082,2730.0,978,2957200,0.1,0.1327170906094264,10342.192663957998,True,False
4083,2050.0,852,2958052,0.1,0.12365980638724537,10345.022073792003,True,False
4084,940.0,691,2958743,0.1,0.12165481452072083,10347.343849541998,True,False
4085,2620.0,864,2959607,0.1,0.11281813101636039,10350.219066917001,True,False
4086,2110.0,864,2960471,0.1,0.13764411241195543,10353.100666583,True,False
4087,1540.0,946,2961417,0.1,0.13014570421653207,10356.178930000002,True,False
4088,1310.0,721,2962138,0.1,0.13307515683894355,10359.215305958001,True,False
4089,1620.0,970,2963108,0.1,0.13620642134191568,10362.269646833003,True,False
4090,1880.0,1014,2964122,0.1,0.13210788325741593,10365.618355917002,True,False
4091,1090.0,726,2964848,0.1,0.13007454500421062,10368.005828916997,True,False
4092,3410.0,1082,2965930,0.1,0.11065825989676846,10371.562624999999,True,False
4093,2860.0,911,2966841,0.1,0.13332367299549414,10374.578499875002,True,False
4094,1410.0,905,2967746,0.1,0.11169531929051191,10377.525961416999,True,False
4095,1870.0,843,2968589,0.1,0.11759051675268259,10380.319132666998,True,False
4096,1480.0,890,2969479,0.1,0.12909451839388222,10383.232702207999,True,False
4097,1780.0,686,2970165,0.1,0.11202867997290436,10385.496554667,True,False
4098,1760.0,866,2971031,0.1,0.11156547611958727,10388.340482583,True,False
4099,1420.0,785,2971816,0.1,0.12556317528983965,10390.916758625004,True,False
4100,1820.0,697,2972513,0.1,0.1142385405135052,10393.189204583003,True,False
4101,1360.0,985,2973498,0.1,0.12148284687986219,10397.406032874998,True,False
4102,940.0,547,2974045,0.1,0.12546648040250705,10399.251279875003,True,False
4103,1340.0,821,2974866,0.1,0.1227299276375916,10401.882897249998,True,False
4104,1040.0,587,2975453,0.1,0.1414150457803895,10403.847313125,True,False
4105,1690.0,1046,2976499,0.1,0.14487967327579684,10407.233789416998,True,False
4106,1210.0,735,2977234,0.1,0.13205197898913984,10409.666852957998,True,False
4107,2280.0,1170,2978404,0.1,0.12801661413582519,10413.457611292004,True,False
4108,910.0,591,2978995,0.1,0.12764362613258717,10415.399572542003,True,False
4109,2260.0,1300,2980295,0.1,0.1337364962697029,10419.876800874998,True,False
4110,1800.0,730,2981025,0.1,0.14096515235882964,10422.194147916998,True,False
4111,2490.0,984,2982009,0.1,0.1740176608952565,10425.505196750004,True,False
4112,1390.0,796,2982805,0.1,0.14078933484477912,10428.205611292004,True,False
4113,1330.0,681,2983486,0.1,0.1250859933631385,10430.515704416997,True,False
4114,1560.0,810,2984296,0.1,0.14458092536061562,10433.110724833,True,False
4115,1570.0,910,2985206,0.1,0.14189904900308747,10436.734158207997,True,False
4116,1620.0,851,2986057,0.1,0.1407522272161195,10439.427245042003,True,False
4117,600.0,684,2986741,0.1,0.11552000596945049,10441.721089416998,True,False
4118,1840.0,828,2987569,0.1,0.14672982358882106,10444.366570042002,True,False
4119,2310.0,1131,2988700,0.1,0.12411867025515637,10448.094439749999,True,False
4120,1500.0,523,2989223,0.1,0.1106940654034798,10449.775038250002,True,False
4121,1400.0,861,2990084,0.1,0.12254258432356571,10452.593949458002,True,False
4122,1800.0,745,2990829,0.1,0.1381948205131677,10455.015379792,True,False
4123,1690.0,1030,2991859,0.1,0.139795125929588,10458.375370916998,True,False
4124,1380.0,933,2992792,0.1,0.11300559477227876,10461.377430417,True,False
4125,1600.0,943,2993735,0.1,0.15677866922255526,10464.483727958002,True,False
4126,1860.0,913,2994648,0.1,0.11531211296706481,10468.831163167,True,False
4127,1440.0,896,2995544,0.1,0.11893882335945298,10471.787173792,True,False
4128,1950.0,838,2996382,0.1,0.13810170067554456,10474.543041333003,True,False
4129,1310.0,668,2997050,0.1,0.1309906541074286,10476.711387000003,True,False
4130,1100.0,631,2997681,0.1,0.1392784059707877,10478.756601000001,True,False
4131,1710.0,805,2998486,0.1,0.13272831429593004,10481.362541417002,True,False
4132,1130.0,737,2999223,0.1,0.123074451835988,10483.770974207997,True,False
4133,1490.0,800,3000023,0.1,0.12064743078313768,10486.367932041998,True,False
4134,2320.0,730,3000753,0.1,0.11250441935666598,10488.8219035,True,False
4135,1040.0,690,3001443,0.1,0.12338523410780486,10491.059902957997,True,False
4136,1910.0,1033,3002476,0.1,0.1297661558901136,10494.448047124999,True,False
4137,1150.0,745,3003221,0.1,0.1601659375973927,10496.905751332997,True,False
4138,1340.0,659,3003880,0.1,0.1742149648228378,10499.020436833001,True,False
4139,1460.0,859,3004739,0.1,0.12751338068639564,10501.838863375,True,False
4140,1900.0,766,3005505,0.1,0.14279758606183654,10504.320357083001,True,False
4141,1450.0,855,3006360,0.1,0.13680541831303702,10507.100494083003,True,False
4142,2070.0,1070,3007430,0.1,0.1329541430226091,10510.595990957998,True,False
4143,1150.0,748,3008178,0.1,0.11851200215359103,10513.031142083004,True,False
4144,1130.0,832,3009010,0.1,0.15856335774207345,10515.750096875003,True,False
4145,1520.0,864,3009874,0.1,0.12027909783473997,10518.547130291998,True,False
4146,1260.0,793,3010667,0.1,0.15193490679328792,10521.133491875,True,False
4147,1650.0,822,3011489,0.1,0.14717430965884506,10523.769733082998,True,False
4148,1670.0,1094,3012583,0.1,0.12419866159176216,10527.292151792004,True,False
4149,2090.0,934,3013517,0.1,0.1274875563561407,10530.323762583,True,False
4150,1120.0,864,3014381,0.1,0.1408809155691415,10533.107097332999,True,False
4151,1420.0,904,3015285,0.1,0.140864510567183,10537.059987333,True,False
4152,1790.0,922,3016207,0.1,0.1365559394835778,10540.065255250003,True,False
4153,1280.0,895,3017102,0.1,0.16013530294211314,10543.039257417004,True,False
4154,1400.0,720,3017822,0.1,0.161603003129777,10545.354301,True,False
4155,1300.0,859,3018681,0.1,0.141707374761964,10548.18763375,True,False
4156,2470.0,992,3019673,0.1,0.14572274770527596,10551.399808957998,True,False
4157,2640.0,922,3020595,0.1,0.14449679602909346,10554.378974625004,True,False
4158,1640.0,956,3021551,0.1,0.13347839031009992,10557.482083417002,True,False
4159,2030.0,961,3022512,0.1,0.13202171634372586,10560.571976667,True,False
4160,1060.0,705,3023217,0.1,0.1513311075977981,10562.874009083003,True,False
4161,2800.0,1055,3024272,0.1,0.14209557702821313,10566.418814666999,True,False
4162,2130.0,945,3025217,0.1,0.11352920844772105,10569.472714666997,True,False
4163,3310.0,1028,3026245,0.1,0.132662334265586,10572.828330249999,True,False
4164,1320.0,678,3026923,0.1,0.1505957105411933,10574.988467875002,True,False
4165,3290.0,1146,3028069,0.1,0.13799693714502798,10578.743594166997,True,False
4166,1300.0,812,3028881,0.1,0.13258405375693524,10581.344973833002,True,False
4167,1760.0,775,3029656,0.1,0.14102124078103254,10583.911710125001,True,False
4168,1470.0,762,3030418,0.1,0.13660563234435885,10586.340558707998,True,False
4169,1120.0,606,3031024,0.1,0.12188780881268413,10588.343562957998,True,False
4170,1310.0,1105,3032129,0.1,0.14714311237406472,10591.912203708001,True,False
4171,1530.0,833,3032962,0.1,0.1619274373112533,10594.617436792003,True,False
4172,2120.0,1018,3033980,0.1,0.13310372635137802,10597.916808374997,True,False
4173,1500.0,729,3034709,0.1,0.1598484316165303,10600.297972125001,True,False
4174,990.0,682,3035391,0.1,0.15131530834033208,10602.525040250002,True,False
4175,1130.0,586,3035977,0.1,0.11208037971233835,10604.418523250002,True,False
4176,830.0,632,3036609,0.1,0.15258121489299625,10607.397896916998,True,False
4177,1350.0,1022,3037631,0.1,0.1343674300640237,10610.829572208,True,False
4178,1880.0,964,3038595,0.1,0.1629805130057068,10613.930888583003,True,False
4179,2180.0,808,3039403,0.1,0.13749540874752963,10616.571387582997,True,False
4180,4230.0,826,3040229,0.1,0.16073787620893998,10619.249452917,True,False
4181,1300.0,954,3041183,0.1,0.1380601090167751,10622.341092167,True,False
4182,1630.0,936,3042119,0.1,0.1393954070109842,10625.367565082997,True,False
4183,1830.0,1068,3043187,0.1,0.13673942530534688,10628.815724,True,False
4184,2630.0,729,3043916,0.1,0.1795974386438646,10631.187057625,True,False
4185,570.0,518,3044434,0.1,0.1563247125451417,10632.877968792003,True,False
4186,2160.0,870,3045304,0.1,0.1599759144212948,10635.723139208,True,False
4187,1820.0,1010,3046314,0.1,0.1197207844003089,10638.981354042,True,False
4188,1930.0,937,3047251,0.1,0.13904430337536794,10642.02156375,True,False
4189,1410.0,741,3047992,0.1,0.11842407994172587,10644.440874042004,True,False
4190,1920.0,936,3048928,0.1,0.1398267295354834,10647.454276208002,True,False
4191,1740.0,814,3049742,0.1,0.13064861136117004,10650.0984455,True,False
4192,1850.0,834,3050576,0.1,0.12014187926774104,10652.8197945,True,False
4193,2080.0,764,3051340,0.1,0.11494507506021655,10655.296986708003,True,False
4194,2400.0,711,3052051,0.1,0.14531752060951486,10657.597694083,True,False
4195,1540.0,743,3052794,0.1,0.10583455276785679,10659.994241917004,True,False
4196,1720.0,902,3053696,0.1,0.123171671845876,10663.074561166999,True,False
4197,250.0,360,3054056,0.1,0.140204313562976,10664.240253124997,True,False
4198,530.0,465,3054521,0.1,0.11353210841530356,10665.727153958003,True,False
4199,1460.0,583,3055104,0.1,0.1480009353222096,10667.70089775,True,False
4200,1140.0,1132,3056236,0.1,0.09752621422044591,10671.383900792003,True,False
4201,1070.0,564,3056800,0.1,0.1464760530449397,10674.415340125,True,False
4202,1600.0,860,3057660,0.1,0.1289142778186604,10677.255188542003,True,False
4203,3300.0,816,3058476,0.1,0.11715566615263621,10680.180644042004,True,False
4204,1780.0,821,3059297,0.1,0.1138102968109817,10682.792640250002,True,False
4205,1300.0,698,3059995,0.1,0.12170157882374251,10685.137101875,True,False
4206,1450.0,931,3060926,0.1,0.131210388727646,10688.179230708003,True,False
4207,2190.0,957,3061883,0.1,0.11397535889312063,10691.267679375,True,False
4208,1990.0,708,3062591,0.1,0.11555930696385729,10693.564660375,True,False
4209,1270.0,937,3063528,0.1,0.13265280994646092,10696.609996542,True,False
4210,1500.0,786,3064314,0.1,0.14695891185796686,10699.17991775,True,False
4211,490.0,406,3064720,0.1,0.10737692944559396,10700.516181792002,True,False
4212,2780.0,807,3065527,0.1,0.1097397638104893,10703.153731375001,True,False
4213,1470.0,764,3066291,0.1,0.11215830505557398,10705.620410791998,True,False
4214,1630.0,945,3067236,0.1,0.12957507145555713,10708.722881708003,True,False
4215,1340.0,861,3068097,0.1,0.129314469961926,10711.486566749998,True,False
4216,1360.0,901,3068998,0.1,0.1318730233112971,10714.442202332997,True,False
4217,1700.0,792,3069790,0.1,0.12221906004906302,10716.976682667002,True,False
4218,1900.0,1027,3070817,0.1,0.13407662663072464,10720.353365292001,True,False
4219,1520.0,768,3071585,0.1,0.12311171270751704,10722.808722957998,True,False
4220,1880.0,1095,3072680,0.1,0.11846605670658776,10726.474283458003,True,False
4221,1810.0,859,3073539,0.1,0.12614741312148414,10729.358521292,True,False
4222,1550.0,1290,3074829,0.1,0.13644488701948626,10733.530249333002,True,False
4223,1000.0,619,3075448,0.1,0.13404175365163434,10735.545793167003,True,False
4224,1730.0,829,3076277,0.1,0.12701843395505263,10738.471887250002,True,False
4225,2020.0,853,3077130,0.1,0.11830876854208994,10741.205946499998,True,False
4226,2160.0,890,3078020,0.1,0.11590854619784205,10745.433699125002,True,False
4227,1060.0,688,3078708,0.1,0.11667880627088421,10747.683230667004,True,False
4228,1790.0,850,3079558,0.1,0.10029419461476072,10750.425455625002,True,False
4229,1040.0,715,3080273,0.1,0.11829082044517861,10752.834659917004,True,False
4230,960.0,757,3081030,0.1,0.12649653727809587,10755.837363457998,True,False
4231,1140.0,772,3081802,0.1,0.13852695410424565,10758.275901082998,True,False
4232,2210.0,934,3082736,0.1,0.1451940237918598,10761.372213292001,True,False
4233,1610.0,802,3083538,0.1,0.1143468948174268,10763.932868042,True,False
4234,2410.0,978,3084516,0.1,0.13550856854690582,10767.125848917,True,False
4235,1740.0,806,3085322,0.1,0.1166917757033857,10769.724950417003,True,False
4236,2120.0,839,3086161,0.1,0.12162695807360467,10772.451936333004,True,False
4237,350.0,407,3086568,0.1,0.10531418514894504,10773.792072375,True,False
4238,2630.0,986,3087554,0.1,0.10524934170601087,10776.970400917002,True,False
4239,1300.0,823,3088377,0.1,0.13170384595767387,10779.617712792002,True,False
4240,1180.0,695,3089072,0.1,0.12143667139669602,10781.894731291999,True,False
4241,910.0,844,3089916,0.1,0.12532891712694372,10784.615612292,True,False
4242,900.0,678,3090594,0.1,0.13001576296367942,10786.836722792003,True,False
4243,2720.0,908,3091502,0.1,0.13893284157148278,10789.835659875003,True,False
4244,1410.0,867,3092369,0.1,0.14254390080952975,10792.721913082998,True,False
4245,2110.0,840,3093209,0.1,0.1026872524193355,10795.488149999997,True,False
4246,1470.0,762,3093971,0.1,0.11077287789238127,10797.913062,True,False
4247,1500.0,765,3094736,0.1,0.1185424654589345,10800.451219000002,True,False
4248,1130.0,618,3095354,0.1,0.137980524752918,10802.424258542,True,False
4249,950.0,539,3095893,0.1,0.14087507800647506,10804.211727417001,True,False
4250,340.0,342,3096235,0.1,0.13538558693493113,10805.357204375003,True,False
4251,650.0,481,3096716,0.1,0.14240627227859062,10808.066959542004,True,False
4252,1860.0,1080,3097796,0.1,0.12640955916571397,10811.612205667,True,False
4253,290.0,310,3098106,0.1,0.1598961539808419,10812.625581583,True,False
4254,2340.0,1013,3099119,0.1,0.13262131038626193,10815.924628333,True,False
4255,2260.0,1101,3100220,0.1,0.14551326147267135,10819.436207416999,True,False
4256,2030.0,847,3101067,0.1,0.15816385100344063,10822.192337125001,True,False
4257,1040.0,715,3101782,0.1,0.14665713315236503,10824.519186582998,True,False
4258,2380.0,1031,3102813,0.1,0.11729993449538484,10827.837230666999,True,False
4259,1040.0,718,3103531,0.1,0.136119344495445,10830.200436833002,True,False
4260,2280.0,951,3104482,0.1,0.1369143223718685,10833.311188458,True,False
4261,1580.0,980,3105462,0.1,0.1314189359621734,10836.466566000003,True,False
4262,2390.0,924,3106386,0.1,0.13154592861731848,10839.508628167001,True,False
4263,1380.0,857,3107243,0.1,0.09912305550701986,10842.232676375002,True,False
4264,1330.0,836,3108079,0.1,0.10056629705657229,10844.980038082998,True,False
4265,2100.0,959,3109038,0.1,0.13944516003442306,10848.101558583003,True,False
4266,1550.0,1030,3110068,0.1,0.14433293241660955,10851.609728333002,True,False
4267,1850.0,1082,3111150,0.1,0.1379116915235365,10855.158376250001,True,False
4268,2070.0,1134,3112284,0.1,0.13205719503744598,10858.854513125,True,False
4269,1450.0,1131,3113415,0.1,0.11849014489442533,10862.469858541997,True,False
4270,1130.0,645,3114060,0.1,0.128049268571223,10864.570471708,True,False
4271,1390.0,901,3114961,0.1,0.12000554838114315,10867.632830167,True,False
4272,1230.0,768,3115729,0.1,0.12019573673023842,10870.069946875003,True,False
4273,3270.0,1216,3116945,0.1,0.12141592040241353,10874.033070917001,True,False
4274,2920.0,951,3117896,0.1,0.13765141857834925,10877.097517125003,True,False
4275,1180.0,871,3118767,0.1,0.12903981301332673,10879.892601583,True,False
4276,1760.0,996,3119763,0.1,0.1333672164389527,10884.206002917002,True,False
4277,1300.0,616,3120379,0.1,0.13927209391802936,10886.406177083001,True,False
4278,1580.0,920,3121299,0.1,0.09769183798976566,10889.298385499998,True,False
4279,2070.0,1093,3122392,0.1,0.10313405216175274,10892.934793500004,True,False
4280,1810.0,1009,3123401,0.1,0.10743188311804146,10896.340626666999,True,False
4281,1930.0,813,3124214,0.1,0.15064116552692328,10898.947907250003,True,False
4282,1350.0,777,3124991,0.1,0.11960550166244052,10901.867758624998,True,False
4283,1490.0,837,3125828,0.1,0.1144540077962336,10905.246748625003,True,False
4284,1990.0,909,3126737,0.1,0.12187111578750452,10908.276298999997,True,False
4285,1310.0,461,3127198,0.1,0.12993345762724462,10909.818774458,True,False
4286,290.0,318,3127516,0.1,0.12264108825474977,10910.868502667,True,False
4287,1410.0,792,3128308,0.1,0.13384240977654252,10913.436155583004,True,False
4288,1440.0,798,3129106,0.1,0.10255708205677457,10916.013284499997,True,False
4289,1500.0,840,3129946,0.1,0.15724598423001312,10918.863804708002,True,False
4290,1800.0,897,3130843,0.1,0.1270775956218131,10921.773476000002,True,False
4291,1640.0,925,3131768,0.1,0.12036265559687183,10924.851924333001,True,False
4292,1520.0,959,3132727,0.1,0.1322036508205795,10927.983416374998,True,False
4293,1240.0,598,3133325,0.1,0.1316024162247777,10929.913815125,True,False
4294,690.0,535,3133860,0.1,0.1166768330496861,10931.655970749998,True,False
4295,2890.0,963,3134823,0.1,0.1300242273757855,10934.835129125,True,False
4296,1530.0,962,3135785,0.1,0.1253059321465705,10937.929591458,True,False
4297,660.0,430,3136215,0.1,0.1242719465675198,10939.360257082997,True,False
4298,1950.0,891,3137106,0.1,0.11149681254285868,10942.190399250001,True,False
4299,1820.0,841,3137947,0.1,0.12070977284262578,10944.959682207998,True,False
4300,1540.0,755,3138702,0.1,0.11823075042948836,10947.394947333,True,False
4301,1650.0,1164,3139866,0.1,0.11386221580053728,10952.193458041998,True,False
4302,1340.0,602,3140468,0.1,0.10346903534766459,10954.161436125003,True,False
4303,500.0,460,3140928,0.1,0.13506039892849714,10955.634941167002,True,False
4304,2150.0,923,3141851,0.1,0.1425132422748467,10958.652082375003,True,False
4305,2630.0,1057,3142908,0.1,0.129519085726648,10962.219095624998,True,False
4306,1720.0,679,3143587,0.1,0.12175366129263265,10965.444164417,True,False
4307,1470.0,738,3144325,0.1,0.11593630121567765,10967.794303167,True,False
4308,2110.0,831,3145156,0.1,0.12508058588271245,10970.660942125003,True,False
4309,1890.0,832,3145988,0.1,0.1298753952858253,10973.350418916998,True,False
4310,1850.0,1091,3147079,0.1,0.1383521343129413,10976.900932124998,True,False
4311,1270.0,880,3147959,0.1,0.1264702661555599,10979.773908167,True,False
4312,1480.0,844,3148803,0.1,0.10606618027833965,10982.614298833003,True,False
4313,1630.0,802,3149605,0.1,0.11012150900466229,10985.178815375002,True,False
4314,1290.0,883,3150488,0.1,0.15122750714606695,10988.059502042,True,False
4315,1320.0,833,3151321,0.1,0.09709513653965238,10990.751449542004,True,False
4316,2490.0,623,3151944,0.1,0.12973481976689819,10992.776510042,True,False
4317,2950.0,1114,3153058,0.1,0.11069482724390013,10996.387682583001,True,False
4318,1610.0,941,3153999,0.1,0.10079528491230721,10999.407029374997,True,False
4319,1910.0,986,3154985,0.1,0.09621119916982014,11002.620093541998,True,False
4320,1440.0,781,3155766,0.1,0.08944494581470887,11005.140666125,True,False
4321,1470.0,822,3156588,0.1,0.11925133972347361,11007.837381708,True,False
4322,1690.0,1056,3157644,0.1,0.11274725064691721,11011.241577833003,True,False
4323,830.0,603,3158247,0.1,0.1174406743173798,11013.202244042004,True,False
4324,2620.0,953,3159200,0.1,0.11627203886198449,11016.295501417,True,False
4325,2080.0,926,3160126,0.1,0.11652346172277288,11019.312228625,True,False
4326,1830.0,1035,3161161,0.1,0.11398124743727643,11023.766286083002,True,False
4327,1650.0,991,3162152,0.1,0.12114259892804248,11027.473892916998,True,False
4328,1390.0,825,3162977,0.1,0.09738796022585006,11030.243951083,True,False
4329,1630.0,875,3163852,0.1,0.11751857149886759,11033.045531333002,True,False
4330,1570.0,1017,3164869,0.1,0.11679521982932067,11036.360241374998,True,False
4331,1130.0,1026,3165895,0.1,0.0900847968441667,11039.761383167002,True,False
4332,2600.0,918,3166813,0.1,0.10032456946437773,11042.824507208003,True,False
4333,1990.0,907,3167720,0.1,0.12254865868796598,11045.731209333004,True,False
4334,2930.0,781,3168501,0.1,0.10922510803509981,11048.360400457997,True,False
4335,2680.0,890,3169391,0.1,0.10384461070570322,11051.279061708003,True,False
4336,1520.0,934,3170325,0.1,0.13504287394352704,11054.292187416999,True,False
4337,1170.0,622,3170947,0.1,0.08459747248599606,11056.330511624998,True,False
4338,1480.0,792,3171739,0.1,0.10162043645789828,11058.895079625,True,False
4339,1240.0,706,3172445,0.1,0.10825900781878643,11061.194036957997,True,False
4340,1950.0,851,3173296,0.1,0.12992684181972008,11063.971540958002,True,False
4341,2050.0,1010,3174306,0.1,0.14008083849746203,11067.211415958001,True,False
4342,1070.0,818,3175124,0.1,0.1145992498117976,11069.870643499999,True,False
4343,1280.0,797,3175921,0.1,0.1008587391794327,11072.444731875003,True,False
4344,2270.0,1016,3176937,0.1,0.1158476747337758,11075.767801499998,True,False
4345,780.0,706,3177643,0.1,0.09643825830426067,11078.038290167002,True,False
4346,1180.0,733,3178376,0.1,0.10204946402581813,11080.462134583002,True,False
4347,780.0,583,3178959,0.1,0.08357400358493985,11082.355553875,True,False
4348,1080.0,746,3179705,0.1,0.08230811730027199,11085.326266249998,True,False
4349,1180.0,625,3180330,0.1,0.1164035577661334,11087.474875917003,True,False
4350,1340.0,766,3181096,0.1,0.10548217441343392,11090.049017042002,True,False
4351,2200.0,878,3181974,0.1,0.08438266555196074,11093.837442791999,True,False
4352,1810.0,839,3182813,0.1,0.11171663515269756,11096.695455708003,True,False
4353,2280.0,849,3183662,0.1,0.10858592273280868,11099.509890875,True,False
4354,1010.0,599,3184261,0.1,0.11805439829826354,11101.446450832998,True,False
4355,1350.0,918,3185179,0.1,0.0956823576087189,11104.465161708002,True,False
4356,1240.0,945,3186124,0.1,0.10630370916224985,11107.532472042003,True,False
4357,1840.0,901,3187025,0.1,0.11053897932171822,11110.502710082998,True,False
4358,2030.0,1041,3188066,0.1,0.11227177646584235,11113.928369542002,True,False
4359,1690.0,1283,3189349,0.1,0.10689289183167282,11118.123897874997,True,False
4360,1550.0,1133,3190482,0.1,0.10721622379134696,11121.770500167004,True,False
4361,710.0,690,3191172,0.1,0.1170834680491617,11124.053449917003,True,False
4362,1570.0,896,3192068,0.1,0.11084788529634741,11126.965954332998,True,False
4363,1910.0,999,3193067,0.1,0.10907760041814492,11130.209064125003,True,False
4364,3870.0,740,3193807,0.1,0.08667157002397485,11132.631088791997,True,False
4365,1720.0,1059,3194866,0.1,0.11756070641414175,11136.105315041998,True,False
4366,1240.0,835,3195701,0.1,0.11061834450365539,11138.778858416998,True,False
4367,1670.0,749,3196450,0.1,0.11309271947266583,11141.255797500002,True,False
4368,1540.0,743,3197193,0.1,0.10187776724217079,11143.650950542004,True,False
4369,970.0,732,3197925,0.1,0.11968294695996848,11146.169949625,True,False
4370,1160.0,880,3198805,0.1,0.11642330683429133,11149.10700325,True,False
4371,1840.0,1185,3199990,0.1,0.0977484032738249,11152.935093917004,True,False
4372,1040.0,702,3200692,0.1,0.10594768878284165,11155.259112291998,True,False
4373,1870.0,1000,3201692,0.1,0.1079239900559187,11159.157015582998,True,False
4374,910.0,629,3202321,0.1,0.10381265611025937,11161.186525208002,True,False
4375,1370.0,856,3203177,0.1,0.13913677976614683,11164.041345582998,True,False
4376,1720.0,882,3204059,0.1,0.12578089025548914,11168.135097708,True,False
4377,1480.0,1165,3205224,0.1,0.09696346043596325,11171.901408958001,True,False
4378,1440.0,992,3206216,0.1,0.1200069297150138,11175.138167083001,True,False
4379,2850.0,823,3207039,0.1,0.10037046808113412,11177.832914457998,True,False
4380,1520.0,917,3207956,0.1,0.12268291790362286,11180.781591625004,True,False
4381,1830.0,780,3208736,0.1,0.12684526773981558,11183.347527667,True,False
4382,350.0,355,3209091,0.1,0.09284231576814571,11184.519268958,True,False
4383,1320.0,766,3209857,0.1,0.10614662596102183,11186.975346792002,True,False
4384,1460.0,905,3210762,0.1,0.10037756244347026,11189.954791208002,True,False
4385,2350.0,1000,3211762,0.1,0.12435485218837858,11193.171860250004,True,False
4386,1470.0,951,3212713,0.1,0.11288440695517704,11196.258298041997,True,False
4387,1620.0,830,3213543,0.1,0.1136396214959846,11198.952808542002,True,False
4388,2050.0,929,3214472,0.1,0.12331429111887202,11201.943169083002,True,False
4389,1530.0,740,3215212,0.1,0.11953486884767944,11204.379535542,True,False
4390,1000.0,507,3215719,0.1,0.09976266751745863,11206.031011708,True,False
4391,1700.0,902,3216621,0.1,0.1138353385278477,11209.066203333,True,False
4392,1030.0,771,3217392,0.1,0.10220138981475113,11211.551382625003,True,False
4393,1700.0,1055,3218447,0.1,0.12691336836906666,11215.002331208001,True,False
4394,1380.0,774,3219221,0.1,0.12347011909503297,11217.505632875,True,False
4395,1970.0,901,3220122,0.1,0.13051665126449533,11220.415274749997,True,False
4396,1890.0,924,3221046,0.1,0.10822447568371699,11223.57482275,True,False
4397,1430.0,835,3221881,0.1,0.1306756557584807,11226.228884541997,True,False
4398,390.0,395,3222276,0.1,0.08682721096909407,11227.624487417,True,False
4399,730.0,517,3222793,0.1,0.12556895135735818,11229.332151583003,True,False
4400,2000.0,749,3223542,0.1,0.09853754651777566,11231.765383874997,True,False
4401,2380.0,1169,3224711,0.1,0.09745621318252731,11236.626786624998,True,False
4402,1200.0,646,3225357,0.1,0.12156230549293535,11238.771492792002,True,False
4403,1700.0,883,3226240,0.1,0.12293504821600149,11241.648818624999,True,False
4404,1860.0,795,3227035,0.1,0.09746178097533759,11244.218135374998,True,False
4405,2890.0,865,3227900,0.1,0.10782508831900385,11247.066683333003,True,False
4406,3320.0,950,3228850,0.1,0.09436285553130672,11250.115314083,True,False
4407,1390.0,738,3229588,0.1,0.10679459023113186,11252.529795875002,True,False
4408,1540.0,909,3230497,0.1,0.10845490931512763,11255.476836082998,True,False
4409,1130.0,1184,3231681,0.1,0.09562745250484629,11259.335240417,True,False
4410,1810.0,1068,3232749,0.1,0.11151658182035895,11262.808364875003,True,False
4411,1660.0,869,3233618,0.1,0.10422627888362392,11265.628193208002,True,False
4412,1630.0,761,3234379,0.1,0.11554128181581434,11268.153337124997,True,False
4413,1980.0,862,3235241,0.1,0.10695577787097406,11271.021839417,True,False
4414,1420.0,984,3236225,0.1,0.11086027388559366,11274.265973875,True,False
4415,2350.0,991,3237216,0.1,0.09608892722415828,11277.485567000003,True,False
4416,1740.0,920,3238136,0.1,0.095158252970356,11280.553051125004,True,False
4417,890.0,534,3238670,0.1,0.10636881040059086,11282.283999583,True,False
4418,1090.0,860,3239530,0.1,0.1329421997243582,11285.100805625,True,False
4419,1840.0,908,3240438,0.1,0.10989016498795953,11288.075273542003,True,False
4420,1930.0,811,3241249,0.1,0.11906163139369687,11290.733428917003,True,False
4421,1440.0,743,3241992,0.1,0.12414029519003565,11293.162656833003,True,False
4422,3350.0,961,3242953,0.1,0.10610570344918718,11296.290790833002,True,False
4423,1460.0,817,3243770,0.1,0.12412582027415435,11298.969043958,True,False
4424,1150.0,675,3244445,0.1,0.10423402449656168,11301.179814249997,True,False
4425,1280.0,772,3245217,0.1,0.09483613742640908,11303.753494208002,True,False
4426,1560.0,838,3246055,0.1,0.10478925735257459,11307.341832999999,True,False
4427,1140.0,722,3246777,0.1,0.11908233334511024,11309.781928875003,True,False
4428,980.0,828,3247605,0.1,0.10189165719357378,11312.467631458,True,False
4429,830.0,515,3248120,0.1,0.13169184781957505,11314.157055208001,True,False
4430,1700.0,1218,3249338,0.1,0.1102757520704089,11318.325201375003,True,False
4431,1300.0,839,3250177,0.1,0.1253267837954419,11320.968669499998,True,False
4432,1120.0,732,3250909,0.1,0.12575757483152744,11323.487367374997,True,False
4433,1600.0,674,3251583,0.1,0.13958898313077434,11325.744082917001,True,False
4434,1450.0,738,3252321,0.1,0.10476640554497371,11328.270702292,True,False
4435,1050.0,792,3253113,0.1,0.12158174093135378,11330.889302917,True,False
4436,1250.0,945,3254058,0.1,0.1385772283252139,11334.638940999997,True,False
4437,1540.0,963,3255021,0.1,0.10630818714553884,11337.680034208002,True,False
4438,1350.0,811,3255832,0.1,0.0921681312376202,11340.403690708,True,False
4439,1910.0,881,3256713,0.1,0.11341014820235697,11343.252052791999,True,False
4440,1010.0,617,3257330,0.1,0.09555853845237137,11345.272367042002,True,False
4441,1620.0,906,3258236,0.1,0.11290689570919532,11348.262004292003,True,False
4442,1360.0,680,3258916,0.1,0.09404818432076889,11350.481355458003,True,False
4443,1380.0,693,3259609,0.1,0.12035147750997818,11352.743814667003,True,False
4444,2370.0,1087,3260696,0.1,0.09690363155267037,11356.253521792001,True,False
4445,1830.0,932,3261628,0.1,0.09800684502020542,11359.327230542003,True,False
4446,1580.0,963,3262591,0.1,0.1245497855435436,11362.421433458003,True,False
4447,1800.0,1052,3263643,0.1,0.09020745144455831,11365.822929374997,True,False
4448,610.0,497,3264140,0.1,0.12187008076906204,11367.520293875,True,False
4449,1380.0,758,3264898,0.1,0.10807894880848902,11370.010266208003,True,False
4450,650.0,520,3265418,0.1,0.13016881244973494,11371.729499542002,True,False
4451,1560.0,689,3266107,0.1,0.12195639691293933,11374.926087792002,True,False
4452,2160.0,955,3267062,0.1,0.13036421136969553,11378.086991333003,True,False
4453,1980.0,760,3267822,0.1,0.103471715052269,11380.532655625,True,False
4454,1330.0,848,3268670,0.1,0.092992215487614,11383.322173207998,True,False
4455,820.0,633,3269303,0.1,0.134500739765884,11385.372253208,True,False
4456,1060.0,660,3269963,0.1,0.08963627300479195,11387.571035207999,True,False
4457,2290.0,1147,3271110,0.1,0.12450561930104208,11391.383656167003,True,False
4458,1650.0,631,3271741,0.1,0.11180470999377438,11393.43565575,True,False
4459,2490.0,913,3272654,0.1,0.1146085466045821,11396.459394625002,True,False
4460,1820.0,826,3273480,0.1,0.1121532738406733,11399.12809775,True,False
4461,1280.0,744,3274224,0.1,0.11549036856740713,11401.569559791998,True,False
4462,1010.0,682,3274906,0.1,0.1027943058158545,11403.769848791999,True,False
4463,1150.0,710,3275616,0.1,0.11999085759011548,11406.154597375004,True,False
4464,1430.0,840,3276456,0.1,0.10726293244709571,11408.860884583002,True,False
4465,2230.0,791,3277247,0.1,0.11356743236029813,11411.471104000004,True,False
4466,630.0,466,3277713,0.1,0.10804542747891357,11412.980099291999,True,False
4467,1580.0,981,3278694,0.1,0.08254290724895438,11416.231014541998,True,False
4468,3120.0,796,3279490,0.1,0.12363428017826536,11418.818664667,True,False
4469,1620.0,1003,3280493,0.1,0.11423975655964884,11422.566581207997,True,False
4470,2010.0,948,3281441,0.1,0.12286365471528804,11425.610988917004,True,False
4471,2470.0,988,3282429,0.1,0.1251644654810308,11428.812571667004,True,False
4472,1220.0,892,3283321,0.1,0.15079746559897078,11431.779284541997,True,False
4473,1050.0,685,3284006,0.1,0.12378256578455892,11434.076285042,True,False
4474,1710.0,902,3284908,0.1,0.11177856558356929,11436.986123249997,True,False
4475,1860.0,864,3285772,0.1,0.13185011911102468,11439.811462958001,True,False
4476,1470.0,997,3286769,0.1,0.13110238573996416,11443.997214750001,True,False
4477,1280.0,816,3287585,0.1,0.11674041430666751,11446.698150958,True,False
4478,1700.0,1042,3288627,0.1,0.10572162372991442,11450.156782500002,True,False
4479,1390.0,882,3289509,0.1,0.11717826923633592,11453.020135291998,True,False
4480,2740.0,1135,3290644,0.1,0.10545131192923012,11456.731818583,True,False
4481,960.0,648,3291292,0.1,0.11570345135520638,11458.863845667001,True,False
4482,1570.0,1041,3292333,0.1,0.11277478974527465,11462.283152791999,True,False
4483,1490.0,791,3293124,0.1,0.11706519755299645,11464.853644832998,True,False
4484,1900.0,954,3294078,0.1,0.099610483704307,11468.171721917002,True,False
4485,730.0,507,3294585,0.1,0.12287178447866064,11469.798398667,True,False
4486,1800.0,950,3295535,0.1,0.09538964503582269,11472.933085458004,True,False
4487,1170.0,570,3296105,0.1,0.108925135649897,11474.792439582998,True,False
4488,2500.0,920,3297025,0.1,0.11810203671617353,11477.796704500004,True,False
4489,1720.0,790,3297815,0.1,0.12599237420156523,11480.357452792,True,False
4490,1550.0,767,3298582,0.1,0.10318793597980402,11482.858049417002,True,False
4491,990.0,644,3299226,0.1,0.10963689432890149,11485.006489500003,True,False
4492,1730.0,1032,3300258,0.1,0.10763439585187638,11488.384469750003,True,False
4493,1230.0,775,3301033,0.1,0.09207936134381392,11490.856418958,True,False
4494,2010.0,991,3302024,0.1,0.10165570074722412,11494.249961667003,True,False
4495,1350.0,819,3302843,0.1,0.13262218356534256,11496.816933583003,True,False
4496,1370.0,800,3303643,0.1,0.13636862962506713,11499.463939166999,True,False
4497,1440.0,892,3304535,0.1,0.10881756556809216,11502.325615833004,True,False
4498,1610.0,840,3305375,0.1,0.11605215658034597,11505.045341083001,True,False
4499,2210.0,983,3306358,0.1,0.09472372787966718,11508.291644124998,True,False
4500,2180.0,817,3307175,0.1,0.0865868697874248,11510.95440825,True,False
4501,1200.0,806,3307981,0.1,0.12140020161940909,11514.544582333001,True,False
4502,1740.0,728,3308709,0.1,0.12133519780300148,11516.977151667,True,False
4503,1230.0,835,3309544,0.1,0.11674819112216171,11519.662779457998,True,False
4504,2210.0,935,3310479,0.1,0.12126991231106382,11522.701327583003,True,False
4505,1750.0,765,3311244,0.1,0.1368777013461416,11525.191703333003,True,False
4506,1400.0,896,3312140,0.1,0.12530820608039253,11528.141927124998,True,False
4507,1780.0,994,3313134,0.1,0.11312616252971272,11531.36114175,True,False
4508,1980.0,807,3313941,0.1,0.10716231885633551,11533.987716042,True,False
4509,970.0,695,3314636,0.1,0.11675383264049032,11536.266439958003,True,False
4510,960.0,596,3315232,0.1,0.1335162773928386,11538.212990166998,True,False
4511,1110.0,731,3315963,0.1,0.13176184904935595,11540.590138291998,True,False
4512,1410.0,1010,3316973,0.1,0.12387301127164967,11543.9152875,True,False
4513,1480.0,1229,3318202,0.1,0.12759396257880068,11547.903656125003,True,False
4514,880.0,611,3318813,0.1,0.16659647407728473,11549.884854750002,True,False
4515,1410.0,671,3319484,0.1,0.10586759615467772,11552.102860167004,True,False
4516,1710.0,823,3320307,0.1,0.10381702848869126,11554.78385475,True,False
4517,1790.0,865,3321172,0.1,0.10369078006406533,11557.634779166998,True,False
4518,2090.0,894,3322066,0.1,0.11562298363567468,11560.639234625,True,False
4519,520.0,425,3322491,0.1,0.12187385938639911,11562.074812500003,True,False
4520,1750.0,854,3323345,0.1,0.10208064255905207,11564.848549292,True,False
4521,1980.0,907,3324252,0.1,0.10996042609641468,11567.853113999998,True,False
4522,1210.0,781,3325033,0.1,0.125332851946736,11570.443813667,True,False
4523,2160.0,1108,3326141,0.1,0.11890378643486259,11574.079935875001,True,False
4524,1720.0,774,3326915,0.1,0.14013824915426537,11576.717649625003,True,False
4525,2200.0,864,3327779,0.1,0.10883457781057115,11579.537356667002,True,False
4526,1070.0,568,3328347,0.1,0.12356556311879359,11582.51575875,True,False
4527,1560.0,1110,3329457,0.1,0.12212484221396258,11586.313576250002,True,False
4528,910.0,706,3330163,0.1,0.13083974724974146,11588.640659999997,True,False
4529,1120.0,707,3330870,0.1,0.11643496677700409,11590.994112500004,True,False
4530,1120.0,574,3331444,0.1,0.10629483303313868,11592.850924874998,True,False
4531,1680.0,907,3332351,0.1,0.11450411737031113,11595.850342208003,True,False
4532,1700.0,869,3333220,0.1,0.11273061840393402,11598.655314292002,True,False
4533,2060.0,797,3334017,0.1,0.1164243958478597,11601.273061542,True,False
4534,1260.0,730,3334747,0.1,0.09792422194156673,11603.631171292,True,False
4535,1360.0,879,3335626,0.1,0.13058429432355545,11606.553909292,True,False
4536,2530.0,1027,3336653,0.1,0.12376140164581022,11609.898494458,True,False
4537,1450.0,940,3337593,0.1,0.11212110168280753,11613.087475583001,True,False
4538,2230.0,867,3338460,0.1,0.09696921171440233,11615.960188208002,True,False
4539,1340.0,810,3339270,0.1,0.14150243146935165,11618.668981417002,True,False
4540,1430.0,643,3339913,0.1,0.1238345435432951,11620.918353499997,True,False
4541,940.0,600,3340513,0.1,0.12098971569289764,11623.013042291997,True,False
4542,2160.0,907,3341420,0.1,0.11112657154085614,11626.058416624997,True,False
4543,320.0,420,3341840,0.1,0.15950310865328426,11627.513116167,True,False
4544,2320.0,1056,3342896,0.1,0.11481190163105952,11631.047345667,True,False
4545,1040.0,784,3343680,0.1,0.16641078697403475,11633.595173125002,True,False
4546,1630.0,996,3344676,0.1,0.1422521951327841,11636.952399875001,True,False
4547,620.0,636,3345312,0.1,0.12229445022560141,11639.061178832999,True,False
4548,1580.0,986,3346298,0.1,0.12282185136847865,11642.347888582997,True,False
4549,1580.0,856,3347154,0.1,0.1351894104383259,11645.128539208003,True,False
4550,1270.0,660,3347814,0.1,0.1365827887460138,11647.354557792001,True,False
4551,1830.0,774,3348588,0.1,0.11686312931484168,11650.906454707998,True,False
4552,1780.0,809,3349397,0.1,0.12496406169110301,11653.776716749999,True,False
4553,3100.0,967,3350364,0.1,0.11613704325739017,11656.932504792,True,False
4554,2200.0,900,3351264,0.1,0.1216086944937706,11659.898916208003,True,False
4555,1700.0,992,3352256,0.1,0.10870025210803555,11663.158253292,True,False
4556,1830.0,767,3353023,0.1,0.12286990801974429,11665.681453833,True,False
4557,1530.0,1050,3354073,0.1,0.12334729141127247,11669.169618792002,True,False
4558,1960.0,712,3354785,0.1,0.11941379544147279,11671.504143416998,True,False
4559,2670.0,918,3355703,0.1,0.12853331445801727,11674.574012792,True,False
4560,1620.0,1139,3356842,0.1,0.12549363065576344,11678.377266958,True,False
4561,1250.0,955,3357797,0.1,0.10833327271137776,11681.542173708003,True,False
4562,1390.0,1215,3359012,0.1,0.12443127108149622,11685.513729958002,True,False
4563,1600.0,770,3359782,0.1,0.10857992420399872,11688.153813042001,True,False
4564,1740.0,663,3360445,0.1,0.1557694053254932,11690.448173875004,True,False
4565,1710.0,1170,3361615,0.1,0.12687221338513166,11694.266750374998,True,False
4566,1630.0,1010,3362625,0.1,0.12001477897520593,11697.569682041998,True,False
4567,1790.0,918,3363543,0.1,0.12569418211984063,11700.616195374998,True,False
4568,2100.0,1012,3364555,0.1,0.12985966024780463,11703.942787250002,True,False
4569,2740.0,1012,3365567,0.1,0.1287340235311111,11707.311199707998,True,False
4570,2110.0,850,3366417,0.1,0.1365661944214587,11710.101492542002,True,False
4571,860.0,723,3367140,0.1,0.11761668674359664,11712.528386124999,True,False
4572,1630.0,918,3368058,0.1,0.11163121551340324,11715.510931167002,True,False
4573,1210.0,650,3368708,0.1,0.14348798957110548,11717.780184917,True,False
4574,1860.0,1086,3369794,0.1,0.11661314331270012,11721.313342542002,True,False
4575,600.0,536,3370330,0.1,0.1176348996223576,11723.077587,True,False
4576,1410.0,887,3371217,0.1,0.11953972736457447,11727.005372749998,True,False
4577,2160.0,1101,3372318,0.1,0.09906165782700885,11730.609682167,True,False
4578,1830.0,918,3373236,0.1,0.13230428577441236,11733.630981000002,True,False
4579,770.0,691,3373927,0.1,0.13404467970479367,11735.866739999998,True,False
4580,1360.0,865,3374792,0.1,0.11521837944465299,11738.717460749998,True,False
4581,1920.0,996,3375788,0.1,0.119493928330251,11741.945040208004,True,False
4582,1490.0,761,3376549,0.1,0.1479624909201735,11744.471903124999,True,False
4583,1720.0,988,3377537,0.1,0.119990672101738,11747.720445792002,True,False
4584,1200.0,664,3378201,0.1,0.12864971094686223,11750.061858583002,True,False
4585,2040.0,922,3379123,0.1,0.13886043567048467,11753.037988582997,True,False
4586,1920.0,871,3379994,0.1,0.1171177475106552,11755.871006125002,True,False
4587,3080.0,1254,3381248,0.1,0.12509703798705984,11760.013884207998,True,False
4588,1590.0,845,3382093,0.1,0.09811665134513266,11762.779373833,True,False
4589,1850.0,1020,3383113,0.1,0.09748859097268067,11766.260609707999,True,False
4590,2080.0,941,3384054,0.1,0.11402391355405463,11769.436427583001,True,False
4591,1500.0,864,3384918,0.1,0.1165134738009699,11772.275734374998,True,False
4592,1160.0,828,3385746,0.1,0.11793216517654018,11774.993417375,True,False
4593,2580.0,715,3386461,0.1,0.11657070347716689,11777.356585542002,True,False
4594,1300.0,772,3387233,0.1,0.13004943961036328,11779.888227249998,True,False
4595,1120.0,864,3388097,0.1,0.12952025117421592,11782.756326292001,True,False
4596,1990.0,777,3388874,0.1,0.11015347300154954,11785.275849457998,True,False
4597,1780.0,746,3389620,0.1,0.11988239715443576,11787.754252416998,True,False
4598,1730.0,1059,3390679,0.1,0.10422561482780358,11791.236238792,True,False
4599,1640.0,900,3391579,0.1,0.09784198448061943,11794.183356708003,True,False
4600,1520.0,1035,3392614,0.1,0.08948845783802303,11797.595435333002,True,False
4601,1550.0,1016,3393630,0.1,0.1263249765744242,11801.846945875004,True,False
4602,1240.0,628,3394258,0.1,0.12316558973946769,11803.938038375003,True,False
4603,2540.0,875,3395133,0.1,0.11660760825661491,11806.821531499998,True,False
4604,2630.0,1083,3396216,0.1,0.1184193787415859,11810.632244875,True,False
4605,1250.0,899,3397115,0.1,0.11269246848366622,11813.545976166999,True,False
4606,1830.0,1155,3398270,0.1,0.11779721008426797,11817.449201832998,True,False
4607,2190.0,933,3399203,0.1,0.1209865662513117,11820.497608625003,True,False
4608,1800.0,820,3400023,0.1,0.10062293749211765,11823.229727416998,True,False
4609,1800.0,1218,3401241,0.1,0.09911167333360578,11827.319549833002,True,False
4610,1230.0,716,3401957,0.1,0.09137920160158719,11829.916452625002,True,False
4611,290.0,422,3402379,0.1,0.12116737741799581,11831.338521042002,True,False
4612,2180.0,936,3403315,0.1,0.09968009964427632,11834.476102417,True,False
4613,1710.0,723,3404038,0.1,0.09717396962667368,11836.861474750003,True,False
4614,660.0,516,3404554,0.1,0.08170390079996383,11838.687154667,True,False
4615,2210.0,1060,3405614,0.1,0.10661468062338963,11842.179445374997,True,False
4616,2110.0,890,3406504,0.1,0.0946595150175517,11845.586766875,True,False
4617,1480.0,586,3407090,0.1,0.08668847959998945,11848.115920249998,True,False
4618,2110.0,1114,3408204,0.1,0.11264125491395646,11851.742689083003,True,False
4619,1440.0,982,3409186,0.1,0.11696343408251295,11854.944576082999,True,False
4620,1680.0,664,3409850,0.1,0.079993342408484,11857.157944708,True,False
4621,1750.0,858,3410708,0.1,0.10452146070121332,11859.957954457997,True,False
4622,2150.0,783,3411491,0.1,0.12514885291457176,11862.541928708,True,False
4623,2810.0,970,3412461,0.1,0.11704493813799242,11865.719237999998,True,False
4624,2770.0,1052,3413513,0.1,0.11228956539934579,11869.288156916999,True,False
4625,1340.0,782,3414295,0.1,0.09465177883513463,11871.835768541998,True,False
4626,1350.0,709,3415004,0.1,0.11276798889961805,11875.031558625,True,False
4627,1080.0,886,3415890,0.1,0.08997015569915329,11878.076762917,True,False
4628,2450.0,834,3416724,0.1,0.10140348782843095,11880.816605083004,True,False
4629,340.0,343,3417067,0.1,0.13214604436036417,11882.003406542004,True,False
4630,1190.0,729,3417796,0.1,0.10713992088707418,11884.386495125,True,False
4631,930.0,653,3418449,0.1,0.10336960682451177,11886.595200583004,True,False
4632,1460.0,860,3419309,0.1,0.11676083193268887,11889.413113417002,True,False
4633,2160.0,959,3420268,0.1,0.13273927070355665,11892.61838475,True,False
4634,1580.0,585,3420853,0.1,0.11893686357477348,11894.535148583003,True,False
4635,1440.0,891,3421744,0.1,0.11769152532076889,11897.479373625,True,False
4636,380.0,435,3422179,0.1,0.08677992712775315,11898.931279999997,True,False
4637,1040.0,607,3422786,0.1,0.10499992162773483,11900.899855208001,True,False
4638,2890.0,964,3423750,0.1,0.11634563684803569,11904.109167000002,True,False
4639,1650.0,1262,3425012,0.1,0.1205842430479353,11909.150214292,True,False
4640,2620.0,938,3425950,0.1,0.13171086785916844,11912.252834625004,True,False
4641,370.0,454,3426404,0.1,0.10781751479953527,11913.805291458004,True,False
4642,1530.0,1026,3427430,0.1,0.10326061269006459,11917.168894667004,True,False
4643,1890.0,909,3428339,0.1,0.1192185462489396,11920.433106625002,True,False
4644,2350.0,924,3429263,0.1,0.11212182168352913,11923.426109458,True,False
4645,2410.0,986,3430249,0.1,0.11084492325873269,11926.775201792,True,False
4646,1520.0,936,3431185,0.1,0.11697082847165756,11929.999400792003,True,False
4647,1600.0,587,3431772,0.1,0.10244482115772711,11931.958622167003,True,False
4648,1790.0,988,3432760,0.1,0.1195447693846607,11935.211907750003,True,False
4649,1360.0,799,3433559,0.1,0.13445916161615046,11937.8242675,True,False
4650,1550.0,681,3434240,0.1,0.13229394602801717,11940.092188083,True,False
4651,1440.0,766,3435006,0.1,0.11318069170789881,11943.785756792,True,False
4652,1090.0,658,3435664,0.1,0.11725272636747722,11946.054533875002,True,False
4653,2540.0,877,3436541,0.1,0.12948790861965587,11948.919646417002,True,False
4654,760.0,607,3437148,0.1,0.12067988552888365,11950.965067083001,True,False
4655,1420.0,889,3438037,0.1,0.10590078591092213,11953.900935708,True,False
4656,1930.0,935,3438972,0.1,0.1074286569467085,11956.991523167002,True,False
4657,1940.0,800,3439772,0.1,0.127968592280522,11959.621478375004,True,False
4658,2000.0,1035,3440807,0.1,0.10081506256995969,11963.055330958,True,False
4659,1980.0,754,3441561,0.1,0.09285298777280976,11965.537360333,True,False
4660,1470.0,779,3442340,0.1,0.10899081317087014,11968.852917375,True,False
4661,2020.0,686,3443026,0.1,0.11401795850772607,11971.064752332997,True,False
4662,2110.0,758,3443784,0.1,0.08788768047172772,11973.601190166999,True,False
4663,1030.0,627,3444411,0.1,0.10411160681635523,11975.718410708003,True,False
4664,1040.0,782,3445193,0.1,0.10692882257494696,11978.279257208,True,False
4665,360.0,398,3445591,0.1,0.13498921415796786,11979.628671583,True,False
4666,2020.0,970,3446561,0.1,0.0989175147449774,11982.916570207999,True,False
4667,1290.0,636,3447197,0.1,0.08772118088537417,11985.007852000002,True,False
4668,1510.0,911,3448108,0.1,0.11473701283204973,11988.093945375003,True,False
4669,3290.0,908,3449016,0.1,0.12617453437150838,11991.112767083003,True,False
4670,1300.0,689,3449705,0.1,0.11689674760063373,11993.371040708,True,False
4671,1680.0,821,3450526,0.1,0.1374885094420212,11996.095633917,True,False
4672,1320.0,758,3451284,0.1,0.11126768719404936,11998.602804542003,True,False
4673,2100.0,778,3452062,0.1,0.11270837777668667,12001.155537833001,True,False
4674,1400.0,549,3452611,0.1,0.12569933052915727,12003.014457292003,True,False
4675,1920.0,847,3453458,0.1,0.11166608348084649,12005.960905917003,True,False
4676,1010.0,647,3454105,0.1,0.12233719785042384,12009.274961333002,True,False
4677,2480.0,957,3455062,0.1,0.10993822152769217,12012.547922708,True,False
4678,2010.0,849,3455911,0.1,0.12048243652185742,12015.438102082997,True,False
4679,750.0,569,3456480,0.1,0.13831704535840691,12017.326586625,True,False
4680,1720.0,1085,3457565,0.1,0.12829546869570918,12020.936046916999,True,False
4681,1150.0,698,3458263,0.1,0.16016665580628933,12023.251968042001,True,False
4682,1850.0,1170,3459433,0.1,0.13000608310611989,12027.144580792003,True,False
4683,1270.0,814,3460247,0.1,0.12209149533561592,12030.391995750004,True,False
4684,830.0,600,3460847,0.1,0.11389329904069503,12032.287959292,True,False
4685,940.0,574,3461421,0.1,0.13251402725776038,12034.237269333003,True,False
4686,1450.0,758,3462179,0.1,0.1380352382030752,12036.711743542,True,False
4687,2070.0,788,3462967,0.1,0.17726280491061622,12039.358779125003,True,False
4688,1480.0,755,3463722,0.1,0.12169786491406658,12041.830765125,True,False
4689,1390.0,789,3464511,0.1,0.15156788100029914,12044.460829374999,True,False
4690,1400.0,805,3465316,0.1,0.1496420892619408,12047.117428416997,True,False
4691,1680.0,852,3466168,0.1,0.13814854098947396,12049.996546916998,True,False
4692,2280.0,869,3467037,0.1,0.12043724581599236,12052.826408708002,True,False
4693,1580.0,864,3467901,0.1,0.15100124439535043,12055.676246000003,True,False
4694,1210.0,685,3468586,0.1,0.11492707188192167,12057.925926292002,True,False
4695,1410.0,910,3469496,0.1,0.11551967825283084,12060.935682249998,True,False
4696,2610.0,950,3470446,0.1,0.13794234185970786,12064.032864875,True,False
4697,1870.0,902,3471348,0.1,0.12448900085832693,12067.210156542002,True,False
4698,1130.0,597,3471945,0.1,0.12475589832803546,12069.146325542002,True,False
4699,1340.0,669,3472614,0.1,0.11283979862705319,12071.416991332997,True,False
4700,1840.0,789,3473403,0.1,0.15800100792823407,12074.081777207997,True,False
4701,670.0,471,3473874,0.1,0.1302493652960254,12076.822766167003,True,False
4702,1630.0,893,3474767,0.1,0.12738391122208584,12079.899722875001,True,False
4703,2940.0,824,3475591,0.1,0.12976692144948881,12082.597973333002,True,False
4704,2070.0,1005,3476596,0.1,0.1245397023841857,12085.945115957998,True,False
4705,1560.0,878,3477474,0.1,0.14392285085534123,12088.939988708,True,False
4706,2040.0,770,3478244,0.1,0.11796255134663743,12091.472909333002,True,False
4707,1520.0,798,3479042,0.1,0.12989502208279305,12094.147326582999,True,False
4708,1420.0,963,3480005,0.1,0.11773528731370121,12097.304418958003,True,False
4709,1840.0,757,3480762,0.1,0.12047769451543452,12100.908647167002,True,False
4710,1440.0,686,3481448,0.1,0.12126859500571045,12103.204614499999,True,False
4711,1540.0,863,3482311,0.1,0.13634099768864555,12106.131892999998,True,False
4712,1870.0,888,3483199,0.1,0.12604653539958302,12109.135641583001,True,False
4713,2730.0,1119,3484318,0.1,0.1403892942172076,12112.83735175,True,False
4714,2360.0,1118,3485436,0.1,0.1271380753988134,12116.511505791997,True,False
4715,1250.0,764,3486200,0.1,0.1559713779417164,12119.029423291999,True,False
4716,760.0,748,3486948,0.1,0.14081455012633998,12121.499572708002,True,False
4717,1550.0,729,3487677,0.1,0.11681485599787025,12123.917977083001,True,False
4718,1610.0,911,3488588,0.1,0.13346587992354966,12126.931876083,True,False
4719,1440.0,1125,3489713,0.1,0.1255487057304149,12130.629278792003,True,False
4720,2120.0,987,3490700,0.1,0.126268923252459,12133.976697667,True,False
4721,3050.0,871,3491571,0.1,0.13144217486480414,12136.830520625,True,False
4722,1660.0,888,3492459,0.1,0.13488686844068873,12139.774882625003,True,False
4723,1330.0,727,3493186,0.1,0.1181348408316518,12142.142997042,True,False
4724,2090.0,849,3494035,0.1,0.11716262346028157,12144.967630457999,True,False
4725,1090.0,661,3494696,0.1,0.1307442252670067,12147.141801874997,True,False
4726,2050.0,907,3495603,0.1,0.13693774794846508,12151.121630792004,True,False
4727,980.0,550,3496153,0.1,0.1567151775934558,12153.009710833001,True,False
4728,1440.0,813,3496966,0.1,0.13510387672542645,12155.632249082999,True,False
4729,1050.0,918,3497884,0.1,0.1196242105944649,12158.693800250003,True,False
4730,1950.0,1081,3498965,0.1,0.13000611842230514,12163.135866541998,True,False
4731,680.0,568,3499533,0.1,0.10915825088364138,12164.935025625004,True,False
4732,1750.0,1131,3500664,0.1,0.14588027977624862,12168.808923083001,True,False
4733,1600.0,910,3501574,0.1,0.13768223710850472,12171.820952417002,True,False
4734,4390.0,691,3502265,0.1,0.14620495861062424,12174.118947208,True,False
4735,2760.0,943,3503208,0.1,0.12109357807627422,12177.240216999999,True,False
4736,1760.0,1050,3504258,0.1,0.12917720475269637,12180.677018957998,True,False
4737,1500.0,826,3505084,0.1,0.11751424415028038,12183.435542749998,True,False
4738,1680.0,619,3505703,0.1,0.14494805021042173,12185.479915208001,True,False
4739,3140.0,855,3506558,0.1,0.1531102575152834,12188.351422583,True,False
4740,1820.0,976,3507534,0.1,0.11263138689406094,12191.580622167,True,False
4741,910.0,684,3508218,0.1,0.12584981543409546,12193.939322332997,True,False
4742,2030.0,826,3509044,0.1,0.13717336249020365,12196.629642042004,True,False
4743,1870.0,820,3509864,0.1,0.12853349562643504,12199.459190125002,True,False
4744,1680.0,1015,3510879,0.1,0.13211291019801094,12202.887789,True,False
4745,1420.0,738,3511617,0.1,0.13537792519137665,12205.288641250001,True,False
4746,1010.0,870,3512487,0.1,0.12846952550593885,12208.232273374997,True,False
4747,1160.0,1047,3513534,0.1,0.131633510877101,12211.670410708,True,False
4748,2500.0,827,3514361,0.1,0.09867414653049288,12214.427805958003,True,False
4749,1330.0,837,3515198,0.1,0.12423512584676868,12217.178511042002,True,False
4750,820.0,587,3515785,0.1,0.12307658771268365,12219.144680292004,True,False
4751,2110.0,918,3516703,0.1,0.10741782150186566,12224.317184,True,False
4752,1970.0,911,3517614,0.1,0.11883301390008184,12227.402729000001,True,False
4753,1420.0,787,3518401,0.1,0.11557779674829566,12230.083093708003,True,False
4754,1880.0,782,3519183,0.1,0.12096002734242342,12232.696515625,True,False
4755,1430.0,685,3519868,0.1,0.09634478352314164,12234.978106708004,True,False
4756,2490.0,668,3520536,0.1,0.12522826531154665,12237.223008166999,True,False
4757,1830.0,1228,3521764,0.1,0.11838557891523412,12241.293918042,True,False
4758,2420.0,1039,3522803,0.1,0.10222708254793667,12244.734568332999,True,False
4759,1460.0,696,3523499,0.1,0.11963417126272602,12247.072901125,True,False
4760,300.0,332,3523831,0.1,0.12041683596031494,12248.179654250001,True,False
4761,2260.0,986,3524817,0.1,0.13869357677666763,12251.460017292004,True,False
4762,1870.0,1019,3525836,0.1,0.12214208557179161,12254.804189292001,True,False
4763,2860.0,961,3526797,0.1,0.12103660179612537,12257.966436583003,True,False
4764,2050.0,838,3527635,0.1,0.14658960224124803,12260.744387667,True,False
4765,1900.0,747,3528382,0.1,0.1267190485057187,12263.278605500003,True,False
4766,1920.0,783,3529165,0.1,0.11525989426489995,12265.921057874999,True,False
4767,1530.0,923,3530088,0.1,0.1198068531028507,12268.922235500002,True,False
4768,820.0,542,3530630,0.1,0.13125148640462644,12270.734882792,True,False
4769,1340.0,694,3531324,0.1,0.12382171874673202,12273.025978500002,True,False
4770,1520.0,917,3532241,0.1,0.10979132018332659,12276.081210208002,True,False
4771,1170.0,822,3533063,0.1,0.09812950357431319,12278.773214250003,True,False
4772,1550.0,848,3533911,0.1,0.11918189790416157,12281.629873667,True,False
4773,2040.0,889,3534800,0.1,0.12740762418996326,12285.303099917,True,False
4774,1490.0,821,3535621,0.1,0.13084091938486914,12288.031587541998,True,False
4775,1540.0,1104,3536725,0.1,0.10076211472514315,12291.739254583,True,False
4776,1960.0,1115,3537840,0.1,0.11985630005945228,12296.689254792,True,False
4777,1630.0,1023,3538863,0.1,0.09503496508387958,12300.044655792,True,False
4778,2450.0,855,3539718,0.1,0.09149387518866597,12302.892469542,True,False
4779,1620.0,854,3540572,0.1,0.13496732735292655,12305.692062000002,True,False
4780,1530.0,936,3541508,0.1,0.12712811888792577,12308.811535250003,True,False
4781,3070.0,837,3542345,0.1,0.1367462153444022,12311.585042542,True,False
4782,1860.0,754,3543099,0.1,0.10022334826793125,12314.091961167003,True,False
4783,1480.0,773,3543872,0.1,0.10415569103332524,12316.663675042,True,False
4784,1120.0,693,3544565,0.1,0.0887283277724778,12318.959363374997,True,False
4785,1760.0,913,3545478,0.1,0.10557555831282546,12321.980169374998,True,False
4786,700.0,584,3546062,0.1,0.10815304045705762,12323.932528167003,True,False
4787,1470.0,864,3546926,0.1,0.12672583660524753,12326.926340792,True,False
4788,1850.0,726,3547652,0.1,0.10355563300078387,12329.310584958002,True,False
4789,1720.0,678,3548330,0.1,0.10658558730322581,12331.565579208,True,False
4790,1590.0,914,3549244,0.1,0.09775637066618063,12334.607052250001,True,False
4791,1530.0,959,3550203,0.1,0.09623354113812727,12337.742238500003,True,False
4792,680.0,501,3550704,0.1,0.08808236860389275,12339.443833042002,True,False
4793,3010.0,838,3551542,0.1,0.09692369429973895,12342.256983207997,True,False
4794,1300.0,777,3552319,0.1,0.10728021545009207,12345.344828957997,True,False
4795,1490.0,804,3553123,0.1,0.10773550567972423,12347.97060475,True,False
4796,840.0,740,3553863,0.1,0.1125326476890493,12350.560974500004,True,False
4797,1470.0,805,3554668,0.1,0.13244015731765788,12353.167076208003,True,False
4798,760.0,804,3555472,0.1,0.11619291570389745,12355.884554208002,True,False
4799,2310.0,887,3556359,0.1,0.12669194237712553,12358.775157458003,True,False
4800,1790.0,891,3557250,0.1,0.12014678073838153,12361.705342250003,True,False
4801,2290.0,884,3558134,0.1,0.0961355911104253,12365.840048874998,True,False
4802,1620.0,1038,3559172,0.1,0.12873048993329017,12369.4113325,True,False
4803,1660.0,875,3560047,0.1,0.11661826778169072,12372.349938917003,True,False
4804,1380.0,917,3560964,0.1,0.10838562812170256,12375.376704167,True,False
4805,1400.0,891,3561855,0.1,0.14001209641227852,12378.339051875002,True,False
4806,880.0,632,3562487,0.1,0.11217486593117819,12380.409510083002,True,False
4807,1580.0,1218,3563705,0.1,0.12980190790334686,12384.470692957999,True,False
4808,1750.0,1343,3565048,0.1,0.13293239190464928,12388.840494875003,True,False
4809,2900.0,759,3565807,0.1,0.11421523781286345,12391.351711542004,True,False
4810,1790.0,912,3566719,0.1,0.1214586065739001,12394.397743333,True,False
4811,1530.0,990,3567709,0.1,0.1158318921863552,12397.765442417003,True,False
4812,1660.0,824,3568533,0.1,0.12531756644037742,12400.52092725,True,False
4813,1380.0,784,3569317,0.1,0.09834346122925683,12403.180266542004,True,False
4814,1280.0,821,3570138,0.1,0.11237618388017503,12405.908327875004,True,False
4815,2370.0,876,3571014,0.1,0.10328808280567056,12408.943101042001,True,False
4816,800.0,670,3571684,0.1,0.10261660182316389,12411.161639874997,True,False
4817,1360.0,1036,3572720,0.1,0.10532839744420125,12415.200453999998,True,False
4818,1890.0,855,3573575,0.1,0.11672276613508031,12418.416394833002,True,False
4819,1030.0,779,3574354,0.1,0.1240951132411376,12421.018450875003,True,False
4820,2850.0,1047,3575401,0.1,0.11753118182496942,12424.597480000004,True,False
4821,1340.0,569,3575970,0.1,0.12766265168681112,12426.463673917002,True,False
4822,450.0,398,3576368,0.1,0.12142625510692596,12427.829123791998,True,False
4823,680.0,711,3577079,0.1,0.11671119734729077,12430.153980333002,True,False
4824,2370.0,964,3578043,0.1,0.11464263256871107,12433.360248707999,True,False
4825,1710.0,1106,3579149,0.1,0.1124865088665636,12436.956482208,True,False
4826,1500.0,716,3579865,0.1,0.11489561558102762,12440.302732666998,True,False
4827,1310.0,761,3580626,0.1,0.10897676867285841,12442.879640250001,True,False
4828,1400.0,713,3581339,0.1,0.10891811661631538,12445.185355250003,True,False
4829,1620.0,902,3582241,0.1,0.11706816793246343,12448.213918333,True,False
4830,3320.0,1070,3583311,0.1,0.10331678054947754,12451.716938625003,True,False
4831,1650.0,717,3584028,0.1,0.14150976106110547,12454.229934916999,True,False
4832,1330.0,1141,3585169,0.1,0.117892896769601,12457.921842666998,True,False
4833,1750.0,849,3586018,0.1,0.1418970859135097,12460.686479249998,True,False
4834,1350.0,875,3586893,0.1,0.12815017328857015,12463.602452332998,True,False
4835,1910.0,995,3587888,0.1,0.10443512271775539,12466.887974124998,True,False
4836,1780.0,1014,3588902,0.1,0.11569401657893488,12470.278388958002,True,False
4837,690.0,600,3589502,0.1,0.11882145497947931,12472.2393925,True,False
4838,610.0,473,3589975,0.1,0.105940147697673,12473.816106375001,True,False
4839,1050.0,574,3590549,0.1,0.1254810929401881,12475.819793916999,True,False
4840,2000.0,816,3591365,0.1,0.11461984973364309,12478.521686500004,True,False
4841,1430.0,905,3592270,0.1,0.12601886771256682,12481.554101624999,True,False
4842,2230.0,969,3593239,0.1,0.13094050431054485,12484.714862417,True,False
4843,2750.0,774,3594013,0.1,0.1344366302502524,12487.981455833004,True,False
4844,1620.0,950,3594963,0.1,0.11022794437653656,12491.086198292003,True,False
4845,1680.0,1027,3595990,0.1,0.1307804387367189,12494.564057249998,True,False
4846,2190.0,1040,3597030,0.1,0.126086149780223,12497.967325208003,True,False
4847,1470.0,685,3597715,0.1,0.09162224469739094,12500.255471999997,True,False
4848,1250.0,705,3598420,0.1,0.09724594790509529,12502.599402083004,True,False
4849,1210.0,722,3599142,0.1,0.11621313426229689,12504.991542000003,True,False
4850,1890.0,741,3599883,0.1,0.11623185838799219,12507.420301167003,True,False
4851,1450.0,1016,3600899,0.1,0.11240447586123634,12511.812721832997,True,False
4852,1830.0,875,3601774,0.1,0.1145474638228547,12514.687647042003,True,False
4853,1460.0,738,3602512,0.1,0.11723925459223825,12517.128027874998,True,False
4854,1370.0,915,3603427,0.1,0.11211767961810294,12520.157678333002,True,False
4855,2050.0,1197,3604624,0.1,0.11126589526111881,12524.099277166999,True,False
4856,1450.0,658,3605282,0.1,0.11700943137360055,12526.316074583003,True,False
4857,1870.0,909,3606191,0.1,0.11273588498619422,12529.427779416998,True,False
4858,2820.0,886,3607077,0.1,0.13209664207455274,12532.336687042,True,False
4859,1420.0,1105,3608182,0.1,0.12220304205581761,12536.004296958003,True,False
4860,2090.0,1382,3609564,0.1,0.11218523812302619,12540.631676208002,True,False
4861,3130.0,1132,3610696,0.1,0.09249078695639283,12544.385878000001,True,False
4862,1940.0,994,3611690,0.1,0.11756916299101806,12547.719163708003,True,False
4863,760.0,569,3612259,0.1,0.0991513351057197,12549.649490458003,True,False
4864,2390.0,761,3613020,0.1,0.10654902622025675,12552.155203499999,True,False
4865,1930.0,951,3613971,0.1,0.10921116526934165,12555.316050417001,True,False
4866,1790.0,842,3614813,0.1,0.1067712998097118,12558.099639917004,True,False
4867,1760.0,928,3615741,0.1,0.11586234895191316,12561.142902624997,True,False
4868,640.0,528,3616269,0.1,0.10868585561261032,12562.921936042003,True,False
4869,2130.0,828,3617097,0.1,0.09180634001782839,12565.688185625004,True,False
4870,1440.0,805,3617902,0.1,0.1008135761639372,12568.36360525,True,False
4871,2090.0,1004,3618906,0.1,0.10508646711380595,12571.697489208003,True,False
4872,1690.0,1000,3619906,0.1,0.09996107146143914,12575.059722333004,True,False
4873,1160.0,663,3620569,0.1,0.12471984036782958,12577.230338458001,True,False
4874,1620.0,748,3621317,0.1,0.11822302683809384,12579.738833083,True,False
4875,1890.0,838,3622155,0.1,0.11211676616667275,12582.602795708,True,False
4876,1020.0,783,3622938,0.1,0.13030803020169235,12586.196344791999,True,False
4877,1590.0,1416,3624354,0.1,0.10835968733549455,12590.995131167001,True,False
4878,1200.0,624,3624978,0.1,0.12719191345744407,12593.055130417,True,False
4879,860.0,764,3625742,0.1,0.1145848614207581,12595.624717958002,True,False
4880,1650.0,827,3626569,0.1,0.10697649649663823,12598.360657541998,True,False
4881,1780.0,1036,3627605,0.1,0.10856429490343485,12601.788097124998,True,False
4882,1720.0,946,3628551,0.1,0.1065264261580246,12604.931434375001,True,False
4883,1180.0,683,3629234,0.1,0.13133374802027528,12607.205728,True,False
4884,570.0,494,3629728,0.1,0.12984735273846215,12608.866060125001,True,False
4885,500.0,665,3630393,0.1,0.12811069981565318,12611.238301124999,True,False
4886,380.0,461,3630854,0.1,0.11209850746976292,12612.83805975,True,False
4887,2200.0,939,3631793,0.1,0.12045696459393553,12615.973602167003,True,False
4888,1290.0,865,3632658,0.1,0.11548610842200341,12618.851135042001,True,False
4889,1680.0,890,3633548,0.1,0.10032257235153774,12621.903905042003,True,False
4890,910.0,702,3634250,0.1,0.11497076679553304,12624.191812083001,True,False
4891,1690.0,899,3635149,0.1,0.12064652654031913,12627.424146582998,True,False
4892,970.0,765,3635914,0.1,0.1356703978890056,12630.402088208,True,False
4893,1600.0,1157,3637071,0.1,0.12878705924666878,12634.233980625002,True,False
4894,2060.0,950,3638021,0.1,0.11817076676251258,12637.337014792,True,False
4895,2200.0,773,3638794,0.1,0.10937288332093564,12639.922063500002,True,False
4896,1490.0,1249,3640043,0.1,0.11242457896542664,12644.024127124998,True,False
4897,1360.0,831,3640874,0.1,0.12386361064496808,12646.854754624997,True,False
4898,1510.0,1276,3642150,0.1,0.10672941502639119,12651.140129332998,True,False
4899,1740.0,996,3643146,0.1,0.09327245357046166,12654.421830792002,True,False
4900,1270.0,870,3644016,0.1,0.10984956843077863,12657.278230832999,True,False
4901,1670.0,937,3644953,0.1,0.10576768619064082,12661.484680250003,True,False
4902,2130.0,1129,3646082,0.1,0.10134340934323292,12665.236606792001,True,False
4903,1600.0,846,3646928,0.1,0.12629639945115964,12668.193994624999,True,False
4904,1500.0,847,3647775,0.1,0.10928644893152453,12670.953323542002,True,False
4905,2210.0,928,3648703,0.1,0.13053034534999008,12674.009516500002,True,False
4906,1920.0,817,3649520,0.1,0.10044014775534955,12676.755433208004,True,False
4907,1830.0,937,3650457,0.1,0.1255252213559599,12679.869459624999,True,False
4908,1830.0,891,3651348,0.1,0.10273981167863837,12682.813044957998,True,False
4909,1870.0,787,3652135,0.1,0.1269145972779667,12685.410906167002,True,False
4910,2130.0,1034,3653169,0.1,0.10932419243408907,12688.840423041998,True,False
4911,2440.0,901,3654070,0.1,0.10704025347199705,12691.812356542003,True,False
4912,2150.0,843,3654913,0.1,0.10861439429117604,12694.599722833002,True,False
4913,2670.0,841,3655754,0.1,0.1118117395965826,12697.485629708004,True,False
4914,1170.0,767,3656521,0.1,0.10147252622603749,12700.204641792,True,False
4915,1370.0,1076,3657597,0.1,0.11172419544101647,12703.880460833003,True,False
4916,260.0,341,3657938,0.1,0.08795125769341693,12705.036712624998,True,False
4917,1840.0,834,3658772,0.1,0.12159452478637535,12707.916029166998,True,False
4918,1280.0,711,3659483,0.1,0.11439672441847917,12710.560517917002,True,False
4919,1270.0,794,3660277,0.1,0.13685585213029505,12713.166915542002,True,False
4920,1950.0,909,3661186,0.1,0.12447143301761623,12717.500233042003,True,False
4921,1920.0,1021,3662207,0.1,0.107065150141716,12720.984423292,True,False
4922,1870.0,841,3663048,0.1,0.09704288644318897,12723.741759917,True,False
4923,1650.0,1125,3664173,0.1,0.11483310390383111,12727.558845125,True,False
4924,1490.0,763,3664936,0.1,0.11017179610061396,12730.072186958001,True,False
4925,1710.0,924,3665860,0.1,0.14002181629920418,12733.166776291997,True,False
4926,2280.0,1030,3666890,0.1,0.11803504083928895,12737.809887374999,True,False
4927,1430.0,795,3667685,0.1,0.13503988109641338,12740.413918667,True,False
4928,2670.0,822,3668507,0.1,0.10936572333661522,12743.178003417,True,False
4929,1910.0,864,3669371,0.1,0.1154766343878927,12746.00860275,True,False
4930,1250.0,992,3670363,0.1,0.11798585749291364,12749.323331833002,True,False
4931,1340.0,1143,3671506,0.1,0.13145589737638413,12753.088247583,True,False
4932,1850.0,936,3672442,0.1,0.12467630495691401,12756.187070875,True,False
4933,1750.0,959,3673401,0.1,0.1436788551043719,12759.363409874997,True,False
4934,990.0,692,3674093,0.1,0.12950415530301243,12761.644919291997,True,False
4935,1940.0,982,3675075,0.1,0.11355637383780309,12764.967036250004,True,False
4936,1610.0,878,3675953,0.1,0.12602868081832475,12767.910165000001,True,False
4937,1980.0,1145,3677098,0.1,0.11804946728207015,12771.743802625002,True,False
4938,2120.0,950,3678048,0.1,0.10671651339894082,12775.05517475,True,False
4939,830.0,600,3678648,0.1,0.11553721020619075,12777.840890250001,True,False
4940,2030.0,816,3679464,0.1,0.11037772400852512,12780.4442155,True,False
4941,1580.0,933,3680397,0.1,0.1321114343091398,12783.639812125002,True,False
4942,2200.0,970,3681367,0.1,0.10543332278943998,12786.850715041997,True,False
4943,1340.0,868,3682235,0.1,0.09680732487258824,12789.966429833003,True,False
4944,1790.0,1045,3683280,0.1,0.10077914424269026,12793.427676250001,True,False
4945,1670.0,913,3684193,0.1,0.1110216953808017,12796.502165083002,True,False
4946,1590.0,901,3685094,0.1,0.09980052649974823,12799.493959332998,True,False
4947,1120.0,693,3685787,0.1,0.1091415747957078,12801.789088708,True,False
4948,790.0,687,3686474,0.1,0.10154935576801383,12804.083733917003,True,False
4949,1880.0,1072,3687546,0.1,0.09921577605488363,12807.647898125004,True,False
4950,470.0,474,3688020,0.1,0.12333612289561444,12809.254160582997,True,False
4951,1290.0,851,3688871,0.1,0.10648673559310583,12813.150560875001,True,False
4952,1400.0,522,3689393,0.1,0.09822806023516273,12814.943241583002,True,False
4953,1960.0,945,3690338,0.1,0.11078142338448156,12818.038856,True,False
4954,460.0,442,3690780,0.1,0.10069040685623616,12819.552744958004,True,False
4955,2040.0,1039,3691819,0.1,0.1135807254542255,12823.036170375002,True,False
4956,1940.0,996,3692815,0.1,0.11456702263599419,12826.322341958003,True,False
4957,2620.0,1086,3693901,0.1,0.1118081694105914,12830.068416458002,True,False
4958,3040.0,1030,3694931,0.1,0.11556157218980882,12833.475185750001,True,False
4959,1930.0,956,3695887,0.1,0.1273488426136796,12837.258395833,True,False
4960,620.0,574,3696461,0.1,0.117632355243485,12839.218411082999,True,False
4961,1900.0,812,3697273,0.1,0.10324018165983002,12841.933347582999,True,False
4962,1870.0,798,3698071,0.1,0.10568771559988434,12844.571687666998,True,False
4963,1370.0,566,3698637,0.1,0.10429759780076188,12846.507292292,True,False
4964,520.0,406,3699043,0.1,0.09781003597718065,12847.882292791997,True,False
4965,970.0,599,3699642,0.1,0.11615662625680367,12849.856056167002,True,False
4966,1590.0,966,3700608,0.1,0.11920906473259049,12853.21501475,True,False
4967,1520.0,893,3701501,0.1,0.11221493160844918,12856.182789708,True,False
4968,2280.0,1057,3702558,0.1,0.12738468617229073,12859.690175917,True,False
4969,1400.0,541,3703099,0.1,0.11381793110458939,12861.518399875,True,False
4970,1100.0,815,3703914,0.1,0.1282590948063515,12864.235091208,True,False
4971,1820.0,771,3704685,0.1,0.1161250325855968,12866.818470042002,True,False
4972,1000.0,845,3705530,0.1,0.13393998838148977,12869.614050707998,True,False
4973,440.0,434,3705964,0.1,0.12541151089474148,12871.090906416997,True,False
4974,1980.0,771,3706735,0.1,0.10609712031631109,12873.623170833001,True,False
4975,2450.0,959,3707694,0.1,0.10067151871044189,12876.957755083,True,False
4976,1420.0,748,3708442,0.1,0.10772987737016564,12880.534789292004,True,False
4977,2120.0,813,3709255,0.1,0.11777490121427134,12883.318681750003,True,False
4978,2110.0,1016,3710271,0.1,0.10508397370430193,12886.708294750002,True,False
4979,1500.0,865,3711136,0.1,0.1235519688370453,12889.740397333,True,False
4980,1990.0,926,3712062,0.1,0.11062710456050191,12892.89726025,True,False
4981,1100.0,685,3712747,0.1,0.12178257364801497,12895.158652917002,True,False
4982,1790.0,742,3713489,0.1,0.09740431326371367,12898.215098708002,True,False
4983,1380.0,833,3714322,0.1,0.10007761746573333,12900.936027417003,True,False
4984,1720.0,895,3715217,0.1,0.10591156694239803,12904.121297667,True,False
4985,2310.0,963,3716180,0.1,0.08858408623556625,12907.389359542001,True,False
4986,1170.0,744,3716924,0.1,0.13117539974790748,12910.653373957997,True,False
4987,1670.0,823,3717747,0.1,0.12777246095058395,12914.362088583002,True,False
4988,1980.0,1037,3718784,0.1,0.12180630250905569,12919.949192542,True,False
4989,2340.0,821,3719605,0.1,0.11804411790174682,12924.030685708,True,False
4990,1440.0,664,3720269,0.1,0.10791546344218483,12926.271962125,True,False
4991,2290.0,681,3720950,0.1,0.13782063819029752,12928.653452958002,True,False
4992,1710.0,886,3721836,0.1,0.12360326397895545,12931.831895249998,True,False
4993,2510.0,1010,3722846,0.1,0.12625912780917825,12935.246515457999,True,False
4994,2170.0,867,3723713,0.1,0.09350266368536081,12938.274732416998,True,False
4995,1460.0,835,3724548,0.1,0.10516035380332094,12941.165401917002,True,False
4996,1640.0,721,3725269,0.1,0.11065390121398701,12943.682789833001,True,False
4997,1590.0,871,3726140,0.1,0.11666702641464702,12946.675836791997,True,False
4998,2110.0,955,3727095,0.1,0.13158408104747282,12950.080300208,True,False
4999,1370.0,648,3727743,0.1,0.1184933733103084,12952.251515875003,True,False
5000,900.0,525,3728268,0.1,0.10091328572933421,12954.088236666998,True,False
5001,1880.0,973,3729241,0.1,0.13013684523479682,12958.498113374997,True,False
5002,1310.0,823,3730064,0.1,0.10418710778964665,12961.321875458001,True,False
5003,1070.0,628,3730692,0.1,0.11862587469635875,12963.474586625001,True,False
5004,1550.0,1007,3731699,0.1,0.13342908140553897,12967.090868042003,True,False
5005,2180.0,958,3732657,0.1,0.12691469973263642,12970.313100042003,True,False
5006,1460.0,710,3733367,0.1,0.12466656500841938,12972.790840957998,True,False
5007,1110.0,576,3733943,0.1,0.10328184035865383,12974.788567417003,True,False
5008,1670.0,870,3734813,0.1,0.12233441620381601,12977.757993416999,True,False
5009,2240.0,1115,3735928,0.1,0.114984893123202,12981.535072083003,True,False
5010,2230.0,910,3736838,0.1,0.11717581030982444,12984.592069500002,True,False
5011,1960.0,1070,3737908,0.1,0.10931142990880494,12988.190783958002,True,False
5012,1520.0,631,3738539,0.1,0.11246128026751956,12990.333563833003,True,False
5013,1880.0,817,3739356,0.1,0.1340129550728129,12993.140387083004,True,False
5014,1670.0,770,3740126,0.1,0.1356537029108343,12995.708698583003,True,False
5015,1400.0,718,3740844,0.1,0.1304207332690971,12998.163354875003,True,False
5016,1470.0,843,3741687,0.1,0.12717268274476132,13000.958774416998,True,False
5017,1990.0,1054,3742741,0.1,0.12187393880308126,13004.533328083002,True,False
5018,1780.0,837,3743578,0.1,0.13969973673482547,13007.349522999997,True,False
5019,1450.0,737,3744315,0.1,0.14504597659992136,13009.898064125002,True,False
5020,1430.0,970,3745285,0.1,0.14170312912897073,13013.108535625004,True,False
5021,1330.0,745,3746030,0.1,0.1613850176775007,13015.660386374999,True,False
5022,1130.0,708,3746738,0.1,0.11602755040877451,13018.008221541997,True,False
5023,1560.0,862,3747600,0.1,0.14277004382435093,13020.884515750004,True,False
5024,640.0,511,3748111,0.1,0.11896684908080758,13022.603917125001,True,False
5025,1870.0,917,3749028,0.1,0.11900454726394104,13025.688186917003,True,False
5026,1750.0,782,3749810,0.1,0.1314871223595662,13029.630923292003,True,False
5027,1590.0,731,3750541,0.1,0.10332225422919449,13032.212724666999,True,False
5028,1850.0,1151,3751692,0.1,0.10244404162383741,13036.138415667003,True,False
5029,1680.0,985,3752677,0.1,0.1407849154912117,13039.427088124998,True,False
5030,1810.0,782,3753459,0.1,0.11088136259275369,13042.034946125,True,False
5031,800.0,576,3754035,0.1,0.10652375351896302,13043.962260542,True,False
5032,1550.0,751,3754786,0.1,0.13689300937062882,13046.494530458003,True,False
5033,2780.0,939,3755725,0.1,0.11512451859864782,13049.604435624999,True,False
5034,1480.0,897,3756622,0.1,0.10875727406736198,13052.603362832997,True,False
5035,2030.0,839,3757461,0.1,0.1132389254069754,13055.35080275,True,False
5036,1080.0,649,3758110,0.1,0.09793057541052501,13057.531601957999,True,False
5037,1550.0,924,3759034,0.1,0.10601495609929164,13060.569380166999,True,False
5038,2060.0,784,3759818,0.1,0.10607029938576173,13063.151293167,True,False
5039,2000.0,854,3760672,0.1,0.12961558381391464,13065.986793832999,True,False
5040,1540.0,1199,3761871,0.1,0.12191069279376879,13070.076161208002,True,False
5041,2620.0,1000,3762871,0.1,0.1182167339771986,13073.355708957999,True,False
5042,1660.0,1215,3764086,0.1,0.12026171792470115,13077.363194124999,True,False
5043,1400.0,1046,3765132,0.1,0.11099643159288032,13080.783718749997,True,False
5044,1760.0,868,3766000,0.1,0.12476623489216726,13083.663783582997,True,False
5045,3100.0,838,3766838,0.1,0.11415807407295875,13086.471775917002,True,False
5046,1480.0,849,3767687,0.1,0.10743019185116831,13089.291613417001,True,False
5047,1210.0,723,3768410,0.1,0.12970178165776625,13091.685396,True,False
5048,1390.0,864,3769274,0.1,0.1277890391389115,13094.683208292001,True,False
5049,1660.0,924,3770198,0.1,0.1058389563274719,13097.744202957998,True,False
5050,2060.0,927,3771125,0.1,0.10259445434725233,13100.818375708004,True,False
5051,850.0,619,3771744,0.1,0.10875483104778874,13103.978219000004,True,False
5052,1400.0,710,3772454,0.1,0.11443324987960737,13106.401998417,True,False
5053,2020.0,926,3773380,0.1,0.13253771035193368,13109.442604042,True,False
5054,1640.0,897,3774277,0.1,0.13516489148605615,13112.448932042003,True,False
5055,3010.0,880,3775157,0.1,0.1246254634027454,13115.377906916998,True,False
5056,1550.0,631,3775788,0.1,0.15157471943788137,13117.480550207998,True,False
5057,1940.0,1144,3776932,0.1,0.13329018481153918,13121.279737750003,True,False
5058,1770.0,935,3777867,0.1,0.12761058986922447,13124.385502707999,True,False
5059,1910.0,699,3778566,0.1,0.11216491740729127,13126.708619917,True,False
5060,1420.0,973,3779539,0.1,0.109818041232633,13130.086082708003,True,False
5061,1860.0,835,3780374,0.1,0.11734185218989279,13132.812970583,True,False
5062,1580.0,919,3781293,0.1,0.11225304302314053,13135.889973416997,True,False
5063,2080.0,802,3782095,0.1,0.10343858272768557,13138.564065208004,True,False
5064,1450.0,719,3782814,0.1,0.12176151414298349,13140.972154458002,True,False
5065,1860.0,909,3783723,0.1,0.11296805133017412,13143.992853083,True,False
5066,3520.0,934,3784657,0.1,0.10175607596229538,13147.143793625,True,False
5067,1470.0,783,3785440,0.1,0.10981280989564803,13149.745886249999,True,False
5068,1820.0,1006,3786446,0.1,0.12185640883190461,13153.102508000004,True,False
5069,940.0,690,3787136,0.1,0.10154928775191996,13155.388836291997,True,False
5070,1260.0,709,3787845,0.1,0.09479916153086276,13157.765175125001,True,False
5071,1950.0,1069,3788914,0.1,0.10354467413705609,13161.412431208002,True,False
5072,1550.0,964,3789878,0.1,0.10603287964440974,13164.660681957997,True,False
5073,1780.0,744,3790622,0.1,0.10549935128700028,13167.149497375001,True,False
5074,1420.0,1056,3791678,0.1,0.11455184590268994,13170.723507832998,True,False
5075,1590.0,804,3792482,0.1,0.10195318133157877,13173.416798500002,True,False
5076,1740.0,978,3793460,0.1,0.11797660694894742,13177.709712167001,True,False
5077,3230.0,844,3794304,0.1,0.1188105830384233,13180.578952625001,True,False
5078,2330.0,645,3794949,0.1,0.11043514678058047,13182.986147249998,True,False
5079,1310.0,652,3795601,0.1,0.10422545046391297,13185.124877791997,True,False
5080,1500.0,918,3796519,0.1,0.12755436175319826,13188.401171500002,True,False
5081,1700.0,949,3797468,0.1,0.12135742410641759,13191.883716875003,True,False
5082,2210.0,866,3798334,0.1,0.10884849686624,13194.796637749998,True,False
5083,1820.0,990,3799324,0.1,0.1014840012160881,13199.229271249998,True,False
5084,1620.0,983,3800307,0.1,0.11461624772268898,13202.592703583003,True,False
5085,2540.0,990,3801297,0.1,0.10123292029264473,13206.025343333,True,False
5086,1640.0,838,3802135,0.1,0.12161206580591544,13208.865147333003,True,False
5087,1330.0,957,3803092,0.1,0.09845234696598103,13212.087889000002,True,False
5088,2100.0,964,3804056,0.1,0.06991363288950624,13215.336318417001,True,False
5089,2340.0,1156,3805212,0.1,0.0915833170748087,13219.202276875003,True,False
5090,1800.0,826,3806038,0.1,0.08585769517654643,13221.950359000002,True,False
5091,1440.0,670,3806708,0.1,0.11080860159182478,13224.313362166999,True,False
5092,1790.0,891,3807599,0.1,0.09830170018631998,13227.259774500002,True,False
5093,2060.0,887,3808486,0.1,0.09581966059248861,13230.272500250001,True,False
5094,1820.0,1098,3809584,0.1,0.08641245370561426,13233.957921667003,True,False
5095,1380.0,813,3810397,0.1,0.09750366957830678,13236.661766167002,True,False
5096,980.0,650,3811047,0.1,0.0991155352604426,13238.848590458001,True,False
5097,2150.0,963,3812010,0.1,0.11166723598861349,13242.064602167004,True,False
5098,1130.0,945,3812955,0.1,0.08873062178303125,13245.203884374998,True,False
5099,2600.0,1377,3814332,0.1,0.11409288554087929,13249.896667082998,True,False
5100,1930.0,978,3815310,0.1,0.10394360520495255,13253.141651541999,True,False
5101,2070.0,999,3816309,0.1,0.10440241704881191,13258.027690292001,True,False
5102,1420.0,874,3817183,0.1,0.08687437308627531,13261.165547707998,True,False
5103,2880.0,1044,3818227,0.1,0.12016050377325423,13264.835033458003,True,False
5104,1580.0,836,3819063,0.1,0.10145440174525149,13267.822504832999,True,False
5105,1430.0,796,3819859,0.1,0.10147185191212588,13270.500774,True,False
5106,2820.0,925,3820784,0.1,0.09379850633859892,13273.640716292,True,False
5107,1410.0,870,3821654,0.1,0.11092169377266124,13276.576396917,True,False
5108,2590.0,758,3822412,0.1,0.11537472223863006,13279.135170292,True,False
5109,2040.0,874,3823286,0.1,0.08454295624594349,13282.090461500004,True,False
5110,1120.0,641,3823927,0.1,0.10287604869809001,13284.281533957997,True,False
5111,1480.0,787,3824714,0.1,0.09586799736631098,13287.106317999998,True,False
5112,420.0,430,3825144,0.1,0.09340459300653527,13288.531154792,True,False
5113,1030.0,769,3825913,0.1,0.08911702587405064,13291.209582125004,True,False
5114,2230.0,886,3826799,0.1,0.08591639802989243,13294.173010999999,True,False
5115,2160.0,935,3827734,0.1,0.1042910611941519,13297.328508917002,True,False
5116,1220.0,692,3828426,0.1,0.09431055202175771,13299.777015874999,True,False
5117,2390.0,1014,3829440,0.1,0.09964471910970182,13303.261741916998,True,False
5118,650.0,613,3830053,0.1,0.07431874010297987,13305.336579667004,True,False
5119,1960.0,949,3831002,0.1,0.07468690869756012,13308.652619624998,True,False
5120,1180.0,842,3831844,0.1,0.10986233228967653,13311.520587416999,True,False
5121,1690.0,794,3832638,0.1,0.09543244169573441,13314.24637375,True,False
5122,1540.0,677,3833315,0.1,0.12647548152585708,13316.543307207998,True,False
5123,2190.0,826,3834141,0.1,0.11365574015673376,13319.687980667004,True,False
5124,1420.0,766,3834907,0.1,0.10148145693368937,13322.686127583002,True,False
5125,1730.0,950,3835857,0.1,0.1070487538916098,13325.991646000002,True,False
5126,2210.0,617,3836474,0.1,0.09347391053550429,13329.361636708003,True,False
5127,790.0,559,3837033,0.1,0.08885254259886487,13331.525635042002,True,False
5128,1070.0,682,3837715,0.1,0.1059991475632962,13335.155686500002,True,False
5129,1850.0,1175,3838890,0.1,0.12929708739983387,13339.465115917003,True,False
5130,1410.0,783,3839673,0.1,0.12590790384601117,13342.210265583002,True,False
5131,950.0,701,3840374,0.1,0.13244684123567171,13344.673389249998,True,False
5132,1220.0,652,3841026,0.1,0.09539014013038456,13346.898748166997,True,False
5133,2500.0,641,3841667,0.1,0.10160561330267229,13349.086596624998,True,False
5134,2170.0,872,3842539,0.1,0.10608684783374224,13352.103117125,True,False
5135,1420.0,809,3843348,0.1,0.10906312590822798,13354.862026583003,True,False
5136,1980.0,916,3844264,0.1,0.10800980288112398,13358.000596083002,True,False
5137,1080.0,706,3844970,0.1,0.09977196234236048,13360.382058042,True,False
5138,2140.0,823,3845793,0.1,0.12031879762495026,13363.140824041999,True,False
5139,1730.0,944,3846737,0.1,0.08994155338476018,13366.310198375002,True,False
5140,2030.0,999,3847736,0.1,0.1011972987279296,13369.765130458,True,False
5141,1750.0,1235,3848971,0.1,0.10784724848828726,13373.931927958001,True,False
5142,1450.0,695,3849666,0.1,0.08782648942807968,13376.406237583004,True,False
5143,1820.0,856,3850522,0.1,0.0929811166242531,13379.339754875,True,False
5144,2260.0,1083,3851605,0.1,0.11022641841404662,13382.955125667002,True,False
5145,2220.0,1008,3852613,0.1,0.0988769364868483,13386.434054416997,True,False
5146,1910.0,1104,3853717,0.1,0.09009775005119003,13390.392313582997,True,False
5147,1760.0,896,3854613,0.1,0.10727346217026934,13393.656404458,True,False
5148,1460.0,694,3855307,0.1,0.0923391371491672,13396.907816958003,True,False
5149,1270.0,974,3856281,0.1,0.09479292798558342,13400.1728735,True,False
5150,1740.0,876,3857157,0.1,0.106795478518627,13403.226337082997,True,False
5151,1860.0,1240,3858397,0.1,0.10809947744973245,13408.452757416999,True,False
5152,1950.0,860,3859257,0.1,0.10692874291088691,13411.368351292003,True,False
5153,1380.0,690,3859947,0.1,0.1130831693732288,13413.694442166998,True,False
5154,2090.0,958,3860905,0.1,0.08898690624628217,13417.027995458004,True,False
5155,1900.0,891,3861796,0.1,0.09898646972705966,13420.047721374998,True,False
5156,1600.0,924,3862720,0.1,0.08230852671128847,13423.211131292002,True,False
5157,990.0,669,3863389,0.1,0.11098293399070194,13425.468379083002,True,False
5158,860.0,539,3863928,0.1,0.11140877113298134,13427.320464208002,True,False
5159,1800.0,993,3864921,0.1,0.10566551743015166,13430.783902292002,True,False
5160,2570.0,1292,3866213,0.1,0.10352263011430439,13435.102850249998,True,False
5161,1630.0,859,3867072,0.1,0.11177670436716357,13437.944791499998,True,False
5162,2680.0,857,3867929,0.1,0.10806547805980266,13440.861505125002,True,False
5163,1820.0,933,3868862,0.1,0.12145794147441699,13443.974752082999,True,False
5164,1320.0,788,3869650,0.1,0.11224006740423628,13446.648755292,True,False
5165,1400.0,730,3870380,0.1,0.11540935115247476,13449.088909999999,True,False
5166,1940.0,1204,3871584,0.1,0.0991926419539408,13453.350125750003,True,False
5167,1780.0,1152,3872736,0.1,0.0933731046388857,13457.820810875004,True,False
5168,1840.0,988,3873724,0.1,0.0956037083474791,13461.029492624999,True,False
5169,1670.0,1042,3874766,0.1,0.10432665168952483,13464.549188124998,True,False
5170,1410.0,829,3875595,0.1,0.11323256293032768,13467.330169624998,True,False
5171,2110.0,930,3876525,0.1,0.09891856901443567,13470.475450917002,True,False
5172,1320.0,858,3877383,0.1,0.10329102124218072,13473.647025874998,True,False
5173,1520.0,884,3878267,0.1,0.10513052068718148,13476.806814083,True,False
5174,1840.0,896,3879163,0.1,0.1261203241468008,13479.950553000002,True,False
5175,1100.0,639,3879802,0.1,0.10068608279107139,13482.090806833003,True,False
5176,1900.0,817,3880619,0.1,0.09659281387632969,13485.938271874998,True,False
5177,2240.0,858,3881477,0.1,0.09118570632106343,13488.937253292002,True,False
5178,1680.0,1039,3882516,0.1,0.09889578078515254,13492.468495292,True,False
5179,670.0,570,3883086,0.1,0.1032582004029881,13494.436587208002,True,False
5180,1800.0,986,3884072,0.1,0.10213391663061704,13497.772054125002,True,False
5181,2780.0,930,3885002,0.1,0.0910973949117008,13500.929798124998,True,False
5182,1100.0,747,3885749,0.1,0.10981532303805658,13503.460870333001,True,False
5183,1440.0,741,3886490,0.1,0.11396003414851588,13505.961965667004,True,False
5184,1770.0,991,3887481,0.1,0.10602154826459985,13509.282749083002,True,False
5185,1970.0,1235,3888716,0.1,0.1003978069341202,13513.476795249997,True,False
5186,1280.0,745,3889461,0.1,0.09618975278190388,13515.991819374998,True,False
5187,1600.0,1109,3890570,0.1,0.10051001557939104,13519.876356708002,True,False
5188,1570.0,907,3891477,0.1,0.08735837878470641,13523.086317499998,True,False
5189,1110.0,586,3892063,0.1,0.098146182956965,13525.045281457998,True,False
5190,1640.0,1102,3893165,0.1,0.08479033976766294,13529.923198750002,True,False
5191,2260.0,961,3894126,0.1,0.07777334734952698,13533.1334375,True,False
5192,680.0,536,3894662,0.1,0.10474766186897212,13535.034312707998,True,False
5193,2330.0,1072,3895734,0.1,0.10689209883949205,13538.620234625,True,False
5194,2160.0,1062,3896796,0.1,0.09564924007631782,13542.324911124997,True,False
5195,2060.0,1048,3897844,0.1,0.10077088612366382,13545.821541375,True,False
5196,890.0,553,3898397,0.1,0.09244097095738718,13547.743180874997,True,False
5197,2060.0,832,3899229,0.1,0.12108937062573834,13550.706039707999,True,False
5198,1790.0,985,3900214,0.1,0.103759126843718,13553.993649333002,True,False
5199,2250.0,846,3901060,0.1,0.09341890183892453,13556.858502583003,True,False
5200,1220.0,821,3901881,0.1,0.08520424041624476,13559.632880541998,True,False
5201,2370.0,998,3902879,0.1,0.09256593363890686,13564.363070500003,True,False
5202,2650.0,977,3903856,0.1,0.10273902690684308,13567.827921124997,True,False
5203,1890.0,743,3904599,0.1,0.09340815336720364,13570.266259167001,True,False
5204,1990.0,1088,3905687,0.1,0.08086534890839282,13573.981864333,True,False
5205,1200.0,618,3906305,0.1,0.12439802883853836,13576.135503375,True,False
5206,1670.0,843,3907148,0.1,0.09663409112083121,13579.513839250001,True,False
5207,1380.0,762,3907910,0.1,0.09196503376588225,13582.092078583002,True,False
5208,2200.0,941,3908851,0.1,0.10535215358943381,13585.332814833004,True,False
5209,1570.0,758,3909609,0.1,0.08292084331379125,13587.8689045,True,False
5210,2410.0,966,3910575,0.1,0.09242511364047828,13591.933957166999,True,False
5211,1520.0,827,3911402,0.1,0.08290900413288875,13594.836712833,True,False
5212,1720.0,813,3912215,0.1,0.10817198803088642,13597.550219875004,True,False
5213,2370.0,959,3913174,0.1,0.0894871440405647,13600.870202457998,True,False
5214,2090.0,993,3914167,0.1,0.10031505749230424,13604.272076916997,True,False
5215,1570.0,820,3914987,0.1,0.07843817346161458,13607.135022499999,True,False
5216,2600.0,968,3915955,0.1,0.08556963614195831,13610.669598708002,True,False
5217,1200.0,656,3916611,0.1,0.0904626156112588,13612.830346208,True,False
5218,2290.0,891,3917502,0.1,0.09705183029408679,13615.933216167003,True,False
5219,2800.0,1110,3918612,0.1,0.07889346655779819,13619.657931667003,True,False
5220,910.0,712,3919324,0.1,0.08929687252875125,13622.052335958004,True,False
5221,1390.0,1028,3920352,0.1,0.10423746547056544,13625.588218458004,True,False
5222,1030.0,616,3920968,0.1,0.11296784970909357,13627.692921082999,True,False
5223,2290.0,1223,3922191,0.1,0.08523586224459234,13631.840403125003,True,False
5224,1660.0,876,3923067,0.1,0.09063209969652435,13634.753466832997,True,False
5225,1510.0,913,3923980,0.1,0.09235138069496665,13637.988148750002,True,False
5226,2050.0,949,3924929,0.1,0.08345127367426323,13642.221029375003,True,False
5227,1240.0,911,3925840,0.1,0.10816966475951567,13645.319577875001,True,False
5228,1640.0,969,3926809,0.1,0.10113043559730546,13648.861325874997,True,False
5229,790.0,605,3927414,0.1,0.10568217119041658,13651.390251042001,True,False
5230,1960.0,995,3928409,0.1,0.10239554152835205,13654.642630542003,True,False
5231,2700.0,1530,3929939,0.1,0.11353991312798874,13659.888733875,True,False
5232,1650.0,692,3930631,0.1,0.10730514955313909,13662.241571125,True,False
5233,970.0,651,3931282,0.1,0.11961932404915247,13664.512874958004,True,False
5234,1500.0,806,3932088,0.1,0.12072036417182719,13667.341541208,True,False
5235,790.0,624,3932712,0.1,0.10638246532434072,13669.513381292003,True,False
5236,1220.0,779,3933491,0.1,0.09471943707579804,13672.206013625,True,False
5237,650.0,550,3934041,0.1,0.1191590254775424,13674.195709708001,True,False
5238,1700.0,745,3934786,0.1,0.0994506928599089,13676.827605291997,True,False
5239,1110.0,750,3935536,0.1,0.12297802916827037,13679.471831916999,True,False
5240,1660.0,910,3936446,0.1,0.09477971284137424,13682.593096750003,True,False
5241,1030.0,638,3937084,0.1,0.11070965455146506,13684.917454082999,True,False
5242,1320.0,924,3938008,0.1,0.11865078503048265,13688.158249207998,True,False
5243,1750.0,897,3938905,0.1,0.1008821926661767,13691.256179417003,True,False
5244,1130.0,871,3939776,0.1,0.0952569468613338,13694.200225207998,True,False
5245,2100.0,905,3940681,0.1,0.1033928613137223,13697.271664042004,True,False
5246,3190.0,1005,3941686,0.1,0.1011760298578269,13700.666548499998,True,False
5247,2130.0,1140,3942826,0.1,0.09955892135438166,13704.514221416997,True,False
5248,1780.0,1001,3943827,0.1,0.11870612698793412,13707.911788083002,True,False
5249,1030.0,737,3944564,0.1,0.10525087573238322,13710.383492957997,True,False
5250,1250.0,674,3945238,0.1,0.12875909016778073,13712.667517417001,True,False
5251,1690.0,849,3946087,0.1,0.1127208446257941,13717.074349374998,True,False
5252,2220.0,1036,3947123,0.1,0.10778992638912441,13720.728685417002,True,False
5253,2220.0,958,3948081,0.1,0.09450068000393609,13724.083448083002,True,False
5254,2480.0,972,3949053,0.1,0.12231052582585272,13727.466645417,True,False
5255,1430.0,973,3950026,0.1,0.10826882642575007,13730.895773833,True,False
5256,560.0,534,3950560,0.1,0.13017181744938022,13732.697957875003,True,False
5257,1570.0,739,3951299,0.1,0.1112503427202287,13735.308204667002,True,False
5258,1840.0,874,3952173,0.1,0.0950502488234816,13738.342804207998,True,False
5259,2100.0,778,3952951,0.1,0.12066967180958882,13740.936509874999,True,False
5260,1750.0,957,3953908,0.1,0.11904378378919016,13744.209914792002,True,False
5261,2430.0,988,3954896,0.1,0.09895341949695759,13747.554374958003,True,False
5262,690.0,603,3955499,0.1,0.12754605753347278,13749.570385250001,True,False
5263,1990.0,974,3956473,0.1,0.11705801771098717,13752.879663500004,True,False
5264,1480.0,753,3957226,0.1,0.13428192552020576,13755.370476791999,True,False
5265,1320.0,907,3958133,0.1,0.09774266491082009,13758.456927,True,False
5266,2390.0,943,3959076,0.1,0.11956386939006841,13761.574016042003,True,False
5267,1470.0,909,3959985,0.1,0.09849978080798875,13764.635284333002,True,False
5268,1240.0,844,3960829,0.1,0.12561385856138021,13767.456079167001,True,False
5269,1120.0,586,3961415,0.1,0.13018394275632214,13769.422302958003,True,False
5270,2060.0,1010,3962425,0.1,0.10420744806498643,13772.824645499997,True,False
5271,1090.0,725,3963150,0.1,0.09668333027820561,13775.429556625,True,False
5272,1360.0,864,3964014,0.1,0.11177873929652075,13778.286968250002,True,False
5273,670.0,564,3964578,0.1,0.11534840334867331,13780.258458083,True,False
5274,2040.0,1096,3965674,0.1,0.12679466450192634,13784.491060207998,True,False
5275,1660.0,840,3966514,0.1,0.12709589922534567,13787.443816167004,True,False
5276,1460.0,861,3967375,0.1,0.1242708666033523,13791.614684,True,False
5277,1540.0,934,3968309,0.1,0.13757575187099796,13794.882950958003,True,False
5278,1750.0,989,3969298,0.1,0.13138960289056242,13798.464374583004,True,False
5279,490.0,478,3969776,0.1,0.11428949895004431,13800.051121167002,True,False
5280,1790.0,998,3970774,0.1,0.12383566552167197,13803.628119125002,True,False
5281,1590.0,914,3971688,0.1,0.10652362027380403,13806.923062708003,True,False
5282,1820.0,951,3972639,0.1,0.1012083942597174,13810.325669833,True,False
5283,1670.0,866,3973505,0.1,0.1093158966642783,13813.300408625,True,False
5284,1670.0,852,3974357,0.1,0.1292246554763944,13816.154424291999,True,False
5285,2260.0,996,3975353,0.1,0.10238835701053162,13819.541686917,True,False
5286,1320.0,839,3976192,0.1,0.10517543680699808,13822.465084125004,True,False
5287,1600.0,805,3976997,0.1,0.11376755215709482,13825.172810375,True,False
5288,2460.0,1151,3978148,0.1,0.10899671903138773,13829.055200042,True,False
5289,2050.0,975,3979123,0.1,0.1172816945554175,13832.384746083,True,False
5290,1900.0,764,3979887,0.1,0.11510584094800562,13835.027221124998,True,False
5291,1270.0,826,3980713,0.1,0.11898824240526427,13837.845729125002,True,False
5292,1780.0,1128,3981841,0.1,0.11275153740223312,13841.627924542001,True,False
5293,1740.0,922,3982763,0.1,0.10985793689994708,13844.79420425,True,False
5294,1100.0,773,3983536,0.1,0.11206167995372844,13847.419389625,True,False
5295,1090.0,914,3984450,0.1,0.09531456457140546,13850.662239666999,True,False
5296,900.0,637,3985087,0.1,0.10336411644780785,13852.765713792003,True,False
5297,2220.0,1336,3986423,0.1,0.10988112868640773,13857.271143625003,True,False
5298,2250.0,845,3987268,0.1,0.12217113325583204,13860.159845499998,True,False
5299,2140.0,883,3988151,0.1,0.12236287905411287,13863.162979624998,True,False
5300,1390.0,896,3989047,0.1,0.13340530907069997,13866.453059291998,True,False
5301,2460.0,1102,3990149,0.1,0.1076729528511456,13871.443778792003,True,False
5302,1910.0,840,3990989,0.1,0.09490539306508643,13874.312811791999,True,False
5303,2070.0,848,3991837,0.1,0.11245612756190997,13877.229478458,True,False
5304,1590.0,770,3992607,0.1,0.0849310110109703,13879.818719417002,True,False
5305,2070.0,824,3993431,0.1,0.10326982605117328,13882.705409374998,True,False
5306,1710.0,824,3994255,0.1,0.09658121080725517,13885.445388,True,False
5307,1300.0,805,3995060,0.1,0.10369813342643257,13888.176648624998,True,False
5308,1430.0,935,3995995,0.1,0.08165564375246032,13891.315364292,True,False
5309,1580.0,859,3996854,0.1,0.0859507417956064,13894.210359917,True,False
5310,1850.0,986,3997840,0.1,0.09043540970727741,13897.547497207997,True,False
5311,1580.0,981,3998821,0.1,0.1128660894550231,13900.887989125004,True,False
5312,680.0,679,3999500,0.1,0.1034645829568891,13903.147420957997,True,False
5313,2050.0,824,4000324,0.1,0.09056791097142743,13906.093955541997,True,False
5314,360.0,349,4000673,0.1,0.13464009113095957,13907.312236833,True,False
5315,1800.0,856,4001529,0.1,0.07749739273616643,13910.350862500003,True,False
5316,1060.0,702,4002231,0.1,0.11929238318864788,13912.676760957998,True,False
5317,1550.0,823,4003054,0.1,0.08534744569073313,13915.499370958001,True,False
5318,1430.0,775,4003829,0.1,0.09566144643773891,13918.063083458,True,False
5319,1590.0,1057,4004886,0.1,0.11055399925504444,13921.687636125003,True,False
5320,2010.0,961,4005847,0.1,0.12646881631420304,13924.938864458003,True,False
5321,2310.0,886,4006733,0.1,0.11074227821249683,13928.020964417003,True,False
5322,1100.0,665,4007398,0.1,0.09050696053688066,13930.344997500004,True,False
5323,1020.0,509,4007907,0.1,0.09323035749628789,13932.078828457998,True,False
5324,1650.0,881,4008788,0.1,0.11059330759477291,13935.113276875003,True,False
5325,1080.0,519,4009307,0.1,0.11681404329345439,13936.843513667001,True,False
5326,1830.0,691,4009998,0.1,0.09287641063935495,13940.351725250002,True,False
5327,2290.0,1020,4011018,0.1,0.1239864885222678,13943.847121833001,True,False
5328,1460.0,799,4011817,0.1,0.0960020021116361,13946.539539667,True,False
5329,820.0,715,4012532,0.1,0.105524844661688,13949.032540542,True,False
5330,1410.0,952,4013484,0.1,0.10363865036814779,13952.185614875001,True,False
5331,1580.0,840,4014324,0.1,0.1225214386092765,13955.014960417,True,False
5332,2120.0,1128,4015452,0.1,0.09171172799476494,13958.826244208001,True,False
5333,1230.0,943,4016395,0.1,0.09710501282614596,13961.927097792002,True,False
5334,1910.0,1107,4017502,0.1,0.09535286418205995,13965.637684417,True,False
5335,1740.0,994,4018496,0.1,0.10449737112924277,13969.287173582998,True,False
5336,2170.0,801,4019297,0.1,0.10222227883525192,13971.962360667,True,False
5337,1630.0,985,4020282,0.1,0.09222857164203878,13975.284231541998,True,False
5338,1520.0,846,4021128,0.1,0.07048113541326152,13978.111798457998,True,False
5339,2240.0,1016,4022144,0.1,0.0948964088942533,13981.52929025,True,False
5340,1380.0,937,4023081,0.1,0.09825613227887796,13984.668505875,True,False
5341,1520.0,873,4023954,0.1,0.12193689159536307,13987.645373042003,True,False
5342,2700.0,837,4024791,0.1,0.08045311109942682,13990.523329750002,True,False
5343,1360.0,754,4025545,0.1,0.09790777442139134,13993.017225333002,True,False
5344,2250.0,948,4026493,0.1,0.10562786418661664,13996.224685292,True,False
5345,950.0,579,4027072,0.1,0.08714564503009976,13998.166459458,True,False
5346,1450.0,868,4027940,0.1,0.11171007064527355,14001.154934750004,True,False
5347,2310.0,992,4028932,0.1,0.09629696578673658,14004.606693000002,True,False
5348,2770.0,860,4029792,0.1,0.11186668248197366,14007.468089208,True,False
5349,1290.0,919,4030711,0.1,0.09724759267781369,14010.583251249998,True,False
5350,490.0,464,4031175,0.1,0.08461586610767348,14012.148924207999,True,False
5351,1610.0,839,4032014,0.1,0.11186385514835516,14015.998533083002,True,False
5352,2230.0,1050,4033064,0.1,0.09674080992436228,14019.552015000001,True,False
5353,1930.0,1140,4034204,0.1,0.12082975459726233,14023.378619625,True,False
5354,1640.0,884,4035088,0.1,0.13792401393749057,14026.322007000002,True,False
5355,1700.0,811,4035899,0.1,0.10537512768244389,14029.169641708002,True,False
5356,1700.0,808,4036707,0.1,0.14255917927084288,14031.901027125,True,False
5357,1820.0,959,4037666,0.1,0.10814344274501006,14035.149770292002,True,False
5358,1510.0,854,4038520,0.1,0.11994346845285775,14038.319125250004,True,False
5359,4020.0,724,4039244,0.1,0.11712010476470652,14040.669409499998,True,False
5360,2030.0,844,4040088,0.1,0.11539178153597066,14043.737303625,True,False
5361,1890.0,763,4040851,0.1,0.09746768126068146,14046.426117875002,True,False
5362,2840.0,872,4041723,0.1,0.1254984731401462,14049.424576917001,True,False
5363,1910.0,783,4042506,0.1,0.09728587470112407,14052.074116875003,True,False
5364,2670.0,666,4043172,0.1,0.09462693094939528,14055.620996874997,True,False
5365,1810.0,772,4043944,0.1,0.09398421361424762,14058.169152791997,True,False
5366,2960.0,978,4044922,0.1,0.11345003542230754,14061.555259375004,True,False
5367,520.0,616,4045538,0.1,0.104601788153122,14063.652266292003,True,False
5368,1380.0,912,4046450,0.1,0.09411280530325153,14066.744054292001,True,False
5369,1140.0,806,4047256,0.1,0.08033683485729565,14069.451084082997,True,False
5370,2630.0,1235,4048491,0.1,0.11066155737060328,14073.653795291997,True,False
5371,820.0,648,4049139,0.1,0.09677189859895059,14075.833306207998,True,False
5372,510.0,618,4049757,0.1,0.09958062125670333,14077.964108417,True,False
5373,2050.0,829,4050586,0.1,0.11322026053254587,14080.763878999998,True,False
5374,1410.0,836,4051422,0.1,0.10299885664669949,14083.569975958002,True,False
5375,940.0,749,4052171,0.1,0.09113996252815991,14086.104754749998,True,False
5376,1030.0,747,4052918,0.1,0.09289033236828717,14089.941306207998,True,False
5377,1530.0,744,4053662,0.1,0.12263411997507016,14092.481212625004,True,False
5378,980.0,503,4054165,0.1,0.10542300894915585,14094.154700332998,True,False
5379,1460.0,940,4055105,0.1,0.09407086567358768,14097.369581457999,True,False
5380,1990.0,1004,4056109,0.1,0.12669328090352602,14100.762325707998,True,False
5381,980.0,633,4056742,0.1,0.1054785727888723,14102.879990916997,True,False
5382,1910.0,760,4057502,0.1,0.12118984909826204,14105.506067417002,True,False
5383,1760.0,812,4058314,0.1,0.07767320028850304,14108.222392000003,True,False
5384,940.0,678,4058992,0.1,0.08705684361869798,14110.524047708,True,False
5385,2030.0,838,4059830,0.1,0.08852536291882182,14113.375196708002,True,False
5386,1280.0,978,4060808,0.1,0.09828505705737946,14117.413656292003,True,False
5387,1410.0,663,4061471,0.1,0.08396704541237066,14119.664020417003,True,False
5388,1460.0,830,4062301,0.1,0.10635257666357435,14122.559788457998,True,False
5389,2030.0,1019,4063320,0.1,0.09402375912257269,14125.996048708002,True,False
5390,2020.0,928,4064248,0.1,0.11463629781140079,14129.111650542,True,False
5391,2450.0,937,4065185,0.1,0.09832687008903067,14132.321692582998,True,False
5392,1570.0,881,4066066,0.1,0.12799151919104837,14135.291258666999,True,False
5393,1910.0,909,4066975,0.1,0.10130602541473993,14138.399608166997,True,False
5394,3030.0,993,4067968,0.1,0.11620381371263998,14141.738953417,True,False
5395,2740.0,836,4068804,0.1,0.09257312516490238,14144.561255207998,True,False
5396,1500.0,1089,4069893,0.1,0.0991143184262054,14148.316466333003,True,False
5397,1640.0,699,4070592,0.1,0.08489426760801247,14150.718496208,True,False
5398,1500.0,776,4071368,0.1,0.12448088021123226,14153.356241499998,True,False
5399,1230.0,762,4072130,0.1,0.11101886631038628,14155.908449791998,True,False
5400,2280.0,870,4073000,0.1,0.09396656798284261,14158.885561167,True,False
5401,1930.0,846,4073846,0.1,0.10918774128278003,14162.714060833001,True,False
5402,2160.0,1029,4074875,0.1,0.09812682668464658,14166.392887250004,True,False
5403,1400.0,742,4075617,0.1,0.11234620315653662,14168.895730042,True,False
5404,1030.0,641,4076258,0.1,0.1081200524349697,14171.126601167001,True,False
5405,1480.0,980,4077238,0.1,0.10298652414764677,14174.656702417,True,False
5406,1040.0,645,4077883,0.1,0.10459346162236255,14177.183938125003,True,False
5407,2230.0,870,4078753,0.1,0.11115842015234702,14180.123185083,True,False
5408,1180.0,813,4079566,0.1,0.1048061060696253,14182.987778417002,True,False
5409,1830.0,1031,4080597,0.1,0.09132395460912886,14186.553283583002,True,False
5410,2070.0,731,4081328,0.1,0.10350411533902251,14188.995521124998,True,False
5411,1650.0,879,4082207,0.1,0.11437248080101324,14192.029114750003,True,False
5412,1540.0,1110,4083317,0.1,0.10110181643084871,14195.813967542003,True,False
5413,750.0,580,4083897,0.1,0.0815080117819638,14197.777978457998,True,False
5414,1540.0,807,4084704,0.1,0.09637775533546758,14200.553090667003,True,False
5415,1880.0,675,4085379,0.1,0.10294324434584096,14202.795784875001,True,False
5416,1900.0,777,4086156,0.1,0.12110201124197398,14205.475982875003,True,False
5417,2260.0,1045,4087201,0.1,0.11530148298604506,14209.107884333003,True,False
5418,1620.0,988,4088189,0.1,0.1110809045478038,14212.410229624998,True,False
5419,1360.0,956,4089145,0.1,0.12970192532472033,14215.626000666998,True,False
5420,2210.0,992,4090137,0.1,0.11547423529648973,14218.950979417,True,False
5421,2410.0,1029,4091166,0.1,0.10112709430289175,14222.409545583003,True,False
5422,1340.0,870,4092036,0.1,0.096537003242368,14225.294504541998,True,False
5423,1070.0,705,4092741,0.1,0.10477711414833638,14227.696524708,True,False
5424,2410.0,1053,4093794,0.1,0.10830975241052561,14231.220977917,True,False
5425,2350.0,812,4094606,0.1,0.11166241283303704,14233.963975667,True,False
5426,1580.0,764,4095370,0.1,0.09133546598528693,14237.666672,True,False
5427,1910.0,958,4096328,0.1,0.1070475242488707,14240.944518625001,True,False
5428,3240.0,1110,4097438,0.1,0.09859257416012915,14244.644786333003,True,False
5429,2100.0,1073,4098511,0.1,0.11021820628848761,14248.2517745,True,False
5430,1550.0,791,4099302,0.1,0.10318001505514288,14250.939052916998,True,False
5431,1320.0,813,4100115,0.1,0.1106767066905798,14254.014576708003,True,False
5432,1810.0,852,4100967,0.1,0.1167259545813144,14256.974722792002,True,False
5433,1450.0,1132,4102099,0.1,0.104382374063924,14260.823481207997,True,False
5434,1630.0,752,4102851,0.1,0.10836883054729154,14263.431086375,True,False
5435,1240.0,796,4103647,0.1,0.1199085161033737,14266.241269083002,True,False
5436,2240.0,903,4104550,0.1,0.12261472028408167,14269.456640625001,True,False
5437,1720.0,793,4105343,0.1,0.08444139214157305,14272.162517625002,True,False
5438,2810.0,953,4106296,0.1,0.12740615494237534,14275.525857708002,True,False
5439,1870.0,1027,4107323,0.1,0.09004467900740565,14279.019137875002,True,False
5440,900.0,749,4108072,0.1,0.10876446795907427,14281.530136875,True,False
5441,1510.0,788,4108860,0.1,0.11090512245628736,14284.258205708,True,False
5442,910.0,724,4109584,0.1,0.11256962312766201,14286.755033624999,True,False
5443,1580.0,879,4110463,0.1,0.0984203787563054,14290.025752499998,True,False
5444,2600.0,1080,4111543,0.1,0.08135995445428071,14293.915748958003,True,False
5445,1040.0,806,4112349,0.1,0.08741456778295854,14296.692107875002,True,False
5446,1950.0,1124,4113473,0.1,0.10496609604310947,14300.646416707998,True,False
5447,340.0,378,4113851,0.1,0.12729962086899482,14301.937315249997,True,False
5448,1780.0,808,4114659,0.1,0.116500996145429,14304.682159124997,True,False
5449,1270.0,873,4115532,0.1,0.08484949226401849,14307.722180333003,True,False
5450,1580.0,821,4116353,0.1,0.07890461668735597,14311.627162750003,True,False
5451,1550.0,1082,4117435,0.1,0.10492870926994968,14316.507671583,True,False
5452,1910.0,934,4118369,0.1,0.09739444772593486,14319.935038458003,True,False
5453,1920.0,955,4119324,0.1,0.12056001538418576,14323.112804541997,True,False
5454,860.0,707,4120031,0.1,0.09133031344125894,14325.533053874999,True,False
5455,1850.0,977,4121008,0.1,0.10547511920484962,14329.138825041999,True,False
5456,1720.0,1113,4122121,0.1,0.09114441689666655,14332.862900332999,True,False
5457,1080.0,618,4122739,0.1,0.0741704971614209,14335.057227083002,True,False
5458,1800.0,1040,4123779,0.1,0.09119037919534513,14338.961089833,True,False
5459,1000.0,598,4124377,0.1,0.12111720098803441,14340.980656125,True,False
5460,1450.0,931,4125308,0.1,0.08789256994128866,14344.187065625003,True,False
5461,1090.0,892,4126200,0.1,0.10383604189606525,14347.223459333,True,False
5462,2180.0,842,4127042,0.1,0.1058893357891412,14350.026432833001,True,False
5463,920.0,710,4127752,0.1,0.11788150249572282,14352.514473208,True,False
5464,1250.0,1075,4128827,0.1,0.10526613016098516,14356.139945875002,True,False
5465,1690.0,958,4129785,0.1,0.12633792583364994,14359.367845499997,True,False
5466,1580.0,739,4130524,0.1,0.10139287849636497,14361.884541332998,True,False
5467,1520.0,743,4131267,0.1,0.08156070850185446,14364.4071415,True,False
5468,1770.0,1026,4132293,0.1,0.09493250782503693,14367.854244292,True,False
5469,1620.0,854,4133147,0.1,0.10683181080005258,14371.625420292003,True,False
5470,1640.0,995,4134142,0.1,0.09218989121147907,14375.10911025,True,False
5471,1370.0,795,4134937,0.1,0.09008505118627046,14377.828650374999,True,False
5472,1100.0,796,4135733,0.1,0.10444486091596697,14380.554407583004,True,False
5473,1900.0,787,4136520,0.1,0.1151615796790359,14383.246601125,True,False
5474,1870.0,795,4137315,0.1,0.1338317526805431,14385.937085375,True,False
5475,1490.0,1021,4138336,0.1,0.0997309214581037,14389.713451791999,True,False
5476,1680.0,1001,4139337,0.1,0.08652563962340355,14394.328009208002,True,False
5477,1210.0,824,4140161,0.1,0.10256178253918018,14397.106594917,True,False
5478,2080.0,1216,4141377,0.1,0.10000210224748834,14401.328520458002,True,False
5479,1870.0,914,4142291,0.1,0.08042700217808024,14404.393570667002,True,False
5480,1320.0,1006,4143297,0.1,0.08076270935051734,14407.830894833001,True,False
5481,1470.0,826,4144123,0.1,0.09258873863778647,14410.643713958001,True,False
5482,1580.0,838,4144961,0.1,0.07157086988999731,14413.565190708003,True,False
5483,2160.0,1191,4146152,0.1,0.10380073014846784,14417.567550042004,True,False
5484,1460.0,1010,4147162,0.1,0.08236048081594091,14420.988059374999,True,False
5485,1130.0,800,4147962,0.1,0.09377587387803941,14423.680421541998,True,False
5486,2590.0,1217,4149179,0.1,0.08364009770785312,14427.794114208002,True,False
5487,1800.0,969,4150148,0.1,0.10759178401112801,14431.757663417004,True,False
5488,1870.0,1054,4151202,0.1,0.11726592877745175,14435.203908042,True,False
5489,740.0,658,4151860,0.1,0.11597369028198899,14437.474876542,True,False
5490,3010.0,893,4152753,0.1,0.10011621315717163,14440.575357957998,True,False
5491,1320.0,770,4153523,0.1,0.09772693093691487,14443.268666208001,True,False
5492,2120.0,890,4154413,0.1,0.09093958169489164,14446.292735791998,True,False
5493,1240.0,1038,4155451,0.1,0.11705158421100911,14449.985898958003,True,False
5494,1640.0,756,4156207,0.1,0.1040996833945866,14452.513598042002,True,False
5495,1240.0,1045,4157252,0.1,0.09682806677234765,14456.118231375003,True,False
5496,1680.0,746,4157998,0.1,0.08997596386739964,14458.623998875002,True,False
5497,1070.0,606,4158604,0.1,0.10766485915519297,14460.710692875,True,False
5498,3080.0,840,4159444,0.1,0.10240408054419926,14463.599800958,True,False
5499,1160.0,730,4160174,0.1,0.08661938427978165,14466.238984374999,True,False
5500,2210.0,788,4160962,0.1,0.09580132309441941,14468.977149874998,True,False
5501,490.0,426,4161388,0.1,0.09008176468103846,14471.551268083,True,False
5502,1880.0,773,4162161,0.1,0.08951816311192945,14474.218939208004,True,False
5503,1710.0,783,4162944,0.1,0.08061941559141388,14476.835102792,True,False
5504,1460.0,897,4163841,0.1,0.091105395528887,14479.917104624998,True,False
5505,2000.0,936,4164777,0.1,0.09316740760531945,14483.073460458,True,False
5506,660.0,562,4165339,0.1,0.09937059504113027,14484.971825499997,True,False
5507,1760.0,847,4166186,0.1,0.0876522405547494,14487.859933667001,True,False
5508,1480.0,752,4166938,0.1,0.09108854140690033,14490.484349667,True,False
5509,1930.0,863,4167801,0.1,0.09813587172646765,14493.429087458004,True,False
5510,3040.0,889,4168690,0.1,0.11327930057404546,14496.467965542004,True,False
5511,1410.0,783,4169473,0.1,0.09199820372409054,14499.140066125,True,False
5512,1860.0,818,4170291,0.1,0.09663071862294101,14502.587842166999,True,False
5513,1590.0,787,4171078,0.1,0.11115474960185247,14505.455602499998,True,False
5514,1440.0,759,4171837,0.1,0.11743349028065016,14508.099145917004,True,False
5515,1570.0,1021,4172858,0.1,0.08779089377791274,14511.637093917001,True,False
5516,600.0,436,4173294,0.1,0.12752684970480313,14513.115555875003,True,False
5517,1120.0,620,4173914,0.1,0.08440246155425425,14515.298857000002,True,False
5518,1940.0,797,4174711,0.1,0.07648106406550462,14518.009821291998,True,False
5519,2050.0,878,4175589,0.1,0.08776521051979878,14521.000530375,True,False
5520,220.0,278,4175867,0.1,0.10523505897625633,14521.980111042001,True,False
5521,1880.0,867,4176734,0.1,0.08660915920141793,14525.030325792002,True,False
5522,1590.0,1015,4177749,0.1,0.10016656360464303,14528.466978000004,True,False
5523,1670.0,721,4178470,0.1,0.09518493347697787,14530.888463707997,True,False
5524,530.0,431,4178901,0.1,0.0955924855855604,14532.379377333004,True,False
5525,830.0,747,4179648,0.1,0.09388803043228419,14534.923402125001,True,False
5526,2100.0,821,4180469,0.1,0.09824113873083418,14538.755278917,True,False
5527,1440.0,864,4181333,0.1,0.10842650381123854,14541.724161750004,True,False
5528,1680.0,1153,4182486,0.1,0.11775662473195957,14545.582091042,True,False
5529,2180.0,905,4183391,0.1,0.09862805166965828,14548.602383333004,True,False
5530,2040.0,892,4184283,0.1,0.11217221322014193,14551.610569083,True,False
5531,1610.0,1051,4185334,0.1,0.11370427353739625,14555.161664291998,True,False
5532,1540.0,791,4186125,0.1,0.10489798429412674,14557.791015167,True,False
5533,1620.0,940,4187065,0.1,0.09869778224445404,14561.018793000003,True,False
5534,2060.0,867,4187932,0.1,0.0946302789988743,14563.919144792002,True,False
5535,1680.0,1024,4188956,0.1,0.10848013012946467,14567.490993125,True,False
5536,1960.0,904,4189860,0.1,0.09715390742748184,14570.683923707998,True,False
5537,2900.0,945,4190805,0.1,0.08723263837933792,14573.858742375,True,False
5538,1810.0,963,4191768,0.1,0.12362328559716708,14577.084364417002,True,False
5539,2040.0,1072,4192840,0.1,0.11535842881412871,14580.723960000003,True,False
5540,2080.0,879,4193719,0.1,0.0884842436726643,14583.692279374998,True,False
5541,880.0,819,4194538,0.1,0.10978322455250636,14586.522733208003,True,False
5542,2130.0,1102,4195640,0.1,0.12241348029667701,14590.242198708002,True,False
5543,2570.0,817,4196457,0.1,0.10242114491833776,14593.007560917002,True,False
5544,1890.0,818,4197275,0.1,0.11813156220002793,14595.787168625,True,False
5545,2620.0,968,4198243,0.1,0.12121525961782567,14599.102693166999,True,False
5546,1740.0,1048,4199291,0.1,0.10522770843262436,14602.614072042,True,False
5547,2100.0,1025,4200316,0.1,0.10129095105896432,14606.051944749997,True,False
5548,1390.0,1040,4201356,0.1,0.11054875028248017,14609.561844124997,True,False
5549,2200.0,800,4202156,0.1,0.09720858065411449,14612.247337499997,True,False
5550,1910.0,768,4202924,0.1,0.09703836626916502,14614.853707499999,True,False
5551,1140.0,681,4203605,0.1,0.10418457511593314,14618.265843082998,True,False
5552,1800.0,1307,4204912,0.1,0.1152331979278851,14622.678172500004,True,False
5553,2010.0,1072,4205984,0.1,0.11868930601431474,14626.311324417002,True,False
5554,1720.0,922,4206906,0.1,0.11181255395969619,14629.530603625004,True,False
5555,1810.0,971,4207877,0.1,0.10144112504436155,14632.873594167002,True,False
5556,1110.0,554,4208431,0.1,0.09405338529335416,14634.782827750001,True,False
5557,2800.0,1097,4209528,0.1,0.10651479435237972,14638.606819708002,True,False
5558,1500.0,565,4210093,0.1,0.10467927803860065,14640.496900958002,True,False
5559,2010.0,866,4210959,0.1,0.0866067813778365,14643.456913000002,True,False
5560,1860.0,910,4211869,0.1,0.10963395942133247,14646.556731375,True,False
5561,2110.0,965,4212834,0.1,0.10199639488676276,14649.836570917003,True,False
5562,1190.0,594,4213428,0.1,0.10606421001455528,14651.869466333002,True,False
5563,1880.0,857,4214285,0.1,0.10392118499518554,14654.853746333,True,False
5564,2080.0,802,4215087,0.1,0.11534698040224611,14657.512515125003,True,False
5565,1470.0,835,4215922,0.1,0.1000305554388385,14660.388491792,True,False
5566,1310.0,795,4216717,0.1,0.10215611469431139,14663.062804792004,True,False
5567,2240.0,1073,4217790,0.1,0.10052595683721019,14666.712734041997,True,False
5568,1590.0,1215,4219005,0.1,0.09403762558940798,14670.809870875004,True,False
5569,1440.0,729,4219734,0.1,0.07850495113858155,14673.248340042002,True,False
5570,2650.0,1068,4220802,0.1,0.10460668572046783,14676.872387208,True,False
5571,1300.0,916,4221718,0.1,0.09820823605664432,14679.99154725,True,False
5572,3250.0,1024,4222742,0.1,0.1070262186403852,14683.426235792002,True,False
5573,400.0,348,4223090,0.1,0.0960993267296032,14684.619655208,True,False
5574,3030.0,1012,4224102,0.1,0.08480262276698125,14688.067978416999,True,False
5575,2270.0,947,4225049,0.1,0.09733185865660886,14691.293507542003,True,False
5576,2130.0,918,4225967,0.1,0.1097266765465903,14695.448644582997,True,False
5577,1850.0,874,4226841,0.1,0.13143005396864593,14698.430149250002,True,False
5578,1040.0,822,4227663,0.1,0.10061776936962837,14701.265245333001,True,False
5579,1610.0,1145,4228808,0.1,0.12363202098224844,14705.187367042003,True,False
5580,440.0,390,4229198,0.1,0.07058763171824597,14706.543273750001,True,False
5581,1880.0,852,4230050,0.1,0.11535086749480084,14709.475927375002,True,False
5582,3280.0,968,4231018,0.1,0.10960335668545863,14712.812658916999,True,False
5583,2130.0,852,4231870,0.1,0.0822261519590174,14715.704547333,True,False
5584,2640.0,870,4232740,0.1,0.07585148379599693,14718.722405833003,True,False
5585,1260.0,659,4233399,0.1,0.07063297348142397,14720.936547208003,True,False
5586,1300.0,797,4234196,0.1,0.09151609091088175,14723.796842042,True,False
5587,1950.0,1068,4235264,0.1,0.08968968225524443,14727.470424583,True,False
5588,1440.0,717,4235981,0.1,0.0972557651430535,14730.055422750003,True,False
5589,820.0,550,4236531,0.1,0.0715657727806455,14731.910320374998,True,False
5590,1930.0,878,4237409,0.1,0.09746644694612107,14735.071444583002,True,False
5591,2250.0,1041,4238450,0.1,0.10734483457456988,14738.641222416998,True,False
5592,1850.0,1067,4239517,0.1,0.12512972778623246,14742.996935875002,True,False
5593,2190.0,848,4240365,0.1,0.09325637731630847,14746.006283916999,True,False
5594,1690.0,1171,4241536,0.1,0.10227317997149538,14750.127458542003,True,False
5595,1750.0,1107,4242643,0.1,0.07019127246694289,14753.876453333003,True,False
5596,2590.0,1207,4243850,0.1,0.08684393695697484,14758.065932958001,True,False
5597,1680.0,952,4244802,0.1,0.0908060951800156,14761.366573,True,False
5598,1500.0,867,4245669,0.1,0.10031220101438085,14764.354277332997,True,False
5599,2080.0,874,4246543,0.1,0.09217076126588594,14767.547758166998,True,False
5600,2140.0,1024,4247567,0.1,0.08152685269487847,14770.989559499998,True,False
5601,970.0,794,4248361,0.1,0.08300748717358064,14774.731836542,True,False
5602,1540.0,863,4249224,0.1,0.09269404303523954,14777.741387916998,True,False
5603,1260.0,867,4250091,0.1,0.10110440740741237,14780.727845583002,True,False
5604,2870.0,1013,4251104,0.1,0.1008526062680863,14784.269132542002,True,False
5605,2250.0,1038,4252142,0.1,0.0972436964296121,14787.985322583001,True,False
5606,1960.0,750,4252892,0.1,0.09144000870552152,14790.608347624999,True,False
5607,1990.0,694,4253586,0.1,0.09130822952212281,14792.970874833001,True,False
5608,2190.0,1395,4254981,0.1,0.09667779613062098,14797.901966667,True,False
5609,2870.0,1015,4255996,0.1,0.11610677436463476,14801.424371792004,True,False
5610,2200.0,985,4256981,0.1,0.08176688780644681,14804.806909708,True,False
5611,2990.0,1149,4258130,0.1,0.09735859240947181,14808.846388042002,True,False
5612,900.0,595,4258725,0.1,0.09525321435258292,14810.933374958004,True,False
5613,1590.0,830,4259555,0.1,0.09354775546541537,14814.951725083003,True,False
5614,990.0,679,4260234,0.1,0.0891627873896676,14817.231853541998,True,False
5615,870.0,629,4260863,0.1,0.10293589221539011,14819.479235917002,True,False
5616,2480.0,940,4261803,0.1,0.09780078621462304,14822.729782333001,True,False
5617,1610.0,974,4262777,0.1,0.1176708283811258,14826.110766500002,True,False
5618,1860.0,1082,4263859,0.1,0.08940858055527011,14829.817190708003,True,False
5619,1500.0,772,4264631,0.1,0.08593237126448766,14832.445297208003,True,False
5620,1910.0,920,4265551,0.1,0.11111877963108861,14835.626281042001,True,False
5621,2240.0,853,4266404,0.1,0.10936318082891613,14838.552529749999,True,False
5622,1420.0,676,4267080,0.1,0.08433097355155902,14840.838575624999,True,False
5623,1440.0,802,4267882,0.1,0.10837509011849761,14843.560844958003,True,False
5624,2890.0,816,4268698,0.1,0.0854904691816545,14846.349836916997,True,False
5625,1600.0,1086,4269784,0.1,0.09611499681384028,14850.045797833001,True,False
5626,1560.0,783,4270567,0.1,0.10271621144925937,14853.701366375004,True,False
5627,3640.0,1004,4271571,0.1,0.13013555712819813,14857.146254457999,True,False
5628,1340.0,785,4272356,0.1,0.12029322261359486,14859.794118042002,True,False
5629,1570.0,921,4273277,0.1,0.1044485403386795,14862.919214000001,True,False
5630,1800.0,929,4274206,0.1,0.11148095695334005,14866.080287458004,True,False
5631,1150.0,773,4274979,0.1,0.09496950923701641,14868.801957750002,True,False
5632,4830.0,1036,4276015,0.1,0.10458700473215359,14873.389614332998,True,False
5633,2430.0,1135,4277150,0.1,0.09598677783128871,14877.637314083004,True,False
5634,2600.0,909,4278059,0.1,0.10205590736022474,14880.932975292002,True,False
5635,820.0,935,4278994,0.1,0.12989427771769527,14884.180482791999,True,False
5636,2340.0,1144,4280138,0.1,0.1383773879558369,14888.169113333002,True,False
5637,3020.0,1064,4281202,0.1,0.09288073962736398,14891.865484167,True,False
5638,2400.0,1043,4282245,0.1,0.10273841612569103,14895.486561999998,True,False
5639,2490.0,1128,4283373,0.1,0.10039937440702255,14899.385891292004,True,False
5640,400.0,373,4283746,0.1,0.09732645277374534,14900.655123042001,True,False
5641,1870.0,1133,4284879,0.1,0.0963714763772256,14904.913969458,True,False
5642,2290.0,807,4285686,0.1,0.10636715103162102,14907.621754332999,True,False
5643,2880.0,847,4286533,0.1,0.09669698118495773,14910.605900249997,True,False
5644,1710.0,1022,4287555,0.1,0.11553166144180532,14914.136867542002,True,False
5645,2080.0,965,4288520,0.1,0.09572363801854701,14917.490551791998,True,False
5646,750.0,562,4289082,0.1,0.09298947019103382,14919.526714500003,True,False
5647,920.0,504,4289586,0.1,0.11723036150492373,14921.277774167,True,False
5648,1730.0,1064,4290650,0.1,0.1188116747451792,14925.017222208,True,False
5649,2150.0,793,4291443,0.1,0.10683085132540777,14927.814448582998,True,False
5650,1340.0,748,4292191,0.1,0.10515251740773413,14930.472624583002,True,False
5651,1490.0,916,4293107,0.1,0.10379301117302028,14936.004377375,True,False
5652,1160.0,611,4293718,0.1,0.13041848993671487,14938.081818457998,True,False
5653,1170.0,845,4294563,0.1,0.07069698899931394,14941.177809957997,True,False
5654,2670.0,967,4295530,0.1,0.10257803953506729,14944.505377167,True,False
5655,1290.0,1034,4296564,0.1,0.09490952680326106,14948.082258417002,True,False
5656,2810.0,893,4297457,0.1,0.12323249467218403,14951.236458332998,True,False
5657,2010.0,1021,4298478,0.1,0.1066541799873698,14954.739790874999,True,False
5658,710.0,564,4299042,0.1,0.08611397885103175,14956.652338917003,True,False
5659,320.0,380,4299422,0.1,0.1054673663095424,14957.996592417003,True,False
5660,1450.0,818,4300240,0.1,0.09965476952493191,14960.854413916997,True,False
5661,1730.0,804,4301044,0.1,0.11404975197412333,14963.624831207999,True,False
5662,1950.0,1049,4302093,0.1,0.09644783003156195,14967.180548249999,True,False
5663,800.0,693,4302786,0.1,0.10296300648996941,14969.960965582999,True,False
5664,1950.0,930,4303716,0.1,0.13285789329382738,14973.148826124998,True,False
5665,1490.0,868,4304584,0.1,0.0897027861910619,14976.203955582998,True,False
5666,1430.0,786,4305370,0.1,0.13244504636457685,14978.902539583003,True,False
5667,2390.0,1061,4306431,0.1,0.12788504247887517,14982.531880208,True,False
5668,1410.0,865,4307296,0.1,0.10401862187628647,14985.505653833003,True,False
5669,2520.0,1067,4308363,0.1,0.11969211543525073,14989.254531208004,True,False
5670,330.0,329,4308692,0.1,0.09876958994441722,14990.444741250001,True,False
5671,2540.0,1054,4309746,0.1,0.10127719554752677,14994.043191167002,True,False
5672,910.0,682,4310428,0.1,0.12672958637407997,14997.551443750002,True,False
5673,1590.0,924,4311352,0.1,0.1289644663129405,15000.645204624998,True,False
5674,1720.0,1030,4312382,0.1,0.11394453190759926,15004.200658624999,True,False
5675,1610.0,936,4313318,0.1,0.0999570129534755,15007.466404792001,True,False
5676,1610.0,919,4314237,0.1,0.12611759111042256,15011.726168207999,True,False
5677,3020.0,869,4315106,0.1,0.10824760794639587,15014.802489624999,True,False
5678,1760.0,906,4316012,0.1,0.104034964286513,15017.854351167,True,False
5679,800.0,584,4316596,0.1,0.1290938812754538,15019.978127583003,True,False
5680,1880.0,1006,4317602,0.1,0.11018780938746682,15023.455503124998,True,False
5681,1650.0,1108,4318710,0.1,0.10606478600483724,15027.265553083002,True,False
5682,1890.0,699,4319409,0.1,0.1174195385085685,15029.790921125,True,False
5683,2230.0,860,4320269,0.1,0.11454286073702713,15032.759548250004,True,False
5684,1620.0,828,4321097,0.1,0.09952389242820406,15035.611657499998,True,False
5685,1560.0,733,4321830,0.1,0.13079984386354848,15038.082232292,True,False
5686,2470.0,957,4322787,0.1,0.09525893471948023,15041.345846707998,True,False
5687,2180.0,1040,4323827,0.1,0.1203183503749852,15044.868869375001,True,False
5688,2160.0,808,4324635,0.1,0.09774161699126557,15047.666634833004,True,False
5689,2610.0,1026,4325661,0.1,0.10919271736018041,15051.220759042,True,False
5690,3620.0,823,4326484,0.1,0.1285846729319796,15054.020690208003,True,False
5691,2050.0,996,4327480,0.1,0.11301177299121418,15058.209980874999,True,False
5692,690.0,569,4328049,0.1,0.1000300833404484,15060.049823041998,True,False
5693,1150.0,786,4328835,0.1,0.09543359725336943,15062.790741833,True,False
5694,1850.0,989,4329824,0.1,0.1337533058568595,15066.412760583,True,False
5695,1580.0,729,4330553,0.1,0.10844911454798101,15068.917940125,True,False
5696,1280.0,742,4331295,0.1,0.12777703326900264,15071.557076917,True,False
5697,1240.0,813,4332108,0.1,0.10628459201760444,15074.428170958003,True,False
5698,1880.0,763,4332871,0.1,0.11151396854731598,15076.991894833001,True,False
5699,2180.0,1094,4333965,0.1,0.1002241567416239,15080.783844750003,True,False
5700,140.0,263,4334228,0.1,0.11369807140506578,15081.720588458003,True,False
5701,1780.0,1280,4335508,0.1,0.0901952140033245,15086.972443833001,True,False
5702,1140.0,637,4336145,0.1,0.12708376305845548,15089.138653791997,True,False
5703,2240.0,1266,4337411,0.1,0.10225972757214986,15093.654689458002,True,False
5704,2010.0,1020,4338431,0.1,0.12417390592688439,15097.161147833001,True,False
5705,1580.0,889,4339320,0.1,0.09283735547966486,15100.312047375002,True,False
5706,1040.0,677,4339997,0.1,0.13171278937725273,15102.677765125001,True,False
5707,1440.0,870,4340867,0.1,0.12799612956318987,15105.663975249998,True,False
5708,1310.0,895,4341762,0.1,0.11855291805529435,15108.791990999998,True,False
5709,1630.0,599,4342361,0.1,0.14876888817797104,15110.877434250004,True,False
5710,2190.0,1180,4343541,0.1,0.10399919483116117,15114.947733333,True,False
5711,1500.0,894,4344435,0.1,0.11030611493562102,15118.646829667,True,False
5712,1760.0,1172,4345607,0.1,0.11565419085603525,15122.651031166999,True,False
5713,1500.0,764,4346371,0.1,0.13902675333135414,15125.230545125,True,False
5714,2570.0,770,4347141,0.1,0.09328043929885088,15127.930691082998,True,False
5715,1150.0,661,4347802,0.1,0.10704534862077597,15130.224606791999,True,False
5716,2000.0,769,4348571,0.1,0.1356405038580609,15132.871234416998,True,False
5717,1950.0,933,4349504,0.1,0.09584222092396683,15136.063459582998,True,False
5718,1600.0,827,4350331,0.1,0.12265912663119222,15138.971043416997,True,False
5719,1540.0,956,4351287,0.1,0.11122363075520454,15142.475015458003,True,False
5720,1010.0,719,4352006,0.1,0.09549193823089203,15145.357168667004,True,False
5721,1910.0,934,4352940,0.1,0.09785266485638343,15148.480085417003,True,False
5722,1610.0,1041,4353981,0.1,0.12014887847292882,15152.142887957998,True,False
5723,1730.0,664,4354645,0.1,0.10877959359526994,15154.408125583002,True,False
5724,2520.0,927,4355572,0.1,0.10631366398442409,15157.665643458,True,False
5725,1830.0,1035,4356607,0.1,0.10415537808408108,15161.246361457997,True,False
5726,2090.0,956,4357563,0.1,0.11803109685902066,15165.250069250003,True,False
5727,2560.0,766,4358329,0.1,0.08517401471423607,15167.970420500002,True,False
5728,1540.0,741,4359070,0.1,0.14787342809140683,15170.543874625,True,False
5729,1650.0,837,4359907,0.1,0.11698238322573701,15173.412736457998,True,False
5730,1820.0,871,4360778,0.1,0.1316079259294709,15176.563018458,True,False
5731,2210.0,821,4361599,0.1,0.11842027277481265,15179.433843167004,True,False
5732,1510.0,706,4362305,0.1,0.11201261292280114,15181.960422333002,True,False
5733,1310.0,981,4363286,0.1,0.11351720769034357,15185.342892417,True,False
5734,1940.0,836,4364122,0.1,0.09751904931400666,15189.214155333,True,False
5735,1680.0,990,4365112,0.1,0.11605313991857392,15192.819313166998,True,False
5736,1900.0,710,4365822,0.1,0.11945790648039452,15195.418125167002,True,False
5737,2160.0,904,4366726,0.1,0.11646410428910656,15198.536681333004,True,False
5738,1510.0,874,4367600,0.1,0.09841372102464988,15201.577199250001,True,False
5739,710.0,626,4368226,0.1,0.08543491338451321,15203.729943208004,True,False
5740,1750.0,742,4368968,0.1,0.12348890305566852,15206.474833375003,True,False
5741,2170.0,878,4369846,0.1,0.0984601333278091,15209.412858791999,True,False
5742,3150.0,933,4370779,0.1,0.10828083477786427,15212.640323583,True,False
5743,1280.0,657,4371436,0.1,0.1028790178736954,15214.917129125002,True,False
5744,560.0,401,4371837,0.1,0.1116252008266747,15216.278884166997,True,False
5745,1080.0,856,4372693,0.1,0.1184847873992452,15219.245911917002,True,False
5746,1680.0,970,4373663,0.1,0.10828033227411922,15222.567844707999,True,False
5747,1530.0,862,4374525,0.1,0.13058166239514118,15225.508646208,True,False
5748,1570.0,805,4375330,0.1,0.13258376564663737,15228.286015833,True,False
5749,1640.0,847,4376177,0.1,0.12451657395862606,15231.367544417,True,False
5750,1360.0,885,4377062,0.1,0.12041894638093349,15234.423234000002,True,False
5751,2680.0,954,4378016,0.1,0.11782702454463209,15238.809896332998,True,False
5752,1950.0,916,4378932,0.1,0.10904358817044825,15241.952979875,True,False
5753,1470.0,808,4379740,0.1,0.12043769033349092,15244.755746208,True,False
5754,1560.0,854,4380594,0.1,0.11697613170694017,15247.726380833003,True,False
5755,2100.0,882,4381476,0.1,0.10517116821459516,15251.730003666999,True,False
5756,920.0,660,4382136,0.1,0.1072049078051791,15253.889357375003,True,False
5757,2720.0,808,4382944,0.1,0.10860568861301878,15256.764413458004,True,False
5758,2170.0,1039,4383983,0.1,0.11354401432207882,15260.303880708001,True,False
5759,1620.0,940,4384923,0.1,0.11564842734406604,15263.522926708,True,False
5760,1440.0,919,4385842,0.1,0.10603454108957364,15266.694301249998,True,False
5761,2150.0,1010,4386852,0.1,0.1253513158427868,15270.259531458003,True,False
5762,1550.0,781,4387633,0.1,0.10346761472905293,15272.940525042002,True,False
5763,1490.0,959,4388592,0.1,0.12610454889169584,15276.251366124998,True,False
5764,1940.0,760,4389352,0.1,0.10978350671694467,15278.858993082998,True,False
5765,780.0,680,4390032,0.1,0.10993628946735579,15281.189209333003,True,False
5766,2360.0,605,4390637,0.1,0.11154975416447153,15283.261481583002,True,False
5767,2220.0,1049,4391686,0.1,0.10282299660487484,15286.876442957997,True,False
5768,1760.0,826,4392512,0.1,0.09985821883999495,15289.823486082998,True,False
5769,2250.0,1059,4393571,0.1,0.11819771637744976,15293.398405207998,True,False
5770,1940.0,922,4394493,0.1,0.08909955178891425,15296.556510374998,True,False
5771,3660.0,952,4395445,0.1,0.08266284494433834,15299.868890416998,True,False
5772,1120.0,868,4396313,0.1,0.11892719208026811,15302.844204250003,True,False
5773,1650.0,878,4397191,0.1,0.12068644441562155,15305.846807167,True,False
5774,980.0,741,4397932,0.1,0.09605773648507493,15308.400819875002,True,False
5775,1900.0,1032,4398964,0.1,0.10702747658126113,15312.511445750002,True,False
5776,1630.0,794,4399758,0.1,0.08855197054682055,15316.378730000004,True,False
5777,4350.0,837,4400595,0.1,0.09756726723021725,15319.364311999998,True,False
5778,1750.0,1219,4401814,0.1,0.11443298368058244,15323.551075666997,True,False
5779,1050.0,666,4402480,0.1,0.10430051461085231,15325.806270292,True,False
5780,1210.0,864,4403344,0.1,0.1061000550010552,15328.789899625,True,False
5781,1790.0,965,4404309,0.1,0.10667997954173701,15332.143694042003,True,False
5782,1540.0,924,4405233,0.1,0.10996778999572192,15335.362792500004,True,False
5783,700.0,711,4405944,0.1,0.1054140380949954,15339.536177000002,True,False
5784,1580.0,1097,4407041,0.1,0.08913987791369649,15345.945787792,True,False
5785,1550.0,680,4407721,0.1,0.10172643004094853,15349.690191041998,True,False
5786,2140.0,1070,4408791,0.1,0.09871800490463159,15354.132514917,True,False
5787,2050.0,841,4409632,0.1,0.10013338047746234,15357.172854000004,True,False
5788,2160.0,916,4410548,0.1,0.08219550060327917,15360.525658792001,True,False
5789,1890.0,900,4411448,0.1,0.10038989092740748,15363.817624707997,True,False
5790,1470.0,654,4412102,0.1,0.08175059499367615,15366.554134917002,True,False
5791,660.0,458,4412560,0.1,0.07735349529463312,15368.208264624998,True,False
5792,2180.0,1022,4413582,0.1,0.1276573665732262,15372.060907749998,True,False
5793,2370.0,995,4414577,0.1,0.10309313634881773,15375.693026041998,True,False
5794,1830.0,946,4415523,0.1,0.10679530883523619,15379.825438250002,True,False
5795,2080.0,1059,4416582,0.1,0.09001792411337484,15384.990941000004,True,False
5796,1320.0,806,4417388,0.1,0.11697698982045202,15387.893479125,True,False
5797,1930.0,815,4418203,0.1,0.11427333572962015,15390.763092207999,True,False
5798,1030.0,760,4418963,0.1,0.11358422297298124,15393.530041833,True,False
5799,1540.0,884,4419847,0.1,0.1203237448342785,15396.665712167,True,False
5800,1870.0,1122,4420969,0.1,0.10496289127927234,15400.739736208001,True,False
5801,1760.0,769,4421738,0.1,0.10632407737042134,15404.489609917,True,False
5802,1740.0,907,4422645,0.1,0.09914466360427997,15407.76724075,True,False
5803,1850.0,938,4423583,0.1,0.09055871601638377,15411.557454208,True,False
5804,1730.0,1022,4424605,0.1,0.10680380734993378,15415.080778750002,True,False
5805,1760.0,867,4425472,0.1,0.09179995681077655,15418.093506292003,True,False
5806,2000.0,923,4426395,0.1,0.1008170159412143,15421.469970457998,True,False
5807,1830.0,936,4427331,0.1,0.10154545260593295,15424.767279,True,False
5808,1920.0,1006,4428337,0.1,0.10871472429218036,15428.351595375003,True,False
5809,1910.0,1062,4429399,0.1,0.11059419740483446,15432.058664417003,True,False
5810,1800.0,944,4430343,0.1,0.09084497340086659,15435.346145832998,True,False
5811,1800.0,1015,4431358,0.1,0.08314489593040052,15438.86288575,True,False
5812,1550.0,843,4432201,0.1,0.10635627882987685,15441.757984417003,True,False
5813,1690.0,902,4433103,0.1,0.09044254423015648,15445.956637167,True,False
5814,2150.0,954,4434057,0.1,0.09768309439512975,15449.604702083001,True,False
5815,1910.0,1044,4435101,0.1,0.09766274756998167,15453.078486917002,True,False
5816,2170.0,938,4436039,0.1,0.09248868002691585,15456.56610525,True,False
5817,680.0,751,4436790,0.1,0.10734491941935205,15459.133439167003,True,False
5818,2320.0,895,4437685,0.1,0.10059757528194625,15462.378994500003,True,False
5819,2030.0,995,4438680,0.1,0.09955568341575713,15465.797341416997,True,False
5820,1830.0,880,4439560,0.1,0.09294591216709126,15468.937001541999,True,False
5821,1740.0,997,4440557,0.1,0.0869197313595249,15472.404384125002,True,False
5822,1840.0,1120,4441677,0.1,0.10870339198237551,15476.289898042,True,False
5823,2030.0,1010,4442687,0.1,0.10775868154116093,15479.948235124997,True,False
5824,2070.0,974,4443661,0.1,0.10318628290179567,15483.409559583,True,False
5825,2030.0,873,4444534,0.1,0.10295976117390011,15486.575318832998,True,False
5826,1290.0,521,4445055,0.1,0.06139973661360832,15489.699450082997,True,False
5827,1900.0,983,4446038,0.1,0.10114525715116321,15493.276623457998,True,False
5828,2330.0,909,4446947,0.1,0.10182958662444275,15496.457287625002,True,False
5829,1740.0,887,4447834,0.1,0.10790345470446187,15499.434401416998,True,False
5830,2340.0,837,4448671,0.1,0.09334987156877392,15502.318509042001,True,False
5831,2200.0,821,4449492,0.1,0.09832398823995903,15505.976048042001,True,False
5832,2040.0,891,4450383,0.1,0.09556638339517622,15508.897524417,True,False
5833,860.0,714,4451097,0.1,0.09604066286714716,15511.450778500002,True,False
5834,1910.0,932,4452029,0.1,0.10625205616278838,15514.710304542,True,False
5835,680.0,524,4452553,0.1,0.10147455741317217,15516.546814082998,True,False
5836,1610.0,968,4453521,0.1,0.09724915915068762,15519.962112792004,True,False
5837,2290.0,903,4454424,0.1,0.09442888778032718,15523.072442958,True,False
5838,2400.0,1024,4455448,0.1,0.08579382476455066,15526.700520625003,True,False
5839,870.0,646,4456094,0.1,0.14155240985131043,15529.005268292,True,False
5840,2050.0,823,4456917,0.1,0.08494226954135935,15531.8477565,True,False
5841,2410.0,910,4457827,0.1,0.08910480611814013,15534.991433000003,True,False
5842,2540.0,1191,4459018,0.1,0.11072443895066944,15539.210298708,True,False
5843,1120.0,681,4459699,0.1,0.09559259222929968,15541.542209250001,True,False
5844,1500.0,1010,4460709,0.1,0.09624440977607555,15545.066295417004,True,False
5845,1890.0,1616,4462325,0.1,0.10508634510108887,15550.657265250004,True,False
5846,1110.0,800,4463125,0.1,0.09468824470415711,15553.422216749997,True,False
5847,1540.0,955,4464080,0.1,0.0815088896228928,15556.697528792,True,False
5848,900.0,651,4464731,0.1,0.0746563077777808,15558.906049333003,True,False
5849,2530.0,1032,4465763,0.1,0.0872811846175166,15562.443304749999,True,False
5850,2320.0,903,4466666,0.1,0.09216056887752715,15566.206836750003,True,False
5851,2580.0,1130,4467796,0.1,0.10790186212809473,15571.119355583003,True,False
5852,2080.0,1198,4468994,0.1,0.11144734454967306,15575.215982792004,True,False
5853,1190.0,773,4469767,0.1,0.12050871688081193,15578.549352417002,True,False
5854,1830.0,1069,4470836,0.1,0.09969927061265751,15583.391591042004,True,False
5855,1190.0,853,4471689,0.1,0.0987775326037491,15586.328515583002,True,False
5856,2100.0,1219,4472908,0.1,0.11904548918981044,15590.838808708002,True,False
5857,2510.0,959,4473867,0.1,0.1144933346814815,15594.053568750001,True,False
5858,2290.0,1175,4475042,0.1,0.09438393294152354,15598.227466208002,True,False
5859,1830.0,728,4475770,0.1,0.10394124440582735,15600.805231332997,True,False
5860,1710.0,866,4476636,0.1,0.10485527939098771,15603.845705417,True,False
5861,1760.0,896,4477532,0.1,0.09849479217414878,15607.030978292001,True,False
5862,1200.0,793,4478325,0.1,0.07908485060313133,15609.754048208,True,False
5863,3140.0,898,4479223,0.1,0.09124925166335222,15612.891481999999,True,False
5864,1220.0,778,4480001,0.1,0.08802624588880019,15615.562600958001,True,False
5865,1820.0,888,4480889,0.1,0.11126145936112415,15618.674903917003,True,False
5866,1830.0,983,4481872,0.1,0.10835762927687265,15622.081820166997,True,False
5867,1600.0,1230,4483102,0.1,0.08393038143418996,15626.934352417004,True,False
5868,1680.0,836,4483938,0.1,0.1015631693580219,15630.167603374997,True,False
5869,3110.0,802,4484740,0.1,0.10992551524544236,15633.496703917,True,False
5870,2010.0,1046,4485786,0.1,0.09688041195045029,15637.973126707999,True,False
5871,2140.0,959,4486745,0.1,0.104130919460052,15641.245869457998,True,False
5872,2740.0,1274,4488019,0.1,0.10231835287322039,15645.928241667003,True,False
5873,1530.0,1024,4489043,0.1,0.07885324137168936,15649.677361957998,True,False
5874,2580.0,988,4490031,0.1,0.1315791607506362,15653.168042958001,True,False
5875,1720.0,1009,4491040,0.1,0.09047685431044092,15656.847783750003,True,False
5876,1730.0,933,4491973,0.1,0.09529183444451109,15661.270702125003,True,False
5877,2010.0,934,4492907,0.1,0.08995164322462972,15664.619519875,True,False
5878,1500.0,951,4493858,0.1,0.081120422908238,15668.141540666998,True,False
5879,820.0,787,4494645,0.1,0.12717074996361574,15670.899194792,True,False
5880,880.0,782,4495427,0.1,0.1268881818231864,15673.742209208001,True,False
5881,1330.0,885,4496312,0.1,0.12862075086649474,15676.878857000003,True,False
5882,1420.0,1104,4497416,0.1,0.10746757015990822,15680.762916917003,True,False
5883,840.0,647,4498063,0.1,0.0961934305634928,15683.041010417,True,False
5884,2040.0,1111,4499174,0.1,0.11696234372906762,15686.970888583004,True,False
5885,2050.0,900,4500074,0.1,0.11364907690220409,15690.104673125003,True,False
5886,2020.0,944,4501018,0.1,0.11462058815947276,15693.41100675,True,False
5887,1400.0,861,4501879,0.1,0.12396621500510116,15696.408935708001,True,False
5888,2510.0,1333,4503212,0.1,0.10812560346780602,15701.225231208002,True,False
5889,2270.0,915,4504127,0.1,0.0980832492483355,15704.575471458003,True,False
5890,1160.0,610,4504737,0.1,0.12178751050792878,15706.666306583,True,False
5891,2420.0,914,4505651,0.1,0.09459160049364232,15710.154932625002,True,False
5892,1680.0,890,4506541,0.1,0.09630437801704814,15713.176177333,True,False
5893,980.0,906,4507447,0.1,0.07745646335085672,15717.409363833001,True,False
5894,2500.0,1096,4508543,0.1,0.11043016295064323,15721.352755917003,True,False
5895,2050.0,988,4509531,0.1,0.08676454776272118,15724.75343525,True,False
5896,1560.0,810,4510341,0.1,0.09489531058983262,15727.629520208,True,False
5897,290.0,308,4510649,0.1,0.10991736283743536,15728.717448750001,True,False
5898,1760.0,1026,4511675,0.1,0.10744200593762798,15732.25246825,True,False
5899,2080.0,1074,4512749,0.1,0.11456863611216439,15735.985170125,True,False
5900,1340.0,715,4513464,0.1,0.09656551132738257,15738.444378792003,True,False
5901,2120.0,987,4514451,0.1,0.09914804328747881,15743.035997958003,True,False
5902,1900.0,1029,4515480,0.1,0.10107084103794985,15746.595654208002,True,False
5903,1420.0,860,4516340,0.1,0.11743559292409309,15749.517302917004,True,False
5904,1620.0,919,4517259,0.1,0.12164491731429465,15752.694810875,True,False
5905,3600.0,907,4518166,0.1,0.10378693724420365,15755.809066417001,True,False
5906,1940.0,856,4519022,0.1,0.0963390900831774,15758.752108583001,True,False
5907,2460.0,935,4519957,0.1,0.10472247702204901,15761.931238999998,True,False
5908,1520.0,719,4520676,0.1,0.12832365911453963,15764.380966833,True,False
5909,1980.0,883,4521559,0.1,0.10404513557018204,15767.497100417,True,False
5910,1500.0,774,4522333,0.1,0.1181303596450496,15770.196087000004,True,False
5911,1730.0,902,4523235,0.1,0.12173390372759767,15773.351009292004,True,False
5912,3110.0,1026,4524261,0.1,0.10583502982637993,15777.80783225,True,False
5913,1910.0,902,4525163,0.1,0.10776678418119748,15780.825424458002,True,False
5914,2150.0,880,4526043,0.1,0.12542607250877402,15783.929032542,True,False
5915,2340.0,956,4526999,0.1,0.1319103895776192,15787.3327545,True,False
5916,1960.0,1009,4528008,0.1,0.12022311492959266,15790.830236000002,True,False
5917,2630.0,1058,4529066,0.1,0.08592404888688841,15794.486907958002,True,False
5918,1320.0,796,4529862,0.1,0.09146077635150458,15797.198369833,True,False
5919,1630.0,758,4530620,0.1,0.09986379067168424,15799.829901208002,True,False
5920,2040.0,674,4531294,0.1,0.08484743786088768,15802.178330417002,True,False
5921,980.0,699,4531993,0.1,0.14141591075275625,15804.562046042003,True,False
5922,2900.0,913,4532906,0.1,0.11034912915834993,15807.655504250004,True,False
5923,2690.0,830,4533736,0.1,0.12598357743655259,15810.480028042002,True,False
5924,2010.0,966,4534702,0.1,0.10882601239312734,15813.867996875,True,False
5925,1830.0,743,4535445,0.1,0.10552543143351231,15816.46662575,True,False
5926,1910.0,937,4536382,0.1,0.11867216482567482,15820.612422582999,True,False
5927,1220.0,879,4537261,0.1,0.14065553291954777,15823.702374166998,True,False
5928,2950.0,791,4538052,0.1,0.12069998760566567,15826.338476582998,True,False
5929,1130.0,530,4538582,0.1,0.12540512887591665,15828.266963458002,True,False
5930,2640.0,931,4539513,0.1,0.14184908944585806,15831.481594582998,True,False
5931,2160.0,980,4540493,0.1,0.09265723309802766,15834.836789667002,True,False
5932,2790.0,972,4541465,0.1,0.11994738055876007,15838.812066083003,True,False
5933,1300.0,629,4542094,0.1,0.11566557520466625,15841.563613625003,True,False
5934,1030.0,622,4542716,0.1,0.11913801168497556,15843.776947500002,True,False
5935,2420.0,967,4543683,0.1,0.10971918638749241,15847.644113875001,True,False
5936,1160.0,647,4544330,0.1,0.12105661095982348,15849.801495375003,True,False
5937,1670.0,982,4545312,0.1,0.09838777820662997,15853.274704000003,True,False
5938,1200.0,736,4546048,0.1,0.09521231516871763,15855.819735416997,True,False
5939,1380.0,840,4546888,0.1,0.10901753352511497,15859.373929375004,True,False
5940,1140.0,636,4547524,0.1,0.12902138248648284,15861.472680042003,True,False
5941,340.0,398,4547922,0.1,0.10446487592928337,15862.861571583002,True,False
5942,1620.0,875,4548797,0.1,0.11331509209352814,15865.909532999998,True,False
5943,1840.0,888,4549685,0.1,0.10903451610188764,15868.947227625002,True,False
5944,360.0,502,4550187,0.1,0.11044506913423538,15870.682908417002,True,False
5945,1510.0,809,4550996,0.1,0.12750192119606904,15873.476821042,True,False
5946,2660.0,895,4551891,0.1,0.118501786184351,15876.555623375003,True,False
5947,1690.0,889,4552780,0.1,0.10553660323099973,15879.638746292003,True,False
5948,1960.0,752,4553532,0.1,0.15491665212160094,15882.205470875,True,False
5949,1100.0,694,4554226,0.1,0.10903079011019944,15884.579758500004,True,False
5950,640.0,421,4554647,0.1,0.1312145980341094,15886.063200792,True,False
5951,1360.0,843,4555490,0.1,0.13198274764192613,15890.055267083,True,False
5952,1730.0,832,4556322,0.1,0.11917303909117785,15892.909160707997,True,False
5953,1640.0,1115,4557437,0.1,0.09966375750880088,15896.895464499998,True,False
5954,2370.0,1112,4558549,0.1,0.09571322329047559,15900.724480625002,True,False
5955,1980.0,896,4559445,0.1,0.10653946458894227,15903.807956208002,True,False
5956,2540.0,999,4560444,0.1,0.11889720302075148,15907.987897375002,True,False
5957,1840.0,1394,4561838,0.1,0.09195572144255557,15913.325013000001,True,False
5958,1390.0,747,4562585,0.1,0.10518974613617449,15915.856505333002,True,False
5959,1670.0,831,4563416,0.1,0.11179465447695783,15918.803497417,True,False
5960,1960.0,877,4564293,0.1,0.10442829974097749,15921.795594083,True,False
5961,2760.0,729,4565022,0.1,0.11500723145206224,15924.377053666998,True,False
5962,1110.0,655,4565677,0.1,0.10307747852511523,15926.623115832997,True,False
5963,2170.0,808,4566485,0.1,0.12274337604199306,15929.420090332998,True,False
5964,890.0,626,4567111,0.1,0.12562830374838832,15931.576081500003,True,False
5965,2300.0,827,4567938,0.1,0.09374107733134918,15934.434572125,True,False
5966,1680.0,988,4568926,0.1,0.13351860063278723,15937.831532167002,True,False
5967,1440.0,765,4569691,0.1,0.11731372791201032,15940.439407292004,True,False
5968,2110.0,769,4570460,0.1,0.13975259570472445,15943.103823333004,True,False
5969,2070.0,1160,4571620,0.1,0.12346328653652093,15947.108732875,True,False
5970,1460.0,959,4572579,0.1,0.10166118583139266,15950.528193291997,True,False
5971,1950.0,843,4573422,0.1,0.13670884880515355,15953.358445750004,True,False
5972,3220.0,1164,4574586,0.1,0.09844041786627057,15957.428733207998,True,False
5973,1960.0,1012,4575598,0.1,0.1129188281539165,15960.863729249999,True,False
5974,1490.0,820,4576418,0.1,0.11353981233224636,15963.717545749998,True,False
5975,1560.0,1177,4577595,0.1,0.11537760495505973,15967.949554416999,True,False
5976,4290.0,760,4578355,0.1,0.10555618295544072,15971.749372167003,True,False
5977,1970.0,830,4579185,0.1,0.10164842154168022,15974.773110250004,True,False
5978,1450.0,916,4580101,0.1,0.1056746850318914,15977.861533666997,True,False
5979,2290.0,809,4580910,0.1,0.10163774719406472,15980.633313167004,True,False
5980,980.0,710,4581620,0.1,0.11756863029087695,15983.135399583,True,False
5981,830.0,640,4582260,0.1,0.09526851834380068,15985.332328042,True,False
5982,2850.0,1128,4583388,0.1,0.11370163274175943,15989.195597167003,True,False
5983,3390.0,1193,4584581,0.1,0.10733448352739715,15993.284209124999,True,False
5984,1870.0,962,4585543,0.1,0.09719865226652473,15996.577268792003,True,False
5985,1880.0,860,4586403,0.1,0.11734024402360584,16000.039168167,True,False
5986,2070.0,957,4587360,0.1,0.10811277153746536,16003.225092667002,True,False
5987,1850.0,832,4588192,0.1,0.08700850524473935,16006.117084375,True,False
5988,730.0,529,4588721,0.1,0.13242934175738783,16008.005094082997,True,False
5989,850.0,833,4589554,0.1,0.1050097461288365,16010.946532082999,True,False
5990,1400.0,788,4590342,0.1,0.11609254579348159,16013.681504500004,True,False
5991,1260.0,776,4591118,0.1,0.1443078611814177,16016.334068541997,True,False
5992,2330.0,932,4592050,0.1,0.10440457137421477,16019.608842957998,True,False
5993,3540.0,940,4592990,0.1,0.12825340897320434,16022.770997375002,True,False
5994,1400.0,633,4593623,0.1,0.11283807343909447,16024.948437833002,True,False
5995,820.0,758,4594381,0.1,0.12013044379847615,16027.560039875003,True,False
5996,1890.0,989,4595370,0.1,0.10086873048154811,16030.895465000001,True,False
5997,1700.0,822,4596192,0.1,0.0869858218356967,16033.747714958,True,False
5998,2180.0,779,4596971,0.1,0.11058577902845501,16036.354206208001,True,False
5999,2220.0,801,4597772,0.1,0.12770628652058133,16039.161569208001,True,False
6000,2310.0,1020,4598792,0.1,0.09371615737384441,16042.616241542004,True,False
6001,1680.0,943,4599735,0.1,0.08856400642940339,16047.054207916997,True,False
6002,1820.0,917,4600652,0.1,0.09287612143418063,16050.209073708,True,False
6003,920.0,587,4601239,0.1,0.08159700166178893,16052.190673750003,True,False
6004,2320.0,1018,4602257,0.1,0.08877655996703634,16055.679873041998,True,False
6005,1480.0,1002,4603259,0.1,0.1181392625644803,16059.372022292002,True,False
6006,1730.0,1073,4604332,0.1,0.07417938897393117,16063.000969749999,True,False
6007,4280.0,894,4605226,0.1,0.08800372353967931,16066.021984332998,True,False
6008,1930.0,954,4606180,0.1,0.10974297346352409,16069.392196375004,True,False
6009,1670.0,890,4607070,0.1,0.11012930623129816,16072.436842583003,True,False
6010,620.0,610,4607680,0.1,0.08806524758708048,16074.54479375,True,False
6011,2600.0,838,4608518,0.1,0.09026858706526351,16077.444312583,True,False
6012,610.0,553,4609071,0.1,0.09244933625872152,16079.330604625,True,False
6013,1010.0,718,4609789,0.1,0.09635986070045166,16081.818617958,True,False
6014,200.0,381,4610170,0.1,0.07071986295478909,16083.128064625002,True,False
6015,980.0,599,4610769,0.1,0.07699863670393825,16085.169605208,True,False
6016,2110.0,914,4611683,0.1,0.10202853927356109,16088.408867125,True,False
6017,1660.0,981,4612664,0.1,0.10294614532371847,16091.802064875003,True,False
6018,2050.0,891,4613555,0.1,0.09282127531195009,16094.900550958002,True,False
6019,1830.0,812,4614367,0.1,0.0860964700515414,16097.662029958003,True,False
6020,410.0,372,4614739,0.1,0.1000790924875326,16098.958581500003,True,False
6021,940.0,696,4615435,0.1,0.1029399700098853,16101.320171667001,True,False
6022,2790.0,821,4616256,0.1,0.11799593030212863,16104.181248292,True,False
6023,2000.0,779,4617035,0.1,0.10092051838975899,16106.87572325,True,False
6024,1360.0,789,4617824,0.1,0.12957962414230964,16109.539694708,True,False
6025,2790.0,754,4618578,0.1,0.08926206448194669,16112.177569083004,True,False
6026,1650.0,883,4619461,0.1,0.09214613664204178,16116.207036958003,True,False
6027,1840.0,907,4620368,0.1,0.10145961439097505,16119.608362042003,True,False
6028,1130.0,619,4620987,0.1,0.09055458308596696,16121.624810041998,True,False
6029,2350.0,704,4621691,0.1,0.11107165310849351,16124.304800333004,True,False
6030,770.0,512,4622203,0.1,0.10188923457462806,16126.064445541997,True,False
6031,1040.0,636,4622839,0.1,0.113090432067431,16128.363934499997,True,False
6032,1930.0,1039,4623878,0.1,0.1206437310633751,16131.948674042003,True,False
6033,2120.0,920,4624798,0.1,0.10572942661364441,16135.863870082998,True,False
6034,1690.0,984,4625782,0.1,0.10945280202914302,16139.1863925,True,False
6035,1630.0,908,4626690,0.1,0.12436091281588513,16142.318756542001,True,False
6036,1450.0,924,4627614,0.1,0.10695149843859209,16145.530873832999,True,False
6037,1650.0,824,4628438,0.1,0.11842089358861875,16148.529202750004,True,False
6038,2270.0,953,4629391,0.1,0.1041904849258541,16151.800365167,True,False
6039,1670.0,883,4630274,0.1,0.10202266003649968,16154.885052457998,True,False
6040,2460.0,1007,4631281,0.1,0.12691487143156194,16158.347014917003,True,False
6041,2840.0,1160,4632441,0.1,0.11175206793986003,16162.317674708,True,False
6042,1990.0,831,4633272,0.1,0.10901853448460595,16165.134380458003,True,False
6043,2150.0,985,4634257,0.1,0.115538905563999,16168.529275542001,True,False
6044,1790.0,842,4635099,0.1,0.10987780632539874,16171.441326166998,True,False
6045,1570.0,881,4635980,0.1,0.1399819219055084,16174.436633500001,True,False
6046,1550.0,733,4636713,0.1,0.1273272196085401,16176.989799333001,True,False
6047,1570.0,808,4637521,0.1,0.1079325461575743,16179.721604958002,True,False
6048,1960.0,911,4638432,0.1,0.11073043842783623,16182.884890708003,True,False
6049,1230.0,796,4639228,0.1,0.10345655455062137,16185.607926625002,True,False
6050,1770.0,879,4640107,0.1,0.11928976092436543,16188.726832417,True,False
6051,1930.0,959,4641066,0.1,0.12279277448542417,16193.127691458001,True,False
6052,1230.0,689,4641755,0.1,0.12707976150044867,16195.547963167002,True,False
6053,1760.0,1137,4642892,0.1,0.11047004551479692,16199.489840916998,True,False
6054,1820.0,838,4643730,0.1,0.11672137528836157,16202.336689583004,True,False
6055,2870.0,833,4644563,0.1,0.12417433549685833,16205.235108125002,True,False
6056,2800.0,828,4645391,0.1,0.11373813154292856,16208.148971042,True,False
6057,1320.0,751,4646142,0.1,0.1291514318535461,16210.718317167004,True,False
6058,1810.0,778,4646920,0.1,0.12283478732674549,16213.438120291998,True,False
6059,1210.0,966,4647886,0.1,0.14051761329019466,16216.738815083001,True,False
6060,2710.0,1468,4649354,0.1,0.12838678855235797,16221.745355042003,True,False
6061,4580.0,1091,4650445,0.1,0.10300414421128266,16225.514253000001,True,False
6062,2010.0,865,4651310,0.1,0.11099265025135267,16228.443247417003,True,False
6063,2110.0,806,4652116,0.1,0.11356161986615988,16231.281209542001,True,False
6064,1930.0,946,4653062,0.1,0.12105169125153857,16234.551237958003,True,False
6065,2120.0,932,4653994,0.1,0.11775146730947648,16237.759637374998,True,False
6066,1770.0,795,4654789,0.1,0.11242700612462646,16240.534157667003,True,False
6067,1610.0,992,4655781,0.1,0.11501116636058976,16243.947585082999,True,False
6068,1640.0,811,4656592,0.1,0.1259741498882254,16246.738983000003,True,False
6069,1750.0,962,4657554,0.1,0.09532123900329073,16250.136759166999,True,False
6070,880.0,711,4658265,0.1,0.13681777251695984,16252.545820708001,True,False
6071,1430.0,710,4658975,0.1,0.11023450441826872,16255.017921208004,True,False
6072,1840.0,865,4659840,0.1,0.10669432471459088,16257.935572916998,True,False
6073,1490.0,569,4660409,0.1,0.12059866357594728,16259.891141749998,True,False
6074,2020.0,930,4661339,0.1,0.10385209291466865,16263.084916624997,True,False
6075,2150.0,830,4662169,0.1,0.09728847849720086,16266.050097792002,True,False
6076,2080.0,964,4663133,0.1,0.10880825472261402,16270.220672042,True,False
6077,1110.0,606,4663739,0.1,0.1135505268115871,16272.331929417,True,False
6078,2030.0,1018,4664757,0.1,0.13562414540964016,16275.827359000003,True,False
6079,1700.0,866,4665623,0.1,0.09414521092548966,16278.815291667,True,False
6080,1670.0,694,4666317,0.1,0.11760746658747566,16281.188060250002,True,False
6081,2570.0,977,4667294,0.1,0.1190441423782804,16284.588093457998,True,False
6082,1560.0,853,4668147,0.1,0.12450119324833014,16287.653868542002,True,False
6083,1580.0,1012,4669159,0.1,0.09211076339596345,16291.3747315,True,False
6084,1990.0,1064,4670223,0.1,0.12176123132256973,16295.151383625001,True,False
6085,1700.0,756,4670979,0.1,0.11493751336697233,16297.812067625004,True,False
6086,2370.0,820,4671799,0.1,0.10003135106185587,16300.699421625002,True,False
6087,1520.0,1060,4672859,0.1,0.1056514033661136,16305.154659375003,True,False
6088,1640.0,1073,4673932,0.1,0.09407681828454746,16309.271215624998,True,False
6089,1930.0,811,4674743,0.1,0.0901388822510691,16312.066040750004,True,False
6090,2580.0,861,4675604,0.1,0.08863519940145866,16315.148773916997,True,False
6091,1900.0,939,4676543,0.1,0.09772443584301788,16318.422096082999,True,False
6092,1970.0,999,4677542,0.1,0.10984290657192469,16321.914151541998,True,False
6093,690.0,642,4678184,0.1,0.09896384582201147,16324.167439625002,True,False
6094,2220.0,890,4679074,0.1,0.11801071799788121,16327.322094249997,True,False
6095,1150.0,921,4679995,0.1,0.09649508459412533,16330.477159875001,True,False
6096,2190.0,1128,4681123,0.1,0.10586053553096791,16334.392843875,True,False
6097,1740.0,956,4682079,0.1,0.09403206235787609,16337.691876750003,True,False
6098,1610.0,978,4683057,0.1,0.0924444353474038,16341.135467417,True,False
6099,1560.0,986,4684043,0.1,0.09358260134704471,16344.548962207999,True,False
6100,1680.0,909,4684952,0.1,0.10636887920350489,16347.713541707999,True,False
6101,1990.0,1034,4685986,0.1,0.12313950092842181,16352.059732374997,True,False
6102,850.0,677,4686663,0.1,0.08476867459538068,16354.392715417001,True,False
6103,2260.0,1029,4687692,0.1,0.08067089733631574,16357.921719958002,True,False
6104,2370.0,1113,4688805,0.1,0.09837401569184424,16361.790060500003,True,False
6105,1570.0,656,4689461,0.1,0.13880143441805026,16364.019825750001,True,False
6106,1380.0,936,4690397,0.1,0.09393911452120186,16367.275282499999,True,False
6107,1140.0,819,4691216,0.1,0.09949109246272866,16370.243411125004,True,False
6108,1490.0,848,4692064,0.1,0.10116512609540292,16373.133311042002,True,False
6109,2630.0,1108,4693172,0.1,0.10106383727372553,16376.963631749997,True,False
6110,670.0,588,4693760,0.1,0.10635717224557789,16378.965024917,True,False
6111,1690.0,754,4694514,0.1,0.12603414667017282,16381.610388667003,True,False
6112,1700.0,1062,4695576,0.1,0.10277241273061898,16385.276409416998,True,False
6113,2060.0,979,4696555,0.1,0.09225326750549626,16388.671723958003,True,False
6114,1520.0,845,4697400,0.1,0.09578433928062331,16391.611463125002,True,False
6115,2020.0,955,4698355,0.1,0.09385672524696638,16394.963854625,True,False
6116,1630.0,864,4699219,0.1,0.09174694247647291,16397.930679125,True,False
6117,1510.0,589,4699808,0.1,0.09913358299967807,16399.958417957998,True,False
6118,1440.0,901,4700709,0.1,0.1061008269753721,16403.084495707997,True,False
6119,910.0,621,4701330,0.1,0.10743642706544168,16405.259252375,True,False
6120,2690.0,999,4702329,0.1,0.10150451547652482,16408.707537832997,True,False
6121,650.0,598,4702927,0.1,0.09957096820709689,16410.741034332998,True,False
6122,1640.0,962,4703889,0.1,0.10620001701182102,16414.054786792003,True,False
6123,1990.0,916,4704805,0.1,0.11269667232205774,16417.203051875003,True,False
6124,2600.0,1176,4705981,0.1,0.10640036790524007,16421.223396583002,True,False
6125,2090.0,1130,4707111,0.1,0.09127819112085915,16425.254708082997,True,False
6126,1940.0,999,4708110,0.1,0.09013106855005026,16429.540247375,True,False
6127,2650.0,962,4709072,0.1,0.09094137468093164,16432.834231625,True,False
6128,2280.0,1127,4710199,0.1,0.09946837111830287,16436.750438458002,True,False
6129,1490.0,928,4711127,0.1,0.11044454291976731,16439.943081542,True,False
6130,1000.0,665,4711792,0.1,0.08201226448182931,16442.217588542,True,False
6131,1720.0,858,4712650,0.1,0.10345231955783947,16445.173875708002,True,False
6132,1520.0,883,4713533,0.1,0.08695671517755921,16448.282821167,True,False
6133,2100.0,1080,4714613,0.1,0.1077614062672688,16451.980608167003,True,False
6134,950.0,605,4715218,0.1,0.09743466780872534,16454.044351917,True,False
6135,1520.0,870,4716088,0.1,0.09166897457400593,16457.065979167004,True,False
6136,1230.0,802,4716890,0.1,0.11415999767370522,16459.781068999997,True,False
6137,1740.0,961,4717851,0.1,0.08632098641246558,16463.096523417,True,False
6138,460.0,472,4718323,0.1,0.10785087704721649,16464.711309083003,True,False
6139,1830.0,731,4719054,0.1,0.13320218057682118,16467.244593375,True,False
6140,1730.0,839,4719893,0.1,0.11096326159756809,16470.084030708,True,False
6141,1500.0,922,4720815,0.1,0.10983171482448993,16473.247566208003,True,False
6142,1760.0,919,4721734,0.1,0.11604316907570414,16476.351514916998,True,False
6143,3020.0,995,4722729,0.1,0.10933759486878732,16479.764290875,True,False
6144,1910.0,913,4723642,0.1,0.08332870099611842,16482.833303500003,True,False
6145,2340.0,1059,4724701,0.1,0.10825814936520918,16486.514300000003,True,False
6146,2130.0,839,4725540,0.1,0.1156801932801803,16489.492265250003,True,False
6147,1780.0,716,4726256,0.1,0.13222913597008037,16491.929135458,True,False
6148,1750.0,810,4727066,0.1,0.09987307883024511,16494.722292500002,True,False
6149,1690.0,874,4727940,0.1,0.11318055251145472,16497.666897666997,True,False
6150,580.0,458,4728398,0.1,0.09677549123175834,16499.283201083002,True,False
6151,1810.0,699,4729097,0.1,0.09467581347695418,16502.664094833002,True,False
6152,1850.0,845,4729942,0.1,0.09665268244689675,16505.649131042002,True,False
6153,2370.0,1107,4731049,0.1,0.09575435287228345,16509.516664667004,True,False
6154,2000.0,1160,4732209,0.1,0.11003416791429807,16513.620295833003,True,False
6155,690.0,527,4732736,0.1,0.09390532878707304,16515.413356416997,True,False
6156,1960.0,1023,4733759,0.1,0.12354590827051332,16518.97814675,True,False
6157,770.0,658,4734417,0.1,0.1253404930911281,16521.226661833003,True,False
6158,1070.0,679,4735096,0.1,0.12176921676625224,16523.610614333003,True,False
6159,1900.0,858,4735954,0.1,0.10807296684203303,16526.567439291997,True,False
6160,2040.0,738,4736692,0.1,0.11372352682960195,16529.094206208,True,False
6161,1850.0,900,4737592,0.1,0.1085734745942884,16532.249286667,True,False
6162,1320.0,1354,4738946,0.1,0.1212898390422735,16536.910972457998,True,False
6163,1320.0,654,4739600,0.1,0.13998560718169845,16539.159653042,True,False
6164,930.0,780,4740380,0.1,0.09656933881342411,16542.187032499998,True,False
6165,1130.0,630,4741010,0.1,0.11137343162469043,16544.251384707997,True,False
6166,1410.0,834,4741844,0.1,0.13336851412171952,16547.297735333,True,False
6167,1530.0,940,4742784,0.1,0.1134449809868919,16550.853670375,True,False
6168,2180.0,1005,4743789,0.1,0.11556502498419162,16554.314138583002,True,False
6169,2200.0,1275,4745064,0.1,0.11912686332219447,16559.449157333,True,False
6170,1530.0,1023,4746087,0.1,0.10108614629682372,16562.964995832997,True,False
6171,2300.0,1100,4747187,0.1,0.10458950200541453,16567.050959917004,True,False
6172,1850.0,833,4748020,0.1,0.10472767047013677,16569.870916207998,True,False
6173,1790.0,730,4748750,0.1,0.11514344309958127,16572.463546833,True,False
6174,1730.0,748,4749498,0.1,0.10296734917490559,16575.056649375,True,False
6175,1730.0,670,4750168,0.1,0.08813254537415646,16577.430232042003,True,False
6176,1710.0,756,4750924,0.1,0.10566803432567409,16580.966618958002,True,False
6177,1840.0,841,4751765,0.1,0.08971742515762647,16583.908000125004,True,False
6178,3260.0,859,4752624,0.1,0.0850760531200226,16586.865298792,True,False
6179,1570.0,826,4753450,0.1,0.10946147033528796,16589.650669000002,True,False
6180,1180.0,592,4754042,0.1,0.10359039161404646,16591.730847458,True,False
6181,1800.0,1115,4755157,0.1,0.10276734945781556,16595.562025207997,True,False
6182,310.0,355,4755512,0.1,0.0916581435149975,16596.788775125002,True,False
6183,1490.0,772,4756284,0.1,0.09861914712182908,16599.469744832997,True,False
6184,1990.0,1465,4757749,0.1,0.11756216786048614,16604.631336542,True,False
6185,1460.0,760,4758509,0.1,0.11727432076280055,16607.320143917,True,False
6186,2190.0,852,4759361,0.1,0.09163152533167965,16610.394841,True,False
6187,2650.0,810,4760171,0.1,0.09050513883259627,16613.224398332997,True,False
6188,680.0,666,4760837,0.1,0.09326619389439057,16615.571345458004,True,False
6189,2010.0,872,4761709,0.1,0.0942225676081186,16618.779070750003,True,False
6190,3160.0,987,4762696,0.1,0.08477410966688805,16622.18374275,True,False
6191,1880.0,1328,4764024,0.1,0.1125584982997592,16626.841988542,True,False
6192,3580.0,1006,4765030,0.1,0.11498697755850881,16631.48930075,True,False
6193,1470.0,829,4765859,0.1,0.10153284530348824,16634.401212208002,True,False
6194,1680.0,913,4766772,0.1,0.09187177888333277,16637.661831416997,True,False
6195,1640.0,1028,4767800,0.1,0.11937466810968367,16641.233878332998,True,False
6196,1770.0,888,4768688,0.1,0.10211957997835434,16644.322106833002,True,False
6197,1310.0,655,4769343,0.1,0.10350036605095571,16646.598148541998,True,False
6198,1900.0,896,4770239,0.1,0.10858911955230204,16649.735028000003,True,False
6199,1800.0,1313,4771552,0.1,0.10660475641941952,16654.449916750003,True,False
6200,2260.0,998,4772550,0.1,0.10036202856006632,16658.02878925,True,False
6201,2000.0,827,4773377,0.1,0.09995843370215617,16661.840721458,True,False
6202,1740.0,1018,4774395,0.1,0.11242470807417876,16665.436524625,True,False
6203,1910.0,1002,4775397,0.1,0.08144444161543689,16669.085670375003,True,False
6204,1700.0,946,4776343,0.1,0.10096715696124454,16672.421574542,True,False
6205,400.0,424,4776767,0.1,0.13887259289446585,16673.978450000002,True,False
6206,1910.0,890,4777657,0.1,0.11490874473974443,16677.080114292003,True,False
6207,1560.0,777,4778434,0.1,0.1367418488545209,16679.831439,True,False
6208,1730.0,1028,4779462,0.1,0.11722140409168334,16683.465704292,True,False
6209,380.0,382,4779844,0.1,0.10400919852933536,16684.825627958002,True,False
6210,3060.0,1028,4780872,0.1,0.09949589456551154,16688.488113833002,True,False
6211,2370.0,902,4781774,0.1,0.11654268199370967,16692.496473500003,True,False
6212,2080.0,841,4782615,0.1,0.08487181213817425,16695.366376125,True,False
6213,2420.0,1137,4783752,0.1,0.12281617962738924,16699.318087292,True,False
6214,270.0,324,4784076,0.1,0.08266225728539774,16700.465796750002,True,False
6215,2690.0,834,4784910,0.1,0.09490410320442887,16703.388186750002,True,False
6216,1450.0,690,4785600,0.1,0.09373963081595525,16705.761694125,True,False
6217,930.0,535,4786135,0.1,0.09710804496268581,16707.620685125003,True,False
6218,2140.0,1108,4787243,0.1,0.10984542091050949,16711.512327708,True,False
6219,1020.0,580,4787823,0.1,0.11732155387771541,16713.501249875,True,False
6220,1050.0,606,4788429,0.1,0.10017720471430373,16715.6520935,True,False
6221,890.0,584,4789013,0.1,0.09998977804326847,16717.705257792004,True,False
6222,2710.0,1300,4790313,0.1,0.10743870791907494,16722.220463874997,True,False
6223,1420.0,538,4790851,0.1,0.0959430697665953,16724.061537708003,True,False
6224,2230.0,1020,4791871,0.1,0.11371271781185094,16727.706481417,True,False
6225,1430.0,839,4792710,0.1,0.11359716503038293,16730.629833917003,True,False
6226,2060.0,948,4793658,0.1,0.10946115952786765,16734.95202825,True,False
6227,930.0,487,4794145,0.1,0.08808317020169047,16736.642742167,True,False
6228,1760.0,974,4795119,0.1,0.11571057888951321,16739.998275333004,True,False
6229,2210.0,987,4796106,0.1,0.1054733064900405,16743.909631958,True,False
6230,1600.0,714,4796820,0.1,0.09991140499211557,16746.375892083,True,False
6231,1820.0,1072,4797892,0.1,0.11168647879984842,16750.432444208003,True,False
6232,1890.0,968,4798860,0.1,0.11058602903869526,16754.0473405,True,False
6233,1780.0,898,4799758,0.1,0.10472947030627568,16757.249672583,True,False
6234,2470.0,967,4800725,0.1,0.10233799506302092,16760.624914125,True,False
6235,1390.0,711,4801436,0.1,0.11131599632332499,16763.108596083002,True,False
6236,1450.0,854,4802290,0.1,0.11063416537439599,16766.090543042003,True,False
6237,1980.0,916,4803206,0.1,0.1142169203381481,16769.252303082998,True,False
6238,2200.0,1135,4804341,0.1,0.1154703884943008,16773.226896792003,True,False
6239,1550.0,698,4805039,0.1,0.09549490275696434,16775.682823875002,True,False
6240,1940.0,1259,4806298,0.1,0.10567953224693026,16780.113884417,True,False
6241,1800.0,1007,4807305,0.1,0.10242617047125739,16783.648228708,True,False
6242,2020.0,948,4808253,0.1,0.11314317371837701,16786.883810417,True,False
6243,2050.0,902,4809155,0.1,0.11245511237117979,16790.097345958,True,False
6244,2420.0,765,4809920,0.1,0.10146620164838775,16792.797453708,True,False
6245,1080.0,912,4810832,0.1,0.11795627794702325,16795.981762333002,True,False
6246,1760.0,1038,4811870,0.1,0.10225319486600437,16799.604299625003,True,False
6247,2330.0,1072,4812942,0.1,0.11923188494462798,16803.318424708,True,False
6248,1730.0,746,4813688,0.1,0.12447618860452571,16805.922281125,True,False
6249,1780.0,947,4814635,0.1,0.10576075697870199,16809.284364332998,True,False
6250,1600.0,806,4815441,0.1,0.1149773075438962,16812.274548250003,True,False
6251,2090.0,756,4816197,0.1,0.10444258729971591,16816.202213042,True,False
6252,1210.0,662,4816859,0.1,0.09964239981138345,16818.555538958004,True,False
6253,1550.0,813,4817672,0.1,0.10542317088145543,16821.363082875003,True,False
6254,1640.0,956,4818628,0.1,0.09287864032930161,16824.732539958,True,False
6255,1740.0,931,4819559,0.1,0.08543852711465724,16827.937399250004,True,False
6256,2060.0,930,4820489,0.1,0.10254381017463657,16831.193126457998,True,False
6257,1700.0,843,4821332,0.1,0.09210220586632101,16834.186479083,True,False
6258,2200.0,808,4822140,0.1,0.10412761379070211,16836.966297332998,True,False
6259,1700.0,821,4822961,0.1,0.10116177722811699,16839.845030417004,True,False
6260,2050.0,1195,4824156,0.1,0.09934014874357842,16843.990938707997,True,False
6261,1510.0,522,4824678,0.1,0.1027240395402679,16845.789648333004,True,False
6262,1390.0,831,4825509,0.1,0.08929282613994124,16848.819085292,True,False
6263,1790.0,1045,4826554,0.1,0.09499711121550236,16852.445644875,True,False
6264,1590.0,896,4827450,0.1,0.10491561488847115,16855.596755667,True,False
6265,1840.0,968,4828418,0.1,0.11875930326136429,16858.952820792,True,False
6266,1520.0,1428,4829846,0.1,0.0954010137343774,16863.9717215,True,False
6267,2260.0,1169,4831015,0.1,0.09502333500231169,16868.261594666998,True,False
6268,2310.0,978,4831993,0.1,0.11434270818622745,16871.65705925,True,False
6269,3120.0,1032,4833025,0.1,0.1036466181047203,16875.319994292004,True,False
6270,2300.0,1067,4834092,0.1,0.0838872232519732,16879.171537167,True,False
6271,1900.0,905,4834997,0.1,0.10811997266008264,16882.51227,True,False
6272,1060.0,853,4835850,0.1,0.10671347192108212,16885.459267833,True,False
6273,410.0,424,4836274,0.1,0.11234468450980648,16887.197560333,True,False
6274,3000.0,855,4837129,0.1,0.08834206772463343,16891.755555292002,True,False
6275,1480.0,917,4838046,0.1,0.09871842507191621,16895.05095875,True,False
6276,1860.0,930,4838976,0.1,0.09028552439015822,16899.457762708,True,False
6277,830.0,536,4839512,0.1,0.08445240794889518,16901.3835455,True,False
6278,1880.0,1047,4840559,0.1,0.08744621862054328,16905.220802666998,True,False
6279,1390.0,717,4841276,0.1,0.06824020850989554,16907.745724458,True,False
6280,2530.0,1087,4842363,0.1,0.07380633516326492,16911.719598542004,True,False
6281,1350.0,705,4843068,0.1,0.07418658132375465,16914.131860292,True,False
6282,780.0,458,4843526,0.1,0.0667180245529795,16915.751926292003,True,False
6283,1930.0,789,4844315,0.1,0.07322300047741323,16918.623212417,True,False
6284,1040.0,638,4844953,0.1,0.08117177365347743,16920.84572425,True,False
6285,1470.0,798,4845751,0.1,0.0968526310320176,16923.704587375003,True,False
6286,980.0,680,4846431,0.1,0.09193935325259671,16926.140362042002,True,False
6287,2390.0,855,4847286,0.1,0.0896149120058551,16929.211313333,True,False
6288,1790.0,979,4848265,0.1,0.08293889819511345,16932.638517083004,True,False
6289,1630.0,803,4849068,0.1,0.05591609569924388,16935.497102250003,True,False
6290,1880.0,1094,4850162,0.1,0.09633129243585435,16939.360000583,True,False
6291,1880.0,785,4850947,0.1,0.08775027693078226,16942.163872999998,True,False
6292,3040.0,956,4851903,0.1,0.07040706460040733,16945.533099207998,True,False
6293,1650.0,926,4852829,0.1,0.09902308970400743,16949.092993457998,True,False
6294,1830.0,742,4853571,0.1,0.07961962493388235,16952.2690565,True,False
6295,2400.0,1029,4854600,0.1,0.07335732212333484,16955.829995207998,True,False
6296,1990.0,774,4855374,0.1,0.08782721175739802,16958.536752708,True,False
6297,1550.0,807,4856181,0.1,0.09823055149489406,16961.362341,True,False
6298,2210.0,890,4857071,0.1,0.1121802444125081,16964.501873458,True,False
6299,2180.0,947,4858018,0.1,0.09595284486810367,16967.883600125002,True,False
6300,2210.0,887,4858905,0.1,0.08203019371658966,16971.074768917002,True,False
6301,2570.0,884,4859789,0.1,0.09819636254137323,16975.974075291997,True,False
6302,1140.0,620,4860409,0.1,0.09184158127754927,16978.311838957998,True,False
6303,1660.0,898,4861307,0.1,0.08721137636374417,16981.49134675,True,False
6304,1620.0,947,4862254,0.1,0.0838015090737036,16984.819987917,True,False
6305,1400.0,890,4863144,0.1,0.09780346005403275,16988.139237458003,True,False
6306,2230.0,893,4864037,0.1,0.07431546547721588,16991.318746541998,True,False
6307,1620.0,848,4864885,0.1,0.09106779174949482,16994.306592542,True,False
6308,2870.0,1054,4865939,0.1,0.07714508006441276,16998.089207416997,True,False
6309,1030.0,824,4866763,0.1,0.07186049479738023,17001.038925167,True,False
6310,2070.0,922,4867685,0.1,0.08546260541538785,17004.297690583,True,False
6311,1660.0,1014,4868699,0.1,0.08436603133710241,17008.191331957998,True,False
6312,2220.0,937,4869636,0.1,0.08576062753638054,17012.308106958,True,False
6313,2660.0,884,4870520,0.1,0.08786510432568881,17015.419452458,True,False
6314,2070.0,1024,4871544,0.1,0.08739535287895706,17019.009954458,True,False
6315,1420.0,829,4872373,0.1,0.09528881396000512,17021.946494417003,True,False
6316,2060.0,773,4873146,0.1,0.08793612623616204,17024.625488208003,True,False
6317,890.0,664,4873810,0.1,0.08329494693597038,17026.977055417003,True,False
6318,2160.0,834,4874644,0.1,0.07857657316626544,17030.063066917,True,False
6319,1860.0,928,4875572,0.1,0.10352018876964676,17033.282194875,True,False
6320,2030.0,995,4876567,0.1,0.09536535598172416,17037.3088835,True,False
6321,1780.0,940,4877507,0.1,0.09954566312359368,17040.489106082998,True,False
6322,560.0,482,4877989,0.1,0.07547819472018107,17042.253462583,True,False
6323,1370.0,832,4878821,0.1,0.0917147185581808,17045.280988583,True,False
6324,1510.0,821,4879642,0.1,0.10472311744602715,17048.201540791997,True,False
6325,1830.0,839,4880481,0.1,0.07786129357381946,17051.306609291998,True,False
6326,2000.0,965,4881446,0.1,0.10103334831962694,17056.169423708,True,False
6327,4820.0,1262,4882708,0.1,0.1012083436185612,17060.598838042002,True,False
6328,2270.0,971,4883679,0.1,0.07967335342868301,17064.107140333,True,False
6329,960.0,628,4884307,0.1,0.0861563661200985,17066.315887208002,True,False
6330,1580.0,746,4885053,0.1,0.08768951445618733,17068.998269375,True,False
6331,600.0,424,4885477,0.1,0.10230460589013572,17070.536914750002,True,False
6332,2790.0,1246,4886723,0.1,0.11114535593334884,17075.091488833,True,False
6333,410.0,360,4887083,0.1,0.09711567914734284,17076.408508417,True,False
6334,1980.0,823,4887906,0.1,0.11247033517789638,17079.305944624997,True,False
6335,2310.0,1120,4889026,0.1,0.09292461029586516,17083.360859375003,True,False
6336,890.0,515,4889541,0.1,0.10494406674374905,17085.161304125002,True,False
6337,1140.0,565,4890106,0.1,0.07512106453167632,17087.195624833003,True,False
6338,750.0,526,4890632,0.1,0.09215645030648871,17089.136836083002,True,False
6339,2360.0,901,4891533,0.1,0.1217984373950296,17092.316603667,True,False
6340,1880.0,911,4892444,0.1,0.10748040423679509,17095.519788416997,True,False
6341,1580.0,706,4893150,0.1,0.07650823901746083,17097.965140333,True,False
6342,1460.0,793,4893943,0.1,0.09757632208103785,17100.778513167003,True,False
6343,1070.0,918,4894861,0.1,0.08261158339193334,17103.982955207997,True,False
6344,2680.0,923,4895784,0.1,0.09772299839691682,17107.277277,True,False
6345,2790.0,951,4896735,0.1,0.08431603299760365,17110.571305042,True,False
6346,2230.0,1092,4897827,0.1,0.0935812314167182,17114.439053417,True,False
6347,2940.0,1040,4898867,0.1,0.10378893052156155,17118.203908167,True,False
6348,2920.0,1245,4900112,0.1,0.09401018530405007,17122.574568333002,True,False
6349,800.0,810,4900922,0.1,0.0807770166343244,17125.353948625,True,False
6350,980.0,578,4901500,0.1,0.09482155235420013,17127.434945041998,True,False
6351,1570.0,944,4902444,0.1,0.09071323905787351,17131.785136125,True,False
6352,1690.0,802,4903246,0.1,0.08700029976665974,17134.577588,True,False
6353,1590.0,1060,4904306,0.1,0.10028249105825177,17138.263008125003,True,False
6354,1990.0,994,4905300,0.1,0.12232070850829284,17141.750856583,True,False
6355,1450.0,845,4906145,0.1,0.09549612521471994,17144.692775125004,True,False
6356,2480.0,1003,4907148,0.1,0.09075804613530636,17148.233856583,True,False
6357,1510.0,856,4908004,0.1,0.09121507083318223,17151.319847042003,True,False
6358,2750.0,995,4908999,0.1,0.11062769566272054,17154.829345874998,True,False
6359,1980.0,1230,4910229,0.1,0.0883493490952563,17159.137530417,True,False
6360,1400.0,688,4910917,0.1,0.10015491928991883,17161.593275625004,True,False
6361,1370.0,744,4911661,0.1,0.08099580767955031,17164.217517708,True,False
6362,2850.0,1109,4912770,0.1,0.09250966170365629,17168.302243083002,True,False
6363,1770.0,764,4913534,0.1,0.08779647233481494,17170.916804082997,True,False
6364,2000.0,884,4914418,0.1,0.10209864691928096,17174.109944417003,True,False
6365,2050.0,787,4915205,0.1,0.07767097780547166,17176.885835625,True,False
6366,1380.0,936,4916141,0.1,0.08892578473633043,17180.646656917,True,False
6367,1710.0,768,4916909,0.1,0.0849739960055255,17183.410032875,True,False
6368,330.0,331,4917240,0.1,0.07779653747397733,17184.607556333,True,False
6369,1230.0,728,4917968,0.1,0.09686732363303775,17187.224910917,True,False
6370,2420.0,1204,4919172,0.1,0.07878681354571221,17191.521143292004,True,False
6371,1440.0,789,4919961,0.1,0.09376993693108789,17194.415859917004,True,False
6372,1900.0,1120,4921081,0.1,0.10821483282571924,17198.390892583004,True,False
6373,1650.0,826,4921907,0.1,0.08237406457729131,17201.306092125,True,False
6374,2420.0,798,4922705,0.1,0.08165449257940054,17204.099168125,True,False
6375,1740.0,1073,4923778,0.1,0.09693477493224305,17207.926206707998,True,False
6376,2320.0,1043,4924821,0.1,0.10207604289311788,17212.796982417,True,False
6377,1380.0,812,4925633,0.1,0.11182276843106512,17215.648846875003,True,False
6378,1830.0,726,4926359,0.1,0.09851457979735913,17218.164903208002,True,False
6379,1430.0,829,4927188,0.1,0.09052243410573843,17221.219134500003,True,False
6380,3220.0,1088,4928276,0.1,0.09144917091436904,17225.034378582997,True,False
6381,1920.0,927,4929203,0.1,0.11213655577916087,17228.531867333004,True,False
6382,1870.0,1091,4930294,0.1,0.12275560549545637,17232.624543208003,True,False
6383,2340.0,1106,4931400,0.1,0.10603450333518026,17236.545531458003,True,False
6384,1220.0,676,4932076,0.1,0.08236337712133777,17238.968716208,True,False
6385,1180.0,730,4932806,0.1,0.10602215808498991,17241.564049667002,True,False
6386,2020.0,916,4933722,0.1,0.10690223733085212,17244.900219625,True,False
6387,1550.0,928,4934650,0.1,0.11460255502707101,17248.114062875,True,False
6388,2070.0,1301,4935951,0.1,0.11074558021930547,17252.645075875,True,False
6389,1240.0,775,4936726,0.1,0.10273460412071538,17255.389517542004,True,False
6390,1360.0,1039,4937765,0.1,0.09138925645428782,17259.463219792,True,False
6391,1500.0,1296,4939061,0.1,0.11407746928801507,17264.397427167,True,False
6392,1920.0,1191,4940252,0.1,0.09882916333216349,17269.127195916997,True,False
6393,2900.0,1146,4941398,0.1,0.10212116835026683,17273.434909542004,True,False
6394,1740.0,935,4942333,0.1,0.09451334728087243,17276.917265750002,True,False
6395,1940.0,1045,4943378,0.1,0.09808422397051392,17280.789737542,True,False
6396,2490.0,1352,4944730,0.1,0.10053334754379191,17285.703354625002,True,False
6397,1800.0,811,4945541,0.1,0.08230490888941464,17288.870315166998,True,False
6398,1280.0,714,4946255,0.1,0.07461183309931768,17291.440301917,True,False
6399,790.0,601,4946856,0.1,0.07891111677845582,17293.652770624998,True,False
6400,1120.0,782,4947638,0.1,0.08221824708848427,17296.446579625,True,False
6401,2770.0,843,4948481,0.1,0.11340174146914651,17300.176967291998,True,False
6402,1530.0,1013,4949494,0.1,0.11124004179928378,17303.794310917,True,False
6403,1390.0,728,4950222,0.1,0.10100027877878356,17306.386387042003,True,False
6404,2000.0,1144,4951366,0.1,0.10256847528206718,17310.45179375,True,False
6405,1060.0,728,4952094,0.1,0.08769875392317772,17313.084667375,True,False
6406,2560.0,1098,4953192,0.1,0.11650289599868384,17317.099890792,True,False
6407,1120.0,732,4953924,0.1,0.09317428910789269,17319.787875832997,True,False
6408,1920.0,838,4954762,0.1,0.09184268026937993,17322.794693083,True,False
6409,2150.0,857,4955619,0.1,0.08551645067424696,17325.872180375,True,False
6410,1560.0,910,4956529,0.1,0.08004475330215013,17329.432602875,True,False
6411,1430.0,861,4957390,0.1,0.09865657740034336,17332.478159457998,True,False
6412,1410.0,661,4958051,0.1,0.08449866823626287,17334.96033625,True,False
6413,1670.0,893,4958944,0.1,0.06667668484650287,17338.180374833,True,False
6414,2080.0,902,4959846,0.1,0.08026711300843292,17341.4406715,True,False
6415,1800.0,942,4960788,0.1,0.11192039562925948,17344.850348667,True,False
6416,1010.0,691,4961479,0.1,0.08433722889289087,17347.408916542,True,False
6417,1340.0,805,4962284,0.1,0.08783160690863681,17350.275239042,True,False
6418,1860.0,935,4963219,0.1,0.11114792145644774,17353.615669542,True,False
6419,770.0,591,4963810,0.1,0.10077828932805238,17355.694634917003,True,False
6420,1240.0,743,4964553,0.1,0.11132119863384193,17358.312974292,True,False
6421,1860.0,943,4965496,0.1,0.10389200377798939,17361.655173833,True,False
6422,1900.0,911,4966407,0.1,0.09961195704465658,17364.86975425,True,False
6423,1870.0,1079,4967486,0.1,0.07968386361996332,17368.649860416997,True,False
6424,4490.0,923,4968409,0.1,0.09894979770146149,17371.912234917,True,False
6425,1330.0,596,4969005,0.1,0.10857951287305195,17374.025308708,True,False
6426,1670.0,863,4969868,0.1,0.10871418676753011,17378.077783167,True,False
6427,1990.0,1037,4970905,0.1,0.09317205152312531,17381.758632792,True,False
6428,2210.0,1105,4972010,0.1,0.10458052617268286,17385.685048583,True,False
6429,1620.0,1000,4973010,0.1,0.10253103449940681,17389.286989500004,True,False
6430,1550.0,985,4973995,0.1,0.08142589162883719,17392.762834458,True,False
6431,1250.0,1013,4975008,0.1,0.12994567642912386,17396.342771875003,True,False
6432,1600.0,800,4975808,0.1,0.10561202947981656,17399.139359875,True,False
6433,1830.0,895,4976703,0.1,0.09822752746030888,17402.360446874998,True,False
6434,1880.0,873,4977576,0.1,0.09106808091985853,17405.431477291997,True,False
6435,2320.0,971,4978547,0.1,0.08610834198241885,17409.023453042,True,False
6436,2890.0,1111,4979658,0.1,0.09435419781173733,17412.986322917,True,False
6437,940.0,499,4980157,0.1,0.14291446892917156,17414.721138625,True,False
6438,1040.0,673,4980830,0.1,0.09812637196765059,17417.083634458002,True,False
6439,2870.0,917,4981747,0.1,0.10582182110657339,17420.298402082997,True,False
6440,1040.0,856,4982603,0.1,0.09273021774383906,17423.293684124998,True,False
6441,2510.0,918,4983521,0.1,0.10735837393642768,17426.512231833003,True,False
6442,2190.0,888,4984409,0.1,0.12945763405143945,17429.646303708003,True,False
6443,2820.0,900,4985309,0.1,0.10930937964883115,17432.863903125,True,False
6444,2640.0,1120,4986429,0.1,0.1004535812685,17436.7504145,True,False
6445,2110.0,759,4987188,0.1,0.07772881863148588,17439.434237833004,True,False
6446,570.0,566,4987754,0.1,0.11100343161705115,17441.384980333,True,False
6447,1910.0,1300,4989054,0.1,0.12160886168479919,17445.883778167,True,False
6448,1310.0,728,4989782,0.1,0.0966579653527383,17448.548329958,True,False
6449,3040.0,1054,4990836,0.1,0.08999940060135542,17452.295748792,True,False
6450,1960.0,1028,4991864,0.1,0.10322978753408106,17455.831538833,True,False
6451,1930.0,1126,4992990,0.1,0.1031381969217516,17461.278197542,True,False
6452,2720.0,1023,4994013,0.1,0.09924703437718563,17464.854418958,True,False
6453,2000.0,963,4994976,0.1,0.089447868771511,17468.474042,True,False
6454,2950.0,1090,4996066,0.1,0.10120850094758413,17472.366186125,True,False
6455,2390.0,1409,4997475,0.1,0.09136785273651847,17477.392163333003,True,False
6456,2330.0,972,4998447,0.1,0.09790908645669864,17480.795282708,True,False
6457,1640.0,910,4999357,0.1,0.10118451029911898,17484.002805792,True,False
6458,2090.0,1114,5000471,0.1,0.10734864226843921,17487.929747208,True,False
6459,1560.0,1017,5001488,0.1,0.10236536741402803,17491.515194500003,True,False
6460,1550.0,981,5002469,0.1,0.08387839938608968,17494.951137375,True,False
6461,2360.0,726,5003195,0.1,0.08797987956985913,17497.480283625002,True,False
6462,2210.0,948,5004143,0.1,0.11662722678407084,17500.8145265,True,False
6463,1000.0,633,5004776,0.1,0.0787531340541611,17502.995340833004,True,False
6464,1510.0,833,5005609,0.1,0.08924186749544998,17505.937292832998,True,False
6465,1820.0,1215,5006824,0.1,0.08694905944560703,17510.512364625,True,False
6466,1160.0,695,5007519,0.1,0.1253207847368338,17512.834861000003,True,False
6467,3130.0,945,5008464,0.1,0.09740618246171294,17516.212894167,True,False
6468,1380.0,880,5009344,0.1,0.09112245617011054,17519.330524667,True,False
6469,2450.0,875,5010219,0.1,0.07898868247012206,17522.405549000003,True,False
6470,1340.0,627,5010846,0.1,0.10149632603119893,17524.610539082998,True,False
6471,2030.0,1069,5011915,0.1,0.1146995025836908,17528.489763958,True,False
6472,2810.0,1197,5013112,0.1,0.1050836958674093,17532.739067542003,True,False
6473,2460.0,865,5013977,0.1,0.1012979469831205,17535.757512958,True,False
6474,1370.0,777,5014754,0.1,0.08703592452268626,17538.476626042,True,False
6475,1230.0,631,5015385,0.1,0.09953834764848027,17540.703677208003,True,False
6476,1740.0,881,5016266,0.1,0.11239699729802934,17544.675522125,True,False
6477,1280.0,926,5017192,0.1,0.09607965744839146,17547.926860207997,True,False
6478,2090.0,1136,5018328,0.1,0.08991399430997775,17551.931818457997,True,False
6479,2090.0,844,5019172,0.1,0.10935325612495013,17554.829907833002,True,False
6480,2830.0,1070,5020242,0.1,0.0766219903439395,17559.087183292002,True,False
6481,2270.0,819,5021061,0.1,0.08920430836335914,17561.931142333,True,False
6482,2060.0,887,5021948,0.1,0.11403652293154516,17565.092796458004,True,False
6483,1890.0,886,5022834,0.1,0.09047214405366738,17568.251974875,True,False
6484,1870.0,1129,5023963,0.1,0.09744618826129652,17572.286204541997,True,False
6485,1230.0,616,5024579,0.1,0.0952276847893735,17574.582735083,True,False
6486,1590.0,870,5025449,0.1,0.10418398693682404,17578.167624875,True,False
6487,2640.0,939,5026388,0.1,0.08867942713042523,17581.427735208003,True,False
6488,2160.0,890,5027278,0.1,0.11274396229602464,17584.618960083004,True,False
6489,1760.0,1030,5028308,0.1,0.11717885166637657,17588.357401542,True,False
6490,3280.0,971,5029279,0.1,0.10836645188810658,17591.71696425,True,False
6491,2320.0,1001,5030280,0.1,0.10951501992623881,17595.341027791997,True,False
6492,2100.0,868,5031148,0.1,0.10464525244237366,17598.354294582998,True,False
6493,1880.0,767,5031915,0.1,0.1006333696514524,17601.058456792,True,False
6494,2320.0,842,5032757,0.1,0.11832154611063794,17604.026245875,True,False
6495,1110.0,672,5033429,0.1,0.07420819145183832,17606.423930833,True,False
6496,2090.0,970,5034399,0.1,0.0870953520898484,17609.808725917,True,False
6497,1780.0,965,5035364,0.1,0.10046077487328328,17613.370420583,True,False
6498,1590.0,901,5036265,0.1,0.08061349434157213,17616.646905542002,True,False
6499,800.0,834,5037099,0.1,0.09998703743510234,17619.894057333004,True,False
6500,2300.0,981,5038080,0.1,0.0869147176892171,17623.525057417,True,False
6501,290.0,329,5038409,0.1,0.08318979075042213,17626.058582292004,True,False
6502,1350.0,738,5039147,0.1,0.07713550822201955,17628.704701917,True,False
6503,1670.0,942,5040089,0.1,0.13375274639702955,17632.041306792,True,False
6504,1750.0,783,5040872,0.1,0.09783839109372727,17636.153771167003,True,False
6505,1950.0,810,5041682,0.1,0.09898477519797806,17639.013574083,True,False
6506,1860.0,1089,5042771,0.1,0.10100031918024316,17642.906861125004,True,False
6507,2550.0,887,5043658,0.1,0.07812715352403822,17646.082896792002,True,False
6508,1630.0,945,5044603,0.1,0.08949396877660085,17649.432133458,True,False
6509,2910.0,1116,5045719,0.1,0.09477750473659098,17653.455099875,True,False
6510,820.0,619,5046338,0.1,0.09088357732661309,17655.612018708,True,False
6511,2380.0,1001,5047339,0.1,0.1049817480891943,17659.190765958003,True,False
6512,1910.0,949,5048288,0.1,0.09198545584721225,17662.530167625002,True,False
6513,1470.0,648,5048936,0.1,0.11969687585017563,17664.776377083,True,False
6514,2970.0,930,5049866,0.1,0.11647730646654963,17668.041252249997,True,False
6515,2180.0,1070,5050936,0.1,0.07576170200204004,17671.761530666998,True,False
6516,1010.0,819,5051755,0.1,0.09092281804438315,17674.580513208,True,False
6517,1970.0,860,5052615,0.1,0.10604681591828202,17677.613160833003,True,False
6518,3270.0,858,5053473,0.1,0.10309296031157637,17680.608609583003,True,False
6519,2060.0,1134,5054607,0.1,0.10169016489555052,17684.557395792,True,False
6520,3240.0,836,5055443,0.1,0.10790312938106973,17687.495500292003,True,False
6521,1780.0,791,5056234,0.1,0.09106500859776831,17690.304641958,True,False
6522,2920.0,806,5057040,0.1,0.11112970415281483,17693.090542042002,True,False
6523,490.0,576,5057616,0.1,0.10368450817703787,17695.265463707998,True,False
6524,1650.0,893,5058509,0.1,0.10328321802041456,17699.104473291998,True,False
6525,2600.0,886,5059395,0.1,0.11010638819122476,17702.435862708,True,False
6526,1630.0,940,5060335,0.1,0.12661341983587185,17706.866858041998,True,False
6527,1530.0,1111,5061446,0.1,0.12309362357415313,17710.830797333,True,False
6528,2220.0,1013,5062459,0.1,0.09406937914624398,17714.487469125,True,False
6529,970.0,680,5063139,0.1,0.09956410977551165,17716.897832042,True,False
6530,1950.0,1189,5064328,0.1,0.10186789298567596,17721.139359916997,True,False
6531,1950.0,812,5065140,0.1,0.103478177996545,17724.031238208,True,False
6532,3990.0,691,5065831,0.1,0.1198507406055754,17726.486786125002,True,False
6533,1960.0,932,5066763,0.1,0.10496197354704014,17729.782889583003,True,False
6534,1490.0,877,5067640,0.1,0.11162408723241904,17733.036123542,True,False
6535,1570.0,1328,5068968,0.1,0.11055025129567787,17738.811316958003,True,False
6536,2120.0,1041,5070009,0.1,0.10951737421206557,17742.457432000003,True,False
6537,1880.0,1126,5071135,0.1,0.10909424911773502,17746.454029292,True,False
6538,2080.0,826,5071961,0.1,0.11440641533781365,17749.601412833,True,False
6539,1730.0,856,5072817,0.1,0.10266989110055093,17752.627485875004,True,False
6540,2140.0,1009,5073826,0.1,0.09465365488052604,17756.278442832998,True,False
6541,2160.0,987,5074813,0.1,0.1030666524928953,17759.808402333,True,False
6542,2650.0,1184,5075997,0.1,0.10733189910801279,17764.038882875,True,False
6543,2720.0,778,5076775,0.1,0.10561442099626839,17767.076593708,True,False
6544,2120.0,747,5077522,0.1,0.10356318743471156,17769.759822833003,True,False
6545,3180.0,999,5078521,0.1,0.10905406794697046,17773.488986417004,True,False
6546,2910.0,881,5079402,0.1,0.10717220144261691,17776.648449166998,True,False
6547,1950.0,931,5080333,0.1,0.10774719705925095,17779.991978583,True,False
6548,1670.0,912,5081245,0.1,0.09271532797924521,17783.232387958,True,False
6549,1600.0,1235,5082480,0.1,0.11607483604434625,17787.545078791998,True,False
6550,1520.0,857,5083337,0.1,0.12152714655673671,17790.528061917,True,False
6551,1820.0,900,5084237,0.1,0.11586260764963097,17794.837264542002,True,False
6552,1550.0,663,5084900,0.1,0.10343729845999954,17797.708135167,True,False
6553,2090.0,946,5085846,0.1,0.11678951999204139,17801.142087708,True,False
6554,850.0,686,5086532,0.1,0.08996708253615124,17803.642983625003,True,False
6555,1700.0,952,5087484,0.1,0.09577139169603836,17806.956983666998,True,False
6556,2460.0,1135,5088619,0.1,0.09154631203376151,17811.105178542,True,False
6557,1930.0,882,5089501,0.1,0.09732854775915858,17814.140693125002,True,False
6558,1670.0,788,5090289,0.1,0.0888829791946762,17817.003601042,True,False
6559,1320.0,605,5090894,0.1,0.12148571521389169,17819.682549416997,True,False
6560,2260.0,1172,5092066,0.1,0.08926633131649002,17823.811139125,True,False
6561,1960.0,935,5093001,0.1,0.10227010784567231,17827.675540666998,True,False
6562,1170.0,673,5093674,0.1,0.10234608633133273,17829.957445125,True,False
6563,1370.0,841,5094515,0.1,0.08975329086007107,17833.391429208,True,False
6564,1700.0,923,5095438,0.1,0.09704498508420986,17836.586430583004,True,False
6565,1700.0,943,5096381,0.1,0.10970174720889683,17840.003550916997,True,False
6566,820.0,555,5096936,0.1,0.1117907388390397,17842.400491082997,True,False
6567,2010.0,839,5097775,0.1,0.1059014532251649,17845.214581833003,True,False
6568,2210.0,984,5098759,0.1,0.10018842847548365,17848.699416875002,True,False
6569,1720.0,861,5099620,0.1,0.10237504791520122,17851.696875417,True,False
6570,1620.0,898,5100518,0.1,0.09688181722387006,17854.868239333002,True,False
6571,1850.0,886,5101404,0.1,0.11094688219731455,17858.029166125,True,False
6572,690.0,505,5101909,0.1,0.11162742843762749,17859.804334417,True,False
6573,370.0,507,5102416,0.1,0.07829622843662115,17861.646002333,True,False
6574,1930.0,1025,5103441,0.1,0.10550794609298464,17865.378891500004,True,False
6575,3070.0,1037,5104478,0.1,0.10182533589367931,17869.141460542,True,False
6576,2470.0,793,5105271,0.1,0.11101757937270884,17872.904559708004,True,False
6577,950.0,617,5105888,0.1,0.08615561197962492,17875.132078000002,True,False
6578,1450.0,772,5106660,0.1,0.10390186733493842,17877.849230166998,True,False
6579,1820.0,890,5107550,0.1,0.09438772398877789,17880.994462417002,True,False
6580,1940.0,853,5108403,0.1,0.10474878289854862,17884.013821167,True,False
6581,1250.0,751,5109154,0.1,0.12949324093580722,17886.700762082997,True,False
6582,1820.0,908,5110062,0.1,0.10011284541552025,17889.905654791997,True,False
6583,1820.0,848,5110910,0.1,0.11083053106020363,17892.895161041997,True,False
6584,1790.0,847,5111757,0.1,0.10984954698327577,17895.873171291998,True,False
6585,1970.0,744,5112501,0.1,0.10145144044892282,17898.669506874998,True,False
6586,2290.0,1079,5113580,0.1,0.11228048938361031,17903.033478333004,True,False
6587,2200.0,866,5114446,0.1,0.11801196038033124,17906.297605667,True,False
6588,2670.0,851,5115297,0.1,0.1037309097886925,17909.37701725,True,False
6589,2420.0,916,5116213,0.1,0.0911708411447476,17912.716683083003,True,False
6590,1420.0,659,5116872,0.1,0.10414436106767619,17915.330183833,True,False
6591,1400.0,842,5117714,0.1,0.08023466379159973,17918.303201417002,True,False
6592,1610.0,790,5118504,0.1,0.08235306309705431,17921.132583125,True,False
6593,3340.0,822,5119326,0.1,0.13507018917944374,17924.137535083,True,False
6594,910.0,635,5119961,0.1,0.1030547366178823,17926.373809292003,True,False
6595,2210.0,919,5120880,0.1,0.0961074625627826,17929.861921000003,True,False
6596,2510.0,1150,5122030,0.1,0.08861233359559695,17934.046224457998,True,False
6597,1550.0,821,5122851,0.1,0.09128894490621439,17936.908079041998,True,False
6598,1820.0,902,5123753,0.1,0.11115602561297407,17940.126519333004,True,False
6599,1620.0,770,5124523,0.1,0.10730114731510791,17942.888811417004,True,False
6600,1480.0,818,5125341,0.1,0.09622337542837713,17945.842645333003,True,False
6601,2210.0,808,5126149,0.1,0.10919115779976739,17949.972073582998,True,False
6602,1590.0,695,5126844,0.1,0.10813314480514362,17952.509816208003,True,False
6603,3240.0,914,5127758,0.1,0.10394952139049246,17955.773925458,True,False
6604,380.0,430,5128188,0.1,0.10845830001764828,17957.324684291998,True,False
6605,2130.0,945,5129133,0.1,0.10362234159956797,17960.691572542004,True,False
6606,1610.0,911,5130044,0.1,0.07478365749774273,17963.939010458,True,False
6607,1550.0,766,5130810,0.1,0.11880677120262728,17966.710021958002,True,False
6608,2620.0,807,5131617,0.1,0.09751583065487224,17969.784925250002,True,False
6609,2420.0,1142,5132759,0.1,0.11896642155683877,17973.848626417,True,False
6610,960.0,794,5133553,0.1,0.11789290239126539,17976.922576417004,True,False
6611,1460.0,869,5134422,0.1,0.11156488427557566,17980.218297667,True,False
6612,2820.0,953,5135375,0.1,0.07767314259588969,17984.280549417002,True,False
6613,1310.0,763,5136138,0.1,0.11358761347596245,17987.843539250003,True,False
6614,1770.0,941,5137079,0.1,0.09800955088848763,17991.348861749997,True,False
6615,1360.0,910,5137989,0.1,0.09501485414639638,17994.603478833,True,False
6616,1820.0,883,5138872,0.1,0.11938440106488865,17997.790845167,True,False
6617,610.0,532,5139404,0.1,0.11875120235284917,17999.736714375,True,False
6618,2700.0,975,5140379,0.1,0.10124889734381265,18003.301581667,True,False
6619,1700.0,984,5141363,0.1,0.1301108763697065,18007.546451542003,True,False
6620,2170.0,946,5142309,0.1,0.09916434659453635,18010.808541667,True,False
6621,1380.0,759,5143068,0.1,0.11403011824739606,18013.558976958004,True,False
6622,2000.0,944,5144012,0.1,0.13828134902168887,18016.914949125,True,False
6623,1880.0,911,5144923,0.1,0.10359042258481885,18020.122358125,True,False
6624,1640.0,984,5145907,0.1,0.11597676084535878,18023.631222208,True,False
6625,1780.0,955,5146862,0.1,0.11980380887111111,18027.036501958,True,False
6626,2700.0,871,5147733,0.1,0.10786034365039353,18031.568937208,True,False
6627,2250.0,1065,5148798,0.1,0.11650321587107908,18035.309411000002,True,False
6628,2080.0,707,5149505,0.1,0.09910307619404995,18037.800820292003,True,False
6629,1840.0,985,5150490,0.1,0.1233092494293805,18041.2527875,True,False
6630,2200.0,1032,5151522,0.1,0.13391221881403712,18044.862911292003,True,False
6631,2180.0,866,5152388,0.1,0.12148949317634106,18047.986524333,True,False
6632,1810.0,907,5153295,0.1,0.09748602686532304,18051.171623958,True,False
6633,1910.0,1158,5154453,0.1,0.12092258084308484,18055.298956375,True,False
6634,1970.0,919,5155372,0.1,0.10352394489733421,18058.537816750002,True,False
6635,1740.0,840,5156212,0.1,0.10051943311201675,18061.464414957998,True,False
6636,2250.0,1051,5157263,0.1,0.10223396860404324,18065.201834042004,True,False
6637,980.0,925,5158188,0.1,0.09824976752158897,18068.649906542,True,False
6638,1580.0,940,5159128,0.1,0.10821763984066375,18071.9277315,True,False
6639,1700.0,877,5160005,0.1,0.11459897491723707,18075.009671833002,True,False
6640,1090.0,928,5160933,0.1,0.09111602709965845,18078.246437042,True,False
6641,2050.0,1092,5162025,0.1,0.09359105125124201,18082.058899875003,True,False
6642,2590.0,927,5162952,0.1,0.09946161722122081,18085.307484417004,True,False
6643,2160.0,887,5163839,0.1,0.08523886485606837,18088.401357708004,True,False
6644,1840.0,1000,5164839,0.1,0.08479565499350429,18091.949715374998,True,False
6645,1550.0,779,5165618,0.1,0.08804324639913363,18094.695712,True,False
6646,2290.0,993,5166611,0.1,0.08332347309577369,18098.213083542003,True,False
6647,3550.0,918,5167529,0.1,0.09797735816353689,18101.450005208004,True,False
6648,1620.0,895,5168424,0.1,0.08904326175771919,18104.595423167004,True,False
6649,1730.0,1154,5169578,0.1,0.09066393569810316,18108.754397458004,True,False
6650,1020.0,730,5170308,0.1,0.09476222025607127,18111.317489292,True,False
6651,1160.0,808,5171116,0.1,0.10087657165667503,18115.275025417002,True,False
6652,1530.0,962,5172078,0.1,0.07881640474079177,18118.696121167,True,False
6653,2210.0,1072,5173150,0.1,0.10182919770951813,18122.463442833003,True,False
6654,1780.0,994,5174144,0.1,0.10758026503026485,18126.155765167,True,False
6655,1160.0,801,5174945,0.1,0.09184820362366736,18128.956133125,True,False
6656,1740.0,916,5175861,0.1,0.10839716821307048,18132.241926708004,True,False
6657,2090.0,1212,5177073,0.1,0.07961289066415612,18136.563933667,True,False
6658,1740.0,1084,5178157,0.1,0.07536045687678665,18140.389627083,True,False
6659,2790.0,972,5179129,0.1,0.07126438613873695,18143.852735250002,True,False
6660,2000.0,896,5180025,0.1,0.08660682224269424,18146.988610583,True,False
6661,1540.0,777,5180802,0.1,0.08011580025297158,18150.035130750002,True,False
6662,1260.0,647,5181449,0.1,0.09424609542582874,18152.627083207997,True,False
6663,1680.0,762,5182211,0.1,0.0960828121506462,18155.231476375004,True,False
6664,1990.0,1153,5183364,0.1,0.08846777648532886,18159.357320625,True,False
6665,2290.0,977,5184341,0.1,0.09748866645710878,18163.255646917,True,False
6666,1680.0,863,5185204,0.1,0.0849256448973729,18166.44432925,True,False
6667,1940.0,861,5186065,0.1,0.09967902408436287,18170.27008825,True,False
6668,1820.0,870,5186935,0.1,0.07968820510475043,18173.331426750003,True,False
6669,2290.0,951,5187886,0.1,0.08598484033953492,18176.802558333,True,False
6670,1540.0,1126,5189012,0.1,0.10122000276778184,18180.829464875,True,False
6671,1800.0,955,5189967,0.1,0.08964328200971129,18184.276421832998,True,False
6672,4360.0,1085,5191052,0.1,0.08954573193948497,18188.271805625,True,False
6673,1880.0,863,5191915,0.1,0.08506528247407702,18191.267741083,True,False
6674,2030.0,761,5192676,0.1,0.07896327250759015,18194.043596666997,True,False
6675,1880.0,793,5193469,0.1,0.0759540641906135,18196.83974825,True,False
6676,1750.0,953,5194422,0.1,0.09394157976068619,18201.386141042,True,False
6677,1980.0,845,5195267,0.1,0.09454001014019359,18204.385207792002,True,False
6678,2030.0,1185,5196452,0.1,0.09975813796448989,18208.576236957997,True,False
6679,2380.0,991,5197443,0.1,0.08280690871028282,18212.133702458,True,False
6680,680.0,611,5198054,0.1,0.08826833263989173,18214.334053749997,True,False
6681,1660.0,860,5198914,0.1,0.0767010799717418,18217.395207667003,True,False
6682,1510.0,1039,5199953,0.1,0.0900409415220985,18221.271639167004,True,False
6683,2250.0,1041,5200994,0.1,0.09502591574206375,18225.049590958,True,False
6684,1060.0,585,5201579,0.1,0.08888990989541762,18227.199156125003,True,False
6685,2190.0,939,5202518,0.1,0.08448523231088481,18230.670141417002,True,False
6686,1920.0,882,5203400,0.1,0.10612191557378521,18233.815606083,True,False
6687,2430.0,1015,5204415,0.1,0.0987374704375333,18238.538653875003,True,False
6688,1570.0,901,5205316,0.1,0.10473735370071588,18241.84410625,True,False
6689,2700.0,1089,5206405,0.1,0.0761340926058919,18245.747680166998,True,False
6690,2070.0,893,5207298,0.1,0.10679230785556973,18248.946167167,True,False
6691,750.0,642,5207940,0.1,0.05931941445292153,18251.263176667002,True,False
6692,970.0,725,5208665,0.1,0.08805368343646026,18253.875508457997,True,False
6693,2070.0,713,5209378,0.1,0.10635578773622767,18256.404273207998,True,False
6694,3550.0,908,5210286,0.1,0.07404942058912983,18259.606888000002,True,False
6695,1420.0,772,5211058,0.1,0.08678785323556223,18262.289360083,True,False
6696,3000.0,1192,5212250,0.1,0.0992734866785573,18267.097192333,True,False
6697,1510.0,856,5213106,0.1,0.075127333002252,18270.081481125002,True,False
6698,1170.0,596,5213702,0.1,0.06997400260961696,18272.245609083002,True,False
6699,2050.0,934,5214636,0.1,0.09799271669939287,18275.572547167,True,False
6700,1530.0,762,5215398,0.1,0.10009649445940005,18278.375386875,True,False
6701,1970.0,925,5216323,0.1,0.0884784089393301,18282.690704333,True,False
6702,2070.0,940,5217263,0.1,0.1206891294093208,18286.049789375,True,False
6703,1850.0,982,5218245,0.1,0.10012066982141356,18289.681324792,True,False
6704,1860.0,678,5218923,0.1,0.09171840604725322,18292.051813125,True,False
6705,2640.0,994,5219917,0.1,0.11521215649344117,18296.128278458003,True,False
6706,720.0,550,5220467,0.1,0.08184334211540918,18298.600822,True,False
6707,890.0,636,5221103,0.1,0.09809394841486553,18300.790642207998,True,False
6708,1590.0,775,5221878,0.1,0.10307850507232025,18303.584366666997,True,False
6709,1880.0,841,5222719,0.1,0.08355271309791576,18306.644055625,True,False
6710,1740.0,916,5223635,0.1,0.10355075691139333,18309.864812333,True,False
6711,1900.0,883,5224518,0.1,0.09400125141613759,18313.095718167002,True,False
6712,2250.0,818,5225336,0.1,0.09786586104551466,18315.951838583,True,False
6713,2030.0,1085,5226421,0.1,0.11877961041632613,18319.812651624998,True,False
6714,2030.0,871,5227292,0.1,0.07832644612810344,18322.872972167002,True,False
6715,740.0,556,5227848,0.1,0.0863404487587994,18324.8110025,True,False
6716,1750.0,1116,5228964,0.1,0.0878781136659418,18328.734756125,True,False
6717,2320.0,935,5229899,0.1,0.11805412405901969,18332.080294375002,True,False
6718,1830.0,925,5230824,0.1,0.1002796809269308,18335.374712167002,True,False
6719,2400.0,1021,5231845,0.1,0.10657261653127624,18338.965705625,True,False
6720,2270.0,946,5232791,0.1,0.09212080248773603,18342.320964833,True,False
6721,1960.0,775,5233566,0.1,0.10947012788491305,18345.033048042,True,False
6722,2160.0,518,5234084,0.1,0.09593461661671217,18346.8897965,True,False
6723,900.0,580,5234664,0.1,0.10958198004498564,18349.029774625,True,False
6724,1800.0,902,5235566,0.1,0.09436583456479841,18352.240730208003,True,False
6725,1640.0,1005,5236571,0.1,0.13699569778732096,18355.815844083,True,False
6726,2180.0,981,5237552,0.1,0.1046517828206827,18361.057307583003,True,False
6727,2110.0,926,5238478,0.1,0.10867489205907176,18364.456118667003,True,False
6728,2400.0,1046,5239524,0.1,0.10232232585336075,18368.467581417004,True,False
6729,2450.0,1087,5240611,0.1,0.09932971828208198,18372.3983505,True,False
6730,3170.0,878,5241489,0.1,0.09901221128688617,18375.54181075,True,False
6731,2150.0,982,5242471,0.1,0.11118697392545185,18379.020596832997,True,False
6732,1890.0,932,5243403,0.1,0.12484021552002993,18382.358095208,True,False
6733,2090.0,876,5244279,0.1,0.10133924336942364,18385.718104624997,True,False
6734,1510.0,700,5244979,0.1,0.08698172743831362,18388.201931167,True,False
6735,1690.0,952,5245931,0.1,0.11613930615463428,18391.614588417004,True,False
6736,1770.0,977,5246908,0.1,0.09817617787238286,18395.147770167,True,False
6737,2460.0,986,5247894,0.1,0.1043338907609989,18398.643875125003,True,False
6738,1960.0,1184,5249078,0.1,0.09513841370573721,18402.855811833004,True,False
6739,1360.0,938,5250016,0.1,0.11087785010483671,18406.142027417,True,False
6740,3500.0,909,5250925,0.1,0.10012649113747255,18409.523973625,True,False
6741,2100.0,790,5251715,0.1,0.10274463676407858,18412.303739249997,True,False
6742,2420.0,1025,5252740,0.1,0.09692873716252903,18415.954893000002,True,False
6743,2010.0,968,5253708,0.1,0.09710980795539362,18419.965695458,True,False
6744,1840.0,786,5254494,0.1,0.08952627154257224,18422.691010417002,True,False
6745,1990.0,1075,5255569,0.1,0.08708828036780694,18426.598789208,True,False
6746,1340.0,810,5256379,0.1,0.10409343399402529,18429.496185292002,True,False
6747,1930.0,954,5257333,0.1,0.1011839839103768,18432.901971749998,True,False
6748,1240.0,797,5258130,0.1,0.08781371878263489,18435.722657833,True,False
6749,1320.0,782,5258912,0.1,0.10205407379841318,18438.51633225,True,False
6750,1950.0,963,5259875,0.1,0.09232019492580244,18441.955940042004,True,False
6751,3030.0,933,5260808,0.1,0.09130829750186104,18446.127968875,True,False
6752,3050.0,928,5261736,0.1,0.0870617551102849,18449.394313333003,True,False
6753,2600.0,1405,5263141,0.1,0.09612120819567276,18454.460287167,True,False
6754,2000.0,979,5264120,0.1,0.07505018394820544,18457.853419917003,True,False
6755,2200.0,838,5264958,0.1,0.10928022735373398,18460.810151457998,True,False
6756,2190.0,1027,5265985,0.1,0.10115518335412449,18464.454794917,True,False
6757,1380.0,929,5266914,0.1,0.10632743123629741,18467.7670925,True,False
6758,2370.0,1003,5267917,0.1,0.08091377009789782,18471.597094708,True,False
6759,2030.0,994,5268911,0.1,0.09402489619735148,18475.704513083,True,False
6760,2080.0,809,5269720,0.1,0.09479774875116759,18478.948519042002,True,False
6761,3210.0,972,5270692,0.1,0.0877667731172386,18482.414099583002,True,False
6762,2840.0,1250,5271942,0.1,0.07537254648139843,18487.016175167002,True,False
6763,1680.0,689,5272631,0.1,0.09007032169029117,18489.430371583003,True,False
6764,2010.0,892,5273523,0.1,0.08936392544714458,18492.656293166998,True,False
6765,1970.0,1022,5274545,0.1,0.10011937207309529,18496.269611083,True,False
6766,1840.0,834,5275379,0.1,0.11249740364907596,18499.246273124998,True,False
6767,2100.0,1036,5276415,0.1,0.09190169620439123,18502.910453042,True,False
6768,1940.0,915,5277330,0.1,0.09723094226914462,18506.1456445,True,False
6769,1350.0,768,5278098,0.1,0.08290196660285194,18508.867934583002,True,False
6770,2600.0,934,5279032,0.1,0.08005434819934969,18512.146620583,True,False
6771,2210.0,865,5279897,0.1,0.1041321951240577,18515.156552833003,True,False
6772,2380.0,912,5280809,0.1,0.08539768338628244,18518.405582166997,True,False
6773,2110.0,1053,5281862,0.1,0.09333787836531042,18522.083829042,True,False
6774,1470.0,872,5282734,0.1,0.10588993984829942,18525.548255083,True,False
6775,1440.0,701,5283435,0.1,0.0974642126262188,18528.229032958,True,False
6776,1860.0,1150,5284585,0.1,0.10152433271287009,18533.352405125,True,False
6777,1840.0,897,5285482,0.1,0.09788899060471781,18536.515717791997,True,False
6778,2000.0,946,5286428,0.1,0.0745727584347569,18539.943530375,True,False
6779,1960.0,976,5287404,0.1,0.11767046555082818,18543.443493500003,True,False
6780,1880.0,860,5288264,0.1,0.09120948034836802,18546.581919042,True,False
6781,440.0,465,5288729,0.1,0.0907568605295543,18548.218244249998,True,False
6782,1770.0,934,5289663,0.1,0.08710271146452223,18551.590805166998,True,False
6783,2380.0,915,5290578,0.1,0.09948473736871538,18554.861911917003,True,False
6784,1410.0,786,5291364,0.1,0.10934991297799015,18557.656823625002,True,False
6785,1690.0,737,5292101,0.1,0.09573233093175551,18560.242000833,True,False
6786,1150.0,642,5292743,0.1,0.07997927916003392,18562.474328958,True,False
6787,1270.0,927,5293670,0.1,0.0869936934784697,18565.739241042,True,False
6788,3470.0,1085,5294755,0.1,0.12311060765132693,18569.477992875,True,False
6789,1710.0,896,5295651,0.1,0.0901067360828165,18572.570150749998,True,False
6790,2400.0,874,5296525,0.1,0.10637331173912576,18575.639068124998,True,False
6791,1380.0,800,5297325,0.1,0.09390873118303716,18578.39178775,True,False
6792,1490.0,773,5298098,0.1,0.09240228846823613,18581.097714333002,True,False
6793,1710.0,1067,5299165,0.1,0.08466445950421501,18584.816905375003,True,False
6794,250.0,312,5299477,0.1,0.08651299571666198,18585.906941792004,True,False
6795,2680.0,1142,5300619,0.1,0.08983773824742489,18590.080967083,True,False
6796,1960.0,905,5301524,0.1,0.12159044254521967,18593.156955208004,True,False
6797,2110.0,1116,5302640,0.1,0.10970814991408565,18597.119725708,True,False
6798,1880.0,831,5303471,0.1,0.12364271630483549,18600.027729125002,True,False
6799,1730.0,988,5304459,0.1,0.11576361804144826,18603.542831958002,True,False
6800,1920.0,833,5305292,0.1,0.0905111018550453,18606.548458375,True,False
6801,600.0,501,5305793,0.1,0.11264977391064167,18609.523401542,True,False
6802,1280.0,708,5306501,0.1,0.1194479320787609,18612.07968625,True,False
6803,2070.0,913,5307414,0.1,0.11013960430660007,18615.333519417,True,False
6804,1760.0,884,5308298,0.1,0.10515757892870795,18618.504333458004,True,False
6805,3010.0,1062,5309360,0.1,0.09819654058805086,18622.311491250002,True,False
6806,1710.0,946,5310306,0.1,0.08913005555790486,18625.661563292,True,False
6807,2850.0,968,5311274,0.1,0.08815108935833593,18629.064094250003,True,False
6808,1800.0,910,5312184,0.1,0.11296037223451492,18632.310238083002,True,False
6809,1190.0,756,5312940,0.1,0.11263000118551116,18634.997010749998,True,False
6810,2170.0,1003,5313943,0.1,0.12808296993374824,18638.557047667004,True,False
6811,2160.0,913,5314856,0.1,0.09683737246620602,18641.799888417,True,False
6812,1290.0,705,5315561,0.1,0.10392617077609016,18644.277299916997,True,False
6813,2460.0,1116,5316677,0.1,0.10234292278126363,18648.255451375,True,False
6814,1760.0,838,5317515,0.1,0.12016266245733608,18651.251046375,True,False
6815,1240.0,719,5318234,0.1,0.09339271024283435,18653.817688249997,True,False
6816,1630.0,687,5318921,0.1,0.11649535922333598,18656.250212,True,False
6817,2440.0,1398,5320319,0.1,0.11375558811285263,18661.193240624998,True,False
6818,1070.0,670,5320989,0.1,0.10508081395666868,18663.550196167,True,False
6819,2140.0,994,5321983,0.1,0.11268052645027637,18667.430309875002,True,False
6820,1280.0,701,5322684,0.1,0.10829975103578446,18669.826252083003,True,False
6821,1540.0,761,5323445,0.1,0.10823284050351695,18672.579503625,True,False
6822,3270.0,930,5324375,0.1,0.10324773663687038,18675.872871083004,True,False
6823,1750.0,787,5325162,0.1,0.09399077854105059,18678.724617417,True,False
6824,1900.0,1150,5326312,0.1,0.09493228034504379,18682.850627792002,True,False
6825,2390.0,870,5327182,0.1,0.09992778615399439,18685.924010249997,True,False
6826,1670.0,855,5328037,0.1,0.09969419224414035,18690.485470749998,True,False
6827,1600.0,832,5328869,0.1,0.08493675989134666,18693.455881208,True,False
6828,1500.0,871,5329740,0.1,0.09636485175904605,18696.568752708,True,False
6829,2750.0,1090,5330830,0.1,0.10713160146192155,18700.444019292,True,False
6830,2460.0,932,5331762,0.1,0.11434324084113595,18703.843288375,True,False
6831,1440.0,859,5332621,0.1,0.11252914586559284,18706.865699167,True,False
6832,1010.0,646,5333267,0.1,0.09364225917860218,18709.264871625004,True,False
6833,2270.0,872,5334139,0.1,0.08818852887787951,18712.389355083003,True,False
6834,1050.0,853,5334992,0.1,0.11125019312810118,18715.428951542002,True,False
6835,3670.0,910,5335902,0.1,0.12560830741201728,18718.635343458,True,False
6836,2020.0,1206,5337108,0.1,0.1052894813366333,18722.970434417002,True,False
6837,2040.0,1079,5338187,0.1,0.10738339704430236,18726.950999624998,True,False
6838,2390.0,1099,5339286,0.1,0.10618103424933824,18730.799287208,True,False
6839,2950.0,1056,5340342,0.1,0.11804967798349081,18734.580071417004,True,False
6840,1480.0,686,5341028,0.1,0.11523113718126403,18736.995035624997,True,False
6841,2480.0,1048,5342076,0.1,0.10210770657925888,18740.963766833003,True,False
6842,2470.0,1093,5343169,0.1,0.09661190786259079,18744.823213167,True,False
6843,1310.0,880,5344049,0.1,0.10337123273109848,18748.013217333,True,False
6844,2030.0,848,5344897,0.1,0.13033025145073826,18751.184980332997,True,False
6845,1620.0,1057,5345954,0.1,0.09062260136742031,18754.981127708,True,False
6846,1570.0,891,5346845,0.1,0.11312793231164125,18759.310928625004,True,False
6847,1500.0,778,5347623,0.1,0.09899445143096226,18762.037754208002,True,False
6848,1620.0,885,5348508,0.1,0.1300840726088699,18765.343871208002,True,False
6849,2260.0,744,5349252,0.1,0.10239003475515111,18768.061960542,True,False
6850,2230.0,1080,5350332,0.1,0.08110327632683846,18772.038020166998,True,False
6851,1410.0,934,5351266,0.1,0.08802536643977585,18776.813853292,True,False
6852,1940.0,902,5352168,0.1,0.1207957993821958,18779.990530417002,True,False
6853,1970.0,1165,5353333,0.1,0.1000037061504994,18784.312099333,True,False
6854,4550.0,1117,5354450,0.1,0.09468147959092825,18788.511465583004,True,False
6855,1450.0,840,5355290,0.1,0.09124257666546674,18791.568882292,True,False
6856,1770.0,1295,5356585,0.1,0.08941641031408015,18796.209272875,True,False
6857,1870.0,959,5357544,0.1,0.08484298964419092,18799.675295082998,True,False
6858,1980.0,919,5358463,0.1,0.110077908738439,18802.960295208002,True,False
6859,1020.0,610,5359073,0.1,0.10752022800224474,18805.269968917004,True,False
6860,1770.0,1360,5360433,0.1,0.08268176770002088,18810.330266124998,True,False
6861,1790.0,1121,5361554,0.1,0.10644238042379064,18815.024566792003,True,False
6862,1520.0,851,5362405,0.1,0.11457900303315388,18819.931538833,True,False
6863,1940.0,862,5363267,0.1,0.09226222314633602,18823.397802958003,True,False
6864,1880.0,885,5364152,0.1,0.12380001678861477,18826.966683042003,True,False
6865,2180.0,1329,5365481,0.1,0.09492197470930237,18832.113494958,True,False
6866,1990.0,810,5366291,0.1,0.08460040101873698,18835.17311825,True,False
6867,970.0,848,5367139,0.1,0.09380145137250986,18838.315213417,True,False
6868,1890.0,800,5367939,0.1,0.08432933448813856,18841.326689792004,True,False
6869,320.0,390,5368329,0.1,0.09379847237498176,18842.799577457998,True,False
6870,2950.0,835,5369164,0.1,0.09152950197636511,18845.9014085,True,False
6871,1970.0,993,5370157,0.1,0.0926729905749521,18849.610651583003,True,False
6872,2040.0,1032,5371189,0.1,0.11195839491362373,18853.541670042003,True,False
6873,3520.0,948,5372137,0.1,0.10275245637078828,18857.047772457998,True,False
6874,2200.0,827,5372964,0.1,0.10099721079971191,18860.122712083,True,False
6875,2420.0,986,5373950,0.1,0.1109109302619245,18863.766931500002,True,False
6876,270.0,381,5374331,0.1,0.10801366189200627,18866.204261542,True,False
6877,1610.0,962,5375293,0.1,0.09177244066635602,18869.710156708003,True,False
6878,1740.0,593,5375886,0.1,0.09093055798596628,18871.884902416998,True,False
6879,2120.0,871,5376757,0.1,0.08730821439637504,18875.100276083,True,False
6880,2050.0,850,5377607,0.1,0.08754359170759343,18878.213796417003,True,False
6881,1660.0,902,5378509,0.1,0.07931344296816176,18882.133058458,True,False
6882,1770.0,954,5379463,0.1,0.10064124485806507,18885.589050417002,True,False
6883,2010.0,1087,5380550,0.1,0.09239326202077791,18889.690404167,True,False
6884,1490.0,929,5381479,0.1,0.0924931086102051,18893.03561875,True,False
6885,1670.0,908,5382387,0.1,0.09839622838020587,18896.37246575,True,False
6886,660.0,520,5382907,0.1,0.11825032718479633,18898.284736167,True,False
6887,2520.0,889,5383796,0.1,0.0809468079416808,18901.524903333004,True,False
6888,1720.0,882,5384678,0.1,0.08665940038521182,18904.69683275,True,False
6889,1810.0,1033,5385711,0.1,0.08691289510881138,18908.536171708,True,False
6890,2950.0,1006,5386717,0.1,0.10124864333885766,18912.150583000002,True,False
6891,1690.0,1000,5387717,0.1,0.08595293178409338,18915.718273708,True,False
6892,1680.0,1011,5388728,0.1,0.07917443985347691,18919.523377042,True,False
6893,1720.0,971,5389699,0.1,0.09965235121886838,18923.032115875,True,False
6894,930.0,765,5390464,0.1,0.1026481776352739,18925.949993832997,True,False
6895,2310.0,874,5391338,0.1,0.10602480326052927,18929.028798291998,True,False
6896,2160.0,760,5392098,0.1,0.08111392196856047,18931.866992707997,True,False
6897,900.0,622,5392720,0.1,0.10355042088299225,18934.069259707998,True,False
6898,1370.0,859,5393579,0.1,0.11859859874315351,18937.215460042004,True,False
6899,2170.0,1172,5394751,0.1,0.07815307908955288,18941.524042833,True,False
6900,1400.0,769,5395520,0.1,0.08439123172583203,18944.294733208,True,False
6901,2170.0,836,5396356,0.1,0.08107563590354612,18948.303030666997,True,False
6902,1920.0,707,5397063,0.1,0.09948018957352774,18951.976320542002,True,False
6903,910.0,635,5397698,0.1,0.09280757638830808,18954.387035958003,True,False
6904,1340.0,786,5398484,0.1,0.05867484563649608,18957.281141792002,True,False
6905,3170.0,987,5399471,0.1,0.10708713498178536,18961.608213958003,True,False
6906,2760.0,1028,5400499,0.1,0.10543867175608641,18965.3470065,True,False
6907,1080.0,919,5401418,0.1,0.11944541724641686,18968.961348750003,True,False
6908,1980.0,967,5402385,0.1,0.10442941872526176,18972.471212833,True,False
6909,700.0,628,5403013,0.1,0.09614617258879789,18974.816959417003,True,False
6910,1640.0,969,5403982,0.1,0.10321939488765129,18978.895791666997,True,False
6911,1550.0,744,5404726,0.1,0.11370165131845943,18981.488543417,True,False
6912,1860.0,1145,5405871,0.1,0.10185237020462543,18985.743378958003,True,False
6913,1560.0,887,5406758,0.1,0.07513358259388993,18989.277255,True,False
6914,1490.0,952,5407710,0.1,0.11098812762334817,18992.804511832997,True,False
6915,840.0,519,5408229,0.1,0.09403646682890562,18994.701250167003,True,False
6916,1440.0,714,5408943,0.1,0.1289286450482905,18997.310085042,True,False
6917,1130.0,977,5409920,0.1,0.09895268649775155,19000.856731375003,True,False
6918,1110.0,740,5410660,0.1,0.08446929904858808,19003.531246458,True,False
6919,1630.0,966,5411626,0.1,0.10247742550068871,19007.043049083004,True,False
6920,1840.0,854,5412480,0.1,0.08367891982197762,19010.297337208,True,False
6921,1970.0,984,5413464,0.1,0.10169198152011003,19014.949250833,True,False
6922,2990.0,908,5414372,0.1,0.07742724814636855,19018.192584792,True,False
6923,2500.0,1177,5415549,0.1,0.1136563235298306,19022.521734167,True,False
6924,2070.0,1187,5416736,0.1,0.09648311588449109,19026.966141582998,True,False
6925,1990.0,817,5417553,0.1,0.09462244656192613,19029.905316333003,True,False
6926,2580.0,1026,5418579,0.1,0.10956907911167946,19034.779168375004,True,False
6927,1880.0,885,5419464,0.1,0.08890084981884774,19037.978758833,True,False
6928,940.0,966,5420430,0.1,0.10220374493121606,19041.490920582997,True,False
6929,1960.0,1027,5421457,0.1,0.09260023983941931,19045.212413708003,True,False
6930,2210.0,866,5422323,0.1,0.09119820083422517,19048.369882167004,True,False
6931,1960.0,1067,5423390,0.1,0.11428899232870184,19052.296591042003,True,False
6932,1840.0,1197,5424587,0.1,0.0966601851256097,19056.589140625,True,False
6933,290.0,408,5424995,0.1,0.12264356989523068,19058.064831042,True,False
6934,1820.0,937,5425932,0.1,0.10439238095695669,19061.471471042,True,False
6935,3340.0,972,5426904,0.1,0.09601132640684093,19064.970886542003,True,False
6936,1730.0,777,5427681,0.1,0.0965111925045854,19067.759082000004,True,False
6937,2860.0,945,5428626,0.1,0.10193747019995067,19071.278399374998,True,False
6938,2470.0,871,5429497,0.1,0.10146334933954368,19075.334318417,True,False
6939,2040.0,1000,5430497,0.1,0.1038050258308649,19078.810564042004,True,False
6940,1810.0,910,5431407,0.1,0.10696965734174861,19082.141193042,True,False
6941,870.0,713,5432120,0.1,0.10132497358630156,19084.721955,True,False
6942,2480.0,1058,5433178,0.1,0.0916334761299588,19088.660488374997,True,False
6943,2470.0,1447,5434625,0.1,0.09407605872443203,19093.813593,True,False
6944,4510.0,1196,5435821,0.1,0.08887047868184621,19098.077718792003,True,False
6945,660.0,507,5436328,0.1,0.07626862386901548,19099.855133208002,True,False
6946,1760.0,993,5437321,0.1,0.08417623080763846,19103.399165667004,True,False
6947,2000.0,895,5438216,0.1,0.10258581488493032,19106.557564458002,True,False
6948,2350.0,1250,5439466,0.1,0.11043317843742,19111.067600000002,True,False
6949,2400.0,1344,5440810,0.1,0.1164857741123775,19115.934160958,True,False
6950,570.0,589,5441399,0.1,0.10191720447243274,19118.093084,True,False
6951,1480.0,927,5442326,0.1,0.09800068996364958,19122.972649792,True,False
6952,390.0,559,5442885,0.1,0.09085221173507826,19125.017190500002,True,False
6953,470.0,460,5443345,0.1,0.08980135277075613,19126.724550125,True,False
6954,2230.0,908,5444253,0.1,0.10421030036694809,19130.219633583,True,False
6955,2200.0,872,5445125,0.1,0.11414750427041852,19133.558632,True,False
6956,2350.0,953,5446078,0.1,0.10243388338155356,19137.332561125004,True,False
6957,3010.0,886,5446964,0.1,0.1129395595441262,19140.675014166998,True,False
6958,3970.0,1276,5448240,0.1,0.10496362720303774,19145.270117917004,True,False
6959,3470.0,1032,5449272,0.1,0.09585588743058286,19149.142959875004,True,False
6960,1990.0,753,5450025,0.1,0.09831384524821918,19151.821437500003,True,False
6961,2120.0,849,5450874,0.1,0.08925699363550488,19154.941228583004,True,False
6962,2050.0,1054,5451928,0.1,0.0880914744286036,19158.698457749997,True,False
6963,2270.0,715,5452643,0.1,0.10938320488909657,19161.252239292,True,False
6964,1470.0,777,5453420,0.1,0.09550588754698253,19164.060620666998,True,False
6965,1200.0,623,5454043,0.1,0.09814421872818663,19166.263780792004,True,False
6966,2210.0,934,5454977,0.1,0.11281044996924634,19169.78300425,True,False
6967,1860.0,1028,5456005,0.1,0.09541937532012101,19173.432252167004,True,False
6968,2740.0,1136,5457141,0.1,0.0776722227046135,19177.602352957998,True,False
6969,1110.0,569,5457710,0.1,0.10441008696175168,19179.609757917002,True,False
6970,2260.0,891,5458601,0.1,0.11099490291134124,19182.819839750002,True,False
6971,1870.0,1010,5459611,0.1,0.08755833723227538,19186.525619917003,True,False
6972,510.0,484,5460095,0.1,0.10613813418279255,19188.351391375,True,False
6973,2520.0,988,5461083,0.1,0.0921632396660534,19192.048559083,True,False
6974,1170.0,808,5461891,0.1,0.11123077941154784,19195.109886625003,True,False
6975,2370.0,906,5462797,0.1,0.08487556549814829,19198.4437395,True,False
6976,1920.0,883,5463680,0.1,0.11845519618716985,19202.801335042,True,False
6977,2640.0,1109,5464789,0.1,0.11902536153255387,19207.021158542004,True,False
6978,1520.0,1076,5465865,0.1,0.09098958130925894,19212.206680583004,True,False
6979,2160.0,990,5466855,0.1,0.09854763426897135,19215.859303833,True,False
6980,1660.0,869,5467724,0.1,0.09806847203215328,19218.956039792,True,False
6981,1920.0,1080,5468804,0.1,0.1067680336534977,19222.854434542,True,False
6982,2240.0,920,5469724,0.1,0.10630660883920348,19226.169750833003,True,False
6983,1640.0,907,5470631,0.1,0.08476870488869932,19229.403137833004,True,False
6984,2500.0,1099,5471730,0.1,0.08748154218223962,19233.352338417004,True,False
6985,2060.0,1019,5472749,0.1,0.11323481776988974,19237.014967125004,True,False
6986,3330.0,938,5473687,0.1,0.10108806028898455,19240.394871541997,True,False
6987,1560.0,759,5474446,0.1,0.1321336298298679,19243.132785167,True,False
6988,2260.0,920,5475366,0.1,0.0997711138718802,19246.470812875,True,False
6989,1520.0,906,5476272,0.1,0.08578601585791368,19249.805174417,True,False
6990,760.0,625,5476897,0.1,0.09000829708141585,19252.023812333,True,False
6991,680.0,538,5477435,0.1,0.10790844079551858,19253.971325500002,True,False
6992,1870.0,841,5478276,0.1,0.09500004829600524,19257.032743375,True,False
6993,1920.0,871,5479147,0.1,0.11124805010820864,19260.142084332998,True,False
6994,2070.0,901,5480048,0.1,0.10594182435126431,19263.433901875003,True,False
6995,1730.0,985,5481033,0.1,0.10095321184887392,19267.613450292003,True,False
6996,1370.0,932,5481965,0.1,0.08898050417971713,19271.907050667003,True,False
6997,1990.0,972,5482937,0.1,0.10500200913736114,19275.423057792003,True,False
6998,1560.0,882,5483819,0.1,0.09433894624764269,19278.625965708,True,False
6999,3430.0,1026,5484845,0.1,0.06549615006357547,19282.419296958004,True,False
7000,2420.0,963,5485808,0.1,0.0792396637723159,19285.881974917,True,False
7001,1820.0,834,5486642,0.1,0.08383489129706644,19289.9424725,True,False
7002,2760.0,880,5487522,0.1,0.08126750391145998,19293.231000958003,True,False
7003,500.0,427,5487949,0.1,0.07340893985825443,19294.722141,True,False
7004,1310.0,806,5488755,0.1,0.09240639067500533,19297.774380042,True,False
7005,2930.0,935,5489690,0.1,0.08970280636786523,19301.390708833,True,False
7006,1000.0,716,5490406,0.1,0.1002402356175404,19303.947236166998,True,False
7007,500.0,459,5490865,0.1,0.09135463002907193,19305.674614917,True,False
7008,1430.0,540,5491405,0.1,0.08733029121326076,19307.756553042003,True,False
7009,1870.0,1164,5492569,0.1,0.10862780119775702,19312.177957958003,True,False
7010,1460.0,868,5493437,0.1,0.09639766405461021,19315.255493625,True,False
7011,2280.0,834,5494271,0.1,0.08763609303591344,19318.294714792,True,False
7012,210.0,352,5494623,0.1,0.07926761960102753,19319.554459958003,True,False
7013,1120.0,648,5495271,0.1,0.10711824822664996,19321.833819083004,True,False
7014,2940.0,1041,5496312,0.1,0.0866025273556111,19325.61612,True,False
7015,1180.0,749,5497061,0.1,0.1014946136563857,19328.363700542002,True,False
7016,2820.0,896,5497957,0.1,0.10047961362371487,19332.282019375,True,False
7017,1770.0,713,5498670,0.1,0.09148952911157957,19334.69951225,True,False
7018,2450.0,1044,5499714,0.1,0.0777512680011234,19338.469775667,True,False
7019,2260.0,887,5500601,0.1,0.09112620321815615,19341.624518958,True,False
7020,1980.0,998,5501599,0.1,0.07339715938940344,19345.577332625,True,False
7021,1930.0,884,5502483,0.1,0.07747269889584224,19348.834100125,True,False
7022,2260.0,1056,5503539,0.1,0.11019389274896997,19352.627741958,True,False
7023,1990.0,987,5504526,0.1,0.07890038050500005,19356.077032250003,True,False
7024,1560.0,1060,5505586,0.1,0.0827897366487755,19359.881602833004,True,False
7025,1390.0,758,5506344,0.1,0.09500871203643711,19362.604879,True,False
7026,1960.0,978,5507322,0.1,0.09760218029689105,19367.259448375,True,False
7027,820.0,700,5508022,0.1,0.09405611684279783,19369.859555292,True,False
7028,2560.0,1616,5509638,0.1,0.08814862382478349,19375.664027167004,True,False
7029,2380.0,993,5510631,0.1,0.0970363201979067,19379.199905583002,True,False
7030,1720.0,909,5511540,0.1,0.10765591363438912,19382.487544417003,True,False
7031,1870.0,898,5512438,0.1,0.08707477913204846,19385.722401,True,False
7032,1900.0,995,5513433,0.1,0.08603723070408446,19389.335214917002,True,False
7033,1340.0,771,5514204,0.1,0.10766257214422671,19392.274349458,True,False
7034,1560.0,924,5515128,0.1,0.11668241533624145,19395.58939175,True,False
7035,1740.0,1096,5516224,0.1,0.09543194868907767,19399.514584833,True,False
7036,1990.0,866,5517090,0.1,0.10525069594452227,19403.848055292,True,False
7037,1850.0,926,5518016,0.1,0.11960211472489454,19407.0873605,True,False
7038,1900.0,892,5518908,0.1,0.10405231170322864,19410.325714708,True,False
7039,1030.0,717,5519625,0.1,0.10363028089219299,19412.885041208,True,False
7040,1960.0,798,5520423,0.1,0.10106269747542976,19415.745744833002,True,False
7041,2400.0,909,5521332,0.1,0.09620034419359606,19418.989898458,True,False
7042,2230.0,838,5522170,0.1,0.10425451896086549,19421.999415708,True,False
7043,1720.0,836,5523006,0.1,0.09309829561191313,19425.020829667003,True,False
7044,1900.0,1081,5524087,0.1,0.12806904708483705,19428.940854583,True,False
7045,650.0,536,5524623,0.1,0.14091856931266722,19430.930234792002,True,False
7046,950.0,636,5525259,0.1,0.11165818650533194,19433.244128500002,True,False
7047,2020.0,1039,5526298,0.1,0.10347363711692965,19437.018745499998,True,False
7048,1530.0,978,5527276,0.1,0.11893400603867307,19440.569263125,True,False
7049,1460.0,754,5528030,0.1,0.1094880605294825,19443.276736292,True,False
7050,2210.0,1187,5529217,0.1,0.10289767988477692,19447.596311957997,True,False
7051,1600.0,1017,5530234,0.1,0.09354490600526333,19452.561143958003,True,False
7052,3130.0,958,5531192,0.1,0.10771987838670612,19456.006006333002,True,False
7053,2100.0,921,5532113,0.1,0.11212278203633816,19459.274587624997,True,False
7054,1400.0,1068,5533181,0.1,0.09998942929763026,19463.603962792004,True,False
7055,2650.0,1217,5534398,0.1,0.10674200639263481,19468.347414333002,True,False
7056,1960.0,996,5535394,0.1,0.10098035127133968,19472.002056792,True,False
7057,1660.0,877,5536271,0.1,0.10951706237206447,19475.275758750002,True,False
7058,1640.0,972,5537243,0.1,0.09846217347761241,19478.971587083004,True,False
7059,1610.0,1043,5538286,0.1,0.10808612023733585,19482.838729832998,True,False
7060,2400.0,1360,5539646,0.1,0.10942318444414174,19487.867578416997,True,False
7061,2820.0,894,5540540,0.1,0.1329402815816658,19491.170069083004,True,False
7062,1740.0,994,5541534,0.1,0.07640623115754176,19494.923473958,True,False
7063,1800.0,1114,5542648,0.1,0.07612992091418168,19499.008978125,True,False
7064,1550.0,963,5543611,0.1,0.12264137993721912,19502.497309917002,True,False
7065,2380.0,810,5544421,0.1,0.08108453261734817,19505.472724792002,True,False
7066,1570.0,902,5545323,0.1,0.08490878111786312,19508.779342333,True,False
7067,1970.0,744,5546067,0.1,0.12470721898059692,19511.445652917,True,False
7068,1950.0,1176,5547243,0.1,0.10592030036282174,19515.841730500004,True,False
7069,1190.0,884,5548127,0.1,0.08988625010079389,19519.010437708,True,False
7070,1370.0,956,5549083,0.1,0.1062475773252578,19522.476126250003,True,False
7071,2320.0,1165,5550248,0.1,0.10510046250658901,19527.636701333002,True,False
7072,2540.0,1043,5551291,0.1,0.13931309602294978,19531.431292583,True,False
7073,1950.0,1152,5552443,0.1,0.09509068645032433,19535.520837333002,True,False
7074,2010.0,868,5553311,0.1,0.10668126121163368,19538.606766333003,True,False
7075,1730.0,866,5554177,0.1,0.10276913963910621,19541.726747875,True,False
7076,1740.0,923,5555100,0.1,0.10695105228266674,19546.244725582997,True,False
7077,2160.0,818,5555918,0.1,0.0897920008693986,19549.294454832998,True,False
7078,1270.0,948,5556866,0.1,0.06709787104168773,19553.46991975,True,False
7079,2240.0,1017,5557883,0.1,0.09395513592625228,19557.173248500003,True,False
7080,1340.0,784,5558667,0.1,0.09817761140020222,19560.094568875,True,False
7081,2030.0,904,5559571,0.1,0.1084347601023923,19563.45271025,True,False
7082,1120.0,842,5560413,0.1,0.09260514274380784,19566.749730042,True,False
7083,2090.0,1146,5561559,0.1,0.11259475614146128,19570.882918666997,True,False
7084,2850.0,862,5562421,0.1,0.10436201108947259,19573.991788792002,True,False
7085,2110.0,914,5563335,0.1,0.10783778221689556,19577.331158957997,True,False
7086,1540.0,1148,5564483,0.1,0.07856613481968953,19582.088647708,True,False
7087,1150.0,732,5565215,0.1,0.0955349980278419,19584.664484125,True,False
7088,2130.0,1032,5566247,0.1,0.07512732299564537,19589.132623999998,True,False
7089,2310.0,823,5567070,0.1,0.09161601056462353,19592.182028417003,True,False
7090,2040.0,983,5568053,0.1,0.10820529124570813,19595.745450292,True,False
7091,3280.0,1193,5569246,0.1,0.08596129222279227,19600.033339792004,True,False
7092,2600.0,1091,5570337,0.1,0.09746005674721775,19604.457887124998,True,False
7093,2580.0,1362,5571699,0.1,0.0957696885062272,19609.984717958003,True,False
7094,1440.0,684,5572383,0.1,0.1120739142622864,19612.482979458,True,False
7095,1630.0,852,5573235,0.1,0.08114601858834705,19615.680041917003,True,False
7096,1540.0,1027,5574262,0.1,0.10377011551786258,19620.210087125,True,False
7097,680.0,611,5574873,0.1,0.08604070502850744,19622.726105417,True,False
7098,1740.0,780,5575653,0.1,0.11637481379394347,19625.457627333002,True,False
7099,2320.0,864,5576517,0.1,0.08996406662346865,19628.731363958002,True,False
7100,2740.0,832,5577349,0.1,0.06698044019643791,19631.706608833003,True,False
7101,2010.0,1025,5578374,0.1,0.09961223717255052,19636.313572833,True,False
7102,2140.0,1150,5579524,0.1,0.08159984891406363,19640.517769291997,True,False
7103,1410.0,921,5580445,0.1,0.08289838462420132,19643.873591417003,True,False
7104,1280.0,675,5581120,0.1,0.0664346596920455,19646.854013292002,True,False
7105,1770.0,1090,5582210,0.1,0.08215232376310536,19650.977538332998,True,False
7106,2480.0,1104,5583314,0.1,0.09857323006861776,19655.108807999997,True,False
7107,1360.0,867,5584181,0.1,0.1352052084483584,19658.434314874998,True,False
7108,1580.0,922,5585103,0.1,0.10481648907551298,19661.747387208,True,False
7109,1900.0,1047,5586150,0.1,0.11061301199676654,19665.534528833,True,False
7110,1520.0,806,5586956,0.1,0.0921053494704832,19669.098198125,True,False
7111,2710.0,871,5587827,0.1,0.0807012144888189,19672.261122750002,True,False
7112,2240.0,928,5588755,0.1,0.10469313340406095,19675.773520583003,True,False
7113,2550.0,1044,5589799,0.1,0.1039632770778804,19679.567104667003,True,False
7114,2270.0,957,5590756,0.1,0.07457930872139211,19683.078086041998,True,False
7115,1850.0,1201,5591957,0.1,0.08440455123161276,19687.457448208,True,False
7116,3500.0,1376,5593333,0.1,0.09371646532117454,19692.389816958,True,False
7117,2380.0,950,5594283,0.1,0.09278394222133773,19695.863264042004,True,False
7118,1830.0,821,5595104,0.1,0.07595854315870595,19698.866287750003,True,False
7119,2240.0,990,5596094,0.1,0.08652200734974282,19702.451787292004,True,False
7120,3370.0,945,5597039,0.1,0.0895736921554968,19705.915576875,True,False
7121,1820.0,997,5598036,0.1,0.07932076928764582,19709.557644375003,True,False
7122,2110.0,993,5599029,0.1,0.0915953089152613,19713.224098917002,True,False
7123,2020.0,841,5599870,0.1,0.09638014697425422,19716.267853750003,True,False
7124,1740.0,914,5600784,0.1,0.08173117763871189,19721.033902042,True,False
7125,1640.0,1009,5601793,0.1,0.09104348392048407,19724.74141925,True,False
7126,1380.0,892,5602685,0.1,0.10436815162076543,19728.957150625,True,False
7127,1590.0,846,5603531,0.1,0.10524603681223935,19732.072161124997,True,False
7128,1700.0,938,5604469,0.1,0.09843035576508401,19735.557236958004,True,False
7129,380.0,411,5604880,0.1,0.0874131582496525,19737.077907958002,True,False
7130,380.0,452,5605332,0.1,0.10563369624448561,19738.725160667003,True,False
7131,1320.0,802,5606134,0.1,0.10594713719096034,19741.667930167,True,False
7132,330.0,357,5606491,0.1,0.09232858572615667,19742.961845708,True,False
7133,950.0,465,5606956,0.1,0.12740420526227889,19744.670048875,True,False
7134,2060.0,1050,5608006,0.1,0.11042397032769127,19748.688399417,True,False
7135,1860.0,1038,5609044,0.1,0.11080944596145015,19752.484820917,True,False
7136,2440.0,1175,5610219,0.1,0.11459327018072785,19756.690590291997,True,False
7137,2120.0,1023,5611242,0.1,0.09971700731694,19760.415450208,True,False
7138,1630.0,911,5612153,0.1,0.09554469598489895,19764.255752292003,True,False
7139,790.0,643,5612796,0.1,0.09746481050152957,19766.475700583003,True,False
7140,1770.0,755,5613551,0.1,0.1153000593878963,19769.215867500003,True,False
7141,2880.0,724,5614275,0.1,0.1206695608156656,19771.780353583003,True,False
7142,1230.0,760,5615035,0.1,0.08566929943075305,19774.539508083,True,False
7143,1990.0,1101,5616136,0.1,0.10292167119357896,19778.543797457998,True,False
7144,2140.0,918,5617054,0.1,0.1361528885180708,19781.862119208003,True,False
7145,1900.0,904,5617958,0.1,0.09583145260102058,19785.139779541998,True,False
7146,1540.0,882,5618840,0.1,0.10070134738957451,19788.401586875,True,False
7147,2540.0,1124,5619964,0.1,0.09627298898729778,19792.559402708,True,False
7148,1300.0,749,5620713,0.1,0.09330310212338672,19795.320124708,True,False
7149,3010.0,1226,5621939,0.1,0.09629333957883657,19799.738588207998,True,False
7150,1390.0,854,5622793,0.1,0.09142476435158854,19802.904962499997,True,False
7151,2330.0,1149,5623942,0.1,0.08942994688238416,19808.23950625,True,False
7152,1290.0,791,5624733,0.1,0.09580397660458329,19811.091508750003,True,False
7153,240.0,316,5625049,0.1,0.14102407931527006,19812.254056833,True,False
7154,1300.0,868,5625917,0.1,0.11863713025669073,19815.451046708004,True,False
7155,1980.0,1012,5626929,0.1,0.11705097129104637,19819.137276167,True,False
7156,1630.0,819,5627748,0.1,0.13035282920591715,19822.121583958004,True,False
7157,1710.0,1069,5628817,0.1,0.10413819531934539,19826.022127458004,True,False
7158,2870.0,1092,5629909,0.1,0.09362849666849597,19829.960147083002,True,False
7159,2820.0,957,5630866,0.1,0.10266783839738519,19833.468449958003,True,False
7160,1440.0,887,5631753,0.1,0.0917334672575397,19836.682021333,True,False
7161,2470.0,999,5632752,0.1,0.10620845767110586,19840.318011666997,True,False
7162,2520.0,1050,5633802,0.1,0.11511875922926737,19844.070486333003,True,False
7163,1910.0,836,5634638,0.1,0.09891063510551693,19847.074015874998,True,False
7164,2020.0,866,5635504,0.1,0.1003339547440753,19850.253106333003,True,False
7165,2330.0,1416,5636920,0.1,0.10435012315457824,19855.299611083,True,False
7166,1750.0,792,5637712,0.1,0.08796466619829939,19858.392765083,True,False
7167,1800.0,688,5638400,0.1,0.11096832458319705,19861.197594625002,True,False
7168,3510.0,970,5639370,0.1,0.11473151258662466,19864.664476500002,True,False
7169,1850.0,1173,5640543,0.1,0.12122371084606688,19869.165559082998,True,False
7170,2340.0,949,5641492,0.1,0.12687856390947053,19872.703721167003,True,False
7171,1930.0,759,5642251,0.1,0.10244342442306262,19875.472179458004,True,False
7172,2210.0,1002,5643253,0.1,0.1134355371202012,19879.239216042,True,False
7173,1740.0,876,5644129,0.1,0.09222434313551067,19882.553348208,True,False
7174,1590.0,902,5645031,0.1,0.1099043811692132,19885.9502785,True,False
7175,1440.0,1054,5646085,0.1,0.08605537291221095,19889.846475457998,True,False
7176,1980.0,991,5647076,0.1,0.11271684893947695,19894.54846225,True,False
7177,1150.0,890,5647966,0.1,0.10249548219983373,19897.7634255,True,False
7178,1360.0,811,5648777,0.1,0.1161607304459502,19901.908859292,True,False
7179,3050.0,810,5649587,0.1,0.10491030125666669,19904.782768292003,True,False
7180,1300.0,787,5650374,0.1,0.08797159752227025,19907.757330292,True,False
7181,2010.0,1052,5651426,0.1,0.09103924601901847,19911.654125,True,False
7182,1460.0,956,5652382,0.1,0.11431920044825541,19915.135963,True,False
7183,1080.0,724,5653106,0.1,0.13435001591045553,19917.748328833004,True,False
7184,1590.0,1038,5654144,0.1,0.11572483900504617,19921.582950833,True,False
7185,1550.0,900,5655044,0.1,0.12521475295225779,19924.820360917,True,False
7186,1990.0,983,5656027,0.1,0.09355575599688656,19928.423453583004,True,False
7187,1540.0,796,5656823,0.1,0.10027653839083472,19931.306081000002,True,False
7188,1790.0,969,5657792,0.1,0.08395970820491451,19934.82060575,True,False
7189,2270.0,1254,5659046,0.1,0.08945941268659818,19939.320841250003,True,False
7190,1970.0,907,5659953,0.1,0.1116408923484943,19942.672057208,True,False
7191,1700.0,805,5660758,0.1,0.09539058008486062,19945.485381749997,True,False
7192,1750.0,1002,5661760,0.1,0.1251732490964204,19949.122139332998,True,False
7193,420.0,500,5662260,0.1,0.08934514279663562,19950.935095916997,True,False
7194,2040.0,857,5663117,0.1,0.09176739804864487,19954.0449755,True,False
7195,860.0,419,5663536,0.1,0.07234842365696317,19955.540974167,True,False
7196,1830.0,1061,5664597,0.1,0.09834240761427385,19959.353720166997,True,False
7197,1920.0,843,5665440,0.1,0.11278092229112065,19963.229448042002,True,False
7198,1160.0,734,5666174,0.1,0.10504050564041228,19965.761847708003,True,False
7199,1860.0,882,5667056,0.1,0.09623625828163926,19969.130917083,True,False
7200,1530.0,757,5667813,0.1,0.09249057808999346,19971.862429792003,True,False
7201,1730.0,1094,5668907,0.1,0.11038107899846611,19976.848685083,True,False
7202,1690.0,949,5669856,0.1,0.10893436846863322,19980.698873082998,True,False
7203,2020.0,1203,5671059,0.1,0.09172087689240774,19985.185454,True,False
7204,1510.0,812,5671871,0.1,0.09880690834498758,19988.214247666998,True,False
7205,1220.0,725,5672596,0.1,0.08659947861067868,19990.907408417,True,False
7206,2350.0,996,5673592,0.1,0.10160652593705788,19995.242808917,True,False
7207,470.0,464,5674056,0.1,0.11543061712692523,19997.054068792,True,False
7208,1770.0,806,5674862,0.1,0.12829003819445176,20000.096332082998,True,False
7209,1960.0,944,5675806,0.1,0.1161317673859076,20003.965863042,True,False
7210,2450.0,937,5676743,0.1,0.08366319670095149,20007.707998583,True,False
7211,1950.0,981,5677724,0.1,0.09270483582485013,20011.371685833,True,False
7212,2300.0,1100,5678824,0.1,0.08970916135067289,20015.60464425,True,False
7213,1700.0,919,5679743,0.1,0.08070706595630105,20018.986364582997,True,False
7214,3130.0,909,5680652,0.1,0.11537834921884432,20022.983343083004,True,False
7215,2220.0,1126,5681778,0.1,0.10843232939238544,20027.057337125,True,False
7216,2370.0,856,5682634,0.1,0.11544013761471365,20030.412690333003,True,False
7217,2690.0,1134,5683768,0.1,0.1085832791704632,20034.540442083002,True,False
7218,2970.0,915,5684683,0.1,0.12272914203308653,20037.90488525,True,False
7219,1280.0,876,5685559,0.1,0.09512163459676314,20041.111741041997,True,False
7220,2510.0,1179,5686738,0.1,0.11369873863660683,20045.484340333,True,False
7221,1950.0,1076,5687814,0.1,0.10675967551878615,20049.434985125,True,False
7222,880.0,719,5688533,0.1,0.12652077706944612,20052.064012167,True,False
7223,1780.0,868,5689401,0.1,0.09571344872361504,20055.250578125,True,False
7224,1990.0,762,5690163,0.1,0.10006254070781563,20058.016849749998,True,False
7225,1870.0,907,5691070,0.1,0.08886562633258394,20061.295197458,True,False
7226,2430.0,997,5692067,0.1,0.11187484944949906,20065.939657958,True,False
7227,2190.0,876,5692943,0.1,0.08749286488089796,20069.070181958,True,False
7228,1900.0,777,5693720,0.1,0.09207616740694413,20072.029831500004,True,False
7229,1440.0,875,5694595,0.1,0.12277360609946174,20075.256841458002,True,False
7230,1520.0,747,5695342,0.1,0.08601585148589656,20077.989469041997,True,False
7231,1290.0,984,5696326,0.1,0.1092373528177055,20081.642527375,True,False
7232,1590.0,731,5697057,0.1,0.13485478311573548,20084.279606958,True,False
7233,1850.0,760,5697817,0.1,0.11562306820169875,20087.170711583,True,False
7234,1680.0,1134,5698951,0.1,0.11294958427838007,20091.29536925,True,False
7235,1710.0,923,5699874,0.1,0.09741736633211245,20095.279864333002,True,False
7236,1900.0,989,5700863,0.1,0.110041128859859,20099.431257375,True,False
7237,3080.0,1057,5701920,0.1,0.11457815772660498,20103.291033792004,True,False
7238,990.0,631,5702551,0.1,0.08391076850758236,20105.579481125,True,False
7239,1680.0,791,5703342,0.1,0.08134304303111452,20108.95207,True,False
7240,750.0,534,5703876,0.1,0.125156671628912,20111.510679125,True,False
7241,2020.0,861,5704737,0.1,0.09339114486044922,20115.875774958004,True,False
7242,2190.0,1003,5705740,0.1,0.09343912209796003,20122.17230775,True,False
7243,2080.0,1061,5706801,0.1,0.11538701706196902,20126.70581775,True,False
7244,1580.0,742,5707543,0.1,0.09257650029014897,20129.454667667,True,False
7245,2090.0,830,5708373,0.1,0.10883029189426452,20132.620674292004,True,False
7246,1810.0,888,5709261,0.1,0.08736837344865005,20135.925926625,True,False
7247,2150.0,836,5710097,0.1,0.07596605049187773,20139.066739583002,True,False
7248,930.0,580,5710677,0.1,0.11504979254356747,20141.236271792004,True,False
7249,1890.0,867,5711544,0.1,0.10209191512436636,20144.476384042,True,False
7250,1240.0,649,5712193,0.1,0.12543251304484812,20146.874125208,True,False
7251,2270.0,1003,5713196,0.1,0.10192004167493358,20152.144883250003,True,False
7252,1710.0,793,5713989,0.1,0.09143096953630447,20155.131151167,True,False
7253,2450.0,937,5714926,0.1,0.096552533400046,20158.580221167,True,False
7254,1630.0,1017,5715943,0.1,0.09292296492531309,20162.401892042,True,False
7255,2100.0,944,5716887,0.1,0.10917218966346423,20166.156692667,True,False
7256,2740.0,962,5717849,0.1,0.09418915025503433,20169.72949675,True,False
7257,1250.0,737,5718586,0.1,0.08526944070447075,20172.473489124997,True,False
7258,1690.0,846,5719432,0.1,0.13512488996680333,20175.645980625,True,False
7259,1410.0,993,5720425,0.1,0.11087921463824328,20179.374548125,True,False
7260,1780.0,1032,5721457,0.1,0.09693500993036946,20183.100381958,True,False
7261,1590.0,910,5722367,0.1,0.1290349235618692,20186.413000583,True,False
7262,2090.0,1026,5723393,0.1,0.09821497012611029,20190.335117083,True,False
7263,990.0,594,5723987,0.1,0.09401591269400071,20192.563681667,True,False
7264,1540.0,846,5724833,0.1,0.08983841515585499,20195.739764042002,True,False
7265,2090.0,796,5725629,0.1,0.08047347555133566,20198.814698374998,True,False
7266,1170.0,754,5726383,0.1,0.12672824793534868,20201.520415625004,True,False
7267,2450.0,1118,5727501,0.1,0.10708809667932136,20206.334065791998,True,False
7268,2170.0,1107,5728608,0.1,0.10594738721309586,20210.462851750002,True,False
7269,1700.0,965,5729573,0.1,0.08277743068210688,20213.947802458002,True,False
7270,2350.0,871,5730444,0.1,0.08887847296363853,20217.161191917003,True,False
7271,2030.0,894,5731338,0.1,0.08141760936533121,20220.443885833003,True,False
7272,200.0,309,5731647,0.1,0.09157760879145814,20221.593473792003,True,False
7273,2250.0,820,5732467,0.1,0.11960965980116914,20224.547561375002,True,False
7274,1640.0,887,5733354,0.1,0.10252124279200493,20227.784986500003,True,False
7275,1070.0,620,5733974,0.1,0.10554598913558068,20230.057911875003,True,False
7276,1810.0,757,5734731,0.1,0.11393115039737452,20233.964975791998,True,False
7277,740.0,552,5735283,0.1,0.11613252050364795,20235.990237958,True,False
7278,1760.0,1025,5736308,0.1,0.09470032170371438,20239.672511083,True,False
7279,2300.0,722,5737030,0.1,0.1206940457638767,20242.295094625,True,False
7280,2110.0,722,5737752,0.1,0.1281893469846051,20244.917133167,True,False
7281,1550.0,783,5738535,0.1,0.10564079660062607,20247.785697207997,True,False
7282,1910.0,1054,5739589,0.1,0.07877607036127963,20251.655313292,True,False
7283,1570.0,798,5740387,0.1,0.0943155384168553,20254.525684958004,True,False
7284,1740.0,996,5741383,0.1,0.10222218886586318,20258.121615958,True,False
7285,1390.0,711,5742094,0.1,0.07264801176536954,20260.691345792,True,False
7286,1390.0,706,5742800,0.1,0.0999784142536632,20263.267093125003,True,False
7287,1250.0,944,5743744,0.1,0.08992513344954636,20266.764176083,True,False
7288,1700.0,1093,5744837,0.1,0.08252499892202379,20270.813232,True,False
7289,2920.0,910,5745747,0.1,0.0909524857300428,20274.086204166997,True,False
7290,790.0,454,5746201,0.1,0.09274994223296903,20275.715415833,True,False
7291,750.0,656,5746857,0.1,0.10218405726979055,20278.095860458,True,False
7292,790.0,495,5747352,0.1,0.09789248893878633,20279.887996583,True,False
7293,1140.0,709,5748061,0.1,0.12200591419586691,20282.461903375,True,False
7294,2200.0,910,5748971,0.1,0.10129177940410401,20285.774897707997,True,False
7295,1650.0,1266,5750237,0.1,0.11668117987785241,20290.397422583002,True,False
7296,1970.0,1032,5751269,0.1,0.11383342301083166,20294.135355917002,True,False
7297,1580.0,827,5752096,0.1,0.11831782804127189,20297.131033292004,True,False
7298,2230.0,1026,5753122,0.1,0.10002729275583988,20300.867079124997,True,False
7299,2160.0,1232,5754354,0.1,0.10141235493825047,20305.313323958,True,False
7300,2020.0,782,5755136,0.1,0.11558396374920801,20308.118783708,True,False
7301,1890.0,726,5755862,0.1,0.10666152209208156,20311.801136832997,True,False
7302,2160.0,786,5756648,0.1,0.11175872729665737,20314.668813417004,True,False
7303,1950.0,1227,5757875,0.1,0.11776115863395283,20319.085240708002,True,False
7304,1900.0,924,5758799,0.1,0.09612482205210697,20322.383545750003,True,False
7305,1550.0,792,5759591,0.1,0.09480728848715021,20325.212353249997,True,False
7306,2200.0,1004,5760595,0.1,0.09750979540654388,20328.971295625,True,False
7307,1870.0,932,5761527,0.1,0.09998965946869533,20332.293727541997,True,False
7308,1710.0,946,5762473,0.1,0.10359349190984471,20335.7829845,True,False
7309,1760.0,998,5763471,0.1,0.09471273105815951,20339.379398999998,True,False
7310,2540.0,1046,5764517,0.1,0.11555698767076922,20343.112883916998,True,False
7311,1950.0,791,5765308,0.1,0.11248427059388522,20346.02676375,True,False
7312,1670.0,904,5766212,0.1,0.10426545306314937,20349.286668917004,True,False
7313,2270.0,865,5767077,0.1,0.10474627075233946,20352.440287042,True,False
7314,1640.0,755,5767832,0.1,0.0921713379088533,20355.155763917,True,False
7315,1950.0,907,5768739,0.1,0.10720639002501173,20358.358981874997,True,False
7316,1620.0,821,5769560,0.1,0.13074444571636545,20361.308287417,True,False
7317,1200.0,676,5770236,0.1,0.11322038798157633,20363.745945667004,True,False
7318,1740.0,1047,5771283,0.1,0.12270265609254326,20367.42359,True,False
7319,2450.0,1009,5772292,0.1,0.10783338129314274,20371.085181917,True,False
7320,2440.0,1009,5773301,0.1,0.08745365354069878,20374.726326083,True,False
7321,2170.0,1142,5774443,0.1,0.09892123870290162,20379.103472458002,True,False
7322,2470.0,946,5775389,0.1,0.11632728760566892,20382.409646166998,True,False
7323,1280.0,905,5776294,0.1,0.10720058584964909,20385.769220125003,True,False
7324,1820.0,888,5777182,0.1,0.11346356210777082,20389.073544708,True,False
7325,910.0,804,5777986,0.1,0.11511597099403541,20392.018636417,True,False
7326,2240.0,1055,5779041,0.1,0.11383119692221623,20397.085621042002,True,False
7327,1750.0,930,5779971,0.1,0.10571859763325031,20400.485042375003,True,False
7328,1940.0,1026,5780997,0.1,0.1185732161416038,20404.231751833002,True,False
7329,1160.0,595,5781592,0.1,0.11470819037132615,20406.465641875002,True,False
7330,1860.0,954,5782546,0.1,0.10432850643835899,20409.952289458,True,False
7331,2140.0,1040,5783586,0.1,0.11983632513393576,20413.807697083,True,False
7332,910.0,529,5784115,0.1,0.11864992674919918,20415.778268292,True,False
7333,1810.0,1043,5785158,0.1,0.10774522348952933,20419.548358583,True,False
7334,2090.0,1008,5786166,0.1,0.11333343199646426,20423.278444875003,True,False
7335,1450.0,823,5786989,0.1,0.11127797658871678,20426.305334333003,True,False
7336,1550.0,962,5787951,0.1,0.10691471082779268,20430.063663250003,True,False
7337,1850.0,853,5788804,0.1,0.10404249414296768,20433.116490458,True,False
7338,2460.0,921,5789725,0.1,0.10677299143179603,20436.594665458004,True,False
7339,3030.0,1024,5790749,0.1,0.09894982326659374,20440.502369708003,True,False
7340,1980.0,1060,5791809,0.1,0.10774684166711457,20444.29904325,True,False
7341,2380.0,957,5792766,0.1,0.09509709457161536,20448.44960575,True,False
7342,1870.0,851,5793617,0.1,0.09649899991080514,20451.586267332998,True,False
7343,1640.0,914,5794531,0.1,0.07931964340407335,20455.010046583004,True,False
7344,1560.0,937,5795468,0.1,0.11738057491627145,20458.425514542003,True,False
7345,1820.0,859,5796327,0.1,0.09690711562843801,20461.61683225,True,False
7346,2310.0,791,5797118,0.1,0.07546088866174522,20464.537510125003,True,False
7347,2140.0,899,5798017,0.1,0.07709440185377996,20468.043328042004,True,False
7348,2270.0,999,5799016,0.1,0.07895487236976624,20471.647493999997,True,False
7349,980.0,702,5799718,0.1,0.07396445958742073,20474.23477425,True,False
7350,1030.0,540,5800258,0.1,0.075237233578055,20476.209842792,True,False
7351,2230.0,879,5801137,0.1,0.09798571577464993,20480.864027666998,True,False
7352,2390.0,974,5802111,0.1,0.10389259892205398,20484.439172332997,True,False
7353,940.0,586,5802697,0.1,0.09064891396508533,20486.563182625003,True,False
7354,1800.0,738,5803435,0.1,0.09100702101283747,20489.446387792,True,False
7355,3040.0,915,5804350,0.1,0.07210243299326913,20492.754754292,True,False
7356,2450.0,958,5805308,0.1,0.07707705327387278,20496.828902,True,False
7357,1890.0,985,5806293,0.1,0.11252175468376012,20500.593998083,True,False
7358,2110.0,976,5807269,0.1,0.11145848964844815,20504.096940208,True,False
7359,1560.0,845,5808114,0.1,0.07246706374784075,20507.37569675,True,False
7360,520.0,412,5808526,0.1,0.08427150053813041,20508.924326417,True,False
7361,2530.0,1136,5809662,0.1,0.09259243086833034,20513.073914708002,True,False
7362,1570.0,905,5810567,0.1,0.07648615463249452,20516.378214292003,True,False
7363,1740.0,1010,5811577,0.1,0.07980295375961324,20521.422898083,True,False
7364,2350.0,888,5812465,0.1,0.08766755235574401,20524.858245042,True,False
7365,1050.0,660,5813125,0.1,0.11491560415562355,20527.235838792003,True,False
7366,2380.0,903,5814028,0.1,0.08820841295347936,20530.596169333003,True,False
7367,2900.0,934,5814962,0.1,0.1086867047761579,20534.14684075,True,False
7368,2130.0,897,5815859,0.1,0.08428852130808602,20537.365318375,True,False
7369,1860.0,824,5816683,0.1,0.09577715784329378,20540.487749792002,True,False
7370,2060.0,850,5817533,0.1,0.12034546799887794,20543.532711083004,True,False
7371,1960.0,1005,5818538,0.1,0.08334568807803303,20547.273689625,True,False
7372,2200.0,1228,5819766,0.1,0.07503692266388708,20552.164202458,True,False
7373,1360.0,603,5820369,0.1,0.08916002684056956,20554.583591875,True,False
7374,1870.0,991,5821360,0.1,0.06763501632057371,20559.16856425,True,False
7375,1960.0,947,5822307,0.1,0.07604419003177623,20562.673175333002,True,False
7376,1630.0,876,5823183,0.1,0.08404602316637698,20567.046499707998,True,False
7377,1910.0,1244,5824427,0.1,0.07172091417853088,20571.858659167003,True,False
7378,980.0,852,5825279,0.1,0.08233575070792801,20575.062114542,True,False
7379,1900.0,924,5826203,0.1,0.10213704478979369,20578.412603167002,True,False
7380,3150.0,933,5827136,0.1,0.08442595622175907,20581.834088249998,True,False
7381,1830.0,916,5828052,0.1,0.07757445408934198,20585.198617832997,True,False
7382,2160.0,917,5828969,0.1,0.09476926029704544,20588.712574917,True,False
7383,1990.0,1083,5830052,0.1,0.08838987904789813,20592.757525625,True,False
7384,2370.0,1006,5831058,0.1,0.08490956002527261,20596.480950917,True,False
7385,1960.0,1003,5832061,0.1,0.07221559576497254,20600.159000792002,True,False
7386,2080.0,964,5833025,0.1,0.08087995009597283,20603.689258,True,False
7387,1980.0,930,5833955,0.1,0.09640127723908117,20607.062838167003,True,False
7388,2160.0,903,5834858,0.1,0.09041397146616889,20610.820169917002,True,False
7389,2350.0,978,5835836,0.1,0.11659970136017216,20614.821130917,True,False
7390,1570.0,941,5836777,0.1,0.08797706120667305,20618.493899208,True,False
7391,390.0,420,5837197,0.1,0.10564651588598888,20619.992187417003,True,False
7392,1820.0,1035,5838232,0.1,0.09210181459209173,20624.656199667,True,False
7393,1760.0,836,5839068,0.1,0.081289094788107,20627.595058542,True,False
7394,1850.0,928,5839996,0.1,0.10355178253114994,20631.177448208,True,False
7395,1900.0,1199,5841195,0.1,0.09296588592517835,20635.552874333,True,False
7396,2030.0,1057,5842252,0.1,0.07054568883383049,20639.449947082998,True,False
7397,2420.0,1093,5843345,0.1,0.07021953266509723,20643.491608083,True,False
7398,2100.0,892,5844237,0.1,0.10487786918928671,20646.901276750003,True,False
7399,420.0,436,5844673,0.1,0.08299208837433146,20648.413046374997,True,False
7400,1840.0,904,5845577,0.1,0.08759139488096786,20651.866536667003,True,False
7401,2190.0,1021,5846598,0.1,0.10925878026321822,20656.747539875003,True,False
7402,1900.0,1200,5847798,0.1,0.08780165929968159,20662.051250375,True,False
7403,3690.0,1115,5848913,0.1,0.07828413985843193,20666.432747625004,True,False
7404,2110.0,806,5849719,0.1,0.06897050644553716,20669.409498333,True,False
7405,2220.0,989,5850708,0.1,0.09378004096628677,20673.804295916998,True,False
7406,730.0,574,5851282,0.1,0.08447335405157996,20675.924690042004,True,False
7407,1630.0,1023,5852305,0.1,0.08226459039724432,20679.795892542003,True,False
7408,2430.0,1206,5853511,0.1,0.08092348907217135,20684.392507375,True,False
7409,1830.0,1063,5854574,0.1,0.07584520946852022,20688.320279166997,True,False
7410,730.0,600,5855174,0.1,0.062163725160062314,20690.540005125004,True,False
7411,1910.0,1026,5856200,0.1,0.09127925073271363,20694.512800917,True,False
7412,2230.0,950,5857150,0.1,0.08487362332469174,20698.892141333003,True,False
7413,1770.0,1165,5858315,0.1,0.09498776972959541,20703.217432625002,True,False
7414,450.0,460,5858775,0.1,0.10924167354469715,20704.884369624997,True,False
7415,1400.0,906,5859681,0.1,0.08633801340646549,20708.255523500004,True,False
7416,1810.0,1147,5860828,0.1,0.09833413639952808,20712.458621750004,True,False
7417,1420.0,663,5861491,0.1,0.0963883436369625,20714.92347375,True,False
7418,1130.0,546,5862037,0.1,0.06600848021135278,20717.017388792003,True,False
7419,1960.0,1284,5863321,0.1,0.0997900118691574,20721.710804417,True,False
7420,2440.0,978,5864299,0.1,0.09205530033462116,20725.41263325,True,False
7421,2450.0,948,5865247,0.1,0.10820823965224788,20728.814909499997,True,False
7422,3000.0,1074,5866321,0.1,0.08822095067652296,20732.775061166998,True,False
7423,3830.0,965,5867286,0.1,0.07646680767435379,20736.251628125,True,False
7424,2470.0,1084,5868370,0.1,0.07612356751799804,20740.202925457997,True,False
7425,2210.0,903,5869273,0.1,0.09739181095223247,20743.472064792004,True,False
7426,1350.0,663,5869936,0.1,0.09107986812939844,20746.647386958,True,False
7427,2120.0,1097,5871033,0.1,0.08838219483158667,20750.879638833,True,False
7428,1360.0,878,5871911,0.1,0.10949329482434003,20753.998444541998,True,False
7429,2450.0,968,5872879,0.1,0.08759826374401854,20758.677505792002,True,False
7430,1730.0,814,5873693,0.1,0.10380222956996922,20761.700847207998,True,False
7431,1680.0,902,5874595,0.1,0.0847044352773163,20765.00948075,True,False
7432,2080.0,962,5875557,0.1,0.09191769437238388,20768.980234542003,True,False
7433,960.0,809,5876366,0.1,0.09818458418352621,20771.979044,True,False
7434,2180.0,1126,5877492,0.1,0.0921653824039332,20776.128564583,True,False
7435,2030.0,909,5878401,0.1,0.08485349645173497,20779.52831575,True,False
7436,1340.0,701,5879102,0.1,0.0922737561485597,20782.117319083,True,False
7437,1580.0,906,5880008,0.1,0.09114102154379373,20785.577554249998,True,False
7438,2250.0,1013,5881021,0.1,0.08639057080736273,20789.264005708,True,False
7439,1660.0,1058,5882079,0.1,0.09935319683316982,20793.156547542,True,False
7440,1810.0,985,5883064,0.1,0.10779907136612575,20796.794190292,True,False
7441,1710.0,911,5883975,0.1,0.10194839366879889,20800.220756917,True,False
7442,1730.0,849,5884824,0.1,0.10148102799736558,20803.305086792003,True,False
7443,1600.0,883,5885707,0.1,0.09446857174943117,20806.698730208,True,False
7444,2260.0,801,5886508,0.1,0.09846691267833632,20809.909818082997,True,False
7445,2840.0,1067,5887575,0.1,0.09803322945980537,20813.827508292,True,False
7446,2340.0,643,5888218,0.1,0.08938740704046644,20816.226517791998,True,False
7447,1360.0,762,5888980,0.1,0.10923958363021231,20819.887080250002,True,False
7448,900.0,586,5889566,0.1,0.09362269282876833,20821.92817875,True,False
7449,2240.0,843,5890409,0.1,0.1111047589771838,20825.170366125,True,False
7450,1740.0,878,5891287,0.1,0.07854843518981651,20828.424980167,True,False
7451,1970.0,896,5892183,0.1,0.09599116625031456,20833.129564374998,True,False
7452,3130.0,1196,5893379,0.1,0.10285763175578719,20837.539161833003,True,False
7453,2460.0,975,5894354,0.1,0.09283320773698267,20841.100316792,True,False
7454,2410.0,1220,5895574,0.1,0.08469197475275056,20845.550661792004,True,False
7455,1700.0,994,5896568,0.1,0.0968192718047873,20849.266248542,True,False
7456,2700.0,1187,5897755,0.1,0.09547175363499068,20854.333665833,True,False
7457,1950.0,1057,5898812,0.1,0.08414457021456845,20858.285330417,True,False
7458,750.0,566,5899378,0.1,0.07815342038499971,20860.41165925,True,False
7459,1820.0,941,5900319,0.1,0.0906377752648389,20864.178724333004,True,False
7460,2160.0,902,5901221,0.1,0.10963314882092244,20867.728356125,True,False
7461,2220.0,989,5902210,0.1,0.08574958738346815,20871.752727833,True,False
7462,1650.0,798,5903008,0.1,0.06391483603045345,20874.714396958,True,False
7463,1440.0,912,5903920,0.1,0.07730765818830646,20879.002084042004,True,False
7464,2060.0,877,5904797,0.1,0.07906178780087189,20882.119393167,True,False
7465,3250.0,1250,5906047,0.1,0.07521253013207267,20886.849677917002,True,False
7466,1540.0,943,5906990,0.1,0.0853479412676356,20890.812589957997,True,False
7467,1090.0,678,5907668,0.1,0.06940753249561085,20893.295977875,True,False
7468,930.0,687,5908355,0.1,0.11217298714868855,20895.880905167003,True,False
7469,970.0,686,5909041,0.1,0.07393117809429937,20898.434654875004,True,False
7470,2780.0,1159,5910200,0.1,0.0815249754501314,20903.353760125,True,False
7471,1130.0,788,5910988,0.1,0.07505412349657056,20907.528242542,True,False
7472,1970.0,979,5911967,0.1,0.09017872422567157,20911.557761083,True,False
7473,2760.0,956,5912923,0.1,0.08935736883509608,20915.195322583,True,False
7474,1750.0,1018,5913941,0.1,0.06981411189133045,20919.365965833,True,False
7475,1750.0,1010,5914951,0.1,0.08595258540414746,20923.061348333,True,False
7476,1740.0,872,5915823,0.1,0.0850010379003959,20927.312682917,True,False
7477,2720.0,978,5916801,0.1,0.09217588999593744,20931.204563917003,True,False
7478,2690.0,836,5917637,0.1,0.069461113706445,20934.487433333,True,False
7479,2320.0,982,5918619,0.1,0.0912558134265092,20938.857494083,True,False
7480,2330.0,861,5919480,0.1,0.10236404729248197,20943.113064792,True,False
7481,2130.0,1011,5920491,0.1,0.08672906221112325,20947.744036000004,True,False
7482,530.0,430,5920921,0.1,0.07915141813767453,20950.053720208,True,False
7483,2160.0,898,5921819,0.1,0.07141725980078004,20953.903374583002,True,False
7484,380.0,359,5922178,0.1,0.05294221529944076,20955.304346582998,True,False
7485,2020.0,905,5923083,0.1,0.1025806523496862,20958.952567708002,True,False
7486,2880.0,1016,5924099,0.1,0.08542761758820513,20962.913161833,True,False
7487,1540.0,716,5924815,0.1,0.0945295129054585,20965.60481225,True,False
7488,470.0,378,5925193,0.1,0.08325788808104238,20967.0729605,True,False
7489,1270.0,964,5926157,0.1,0.10131433165605137,20970.620517208,True,False
7490,1570.0,678,5926835,0.1,0.0902789314690779,20973.174218041997,True,False
7491,2170.0,836,5927671,0.1,0.11435279924796814,20976.388097249997,True,False
7492,1910.0,869,5928540,0.1,0.08955616114336416,20979.904418291997,True,False
7493,2110.0,1030,5929570,0.1,0.1080769290893922,20983.878015832997,True,False
7494,1930.0,939,5930509,0.1,0.09316298664012487,20987.345982875,True,False
7495,2150.0,1011,5931520,0.1,0.1089866570613012,20991.263179957998,True,False
7496,2710.0,892,5932412,0.1,0.1131076920785912,20995.018572458,True,False
7497,1870.0,926,5933338,0.1,0.07791188892654398,20998.592145208,True,False
7498,1580.0,1040,5934378,0.1,0.09338528982793483,21002.429622792,True,False
7499,1870.0,1028,5935406,0.1,0.08306660899595296,21006.265903125,True,False
7500,1300.0,744,5936150,0.1,0.08303848570913717,21009.11482175,True,False
7501,1810.0,970,5937120,0.1,0.09444777808562228,21013.594299582997,True,False
7502,1970.0,1235,5938355,0.1,0.08919598865201818,21018.162867917003,True,False
7503,2410.0,829,5939184,0.1,0.0911498119821772,21021.165486667,True,False
7504,1990.0,982,5940166,0.1,0.09518291323388718,21025.357506667002,True,False
7505,1930.0,1227,5941393,0.1,0.08763465646909192,21029.764910792,True,False
7506,3060.0,981,5942374,0.1,0.08338122801969246,21033.287023667,True,False
7507,1330.0,692,5943066,0.1,0.06688697948362786,21035.872823042002,True,False
7508,2020.0,1158,5944224,0.1,0.09648057587830157,21040.131744208004,True,False
7509,2340.0,1008,5945232,0.1,0.09585452995203908,21043.911034375,True,False
7510,1310.0,758,5945990,0.1,0.08718330230780695,21046.663967792003,True,False
7511,710.0,506,5946496,0.1,0.09262303796809489,21048.584140167004,True,False
7512,2120.0,682,5947178,0.1,0.09475814913783004,21051.103504917002,True,False
7513,1600.0,861,5948039,0.1,0.1018554171590611,21054.287283750004,True,False
7514,430.0,423,5948462,0.1,0.09133186656103101,21055.84336375,True,False
7515,2320.0,1010,5949472,0.1,0.08398084384444439,21059.534068916997,True,False
7516,3050.0,873,5950345,0.1,0.09658819272977497,21062.719666792,True,False
7517,1850.0,1004,5951349,0.1,0.11037447607419286,21066.523307917,True,False
7518,1480.0,850,5952199,0.1,0.10143508511718433,21069.606142958,True,False
7519,2480.0,983,5953182,0.1,0.08502071848654044,21073.225435667002,True,False
7520,620.0,792,5953974,0.1,0.07800885694421301,21076.080338125,True,False
7521,2100.0,1114,5955088,0.1,0.13671642182374832,21080.101714292003,True,False
7522,1490.0,880,5955968,0.1,0.09545808883214539,21083.300396833,True,False
7523,3480.0,1262,5957230,0.1,0.09867041888572867,21088.034801875,True,False
7524,1340.0,1106,5958336,0.1,0.09513286949010963,21091.986029583,True,False
7525,2000.0,962,5959298,0.1,0.10268360518384725,21095.49401825,True,False
7526,1930.0,911,5960209,0.1,0.10477087540927817,21100.009442875,True,False
7527,1580.0,952,5961161,0.1,0.11667982479479133,21103.455573458,True,False
7528,1880.0,1192,5962353,0.1,0.08294103033340618,21108.08814,True,False
7529,600.0,495,5962848,0.1,0.0750449594681061,21109.930780292,True,False
7530,1060.0,923,5963771,0.1,0.09484724087802612,21113.351285792,True,False
7531,1510.0,892,5964663,0.1,0.08147676829499247,21116.848555833,True,False
7532,1960.0,952,5965615,0.1,0.09881366343245286,21120.282016999998,True,False
7533,2950.0,1094,5966709,0.1,0.10351404344431893,21124.333750333004,True,False
7534,2130.0,942,5967651,0.1,0.09361178146556337,21127.784870208,True,False
7535,2350.0,822,5968473,0.1,0.09288145034818106,21130.85275325,True,False
7536,1670.0,860,5969333,0.1,0.0981371704662262,21134.010595292,True,False
7537,2050.0,979,5970312,0.1,0.08150054572948388,21137.582973792,True,False
7538,2600.0,1469,5971781,0.1,0.10194132129385133,21142.886795749997,True,False
7539,1850.0,1221,5973002,0.1,0.08693028300634173,21147.403734667,True,False
7540,1610.0,994,5973996,0.1,0.10385818992288835,21151.026860083002,True,False
7541,1970.0,878,5974874,0.1,0.08098331427193123,21154.212313582997,True,False
7542,2360.0,1235,5976109,0.1,0.09765280497148875,21158.800123916997,True,False
7543,1860.0,1506,5977615,0.1,0.1017532393564173,21164.268294833004,True,False
7544,1060.0,742,5978357,0.1,0.08186999889170771,21166.988338000003,True,False
7545,1400.0,789,5979146,0.1,0.08333079057372161,21170.005035832997,True,False
7546,1620.0,758,5979904,0.1,0.11523552077185166,21173.413710082998,True,False
7547,900.0,687,5980591,0.1,0.10228119056933281,21175.810772792,True,False
7548,1620.0,734,5981325,0.1,0.08494673870787349,21178.792489500003,True,False
7549,1780.0,984,5982309,0.1,0.11878968094195413,21182.502064500004,True,False
7550,2190.0,1135,5983444,0.1,0.09949414633398115,21187.311420542,True,False
7551,1310.0,869,5984313,0.1,0.08764179359074287,21191.630044125,True,False
7552,1480.0,934,5985247,0.1,0.08865774840180454,21196.014472083,True,False
7553,2300.0,959,5986206,0.1,0.10085939980344846,21199.52774225,True,False
7554,1560.0,660,5986866,0.1,0.0997282307764346,21201.9335785,True,False
7555,1700.0,925,5987791,0.1,0.08756848693990604,21205.409058875004,True,False
7556,530.0,551,5988342,0.1,0.12129987610261077,21207.399802,True,False
7557,1520.0,875,5989217,0.1,0.09678469935950895,21210.986044667,True,False
7558,2710.0,1438,5990655,0.1,0.09161533906142692,21216.292378167003,True,False
7559,1060.0,909,5991564,0.1,0.09014529114376688,21220.063970542004,True,False
7560,1900.0,1012,5992576,0.1,0.10106580309098653,21223.725224667003,True,False
7561,1460.0,917,5993493,0.1,0.09894785703887846,21227.230587083002,True,False
7562,2160.0,953,5994446,0.1,0.09723621871353698,21231.484577249998,True,False
7563,1880.0,1003,5995449,0.1,0.10557450862059674,21235.196368333003,True,False
7564,1780.0,943,5996392,0.1,0.08230346160293636,21238.679932042003,True,False
7565,1710.0,715,5997107,0.1,0.09503052302562956,21241.342339374998,True,False
7566,2510.0,874,5997981,0.1,0.09851079316784257,21244.583516792,True,False
7567,2630.0,885,5998866,0.1,0.09662927679161276,21247.879757083,True,False
7568,2610.0,1051,5999917,0.1,0.09324653074853548,21251.835699583004,True,False
7569,1880.0,825,6000742,0.1,0.09697385574464948,21254.962295708,True,False
7570,1580.0,917,6001659,0.1,0.09384318798023995,21258.303192542,True,False
7571,1900.0,1049,6002708,0.1,0.08389273320214943,21262.1077545,True,False
7572,1840.0,928,6003636,0.1,0.10808211289635249,21265.989391167,True,False
7573,1120.0,835,6004471,0.1,0.14127542668631157,21269.089988500004,True,False
7574,2140.0,919,6005390,0.1,0.08843758321650651,21272.499413542,True,False
7575,1780.0,1005,6006395,0.1,0.08679645083681402,21276.15836375,True,False
7576,400.0,469,6006864,0.1,0.10993324584816977,21279.262511333,True,False
7577,2370.0,931,6007795,0.1,0.10450946349361591,21282.614927917,True,False
7578,920.0,724,6008519,0.1,0.1006608600033581,21285.219298375,True,False
7579,2790.0,938,6009457,0.1,0.10516856582240855,21289.135487292,True,False
7580,2900.0,1006,6010463,0.1,0.10604378458602258,21292.943461832998,True,False
7581,2320.0,844,6011307,0.1,0.08496494045684123,21296.039818333003,True,False
7582,1670.0,797,6012104,0.1,0.08834468284621835,21298.963542542,True,False
7583,1680.0,922,6013026,0.1,0.10158461466755556,21302.3445815,True,False
7584,2420.0,923,6013949,0.1,0.0930911675982532,21305.752315125,True,False
7585,1410.0,718,6014667,0.1,0.0925961938743901,21308.368667625,True,False
7586,1890.0,830,6015497,0.1,0.1028754175730193,21311.425262582998,True,False
7587,2550.0,866,6016363,0.1,0.10366868132000996,21314.62911075,True,False
7588,1830.0,984,6017347,0.1,0.09821739328298264,21318.728170625,True,False
7589,2450.0,949,6018296,0.1,0.07848134885362092,21322.078443749997,True,False
7590,2130.0,827,6019123,0.1,0.10900606714568815,21325.180781208,True,False
7591,2240.0,1194,6020317,0.1,0.07910441041590777,21329.583073,True,False
7592,1780.0,761,6021078,0.1,0.10432564365726553,21332.464145542,True,False
7593,1670.0,943,6022021,0.1,0.09030619438074655,21335.889436542,True,False
7594,1830.0,927,6022948,0.1,0.101628231406533,21339.229669082997,True,False
7595,1240.0,661,6023609,0.1,0.10399358681205548,21341.641003417004,True,False
7596,1600.0,762,6024371,0.1,0.06488427283536446,21344.402289833,True,False
7597,2130.0,989,6025360,0.1,0.10480103102482614,21348.034322583,True,False
7598,1850.0,932,6026292,0.1,0.08155929634563401,21351.546358292,True,False
7599,2310.0,996,6027288,0.1,0.10696892100704243,21355.198307708,True,False
7600,1820.0,1009,6028297,0.1,0.09520934825940501,21358.862244625,True,False
7601,1270.0,838,6029135,0.1,0.09193338361083035,21363.27611975,True,False
7602,1910.0,941,6030076,0.1,0.09357810875606108,21366.973856124998,True,False
7603,1360.0,752,6030828,0.1,0.10365134962596634,21369.692066083,True,False
7604,1120.0,936,6031764,0.1,0.09529394686667837,21373.166022457997,True,False
7605,5200.0,986,6032750,0.1,0.09680508582178897,21376.774621958,True,False
7606,1960.0,999,6033749,0.1,0.10860782960057258,21380.450070042003,True,False
7607,1750.0,868,6034617,0.1,0.12056933321951446,21383.661213125,True,False
7608,2370.0,980,6035597,0.1,0.09288695919878628,21387.228958833002,True,False
7609,1830.0,867,6036464,0.1,0.10049052590564374,21390.366869125,True,False
7610,1550.0,959,6037423,0.1,0.07819529427955839,21393.837467667,True,False
7611,2540.0,1021,6038444,0.1,0.08872755906486418,21397.518368125,True,False
7612,1920.0,946,6039390,0.1,0.09545237176372844,21400.969223333,True,False
7613,1540.0,771,6040161,0.1,0.08047266760985777,21404.664684000003,True,False
7614,1670.0,1182,6041343,0.1,0.10311303091377524,21409.081181875,True,False
7615,2360.0,816,6042159,0.1,0.07955436341409736,21412.075525166998,True,False
7616,1730.0,885,6043044,0.1,0.07836699422432093,21415.419780750002,True,False
7617,2100.0,803,6043847,0.1,0.0832097894884646,21418.362737375,True,False
7618,1990.0,865,6044712,0.1,0.09065637213911878,21421.618077166997,True,False
7619,2250.0,911,6045623,0.1,0.10440012326029166,21424.981470583,True,False
7620,2420.0,1176,6046799,0.1,0.10021583996016253,21429.369612791997,True,False
7621,1990.0,1111,6047910,0.1,0.09307869474182455,21433.407851875003,True,False
7622,2050.0,1004,6048914,0.1,0.10192813262328565,21437.067039583002,True,False
7623,3160.0,1115,6050029,0.1,0.08039939577781385,21441.117271249997,True,False
7624,1230.0,716,6050745,0.1,0.08447086217932862,21443.682813333,True,False
7625,2850.0,881,6051626,0.1,0.06898272344842553,21446.870589917,True,False
7626,1360.0,721,6052347,0.1,0.07963229946585165,21450.618397083002,True,False
7627,3120.0,999,6053346,0.1,0.08716102207452059,21454.221808708004,True,False
7628,1370.0,854,6054200,0.1,0.10219191195808838,21457.300816958,True,False
7629,1050.0,592,6054792,0.1,0.08106094384817658,21459.428497250003,True,False
7630,1930.0,961,6055753,0.1,0.08945859354765465,21462.864537833004,True,False
7631,1900.0,951,6056704,0.1,0.11173544135414251,21466.313834292,True,False
7632,2330.0,900,6057604,0.1,0.09761316201753087,21469.971980791997,True,False
7633,2040.0,912,6058516,0.1,0.07065531883486792,21473.261431792,True,False
7634,2440.0,1065,6059581,0.1,0.10676352415037782,21477.202770833,True,False
7635,1800.0,901,6060482,0.1,0.0678911135925187,21480.597847667,True,False
7636,1140.0,770,6061252,0.1,0.0967309630615878,21483.4284865,True,False
7637,2630.0,1431,6062683,0.1,0.08589767900762521,21489.070331042,True,False
7638,1890.0,966,6063649,0.1,0.08210599274674724,21492.629590167002,True,False
7639,1740.0,794,6064443,0.1,0.07842476463716741,21495.522062292002,True,False
7640,1640.0,873,6065316,0.1,0.09749083193741977,21498.720494208,True,False
7641,5390.0,1108,6066424,0.1,0.08286340289920677,21502.759898333003,True,False
7642,2230.0,1145,6067569,0.1,0.08013210669680909,21506.948857875002,True,False
7643,2270.0,858,6068427,0.1,0.0761738126818961,21510.043745125004,True,False
7644,2470.0,895,6069322,0.1,0.08814839951810427,21514.031154667,True,False
7645,2180.0,943,6070265,0.1,0.08420983895312174,21517.508159625002,True,False
7646,1850.0,873,6071138,0.1,0.07000817200852506,21520.806562625003,True,False
7647,2950.0,785,6071923,0.1,0.08480774968558429,21523.718015167004,True,False
7648,1710.0,762,6072685,0.1,0.0810292265987443,21526.607552542002,True,False
7649,910.0,661,6073346,0.1,0.08418818918818777,21529.369687792,True,False
7650,800.0,621,6073967,0.1,0.09998867474496365,21531.586294792003,True,False
7651,2260.0,868,6074835,0.1,0.11715129159030414,21535.986363707998,True,False
7652,3600.0,1170,6076005,0.1,0.08916406496825276,21540.286264000002,True,False
7653,1830.0,999,6077004,0.1,0.08796145305410027,21543.968512083004,True,False
7654,2510.0,941,6077945,0.1,0.09053427779928166,21548.051084208004,True,False
7655,2700.0,990,6078935,0.1,0.05733960129034061,21552.406637125,True,False
7656,3440.0,1145,6080080,0.1,0.0910413679520791,21558.180298583,True,False
7657,3400.0,1134,6081214,0.1,0.08283182257266432,21562.2271675,True,False
7658,1640.0,843,6082057,0.1,0.08026973789301811,21565.347418708,True,False
7659,1900.0,918,6082975,0.1,0.08506692808495599,21568.825180542,True,False
