episode,score,steps,total_steps,exploration,mean_loss,elapsed_seconds,terminated,truncated
1,130.0,385,385,1.0,nan,0.15785320798750035,True,False
2,430.0,702,1087,0.25,0.023104248658372937,0.6601751249982044,True,False
3,800.0,670,1757,0.25,0.02605249097784205,2.463379624998197,True,False
4,500.0,762,2519,0.25,0.029159673213603368,4.515182624993031,True,False
5,620.0,759,3278,0.25,0.03138925576502898,6.571064957999624,True,False
6,280.0,428,3706,0.25,0.03425846778446043,7.734152915989398,True,False
7,510.0,682,4388,0.25,0.02854011641619237,9.5736629999883,True,False
8,290.0,429,4817,0.25,0.032011792589214015,10.746533499986981,True,False
9,310.0,467,5284,0.25,0.03229973220110186,12.026267040986568,True,False
10,930.0,700,5984,0.25,0.030271601385569998,13.915307540999493,True,False
11,460.0,521,6505,0.25,0.03298007963010325,15.325062332995003,True,False
12,220.0,355,6860,0.25,0.032187034705591,16.295497040991904,True,False
13,480.0,618,7478,0.25,0.034629107465024116,17.982243415986886,True,False
14,390.0,502,7980,0.25,0.03191240630131067,19.44575949999853,True,False
15,850.0,618,8598,0.25,0.03815668524891537,21.24337466599536,True,False
16,380.0,475,9073,0.25,0.03669042946935138,22.622610165999504,True,False
17,320.0,422,9495,0.25,0.0400880698846387,23.812587540989625,True,False
18,870.0,716,10211,0.25,0.03882030889719683,25.761375832997146,True,False
19,470.0,607,10818,0.25,0.03974735205472251,27.430708790998324,True,False
20,170.0,307,11125,0.25,0.04124095051416329,28.29930262498965,True,False
21,540.0,637,11762,0.25,0.03860955186694884,30.02657783299219,True,False
22,450.0,563,12325,0.25,0.037612034666768095,31.568108457999188,True,False
23,420.0,569,12894,0.25,0.036872109103108376,33.121638082986465,True,False
24,420.0,490,13384,0.25,0.04131093641035107,34.467812124988995,True,False
25,430.0,436,13820,0.25,0.04166513049137702,35.667353124998044,True,False
26,1150.0,785,14605,0.25,0.04250825523892988,38.464482332987245,True,False
27,430.0,510,15115,0.25,0.04159647856992999,39.86349949998839,True,False
28,880.0,656,15771,0.25,0.04505854690299801,41.665813915999024,True,False
29,350.0,388,16159,0.25,0.0436576456023553,42.78578216599999,True,False
30,870.0,723,16882,0.25,0.04744406545133387,44.77462529100012,True,False
31,370.0,516,17398,0.25,0.04721656861144674,46.198801749997074,True,False
32,1130.0,691,18089,0.25,0.04647899244109847,48.09359845799918,True,False
33,400.0,496,18585,0.25,0.05173905404479874,49.46728945799987,True,False
34,610.0,707,19292,0.25,0.04916034420915369,51.41206329099077,True,False
35,490.0,516,19808,0.25,0.04511334779022565,52.92729649999819,True,False
36,930.0,727,20535,0.25,0.047923326933530075,54.9494099579897,True,False
37,660.0,738,21273,0.25,0.04976833972425477,57.044239165988984,True,False
38,2450.0,844,22117,0.25,0.051323480087539876,59.36734245799016,True,False
39,850.0,596,22713,0.25,0.04956445972678945,61.01063362498826,True,False
40,830.0,501,23214,0.25,0.05089650624617934,62.395581999997376,True,False
41,230.0,356,23570,0.25,0.05181683880392085,63.39175249999971,True,False
42,400.0,486,24056,0.25,0.04744579880422012,64.74977162499272,True,False
43,540.0,504,24560,0.25,0.05291579895475436,66.1444074579922,True,False
44,310.0,376,24936,0.25,0.051882263897185,67.20521516598819,True,False
45,1230.0,825,25761,0.25,0.05583596239499386,69.46838370799378,True,False
46,1040.0,768,26529,0.25,0.056252501354416985,71.58713345798606,True,False
47,520.0,493,27022,0.25,0.058548765037420805,72.96531820799282,True,False
48,1090.0,877,27899,0.25,0.05878025913168782,75.38140654099698,True,False
49,740.0,770,28669,0.25,0.05414882454287666,77.51697579098982,True,False
50,400.0,537,29206,0.25,0.05183866682615298,79.02084345799813,True,False
51,580.0,511,29717,0.25,0.0575634416018147,81.15794987499248,True,False
52,1070.0,1038,30755,0.25,0.060446064667524516,84.02180062499247,True,False
53,900.0,716,31471,0.25,0.05796061153913843,86.02494362498692,True,False
54,480.0,497,31968,0.25,0.05687759172916412,87.41994424999575,True,False
55,520.0,416,32384,0.25,0.05964081177416329,88.58578104099433,True,False
56,530.0,682,33066,0.25,0.06031208366758245,90.47007908299565,True,False
57,590.0,549,33615,0.25,0.0603740394938003,92.00627224998607,True,False
58,460.0,551,34166,0.25,0.05827175333853001,93.55241333298909,True,False
59,210.0,466,34632,0.25,0.06674195773119473,94.86514516599709,True,False
60,550.0,541,35173,0.25,0.060290083051141766,96.37154720799299,True,False
61,1060.0,855,36028,0.25,0.059538741004174556,98.74083812499885,True,False
62,400.0,416,36444,0.25,0.06880789816540737,99.915739707998,True,False
63,790.0,786,37230,0.25,0.0649854311154091,102.0895551249996,True,False
64,1540.0,1129,38359,0.25,0.0685160087243198,105.22076162499434,True,False
65,380.0,465,38824,0.25,0.06211575680277032,106.53400066599716,True,False
66,430.0,486,39310,0.25,0.07115414307629767,107.89580999998725,True,False
67,500.0,548,39858,0.25,0.06899127556541323,109.43432095799653,True,False
68,530.0,512,40370,0.25,0.07505297934403643,110.88149433299259,True,False
69,350.0,403,40773,0.25,0.058563192854497105,112.02864195799339,True,False
70,240.0,415,41188,0.25,0.07690831526325873,113.20870379099506,True,False
71,480.0,527,41715,0.25,0.05967222510318037,114.67912741599139,True,False
72,980.0,763,42478,0.25,0.06884474015711801,116.9320486249926,True,False
73,2340.0,826,43304,0.25,0.06916187044485035,119.251023290999,True,False
74,1100.0,883,44187,0.25,0.06828902091153644,121.73086724999303,True,False
75,730.0,560,44747,0.25,0.07036719093697943,123.31635033299972,True,False
76,510.0,629,45376,0.25,0.06625651624466328,125.67586054099957,True,False
77,1110.0,595,45971,0.25,0.0696942066597576,127.33898954099277,True,False
78,1250.0,727,46698,0.25,0.06658943452882571,129.38384220798616,True,False
79,610.0,535,47233,0.25,0.061611350111440935,130.8840957499924,True,False
80,420.0,434,47667,0.25,0.05782610080549838,132.1247247499996,True,False
81,710.0,720,48387,0.25,0.06769862378843956,134.15517337499477,True,False
82,740.0,927,49314,0.25,0.07033255886174096,136.76697554098791,True,False
83,350.0,436,49750,0.25,0.07647182378029331,138.00986345799174,True,False
84,960.0,955,50705,0.25,0.07247622239804792,140.6947210829967,True,False
85,440.0,540,51245,0.25,0.07182360767490334,142.21810499999265,True,False
86,340.0,423,51668,0.25,0.06948739397427384,143.43047491599282,True,False
87,310.0,366,52034,0.25,0.07381160478465833,144.47907249999116,True,False
88,500.0,651,52685,0.25,0.060020446074566594,146.31812341600016,True,False
89,1510.0,679,53364,0.25,0.061638274016406605,148.234372040999,True,False
90,320.0,403,53767,0.25,0.05950412297621369,149.3804196659912,True,False
91,290.0,478,54245,0.25,0.0667578194833671,150.73850195799605,True,False
92,700.0,661,54906,0.25,0.06720555200043953,152.6025069999887,True,False
93,380.0,408,55314,0.25,0.07231575097231303,153.7688472079899,True,False
94,450.0,515,55829,0.25,0.06215470620654812,155.2319401249988,True,False
95,300.0,430,56259,0.25,0.07522163932673007,156.4522949999955,True,False
96,510.0,591,56850,0.25,0.06956662406289094,158.13729408298968,True,False
97,840.0,745,57595,0.25,0.074909214839159,160.24363987499964,True,False
98,470.0,458,58053,0.25,0.06726434252670278,161.5621032909985,True,False
99,300.0,349,58402,0.25,0.07461999121239815,162.5649539159931,True,False
100,480.0,583,58985,0.25,0.08585199468118483,164.21265229099663,True,False
101,550.0,621,59606,0.25,0.07884922037802396,166.90835754098953,True,False
102,420.0,469,60075,0.25,0.07549210724572086,168.24360866598727,True,False
103,650.0,712,60787,0.25,0.06949184029729347,170.2568707499886,True,False
104,330.0,374,61161,0.25,0.07698433384537062,171.33431991598627,True,False
105,460.0,520,61681,0.25,0.06680863353495414,172.81830695799727,True,False
106,700.0,655,62336,0.25,0.060755756320204676,174.66459999998915,True,False
107,560.0,651,62987,0.25,0.08485386773575972,176.49449891599943,True,False
108,1000.0,756,63743,0.25,0.08332191593698644,178.66817504099163,True,False
109,490.0,473,64216,0.25,0.07807732899399365,180.14828608300013,True,False
110,530.0,524,64740,0.25,0.0862000894853632,181.72718341599102,True,False
111,1270.0,985,65725,0.25,0.0761848524500563,184.6298878749949,True,False
112,470.0,468,66193,0.25,0.07096298479944722,186.03269766599988,True,False
113,710.0,611,66804,0.25,0.08406837274825651,187.80700375000015,True,False
114,430.0,457,67261,0.25,0.08146964065861284,189.11443154099106,True,False
115,870.0,792,68053,0.25,0.08320494074694286,191.36002649999864,True,False
116,1620.0,799,68852,0.25,0.08031533521600068,193.6210793749924,True,False
117,2400.0,955,69807,0.25,0.07608924765421562,196.3038210409868,True,False
118,790.0,791,70598,0.25,0.07665442837628,198.55496749999293,True,False
119,670.0,665,71263,0.25,0.0771257313170347,200.4431759579893,True,False
120,470.0,460,71723,0.25,0.07613240088457647,201.75535908299207,True,False
121,700.0,616,72339,0.25,0.08906206260011955,203.50740920798853,True,False
122,290.0,415,72754,0.25,0.08355229733010325,204.6984967909957,True,False
123,1220.0,754,73508,0.25,0.08419278108332523,206.83880754098936,True,False
124,1480.0,1088,74596,0.25,0.08707370236858397,209.90864795800007,True,False
125,570.0,697,75293,0.25,0.08592305164355998,211.894671749993,True,False
126,360.0,421,75714,0.25,0.10044286412497362,213.7475259579951,True,False
127,610.0,645,76359,0.25,0.10061167210618162,215.5784674579918,True,False
128,740.0,545,76904,0.25,0.09284693630833696,217.14207933298894,True,False
129,2150.0,1040,77944,0.25,0.09107062256393525,220.07651854099822,True,False
130,1470.0,797,78741,0.25,0.08389193745769898,222.3301146249869,True,False
131,400.0,568,79309,0.25,0.09109842367994954,223.98034583299886,True,False
132,1620.0,894,80203,0.25,0.09183620704930993,226.50254274999315,True,False
133,770.0,814,81017,0.25,0.09332900803408348,228.80362237499503,True,False
134,770.0,687,81704,0.25,0.09568475917804727,230.7412059999915,True,False
135,970.0,601,82305,0.25,0.08117248987158139,232.45968316598737,True,False
136,230.0,378,82683,0.25,0.11841478785301776,233.55159983299382,True,False
137,1050.0,790,83473,0.25,0.08916818281880232,235.79473724999116,True,False
138,400.0,512,83985,0.25,0.09349935517820995,237.260763415994,True,False
139,520.0,620,84605,0.25,0.08662041471369805,239.02831208299904,True,False
140,300.0,316,84921,0.25,0.09233461808460423,239.99405562499305,True,False
141,1280.0,983,85904,0.25,0.0992182125526715,242.85406716598663,True,False
142,1310.0,890,86794,0.25,0.08669114762682233,245.5232116249972,True,False
143,1210.0,850,87644,0.25,0.08915082903954905,247.98948633299733,True,False
144,450.0,719,88363,0.25,0.10063715886803312,250.0714131249988,True,False
145,350.0,458,88821,0.25,0.07469675987149062,251.4032514159917,True,False
146,1130.0,947,89768,0.25,0.09790086211589506,254.0828734999959,True,False
147,840.0,633,90401,0.25,0.09804359832896462,255.89665779098868,True,False
148,1310.0,633,91034,0.25,0.10339648320775809,257.68863362498814,True,False
149,360.0,407,91441,0.25,0.08225510126965888,258.88066174999403,True,False
150,510.0,645,92086,0.25,0.07297376841190995,260.69108358299127,True,False
151,360.0,508,92594,0.25,0.09357840260564107,262.81892312499986,True,False
152,530.0,625,93219,0.25,0.08922623714002278,264.5903137909918,True,False
153,450.0,543,93762,0.25,0.09048779581344742,266.14058270798705,True,False
154,920.0,750,94512,0.25,0.09647812112729917,268.262368124997,True,False
155,290.0,422,94934,0.25,0.0797432848562797,269.47417183298967,True,False
156,460.0,484,95418,0.25,0.10037135475984782,270.8519716659939,True,False
157,460.0,497,95915,0.25,0.08282069858884619,272.2624410829885,True,False
158,1010.0,684,96599,0.25,0.07840442062186742,274.20731941598933,True,False
159,450.0,547,97146,0.25,0.09146401403050353,275.9683603329904,True,False
160,320.0,429,97575,0.25,0.10058175128336265,277.45398279099027,True,False
161,1140.0,853,98428,0.25,0.08614880385782535,280.2922184999916,True,False
162,260.0,513,98941,0.25,0.09791612802655436,281.84510841598967,True,False
163,430.0,489,99430,0.25,0.10696183249629179,283.30198687499797,True,False
164,1050.0,657,100087,0.25,0.10083754675849001,285.19977516599465,True,False
165,800.0,606,100693,0.25,0.09037413070664595,286.9675114999991,True,False
166,370.0,502,101195,0.25,0.0846513724476099,288.4258425829903,True,False
167,520.0,518,101713,0.25,0.0895898156799376,289.97761929099215,True,False
168,420.0,411,102124,0.25,0.08768296355689034,291.187507249997,True,False
169,690.0,601,102725,0.25,0.08988110670198997,292.9344457499974,True,False
170,330.0,373,103098,0.25,0.08340018354756858,294.02291833299387,True,False
171,1130.0,665,103763,0.25,0.09192870833338743,295.9307448329928,True,False
172,370.0,385,104148,0.25,0.0915307060997818,297.0363965409924,True,False
173,380.0,393,104541,0.25,0.10198768439265538,298.17369149999286,True,False
174,310.0,375,104916,0.25,0.08389510433288648,299.2591575409897,True,False
175,490.0,449,105365,0.25,0.09070552725045543,300.5433228749898,True,False
176,390.0,398,105763,0.25,0.10617865065131525,302.51269362498715,True,False
177,390.0,489,106252,0.25,0.09570736806021958,303.928180582996,True,False
178,880.0,576,106828,0.25,0.0849779756131789,305.5795874579926,True,False
179,340.0,509,107337,0.25,0.11882085567266923,307.0382750409917,True,False
180,510.0,556,107893,0.25,0.10644200066332336,308.65701266599353,True,False
181,420.0,504,108397,0.25,0.1160278944594283,310.10190583299845,True,False
182,350.0,440,108837,0.25,0.11975734344768253,311.3657001249958,True,False
183,1610.0,863,109700,0.25,0.12152499482639272,313.80369658299605,True,False
184,990.0,680,110380,0.25,0.10903771614984555,315.74975674999587,True,False
185,410.0,488,110868,0.25,0.11400941057039089,317.19042012499995,True,False
186,330.0,442,111310,0.25,0.10951830722730269,318.4567095829989,True,False
187,1200.0,791,112101,0.25,0.09646825105742071,320.6970841250004,True,False
188,390.0,522,112623,0.25,0.10330947398996124,322.1850038749981,True,False
189,680.0,525,113148,0.25,0.08997647738733301,323.69028049999906,True,False
190,800.0,823,113971,0.25,0.10787107621932902,326.0253124999872,True,False
191,670.0,654,114625,0.25,0.09567924628670259,327.88569437499973,True,False
192,560.0,605,115230,0.25,0.10397232759941295,329.61142799998925,True,False
193,1840.0,1038,116268,0.25,0.09846783919761387,332.5435621659999,True,False
194,500.0,510,116778,0.25,0.10999708196632271,334.0106234999985,True,False
195,640.0,529,117307,0.25,0.07891123372158318,335.5415150409972,True,False
196,270.0,387,117694,0.25,0.09709126577165324,336.6807800409879,True,False
197,300.0,414,118108,0.25,0.10499296018567222,337.8799167499965,True,False
198,410.0,548,118656,0.25,0.11035867004118262,339.44921670798794,True,False
199,890.0,825,119481,0.25,0.10449277724419694,341.77400116599165,True,False
200,680.0,654,120135,0.25,0.08895202514149843,343.6492212079902,True,False
201,370.0,503,120638,0.25,0.1213517701105466,346.01399812499585,True,False
202,570.0,598,121236,0.25,0.12165805070971449,347.83280666598876,True,False
203,430.0,466,121702,0.25,0.1079441168634542,349.4145027909981,True,False
204,780.0,821,122523,0.25,0.11094255980740234,351.7818486249889,True,False
205,1910.0,966,123489,0.25,0.09963686176583417,354.5473323749902,True,False
206,580.0,474,123963,0.25,0.10370116811877085,355.9341473749955,True,False
207,980.0,680,124643,0.25,0.1007552684229963,357.9109151659941,True,False
208,410.0,399,125042,0.25,0.09863342594355345,359.29488733298786,True,False
209,650.0,519,125561,0.25,0.11697123252715055,360.91441358299926,True,False
210,1040.0,673,126234,0.25,0.10117244269765381,362.8543860409991,True,False
211,420.0,492,126726,0.25,0.10655494600655586,364.2814198749984,True,False
212,440.0,491,127217,0.25,0.1101151606961479,365.71504145799554,True,False
213,1210.0,880,128097,0.25,0.10432672485793856,368.3306234999909,True,False
214,590.0,680,128777,0.25,0.11139090742696733,370.3112892909994,True,False
215,730.0,589,129366,0.25,0.09920289470706464,372.13951187499333,True,False
216,260.0,328,129694,0.25,0.09588788279400366,373.12139220799145,True,False
217,860.0,617,130311,0.25,0.09162993437622662,374.9693661659985,True,False
218,630.0,582,130893,0.25,0.10183895110114388,376.6989664159919,True,False
219,660.0,652,131545,0.25,0.11038071847309364,378.636418582988,True,False
220,860.0,701,132246,0.25,0.11049319138484341,380.7585922500002,True,False
221,1370.0,702,132948,0.25,0.11373638215644116,382.81009908299893,True,False
222,610.0,513,133461,0.25,0.08222134233801626,384.3265734999877,True,False
223,930.0,694,134155,0.25,0.09509768382231625,386.3834993329947,True,False
224,510.0,468,134623,0.25,0.10889801650475232,387.7760448749905,True,False
225,330.0,478,135101,0.25,0.09170943813708922,389.2112757499999,True,False
226,730.0,643,135744,0.25,0.1102529075112402,392.0222872079903,True,False
227,430.0,476,136220,0.25,0.10363949160678547,393.43625787498604,True,False
228,1120.0,753,136973,0.25,0.1074193573477579,395.6551237079984,True,False
229,960.0,696,137669,0.25,0.11640514642663899,397.6991360409884,True,False
230,850.0,664,138333,0.25,0.11408816885023591,399.6592658749869,True,False
231,380.0,577,138910,0.25,0.10056112760341623,401.3575098329893,True,False
232,590.0,659,139569,0.25,0.10262332023544744,403.3203804579971,True,False
233,610.0,641,140210,0.25,0.10253207414643839,405.24188508299994,True,False
234,370.0,412,140622,0.25,0.1447938504330452,406.4596812499949,True,False
235,630.0,517,141139,0.25,0.10734933424134586,407.9757969159982,True,False
236,1030.0,655,141794,0.25,0.10295236327049391,409.9138439579983,True,False
237,410.0,457,142251,0.25,0.12202817708123148,411.2738220829924,True,False
238,670.0,557,142808,0.25,0.12869383771238582,412.9311491249973,True,False
239,440.0,397,143205,0.25,0.11460992799262808,414.16238804098975,True,False
240,1240.0,827,144032,0.25,0.12250487787136133,416.7591032079945,True,False
241,500.0,624,144656,0.25,0.13272500109787172,418.5682301659981,True,False
242,850.0,654,145310,0.25,0.14793289616201188,420.55532720799965,True,False
243,490.0,498,145808,0.25,0.104946682728827,422.0673484579893,True,False
244,970.0,720,146528,0.25,0.11120809503417048,424.2088234999974,True,False
245,1160.0,713,147241,0.25,0.12066111289843749,426.3206607079919,True,False
246,230.0,337,147578,0.25,0.1304777854543534,427.3382217909966,True,False
247,430.0,451,148029,0.25,0.11147287473148476,428.7113234999997,True,False
248,950.0,776,148805,0.25,0.1156012570754308,432.32373745799123,True,False
249,330.0,406,149211,0.25,0.11792009063802733,433.9482220829959,True,False
250,860.0,829,150040,0.25,0.12156156899156766,437.1047971659864,True,False
251,190.0,322,150362,0.25,0.1018516985932365,439.81994570799,True,False
252,1080.0,850,151212,0.25,0.13009108097550454,442.25207470799796,True,False
253,890.0,655,151867,0.25,0.1366793904796334,444.13108295798884,True,False
254,550.0,592,152459,0.25,0.13820197599361073,445.8841958749981,True,False
255,1130.0,1076,153535,0.25,0.1180868377964459,449.00541520799743,True,False
256,400.0,403,153938,0.25,0.12200910264238862,450.20093491599255,True,False
257,910.0,957,154895,0.25,0.11656555164776836,453.0149152909871,True,False
258,1120.0,893,155788,0.25,0.1087154197406822,455.5986808329908,True,False
259,830.0,694,156482,0.25,0.11794552752328229,457.6156552909961,True,False
260,690.0,737,157219,0.25,0.12110974854263275,459.7758474999864,True,False
261,560.0,576,157795,0.25,0.11152471563157935,461.483730707987,True,False
262,890.0,791,158586,0.25,0.13105214508532576,463.8141052909923,True,False
263,830.0,752,159338,0.25,0.11178027952406952,466.04865899999277,True,False
264,410.0,470,159808,0.25,0.11906078969270496,467.45027479098644,True,False
265,330.0,429,160237,0.25,0.1266947778585915,468.7155515829945,True,False
266,650.0,578,160815,0.25,0.12374977389764455,470.4244639999961,True,False
267,390.0,528,161343,0.25,0.11138884398634687,471.98268308299885,True,False
268,490.0,526,161869,0.25,0.14602763702472052,473.53457524999976,True,False
269,2240.0,771,162640,0.25,0.10833719606303797,475.78967720799847,True,False
270,710.0,598,163238,0.25,0.13097278853790872,477.58974191598827,True,False
271,330.0,549,163787,0.25,0.11680320896425822,479.2038443749916,True,False
272,900.0,618,164405,0.25,0.10552100245991061,481.0046829999919,True,False
273,1160.0,825,165230,0.25,0.1194663312720153,483.4013160409959,True,False
274,1210.0,900,166130,0.25,0.12454362978537878,486.1085467499943,True,False
275,640.0,623,166753,0.25,0.1286460754688447,488.2880156659958,True,False
276,780.0,584,167337,0.25,0.12725371915898095,491.5123480829934,True,False
277,2200.0,796,168133,0.25,0.10630813143660675,494.8390379159973,True,False
278,300.0,422,168555,0.25,0.09124644857254766,496.18378741599736,True,False
279,300.0,449,169004,0.25,0.11593281695273071,497.5180488749902,True,False
280,310.0,405,169409,0.25,0.11109065194383706,498.70629749998625,True,False
281,800.0,660,170069,0.25,0.12301274553844423,500.67745604099764,True,False
282,420.0,499,170568,0.25,0.11323407815396785,502.17890854099824,True,False
283,1440.0,670,171238,0.25,0.10796975588682525,504.127295082988,True,False
284,960.0,737,171975,0.25,0.12240341214625083,506.2653294999909,True,False
285,550.0,505,172480,0.25,0.11167859011806372,507.76493820799806,True,False
286,390.0,540,173020,0.25,0.10942696701321337,509.3466590829921,True,False
287,530.0,568,173588,0.25,0.12228839550639542,511.01893199999176,True,False
288,660.0,558,174146,0.25,0.12952981626601529,512.6610707499931,True,False
289,430.0,514,174660,0.25,0.11525361882450506,514.2075653329957,True,False
290,460.0,517,175177,0.25,0.09993501280456088,515.7276937909919,True,False
291,660.0,637,175814,0.25,0.11434593796730042,517.5776251249918,True,False
292,530.0,663,176477,0.25,0.10804832128650811,519.5282469159865,True,False
293,1170.0,595,177072,0.25,0.09880621076230235,521.2896848749951,True,False
294,2550.0,951,178023,0.25,0.1152634180705004,524.0442875829904,True,False
295,330.0,454,178477,0.25,0.1301059941189331,525.4196740829939,True,False
296,890.0,668,179145,0.25,0.11361452599173177,527.4168968749873,True,False
297,620.0,529,179674,0.25,0.12672588960126493,528.9609808749956,True,False
298,1600.0,798,180472,0.25,0.13366358005441725,531.3093952079944,True,False
299,1180.0,777,181249,0.25,0.11507481508456248,533.5970205829944,True,False
300,920.0,959,182208,0.25,0.11589226883370429,536.4123045409942,True,False
301,500.0,577,182785,0.25,0.12294758531627142,538.906532457986,True,False
302,540.0,646,183431,0.25,0.11386334637515479,541.0463209999871,True,False
303,1320.0,686,184117,0.25,0.12699648239758127,543.1744033329887,True,False
304,640.0,642,184759,0.25,0.13756837099790573,545.047060375,True,False
305,1650.0,1152,185911,0.25,0.12576048576091933,548.4324427079991,True,False
306,720.0,757,186668,0.25,0.10534039186803919,550.7178203749936,True,False
307,1290.0,758,187426,0.25,0.11042395137033607,553.8805692909955,True,False
308,620.0,532,187958,0.25,0.11062553718237948,555.8142242909962,True,False
309,1570.0,827,188785,0.25,0.11526172512305388,558.2326565829862,True,False
310,540.0,604,189389,0.25,0.11935924700405819,560.0100611249945,True,False
311,600.0,527,189916,0.25,0.11014704643325372,561.6581396659894,True,False
312,890.0,627,190543,0.25,0.11249211539203922,563.5308249999944,True,False
313,920.0,735,191278,0.25,0.12520541314481068,565.7074217079935,True,False
314,580.0,574,191852,0.25,0.11690262976076661,567.4157729579892,True,False
315,430.0,490,192342,0.25,0.12059053656507711,568.8827814159886,True,False
316,800.0,622,192964,0.25,0.10421288983585934,570.7048049579898,True,False
317,550.0,590,193554,0.25,0.11203746336708668,572.4144659579906,True,False
318,900.0,860,194414,0.25,0.10627370517441007,574.9906957079947,True,False
319,1030.0,713,195127,0.25,0.11284063378704733,577.073189207993,True,False
320,740.0,692,195819,0.25,0.1259703270746449,579.087252332989,True,False
321,1520.0,907,196726,0.25,0.11111134807230487,581.9379552079918,True,False
322,790.0,745,197471,0.25,0.12002798963478335,584.0916328749881,True,False
323,770.0,681,198152,0.25,0.10527776554226875,586.1287089580001,True,False
324,310.0,425,198577,0.25,0.09166367246576075,587.4420381249947,True,False
325,770.0,724,199301,0.25,0.09277656028633782,589.559491707987,True,False
326,860.0,659,199960,0.25,0.09895348656132366,592.3298561249976,True,False
327,520.0,457,200417,0.25,0.10269832720555234,593.8552941659873,True,False
328,480.0,531,200948,0.25,0.12615755001517168,595.4349315,True,False
329,1160.0,839,201787,0.25,0.12867299958386205,597.8434970409871,True,False
330,450.0,374,202161,0.25,0.09689021907112699,599.0145398329914,True,False
331,310.0,520,202681,0.25,0.10837686252422057,600.5832162079896,True,False
332,330.0,381,203062,0.25,0.1336106731703407,601.7059934579884,True,False
333,1150.0,606,203668,0.25,0.1155234673918274,603.4822988749947,True,False
334,1610.0,834,204502,0.25,0.12435182967545608,605.9417193749978,True,False
335,790.0,801,205303,0.25,0.1250409554131329,608.2962631659902,True,False
336,580.0,758,206061,0.25,0.11371706120277705,610.5439070829889,True,False
337,420.0,410,206471,0.25,0.1448100678001841,611.8075343329983,True,False
338,1030.0,751,207222,0.25,0.12142657188876987,614.0189122499869,True,False
339,770.0,700,207922,0.25,0.11142335625631469,616.0747738749924,True,False
340,740.0,805,208727,0.25,0.1269003374140654,618.4584721659921,True,False
341,360.0,389,209116,0.25,0.12392337110881903,619.6228232909925,True,False
342,1480.0,744,209860,0.25,0.1332968373792947,621.8042359159881,True,False
343,290.0,413,210273,0.25,0.13559429805038622,623.0589411249966,True,False
344,360.0,435,210708,0.25,0.1373003938602745,624.3884406249999,True,False
345,540.0,476,211184,0.25,0.1303425438842979,625.792811583,True,False
346,1300.0,550,211734,0.25,0.130286759928032,627.4025621659966,True,False
347,850.0,784,212518,0.25,0.11851309390966686,629.8378478749946,True,False
348,530.0,612,213130,0.25,0.13197286125102076,631.6579221249995,True,False
349,1650.0,1147,214277,0.25,0.1385678612474573,635.0036527079938,True,False
350,780.0,729,215006,0.25,0.11093915216010677,637.1824132499896,True,False
351,1620.0,795,215801,0.25,0.12670355128246036,640.299077165997,True,False
352,700.0,695,216496,0.25,0.13070878289083296,642.3442645829928,True,False
353,920.0,571,217067,0.25,0.1364058892334431,644.0452174579987,True,False
354,1630.0,920,217987,0.25,0.1146010413441969,646.7335002499894,True,False
355,1020.0,850,218837,0.25,0.13971339313951736,649.2947248749988,True,False
356,650.0,692,219529,0.25,0.1250391025742182,651.3184862499911,True,False
357,420.0,449,219978,0.25,0.1416446841987116,652.6489250409941,True,False
358,700.0,572,220550,0.25,0.10982001070063431,654.3464539159904,True,False
359,1060.0,727,221277,0.25,0.1132000998010511,656.493299290989,True,False
360,730.0,720,221997,0.25,0.1255330539101528,658.5982957499946,True,False
361,990.0,724,222721,0.25,0.12174079527574184,660.7911699159886,True,False
362,2750.0,948,223669,0.25,0.14022503472581693,663.5567375409883,True,False
363,720.0,508,224177,0.25,0.11193186227290884,665.067847082988,True,False
364,1000.0,675,224852,0.25,0.12983337802999823,667.0773378329905,True,False
365,810.0,735,225587,0.25,0.10146445526532788,669.2654359579901,True,False
366,210.0,382,225969,0.25,0.12949481089405404,670.6396845409909,True,False
367,370.0,529,226498,0.25,0.1384649877718678,672.4780409999948,True,False
368,410.0,575,227073,0.25,0.10727345460974094,674.3934004999901,True,False
369,940.0,838,227911,0.25,0.11829877515550721,676.8539512079878,True,False
370,1210.0,688,228599,0.25,0.11221298514757046,678.8603936250001,True,False
371,340.0,484,229083,0.25,0.15377049608356205,680.3052678749955,True,False
372,430.0,542,229625,0.25,0.12170190140194095,681.9240717079956,True,False
373,410.0,494,230119,0.25,0.12763777662946926,683.3799532909907,True,False
374,590.0,557,230676,0.25,0.12062972411513329,685.0843524159864,True,False
375,350.0,384,231060,0.25,0.1391704258179137,686.2296414579905,True,False
376,850.0,781,231841,0.25,0.15072306500604518,689.2993092079996,True,False
377,520.0,505,232346,0.25,0.12079191101448876,690.8013812499994,True,False
378,340.0,356,232702,0.25,0.10619388916268108,691.9873488749872,True,False
379,1220.0,936,233638,0.25,0.11921930883047926,694.7304143749934,True,False
380,320.0,399,234037,0.25,0.14875397665426135,695.9358305829955,True,False
381,220.0,364,234401,0.25,0.12257436078533039,697.066309707996,True,False
382,540.0,562,234963,0.25,0.13578322851764305,698.7220287909877,True,False
383,370.0,358,235321,0.25,0.0844944163536032,699.8343189999869,True,False
384,640.0,647,235968,0.25,0.1382905135828036,702.0172078749893,True,False
385,1910.0,979,236947,0.25,0.14803866797783335,704.854682249992,True,False
386,430.0,458,237405,0.25,0.15818273859179538,706.2353958329913,True,False
387,360.0,502,237907,0.25,0.155371297955513,708.003542874998,True,False
388,360.0,421,238328,0.25,0.12148055321765396,709.2985032909928,True,False
389,440.0,469,238797,0.25,0.14332782255851814,710.6612469159882,True,False
390,490.0,499,239296,0.25,0.12666996379196643,712.1223060829943,True,False
391,380.0,387,239683,0.25,0.09882733260747045,713.2757051249937,True,False
392,450.0,481,240164,0.25,0.14831035887468452,714.7324895829952,True,False
393,680.0,726,240890,0.25,0.15926230889204787,716.974282582989,True,False
394,860.0,662,241552,0.25,0.1338142538892038,718.9586742909887,True,False
395,1510.0,858,242410,0.25,0.1351134253439502,721.9675074999977,True,False
396,580.0,474,242884,0.25,0.12404642348029032,723.3684117079974,True,False
397,710.0,489,243373,0.25,0.14433722201063007,724.7930104579864,True,False
398,560.0,664,244037,0.25,0.15360286136169032,726.825400457994,True,False
399,540.0,625,244662,0.25,0.12054045140170135,729.7082058329979,True,False
400,230.0,388,245050,0.25,0.13469319788681478,731.3392408749933,True,False
401,940.0,770,245820,0.25,0.16178488374296865,735.496588790993,True,False
402,360.0,496,246316,0.25,0.1218750370185702,737.1241239579977,True,False
403,280.0,321,246637,0.25,0.17183577278628945,738.0860399159865,True,False
404,2420.0,882,247519,0.25,0.13391027762131258,740.6518531249894,True,False
405,1500.0,886,248405,0.25,0.13638834500903482,743.3168401250005,True,False
406,1570.0,1070,249475,0.25,0.14614196944884147,746.5014864579862,True,False
407,970.0,957,250432,0.25,0.14729239161048704,749.3313174579962,True,False
408,350.0,392,250824,0.25,0.14475037130926335,750.5136824999936,True,False
409,910.0,702,251526,0.25,0.13782431224627154,752.5978471249982,True,False
410,520.0,497,252023,0.25,0.1453208506047245,754.0808576249983,True,False
411,550.0,576,252599,0.25,0.11053762727210091,755.8512525409897,True,False
412,510.0,561,253160,0.25,0.11512767088909943,757.5723378330003,True,False
413,730.0,926,254086,0.25,0.1423233448572102,760.3074431249988,True,False
414,1500.0,776,254862,0.25,0.13911315942778416,762.5679852909961,True,False
415,930.0,771,255633,0.25,0.1388226786406392,764.8559151249938,True,False
416,470.0,451,256084,0.25,0.13216598994568385,766.1885807079962,True,False
417,560.0,450,256534,0.25,0.12498884461820126,767.5201947499881,True,False
418,830.0,698,257232,0.25,0.13039490429418427,769.6000477499911,True,False
419,380.0,377,257609,0.25,0.13338920442347832,770.7616853749932,True,False
420,1210.0,932,258541,0.25,0.13692468281659445,773.4809273329884,True,False
421,400.0,489,259030,0.25,0.13405165508328404,774.9336777909921,True,False
422,790.0,612,259642,0.25,0.13372192001031116,776.7569296659931,True,False
423,490.0,470,260112,0.25,0.10074101603132184,778.178487415993,True,False
424,290.0,365,260477,0.25,0.1363615461594456,779.2613937909919,True,False
425,930.0,659,261136,0.25,0.15643518031433676,781.2200212909956,True,False
426,840.0,683,261819,0.25,0.11833342665477711,783.8756693329924,True,False
427,1070.0,756,262575,0.25,0.13999409832691073,786.1142412079935,True,False
428,430.0,534,263109,0.25,0.12390988631479775,787.7141403329879,True,False
429,560.0,529,263638,0.25,0.1323929251538533,789.2912402079965,True,False
430,340.0,428,264066,0.25,0.13580419344253072,790.5585187909892,True,False
431,240.0,387,264453,0.25,0.13566635159257145,791.7314302909945,True,False
432,220.0,326,264779,0.25,0.12090828743429831,792.8866329159937,True,False
433,1050.0,966,265745,0.25,0.1351180212833911,796.1447553749895,True,False
434,500.0,572,266317,0.25,0.1492820774055236,797.9894923329994,True,False
435,540.0,440,266757,0.25,0.16208248651501808,799.4953065829905,True,False
436,420.0,510,267267,0.25,0.15604122371713477,801.2279453329975,True,False
437,470.0,603,267870,0.25,0.15537401582330268,803.2516688749893,True,False
438,870.0,762,268632,0.25,0.1318135433854701,805.4827168329939,True,False
439,1230.0,685,269317,0.25,0.1462044251745033,807.5049806249881,True,False
440,770.0,883,270200,0.25,0.13696147012629661,810.1282691249944,True,False
441,580.0,514,270714,0.25,0.16683296403789427,811.6634904159873,True,False
442,380.0,443,271157,0.25,0.12885250713307042,813.0852219579974,True,False
443,440.0,475,271632,0.25,0.1593704616588329,814.6490545829874,True,False
444,420.0,592,272224,0.25,0.13405653664439515,816.4122729579976,True,False
445,670.0,663,272887,0.25,0.11764831099320541,818.4456591249909,True,False
446,500.0,464,273351,0.25,0.1585932499729097,820.0010885409865,True,False
447,380.0,473,273824,0.25,0.16007498753484056,821.4013148329977,True,False
448,360.0,418,274242,0.25,0.16114732295346373,822.6370034159918,True,False
449,1060.0,826,275068,0.25,0.13838639839187913,825.3564038329932,True,False
450,890.0,694,275762,0.25,0.15997096349221435,827.5759578329889,True,False
451,800.0,670,276432,0.25,0.13657486006351455,830.7560969999904,True,False
452,370.0,396,276828,0.25,0.17131779625108748,832.0298108749994,True,False
453,600.0,528,277356,0.25,0.1465562583427086,834.7393277079973,True,False
454,470.0,583,277939,0.25,0.14178942612789827,837.0549309159978,True,False
455,1080.0,904,278843,0.25,0.1421777731368104,840.2357861249911,True,False
456,480.0,550,279393,0.25,0.1591140070349734,841.9130343750003,True,False
457,230.0,336,279729,0.25,0.1650712467463953,842.9076199579868,True,False
458,380.0,517,280246,0.25,0.14630113455445268,844.6073659999965,True,False
459,1260.0,778,281024,0.25,0.10484107200724957,846.9333381659962,True,False
460,360.0,377,281401,0.25,0.15978948482649125,848.0616902499896,True,False
461,850.0,714,282115,0.25,0.11354300021874102,850.1916585409926,True,False
462,680.0,562,282677,0.25,0.1532622884351311,851.8933427909942,True,False
463,470.0,450,283127,0.25,0.11244259420449712,853.2442414999969,True,False
464,530.0,422,283549,0.25,0.15987367362205712,854.5230796659889,True,False
465,1050.0,597,284146,0.25,0.14249916423437178,856.4696139579901,True,False
466,330.0,371,284517,0.25,0.1341960801472587,857.6139402909903,True,False
467,930.0,693,285210,0.25,0.15324846266989592,859.6897852909897,True,False
468,930.0,781,285991,0.25,0.13583385720849037,862.2954237909871,True,False
469,360.0,418,286409,0.25,0.14047310167834873,863.6140640409867,True,False
470,630.0,772,287181,0.25,0.151046732546752,865.8798442909901,True,False
471,470.0,474,287655,0.25,0.15537618795188807,867.2793150409998,True,False
472,620.0,596,288251,0.25,0.1381770457022342,869.0764216249954,True,False
473,1010.0,703,288954,0.25,0.13927119909997351,871.1721675409935,True,False
474,490.0,522,289476,0.25,0.1454213244826284,872.7270126660005,True,False
475,1280.0,1035,290511,0.25,0.1455371689354611,875.8120584159915,True,False
476,1320.0,768,291279,0.25,0.1471220108990868,879.0021644579974,True,False
477,780.0,816,292095,0.25,0.12242280078284881,881.4593951659917,True,False
478,1740.0,974,293069,0.25,0.14724334175164094,884.48094429099,True,False
479,600.0,523,293592,0.25,0.12822624884602676,886.003978290988,True,False
480,1930.0,795,294387,0.25,0.13382685730102087,888.3921309579891,True,False
481,560.0,526,294913,0.25,0.1538419516079805,889.9789894159912,True,False
482,570.0,674,295587,0.25,0.14096965404626513,891.9439558329905,True,False
483,610.0,731,296318,0.25,0.1377579019776459,894.1101484579995,True,False
484,470.0,538,296856,0.25,0.11836039172830405,895.7289194159966,True,False
485,780.0,797,297653,0.25,0.1434241734426375,898.0644079579943,True,False
486,400.0,421,298074,0.25,0.16549908442511446,899.3367214159953,True,False
487,490.0,543,298617,0.25,0.13853111149578848,900.9641529999935,True,False
488,2080.0,619,299236,0.25,0.13845241371422046,902.8094057909911,True,False
489,590.0,653,299889,0.25,0.16124600247462834,904.7493722910003,True,False
490,470.0,502,300391,0.25,0.14373519557714462,906.2467714159866,True,False
491,350.0,405,300796,0.25,0.14907879961252796,907.4613472079945,True,False
492,960.0,607,301403,0.25,0.141079546069566,909.2615409999999,True,False
493,500.0,483,301886,0.25,0.11715374357444196,910.7045689579973,True,False
494,930.0,688,302574,0.25,0.1439829760794203,912.7503593749861,True,False
495,1810.0,901,303475,0.25,0.1445265971786446,915.4203086659982,True,False
496,820.0,566,304041,0.25,0.1469264767644271,917.1216745409911,True,False
497,590.0,713,304754,0.25,0.13436048260230696,919.2431707079959,True,False
498,290.0,352,305106,0.25,0.12461342647756365,920.3221084159886,True,False
499,420.0,538,305644,0.25,0.15266912204247934,921.9692997499951,True,False
500,420.0,424,306068,0.25,0.13369800819892366,923.2745360409899,True,False
501,420.0,376,306444,0.25,0.12895014747343164,925.0191264159948,True,False
502,1210.0,935,307379,0.25,0.12992316289393174,927.7670156249951,True,False
503,680.0,677,308056,0.25,0.1327875975628986,929.8058044579957,True,False
504,370.0,443,308499,0.25,0.1413733569566499,931.098415290995,True,False
505,760.0,709,309208,0.25,0.12648962383692183,933.190109624993,True,False
506,370.0,393,309601,0.25,0.15122079643972067,934.3631646659924,True,False
507,320.0,469,310070,0.25,0.13489812582285485,935.7621637499979,True,False
508,1360.0,934,311004,0.25,0.13212684357268178,938.481253082995,True,False
509,1230.0,1217,312221,0.25,0.1355943423175057,942.0565959159867,True,False
510,450.0,453,312674,0.25,0.1368235527183366,943.4175657499873,True,False
511,520.0,684,313358,0.25,0.1297015640231078,945.4241020409972,True,False
512,980.0,956,314314,0.25,0.1270317306438126,948.3303016249993,True,False
513,1180.0,953,315267,0.25,0.14467010414619155,951.0995355409977,True,False
514,800.0,688,315955,0.25,0.12465589331073124,953.1553694159957,True,False
515,400.0,456,316411,0.25,0.13659804302937628,954.5138009999937,True,False
516,440.0,454,316865,0.25,0.13646442318956056,955.8636768329889,True,False
517,510.0,525,317390,0.25,0.1498675090865097,957.4109047499951,True,False
518,310.0,459,317849,0.25,0.13157000029864518,958.7882497499959,True,False
519,1070.0,932,318781,0.25,0.13820951489547803,961.5424021249928,True,False
520,430.0,458,319239,0.25,0.1068610955160438,962.9127856249979,True,False
521,1060.0,712,319951,0.25,0.1262672222481015,965.2348510409938,True,False
522,430.0,455,320406,0.25,0.1196457971982135,966.5718211659987,True,False
523,230.0,330,320736,0.25,0.1555123261613659,967.5480929999903,True,False
524,1200.0,1183,321919,0.25,0.13628021229247925,971.0509507499955,True,False
525,420.0,452,322371,0.25,0.13348913583409996,972.4148824579897,True,False
526,930.0,846,323217,0.25,0.1233867218471923,975.8039512079995,True,False
527,530.0,614,323831,0.25,0.13036656703532132,977.7063366249931,True,False
528,560.0,536,324367,0.25,0.13656265626369574,979.3004250829981,True,False
529,540.0,588,324955,0.25,0.13786927238106728,981.032492415994,True,False
530,430.0,484,325439,0.25,0.15543928031986656,982.4846272909926,True,False
531,560.0,536,325975,0.25,0.14024279237405132,984.0939386249956,True,False
532,690.0,625,326600,0.25,0.143982828719316,985.9718116659933,True,False
533,860.0,689,327289,0.25,0.12903361553109663,988.023393749987,True,False
534,660.0,557,327846,0.25,0.12154837183171896,989.6779848329898,True,False
535,780.0,690,328536,0.25,0.13176357552323037,991.6963372499886,True,False
536,410.0,391,328927,0.25,0.13678493043503812,992.8663904999994,True,False
537,950.0,744,329671,0.25,0.1434034567766933,995.1843032909965,True,False
538,570.0,493,330164,0.25,0.12611355707650224,996.9152461249905,True,False
539,560.0,588,330752,0.25,0.1159169525161487,998.8946156249876,True,False
540,530.0,454,331206,0.25,0.14298405382881121,1000.3597145409876,True,False
541,1010.0,657,331863,0.25,0.14175271869796077,1002.2694701250002,True,False
542,430.0,503,332366,0.25,0.1478326727251803,1003.7635377909901,True,False
543,990.0,651,333017,0.25,0.1387306086124818,1005.7004839579895,True,False
544,420.0,437,333454,0.25,0.13286372619347836,1007.0098233329918,True,False
545,390.0,443,333897,0.25,0.11476522345129433,1008.3126438329928,True,False
546,500.0,507,334404,0.25,0.11253416283041473,1009.8132091659936,True,False
547,800.0,787,335191,0.25,0.12815826379561,1012.2285113329999,True,False
548,950.0,740,335931,0.25,0.13625844435111897,1014.4110563329887,True,False
549,370.0,407,336338,0.25,0.11606406378468462,1015.6386206659954,True,False
550,470.0,534,336872,0.25,0.11684402969401719,1017.2539723749942,True,False
551,480.0,579,337451,0.25,0.14080924016889185,1019.8378514579963,True,False
552,3760.0,586,338037,0.25,0.13781348076097819,1021.6201835829997,True,False
553,2330.0,668,338705,0.25,0.13410106246655215,1023.6378341659874,True,False
554,1860.0,980,339685,0.25,0.1211536892898837,1026.4999154159887,True,False
555,450.0,440,340125,0.25,0.14705103693360633,1027.823546332991,True,False
556,440.0,461,340586,0.25,0.09821439116545345,1029.2012807079882,True,False
557,780.0,550,341136,0.25,0.1290581524507075,1030.8445103329868,True,False
558,2010.0,905,342041,0.25,0.12160237960154767,1033.526171999998,True,False
559,830.0,649,342690,0.25,0.13405163831043024,1035.4514430829877,True,False
560,490.0,400,343090,0.25,0.16307150941342116,1036.6660528749926,True,False
561,990.0,884,343974,0.25,0.1290625732105512,1039.2667833749874,True,False
562,1440.0,696,344670,0.25,0.14295214698275274,1041.3343804579927,True,False
563,880.0,643,345313,0.25,0.12762377125367244,1043.2369442499912,True,False
564,1170.0,675,345988,0.25,0.14085733626015792,1045.241569291,True,False
565,900.0,625,346613,0.25,0.1682702417795857,1047.1018153329933,True,False
566,930.0,710,347323,0.25,0.13629798247021133,1049.1803466659912,True,False
567,1550.0,794,348117,0.25,0.1410609076744947,1051.5203758749994,True,False
568,850.0,861,348978,0.25,0.14539792819251848,1054.0482815829891,True,False
569,720.0,756,349734,0.25,0.14812164638368858,1056.286350749986,True,False
570,850.0,643,350377,0.25,0.1377957480618302,1058.2089540409943,True,False
571,480.0,452,350829,0.25,0.15736599002791718,1059.5571552499896,True,False
572,320.0,424,351253,0.25,0.14148922176715337,1060.8400488749903,True,False
573,590.0,500,351753,0.25,0.13121622642874717,1062.335235874998,True,False
574,910.0,670,352423,0.25,0.11370919761945031,1064.3136837909988,True,False
575,970.0,898,353321,0.25,0.1439647038363748,1066.9817729579954,True,False
576,690.0,752,354073,0.25,0.13877713152187618,1070.0627763329976,True,False
577,750.0,542,354615,0.25,0.13312089327308868,1071.6868571249943,True,False
578,950.0,780,355395,0.25,0.15766181089939216,1074.0112064999994,True,False
579,590.0,513,355908,0.25,0.14516681369191917,1075.5393627909943,True,False
580,650.0,542,356450,0.25,0.16721175344729866,1077.1790466659877,True,False
581,730.0,843,357293,0.25,0.12337878580377283,1079.6779874159984,True,False
582,1180.0,817,358110,0.25,0.13236234731533947,1082.0670081659919,True,False
583,870.0,743,358853,0.25,0.14157377610043173,1084.2486433329905,True,False
584,330.0,405,359258,0.25,0.1363243591593634,1085.4565769159963,True,False
585,650.0,622,359880,0.25,0.15737537128659776,1087.3000708329928,True,False
586,720.0,606,360486,0.25,0.1547112724441566,1089.0993933749996,True,False
587,670.0,463,360949,0.25,0.14126730300807233,1090.4942257499933,True,False
588,920.0,718,361667,0.25,0.1502357090526786,1092.6273291249963,True,False
589,950.0,958,362625,0.25,0.1490952029125765,1095.4570715829905,True,False
590,1260.0,737,363362,0.25,0.13740640081485492,1097.6375977499993,True,False
591,680.0,529,363891,0.25,0.12618808120940672,1099.4845798749884,True,False
592,430.0,444,364335,0.25,0.13991383701428636,1101.0156065829942,True,False
593,340.0,483,364818,0.25,0.14182408086278223,1102.641536915995,True,False
594,600.0,504,365322,0.25,0.15278695572522424,1104.178195290995,True,False
595,920.0,726,366048,0.25,0.142292047308369,1106.5985115410003,True,False
596,920.0,601,366649,0.25,0.14106085288027922,1108.640203457995,True,False
597,1040.0,695,367344,0.25,0.15558413722306147,1110.8588701249973,True,False
598,1520.0,744,368088,0.25,0.1373704859025536,1113.0332462909864,True,False
599,440.0,406,368494,0.25,0.1530632403596203,1114.2914343749871,True,False
600,480.0,454,368948,0.25,0.15604797753979238,1115.877986374995,True,False
601,470.0,449,369397,0.25,0.13240198132448963,1117.9972021249996,True,False
602,780.0,769,370166,0.25,0.13510904609574936,1120.2149548329908,True,False
603,720.0,689,370855,0.25,0.11694399845721416,1122.2935045829945,True,False
604,1380.0,905,371760,0.25,0.1409845912279274,1125.2397844579973,True,False
605,870.0,713,372473,0.25,0.13153156743834862,1127.3009538329934,True,False
606,830.0,658,373131,0.25,0.13078186248724416,1129.301036957986,True,False
607,880.0,804,373935,0.25,0.1452793056673523,1131.7267484579934,True,False
608,360.0,456,374391,0.25,0.14197955347532243,1133.1021300829889,True,False
609,700.0,649,375040,0.25,0.1575045918965815,1135.0646431659989,True,False
610,850.0,590,375630,0.25,0.12723890043237582,1136.815440624996,True,False
611,1020.0,868,376498,0.25,0.1248806057163098,1140.6749969159864,True,False
612,340.0,634,377132,0.25,0.13964170786850857,1143.2580254159984,True,False
613,520.0,550,377682,0.25,0.1679670472160308,1145.3119402079901,True,False
614,730.0,679,378361,0.25,0.13260577846975888,1148.099395082987,True,False
615,600.0,542,378903,0.25,0.1366334795124001,1149.8302670409903,True,False
616,730.0,810,379713,0.25,0.12100335266532863,1152.2005339579919,True,False
617,440.0,445,380158,0.25,0.11918759095977556,1153.537914290995,True,False
618,620.0,492,380650,0.25,0.12067925964853143,1155.0408350829966,True,False
619,460.0,519,381169,0.25,0.15829881193259587,1156.609034832989,True,False
620,940.0,889,382058,0.25,0.12855436131022535,1159.2228216660005,True,False
621,690.0,621,382679,0.25,0.12255248399751802,1161.077644124991,True,False
622,1670.0,791,383470,0.25,0.1411366541916975,1163.4394064999942,True,False
623,510.0,586,384056,0.25,0.12310415554512925,1165.202916582988,True,False
624,400.0,448,384504,0.25,0.12521677838438855,1166.5471523329907,True,False
625,230.0,341,384845,0.25,0.1350699303781285,1167.5723389579944,True,False
626,2610.0,1021,385866,0.25,0.13026471257794137,1171.4599904999923,True,False
627,1380.0,1127,386993,0.25,0.1406061608899147,1174.8102447909914,True,False
628,410.0,410,387403,0.25,0.14790889960439765,1176.0146795409964,True,False
629,1090.0,627,388030,0.25,0.15141969525320514,1177.8605074160005,True,False
630,510.0,468,388498,0.25,0.14587529801214352,1179.2447959579877,True,False
631,690.0,644,389142,0.25,0.1360300352322574,1181.1508762079902,True,False
632,1420.0,667,389809,0.25,0.14189005151257186,1183.1170119999879,True,False
633,1210.0,585,390394,0.25,0.14159424573642343,1184.8303393749957,True,False
634,1290.0,614,391008,0.25,0.17042322777356808,1186.650312999991,True,False
635,1140.0,822,391830,0.25,0.15098541773310523,1189.0694375829917,True,False
636,820.0,634,392464,0.25,0.14089981964408602,1190.9501790829963,True,False
637,330.0,391,392855,0.25,0.12642007847268558,1192.1032732909953,True,False
638,680.0,550,393405,0.25,0.16716230632332357,1193.7326933749864,True,False
639,460.0,497,393902,0.25,0.13466773918198963,1195.204048332991,True,False
640,760.0,712,394614,0.25,0.14775114525318817,1197.3109495829995,True,False
641,970.0,724,395338,0.25,0.144586522584956,1199.4554791659903,True,False
642,390.0,473,395811,0.25,0.11916250430868339,1201.975422040996,True,False
643,870.0,894,396705,0.25,0.1467490076320246,1205.316613624993,True,False
644,310.0,314,397019,0.25,0.1307387267693113,1206.332858499998,True,False
645,590.0,451,397470,0.25,0.14124808590694338,1207.8520745829883,True,False
646,850.0,761,398231,0.25,0.14578552759791674,1210.2518641249917,True,False
647,360.0,370,398601,0.25,0.1679042697914185,1211.3424457499932,True,False
648,680.0,532,399133,0.25,0.1559502267299738,1212.9078819579881,True,False
649,1720.0,825,399958,0.25,0.13834464530125984,1215.3664507499925,True,False
650,290.0,317,400275,0.25,0.1392837434158295,1216.3244907079934,True,False
651,1580.0,944,401219,0.25,0.16179434975640752,1219.7779389159987,True,False
652,1220.0,898,402117,0.25,0.16192705045143763,1222.556106249991,True,False
653,610.0,502,402619,0.25,0.15933151073753835,1224.512059249988,True,False
654,1620.0,902,403521,0.25,0.15042545280493466,1227.5412282079924,True,False
655,940.0,906,404427,0.25,0.14258476166235926,1230.2647467909992,True,False
656,850.0,1052,405479,0.25,0.16524644543774455,1233.3410637909983,True,False
657,1260.0,791,406270,0.25,0.16640066476820997,1235.6949848329969,True,False
658,560.0,480,406750,0.25,0.1283278195808331,1237.1106829999917,True,False
659,1110.0,653,407403,0.25,0.14503366592700132,1239.0567843749886,True,False
660,780.0,588,407991,0.25,0.114381658318801,1240.84178745799,True,False
661,610.0,703,408694,0.25,0.12523443702693013,1242.9228924999916,True,False
662,900.0,780,409474,0.25,0.14947575747202604,1245.227966874998,True,False
663,360.0,424,409898,0.25,0.13442741327409474,1246.5183181249886,True,False
664,1190.0,893,410791,0.25,0.13568767351453348,1249.1497490409965,True,False
665,500.0,573,411364,0.25,0.1370528345125624,1250.8569179579936,True,False
666,1050.0,1109,412473,0.25,0.14782334591803353,1254.1158615829918,True,False
667,360.0,414,412887,0.25,0.13633775128756911,1255.3486013749935,True,False
668,890.0,647,413534,0.25,0.16040189135359761,1257.259274207987,True,False
669,380.0,422,413956,0.25,0.1357379213397233,1258.5276227499999,True,False
670,900.0,756,414712,0.25,0.13929346400909323,1260.7821269159904,True,False
671,1660.0,847,415559,0.25,0.1411147958453374,1264.6651504159963,True,False
672,410.0,442,416001,0.25,0.13063859889233434,1266.1599353329948,True,False
673,330.0,347,416348,0.25,0.1579163397780095,1267.2057030409924,True,False
674,490.0,460,416808,0.25,0.14838482029736041,1268.6944172499934,True,False
675,510.0,491,417299,0.25,0.13571520455059458,1270.1177700829867,True,False
676,500.0,526,417825,0.25,0.1415047972519515,1272.5675279159914,True,False
677,1160.0,1003,418828,0.25,0.14704634433990693,1275.548830249987,True,False
678,570.0,610,419438,0.25,0.1273315428682652,1277.3235136659932,True,False
679,1050.0,772,420210,0.25,0.14288355342541953,1279.5776486659888,True,False
680,500.0,507,420717,0.25,0.13352393995471826,1281.0881997909892,True,False
681,310.0,406,421123,0.25,0.15613253759496873,1282.293652999986,True,False
682,1190.0,816,421939,0.25,0.15051791435290202,1284.69799341599,True,False
683,390.0,430,422369,0.25,0.14731463748547766,1285.977828707997,True,False
684,640.0,500,422869,0.25,0.14821563962101936,1287.4598968749924,True,False
685,880.0,753,423622,0.25,0.15274348788637113,1289.6680479579954,True,False
686,850.0,678,424300,0.25,0.14505243336453158,1291.6618920409965,True,False
687,470.0,506,424806,0.25,0.13669993685528872,1293.1626509999915,True,False
688,520.0,434,425240,0.25,0.13581514317508137,1294.452681249997,True,False
689,700.0,599,425839,0.25,0.1387995196468878,1296.2003627909871,True,False
690,640.0,643,426482,0.25,0.1306823280796131,1298.1019115829986,True,False
691,550.0,498,426980,0.25,0.15549285595119,1299.5882546249923,True,False
692,940.0,726,427706,0.25,0.15864121493013852,1301.7170360409946,True,False
693,920.0,730,428436,0.25,0.1520463192804915,1303.9914542079932,True,False
694,850.0,811,429247,0.25,0.13864876506942334,1306.4544112499862,True,False
695,460.0,417,429664,0.25,0.15522269925900867,1307.6907856659964,True,False
696,650.0,790,430454,0.25,0.1416580909437637,1310.0111311660003,True,False
697,1320.0,946,431400,0.25,0.16750591374022045,1312.8703093329968,True,False
698,930.0,850,432250,0.25,0.16199989863759223,1315.4237451249937,True,False
699,390.0,463,432713,0.25,0.1639388582412282,1316.8162782500003,True,False
700,1070.0,711,433424,0.25,0.1506429866395807,1318.9142537909938,True,False
701,480.0,466,433890,0.25,0.12450457272794226,1321.602673915986,True,False
702,990.0,668,434558,0.25,0.14746673466515042,1324.5491205409926,True,False
703,840.0,672,435230,0.25,0.16774347773753107,1326.7535637909896,True,False
704,660.0,532,435762,0.25,0.1519916562601588,1328.3104029159877,True,False
705,810.0,698,436460,0.25,0.15326749171529497,1330.3774940829899,True,False
706,720.0,706,437166,0.25,0.13101805338043382,1332.6015757079876,True,False
707,450.0,432,437598,0.25,0.16871817589358049,1333.8976582079922,True,False
708,610.0,561,438159,0.25,0.13243116914693798,1335.5538452499895,True,False
709,370.0,405,438564,0.25,0.15221904784294904,1336.8311848749872,True,False
710,1020.0,598,439162,0.25,0.13501953778650938,1338.7524788329902,True,False
711,760.0,601,439763,0.25,0.16371412268529337,1340.5167138329998,True,False
712,770.0,507,440270,0.25,0.12557915518954982,1342.0072447499988,True,False
713,1390.0,920,441190,0.25,0.16096659760274318,1344.7361153329985,True,False
714,1290.0,794,441984,0.25,0.1335744049269051,1347.0751337909896,True,False
715,390.0,433,442417,0.25,0.13435847134570833,1348.3661451659864,True,False
716,820.0,504,442921,0.25,0.12611312499003752,1349.862423582992,True,False
717,490.0,484,443405,0.25,0.12027310804764102,1351.3082537499868,True,False
718,420.0,550,443955,0.25,0.16723824310096075,1352.9450149159966,True,False
719,420.0,448,444403,0.25,0.17114278840433275,1354.2854313749995,True,False
720,380.0,387,444790,0.25,0.14329475429408328,1355.4682733749942,True,False
721,930.0,751,445541,0.25,0.13565065654272096,1357.6952065410005,True,False
722,310.0,388,445929,0.25,0.11931424714701692,1358.8470237909933,True,False
723,1340.0,859,446788,0.25,0.13677373861157616,1361.385278332993,True,False
724,920.0,689,447477,0.25,0.14698866275030859,1363.4225751659978,True,False
725,440.0,473,447950,0.25,0.1686688466628982,1364.8417476249888,True,False
726,450.0,467,448417,0.25,0.15546493232250214,1367.010776207986,True,False
727,750.0,663,449080,0.25,0.15483912815485734,1368.9670862079947,True,False
728,2120.0,786,449866,0.25,0.14087771655687567,1371.3176142909942,True,False
729,1320.0,750,450616,0.25,0.1537393563367585,1373.5351315409935,True,False
730,940.0,874,451490,0.25,0.15186208968452358,1376.1055597499944,True,False
731,500.0,512,452002,0.25,0.15780227349023335,1377.648995999989,True,False
732,590.0,590,452592,0.25,0.13014191214775517,1379.4111999999877,True,False
733,2260.0,725,453317,0.25,0.14594667533525776,1381.5548806659936,True,False
734,390.0,482,453799,0.25,0.15921239003849527,1383.037979249988,True,False
735,420.0,423,454222,0.25,0.1495948198233854,1384.3089056249883,True,False
736,470.0,495,454717,0.25,0.17295571706528146,1385.7733962909988,True,False
737,570.0,458,455175,0.25,0.14102473309296265,1387.1417032499885,True,False
738,650.0,556,455731,0.25,0.1626888526295372,1388.8254484579957,True,False
739,1820.0,974,456705,0.25,0.15395519187765533,1391.6806786659872,True,False
740,560.0,425,457130,0.25,0.1665095551255739,1393.8662981249945,True,False
741,380.0,385,457515,0.25,0.1460439863925179,1395.5655599999882,True,False
742,530.0,483,457998,0.25,0.16329394527210678,1397.5211724580004,True,False
743,1160.0,829,458827,0.25,0.16294069760051613,1400.3994389999862,True,False
744,420.0,431,459258,0.25,0.13294492223886428,1401.7915151249908,True,False
745,540.0,497,459755,0.25,0.15363271044747484,1403.2572772079875,True,False
746,400.0,475,460230,0.25,0.13120375824074784,1404.9063629159937,True,False
747,980.0,795,461025,0.25,0.15147390802526595,1407.6055779159942,True,False
748,1080.0,877,461902,0.25,0.12516553735692207,1410.3433298749878,True,False
749,370.0,452,462354,0.25,0.14252104394269727,1411.8889983329864,True,False
750,440.0,438,462792,0.25,0.15599555996331302,1413.429006624996,True,False
751,1000.0,713,463505,0.25,0.15099611030786894,1416.6748071249895,True,False
752,520.0,476,463981,0.25,0.1647099059920351,1418.0807086249988,True,False
753,1440.0,826,464807,0.25,0.1660551988040504,1420.5626413749997,True,False
754,440.0,488,465295,0.25,0.16901365609564742,1422.0240564579872,True,False
755,580.0,635,465930,0.25,0.1369292410500582,1423.894400833,True,False
756,380.0,433,466363,0.25,0.12778702854282326,1425.1803888329887,True,False
757,770.0,492,466855,0.25,0.18903638395230946,1426.6474332910002,True,False
758,810.0,609,467464,0.25,0.17026541106938536,1428.4610345409892,True,False
759,440.0,458,467922,0.25,0.1698943450393384,1429.8307556660002,True,False
760,720.0,649,468571,0.25,0.15953360726757917,1431.7443316249992,True,False
761,600.0,621,469192,0.25,0.14936717939921296,1433.600646040999,True,False
762,900.0,771,469963,0.25,0.14300419572585574,1435.9278137499932,True,False
763,870.0,645,470608,0.25,0.12357362288475772,1437.8297699999966,True,False
764,490.0,486,471094,0.25,0.13284784626246485,1439.2742726659926,True,False
765,860.0,586,471680,0.25,0.1522191378611083,1441.0232982079906,True,False
766,520.0,483,472163,0.25,0.11829011728987097,1442.457763540995,True,False
767,760.0,683,472846,0.25,0.1650150290074927,1444.481167207996,True,False
768,550.0,475,473321,0.25,0.15312330978883415,1445.8825327499944,True,False
769,870.0,695,474016,0.25,0.1444068263959268,1447.928916416,True,False
770,610.0,563,474579,0.25,0.17261159684775132,1449.591509040998,True,False
771,400.0,438,475017,0.25,0.16841029880399053,1450.9097743329912,True,False
772,1290.0,835,475852,0.25,0.16531372471360498,1454.3415652080002,True,False
773,1220.0,1022,476874,0.25,0.1883147122813206,1458.8621411249915,True,False
774,470.0,493,477367,0.25,0.17017203787478005,1460.691604165986,True,False
775,1170.0,809,478176,0.25,0.15928662850938993,1463.048292374995,True,False
776,730.0,698,478874,0.25,0.15157798993476163,1465.8670891660004,True,False
777,840.0,620,479494,0.25,0.17372218512238996,1467.7087927079992,True,False
778,680.0,626,480120,0.25,0.15188083180766196,1469.570896624995,True,False
779,370.0,345,480465,0.25,0.16047541660711515,1470.6124501659942,True,False
780,1460.0,824,481289,0.25,0.15684035712473313,1473.043754665996,True,False
781,760.0,856,482145,0.25,0.15489946189989276,1475.5537239159894,True,False
782,480.0,529,482674,0.25,0.1478790587209391,1477.1274857909884,True,False
783,670.0,641,483315,0.25,0.16935587087646126,1479.0330962079897,True,False
784,2850.0,882,484197,0.25,0.1348022115648602,1481.6451743329962,True,False
785,630.0,624,484821,0.25,0.17091548427318534,1483.4847487909865,True,False
786,1290.0,680,485501,0.25,0.17029129180180677,1485.5038312909892,True,False
787,850.0,639,486140,0.25,0.16018342961906457,1487.3994105409947,True,False
788,610.0,505,486645,0.25,0.1774115121908604,1488.9089697079908,True,False
789,380.0,423,487068,0.25,0.17744786179852937,1490.1746009579947,True,False
790,750.0,694,487762,0.25,0.15324651837521205,1492.2111937499867,True,False
791,2550.0,972,488734,0.25,0.17934477805263466,1495.0798947499861,True,False
792,380.0,428,489162,0.25,0.17932135430730392,1496.3583892079914,True,False
793,980.0,732,489894,0.25,0.14705633438227933,1498.52094412499,True,False
794,610.0,518,490412,0.25,0.143837273436097,1500.080049915996,True,False
795,400.0,466,490878,0.25,0.14566823641030952,1501.4689112909982,True,False
796,410.0,410,491288,0.25,0.162684562679344,1502.7026351249951,True,False
797,1180.0,707,491995,0.25,0.15367835937914523,1504.7785017079877,True,False
798,730.0,825,492820,0.25,0.16918103108947405,1507.2221922079916,True,False
799,370.0,432,493252,0.25,0.14186785944427052,1508.5159797909873,True,False
800,420.0,448,493700,0.25,0.20438034416708564,1509.8540558329987,True,False
801,550.0,545,494245,0.25,0.14449157956165865,1512.4123036249948,True,False
802,750.0,750,494995,0.25,0.16872779968229526,1514.6967853749957,True,False
803,1020.0,713,495708,0.25,0.14998505121960654,1517.989105916,True,False
804,2020.0,784,496492,0.25,0.1702517991106273,1520.5401030829962,True,False
805,1060.0,792,497284,0.25,0.15446818028247417,1523.1397871249937,True,False
806,1270.0,1187,498471,0.25,0.14923573699402246,1526.7884996659996,True,False
807,620.0,710,499181,0.25,0.1692508536945568,1528.890621915998,True,False
808,850.0,685,499866,0.25,0.17446718904140748,1530.9211897499918,True,False
809,770.0,714,500580,0.25,0.1391149431612738,1533.0147090409882,True,False
810,1280.0,602,501182,0.25,0.1564856702586015,1534.801203540992,True,False
811,510.0,528,501710,0.25,0.162414204667915,1536.3687002499937,True,False
812,1020.0,753,502463,0.25,0.17135407289173057,1538.5779456659948,True,False
813,610.0,541,503004,0.25,0.14238496369901388,1540.2042076249927,True,False
814,1210.0,863,503867,0.25,0.17493300355624322,1542.7312017079967,True,False
815,1120.0,847,504714,0.25,0.16378695078475294,1545.224884457988,True,False
816,1680.0,1240,505954,0.25,0.1521354569422622,1548.868480833,True,False
817,980.0,806,506760,0.25,0.14164419901916886,1551.2357680829882,True,False
818,730.0,942,507702,0.25,0.16319635680856856,1553.9921967079863,True,False
819,1090.0,972,508674,0.25,0.15701418222069985,1556.8621299579972,True,False
820,1460.0,831,509505,0.25,0.11615564462800439,1559.3192841249984,True,False
821,1610.0,747,510252,0.25,0.1344429814321472,1561.5167082909902,True,False
822,830.0,700,510952,0.25,0.15070895880460738,1563.5720885829942,True,False
823,700.0,578,511530,0.25,0.14246939645252293,1565.2778741660004,True,False
824,1900.0,817,512347,0.25,0.14055350690386167,1567.6761595829885,True,False
825,950.0,634,512981,0.25,0.13436222212307108,1569.553594375,True,False
826,660.0,631,513612,0.25,0.14789894384721033,1572.1073258329998,True,False
827,400.0,473,514085,0.25,0.10734924176802575,1573.5243504579994,True,False
828,450.0,525,514610,0.25,0.14178247701461988,1575.0929054579901,True,False
829,460.0,569,515179,0.25,0.13962671446653319,1577.6230416249891,True,False
830,1440.0,697,515876,0.25,0.15080596424639225,1580.3324824579904,True,False
831,610.0,610,516486,0.25,0.13397612051401092,1582.1838555409922,True,False
832,300.0,346,516832,0.25,0.1249778220622704,1583.2120117499871,True,False
833,480.0,449,517281,0.25,0.15319943770633213,1584.541623082987,True,False
834,490.0,545,517826,0.25,0.13613352409618742,1586.1931583749974,True,False
835,640.0,757,518583,0.25,0.13405876471685668,1588.5486731659912,True,False
836,600.0,467,519050,0.25,0.13349731019737884,1589.955234832989,True,False
837,960.0,643,519693,0.25,0.14002234174042755,1591.924453249987,True,False
838,620.0,578,520271,0.25,0.12958969633715847,1594.108699874996,True,False
839,490.0,453,520724,0.25,0.12547178357316738,1595.4515566659975,True,False
840,460.0,530,521254,0.25,0.13600669544415944,1596.9789012499969,True,False
841,470.0,481,521735,0.25,0.1387615818840762,1598.4124835409893,True,False
842,1450.0,846,522581,0.25,0.14140116976890363,1601.0446063749987,True,False
843,710.0,631,523212,0.25,0.12448821151982757,1602.8783962499874,True,False
844,280.0,499,523711,0.25,0.135362490125361,1604.3592519999947,True,False
845,1020.0,871,524582,0.25,0.15791038563902224,1607.0017328329996,True,False
846,1500.0,1277,525859,0.25,0.14770052633408842,1610.7096004999912,True,False
847,1190.0,864,526723,0.25,0.12107550833995144,1613.2649311659916,True,False
848,520.0,461,527184,0.25,0.1339527411579058,1614.6312483749934,True,False
849,1110.0,729,527913,0.25,0.12542642297857737,1616.7710812909936,True,False
850,1120.0,767,528680,0.25,0.12508791971292035,1619.0264365409967,True,False
851,650.0,488,529168,0.25,0.13552916743105553,1621.2065361659916,True,False
852,540.0,566,529734,0.25,0.14606282253690223,1622.8646368329937,True,False
853,380.0,399,530133,0.25,0.1253956202790141,1624.0599273329863,True,False
854,1960.0,634,530767,0.25,0.12313903192694806,1625.9406055829895,True,False
855,880.0,751,531518,0.25,0.12561623706541797,1628.1258726249944,True,False
856,1580.0,1246,532764,0.25,0.12852688598183867,1631.7800869159983,True,False
857,830.0,655,533419,0.25,0.13241367183762826,1633.7273762080004,True,False
858,1150.0,807,534226,0.25,0.12916891234419722,1636.1308963749907,True,False
859,600.0,578,534804,0.25,0.12576275648998803,1638.8523115829885,True,False
860,1320.0,900,535704,0.25,0.15561417063905134,1641.8720434999996,True,False
861,1350.0,920,536624,0.25,0.13962847392844116,1644.589831624995,True,False
862,330.0,401,537025,0.25,0.14272090967744588,1645.79677958299,True,False
863,1020.0,616,537641,0.25,0.13229751484105726,1647.696594457986,True,False
864,240.0,420,538061,0.25,0.1512825895810411,1649.1980681249988,True,False
865,420.0,512,538573,0.25,0.16504370860639028,1650.9447233329993,True,False
866,740.0,559,539132,0.25,0.13760830706783703,1652.8978298749862,True,False
867,1750.0,842,539974,0.25,0.12841898531076454,1655.3514970830001,True,False
868,210.0,326,540300,0.25,0.11276512931487183,1656.3421221659955,True,False
869,660.0,618,540918,0.25,0.12790330348221898,1658.174109457992,True,False
870,500.0,422,541340,0.25,0.1405831966549158,1659.4535322909942,True,False
871,1470.0,693,542033,0.25,0.11630207761002413,1661.693635290998,True,False
872,670.0,674,542707,0.25,0.14134251992661684,1663.6762378329877,True,False
873,1330.0,723,543430,0.25,0.12098405232334006,1665.7981228329882,True,False
874,410.0,447,543877,0.25,0.14446148868384107,1667.1526115409943,True,False
875,490.0,426,544303,0.25,0.13643507483714032,1668.4372612079896,True,False
876,820.0,719,545022,0.25,0.1474233604864114,1671.2855556659924,True,False
877,1350.0,857,545879,0.25,0.14295835873965068,1673.8318253329926,True,False
878,960.0,826,546705,0.25,0.12388115063993539,1676.2737576660002,True,False
879,820.0,688,547393,0.25,0.11975494783025148,1678.2968564579933,True,False
880,1910.0,635,548028,0.25,0.14467974881049972,1680.1885714999953,True,False
881,1040.0,894,548922,0.25,0.12052170260738364,1682.7875175829977,True,False
882,710.0,761,549683,0.25,0.13873815011037025,1685.0169467909873,True,False
883,420.0,465,550148,0.25,0.14616712513897154,1686.4111339579977,True,False
884,1050.0,562,550710,0.25,0.11521958857774735,1688.082717207988,True,False
885,590.0,544,551254,0.25,0.12911513188908644,1689.6937239159888,True,False
886,2350.0,789,552043,0.25,0.11188695021919187,1692.0026836659963,True,False
887,1260.0,840,552883,0.25,0.13419429279775136,1694.4708192499966,True,False
888,930.0,731,553614,0.25,0.12772081471735336,1696.6368155409873,True,False
889,520.0,498,554112,0.25,0.10054471926391124,1698.1775067909912,True,False
890,490.0,400,554512,0.25,0.1220038284920156,1699.377675249998,True,False
891,650.0,591,555103,0.25,0.1206693838724271,1701.1182259579946,True,False
892,1300.0,647,555750,0.25,0.15038953169628425,1703.0446273749985,True,False
893,370.0,398,556148,0.25,0.11828258577734233,1704.2475419580005,True,False
894,380.0,472,556620,0.25,0.11335189899398108,1705.6526288329915,True,False
895,510.0,490,557110,0.25,0.13649515630524667,1707.1061499159987,True,False
896,1530.0,980,558090,0.25,0.13041119373270443,1711.970290415993,True,False
897,1820.0,1132,559222,0.25,0.12225415331867685,1716.168720791,True,False
898,560.0,468,559690,0.25,0.10988373468574296,1717.7373622079904,True,False
899,330.0,349,560039,0.25,0.12958912401535044,1718.950499499988,True,False
900,590.0,490,560529,0.25,0.12931007937323757,1720.616891499987,True,False
901,1030.0,735,561264,0.25,0.1139446374575567,1723.616568582991,True,False
902,830.0,769,562033,0.25,0.13533477345481515,1725.9195611249888,True,False
903,2210.0,1134,563167,0.25,0.1224652668230841,1729.7348471249861,True,False
904,450.0,497,563664,0.25,0.14130727049708366,1731.3622788749926,True,False
905,1810.0,982,564646,0.25,0.13029141184322687,1734.2244033329916,True,False
906,590.0,567,565213,0.25,0.12462470651617352,1735.9022585409984,True,False
907,930.0,668,565881,0.25,0.13904744733548807,1737.900946624999,True,False
908,560.0,544,566425,0.25,0.1215907632071963,1739.5242117079906,True,False
909,530.0,440,566865,0.25,0.13939358458261597,1740.8223476659914,True,False
910,970.0,688,567553,0.25,0.11366244715226945,1742.8638538329978,True,False
911,510.0,500,568053,0.25,0.12498204876482487,1744.3575484999892,True,False
912,370.0,574,568627,0.25,0.12629247205397048,1746.053220124988,True,False
913,550.0,536,569163,0.25,0.12003326577259534,1747.6358768749924,True,False
914,940.0,708,569871,0.25,0.12670999642272116,1749.7270124999923,True,False
915,1570.0,896,570767,0.25,0.13222895949313948,1752.3847943329893,True,False
916,510.0,565,571332,0.25,0.12313671785236245,1754.0832285829965,True,False
917,370.0,430,571762,0.25,0.14368536100487841,1755.3686780409917,True,False
918,1560.0,1068,572830,0.25,0.11544546455647169,1758.530312582996,True,False
919,660.0,531,573361,0.25,0.1149784226978856,1760.1290043749905,True,False
920,770.0,646,574007,0.25,0.11937985774013937,1762.0301958749915,True,False
921,1140.0,836,574843,0.25,0.13543074220668472,1764.5078228749917,True,False
922,640.0,641,575484,0.25,0.139592545002884,1766.4345737909898,True,False
923,1350.0,738,576222,0.25,0.1116532365406823,1769.2324386659893,True,False
924,1580.0,867,577089,0.25,0.1163637939977893,1773.074086749999,True,False
925,680.0,655,577744,0.25,0.1211753076782859,1775.2629052079865,True,False
926,410.0,385,578129,0.25,0.14062489627394825,1777.3286139579868,True,False
927,610.0,437,578566,0.25,0.11001988660988457,1778.6406924159965,True,False
928,410.0,404,578970,0.25,0.1122995882230525,1779.8564155829954,True,False
929,1190.0,610,579580,0.25,0.13202805097634887,1781.6669513749948,True,False
930,350.0,331,579911,0.25,0.13275194831374215,1782.6723371249973,True,False
931,480.0,474,580385,0.25,0.13532447968335712,1784.0825814159907,True,False
932,1160.0,617,581002,0.25,0.1365099987861785,1785.8973325409897,True,False
933,900.0,616,581618,0.25,0.14162418167651086,1787.7150866249867,True,False
934,600.0,534,582152,0.25,0.13140592722694822,1789.3098287499888,True,False
935,790.0,620,582772,0.25,0.1447610164842298,1791.1299550829863,True,False
936,280.0,363,583135,0.25,0.11997495421932804,1792.212350665999,True,False
937,460.0,407,583542,0.25,0.12027164366023213,1793.423019290989,True,False
938,740.0,595,584137,0.25,0.15211180588793036,1795.183657665999,True,False
939,1530.0,836,584973,0.25,0.12958825673711927,1797.6460785829986,True,False
940,500.0,532,585505,0.25,0.1505638712358878,1799.2367318749893,True,False
941,340.0,419,585924,0.25,0.11648117589453856,1800.4888568329916,True,False
942,450.0,446,586370,0.25,0.1278255842290483,1801.808921332995,True,False
943,1280.0,623,586993,0.25,0.13989535230808917,1803.6457019159861,True,False
944,1530.0,862,587855,0.25,0.12343269078884014,1806.1870391249977,True,False
945,1170.0,684,588539,0.25,0.14813771324330255,1808.1968128749868,True,False
946,800.0,524,589063,0.25,0.12187263311263714,1809.758716457989,True,False
947,490.0,440,589503,0.25,0.123010662231933,1811.0954024159873,True,False
948,380.0,403,589906,0.25,0.14631956328849982,1812.3048142499902,True,False
949,460.0,474,590380,0.25,0.13940725337807872,1813.7175331659964,True,False
950,1190.0,592,590972,0.25,0.12975751237339667,1815.4566227079922,True,False
951,620.0,566,591538,0.25,0.14633571562614847,1817.847418499994,True,False
952,1140.0,795,592333,0.25,0.11768072463534585,1820.1852383749938,True,False
953,440.0,407,592740,0.25,0.13365262388890864,1821.4504129579873,True,False
954,940.0,755,593495,0.25,0.1195697053335607,1823.6611763330002,True,False
955,600.0,507,594002,0.25,0.12715222494398046,1825.1581824159948,True,False
956,1700.0,801,594803,0.25,0.12529786267317833,1827.5240399579925,True,False
957,810.0,648,595451,0.25,0.1297344978622816,1830.0647450409888,True,False
958,1020.0,648,596099,0.25,0.1223727112038084,1832.96353670799,True,False
959,430.0,443,596542,0.25,0.12035983515618083,1834.576368915994,True,False
960,340.0,389,596931,0.25,0.16105529719714037,1835.8458692079876,True,False
961,640.0,520,597451,0.25,0.13128709350354395,1837.6010252079868,True,False
962,1680.0,926,598377,0.25,0.13544337218627334,1840.379586540992,True,False
963,460.0,461,598838,0.25,0.17202009100304996,1841.7470205409918,True,False
964,350.0,349,599187,0.25,0.1487077982860735,1842.799375040995,True,False
965,600.0,499,599686,0.25,0.11926749184727668,1844.400942999986,True,False
966,510.0,516,600202,0.25,0.12150434253000936,1845.9272329999949,True,False
967,810.0,646,600848,0.25,0.14649948023581577,1847.8360575829865,True,False
968,570.0,616,601464,0.25,0.14719751835256428,1849.6676907499932,True,False
969,600.0,617,602081,0.25,0.14601047786992866,1851.487057499995,True,False
970,860.0,734,602815,0.25,0.13954998028612203,1853.6239427909895,True,False
971,980.0,763,603578,0.25,0.1531094142884328,1855.8796899579902,True,False
972,1310.0,906,604484,0.25,0.15184174135064762,1858.5422002079868,True,False
973,2360.0,841,605325,0.25,0.13904951210355476,1861.032981832992,True,False
974,1250.0,724,606049,0.25,0.13167618317992646,1863.1802959999914,True,False
975,1240.0,860,606909,0.25,0.1310033069533664,1865.7240819159924,True,False
976,750.0,647,607556,0.25,0.1298869771445975,1868.337921415994,True,False
977,650.0,597,608153,0.25,0.17528200289547044,1870.1176371659967,True,False
978,500.0,547,608700,0.25,0.1509186141464832,1871.7608874579892,True,False
979,580.0,660,609360,0.25,0.13944281376898288,1873.702116540997,True,False
980,990.0,620,609980,0.25,0.153395414905202,1875.53541966599,True,False
981,1150.0,903,610883,0.25,0.13612097668978904,1878.1939273329917,True,False
982,1400.0,978,611861,0.25,0.11648758836090564,1881.0832789999986,True,False
983,390.0,468,612329,0.25,0.138945311626308,1882.4720539159898,True,False
984,880.0,576,612905,0.25,0.1411110566308101,1884.2025996249868,True,False
985,390.0,453,613358,0.25,0.13038256016057148,1885.5580476249888,True,False
986,420.0,584,613942,0.25,0.17787533587686818,1887.2864635000005,True,False
987,700.0,507,614449,0.25,0.12716285929846483,1888.7993664999958,True,False
988,350.0,403,614852,0.25,0.13760021683013085,1890.2443917079945,True,False
989,1330.0,597,615449,0.25,0.1198787790966914,1893.0008102079883,True,False
990,1040.0,604,616053,0.25,0.14191247672089283,1894.9640224999894,True,False
991,2360.0,806,616859,0.25,0.14791947041652095,1897.5676395829942,True,False
992,840.0,864,617723,0.25,0.1197850475932851,1900.2912370409904,True,False
993,520.0,494,618217,0.25,0.1549180412004071,1901.7486550829926,True,False
994,670.0,513,618730,0.25,0.1540787311969325,1903.2734764999914,True,False
995,1200.0,786,619516,0.25,0.1254028121699688,1905.608775832996,True,False
996,310.0,365,619881,0.25,0.1696330355992029,1906.7036529999896,True,False
997,1160.0,739,620620,0.25,0.1295704099274165,1908.9329525829962,True,False
998,350.0,376,620996,0.25,0.13275625758824197,1910.0623388749955,True,False
999,990.0,870,621866,0.25,0.13803849903188542,1912.617699874987,True,False
1000,580.0,575,622441,0.25,0.13566654617898166,1914.3495282909862,True,False
1001,1580.0,752,623193,0.25,0.13275616216730882,1917.2453153749957,True,False
1002,1030.0,651,623844,0.25,0.1316586175213562,1919.2019561659981,True,False
1003,520.0,455,624299,0.25,0.13678177449423656,1920.5855084159994,True,False
1004,470.0,548,624847,0.25,0.16555812624521063,1922.199438999989,True,False
1005,1110.0,755,625602,0.25,0.15816507809770802,1924.4225222909881,True,False
1006,300.0,422,626024,0.25,0.16268187242929102,1925.693852915996,True,False
1007,1020.0,755,626779,0.25,0.1559454535946567,1927.9172752079903,True,False
1008,280.0,435,627214,0.25,0.1329590551076679,1929.190485040992,True,False
1009,470.0,478,627692,0.25,0.15232677379002174,1930.6088324579905,True,False
1010,400.0,475,628167,0.25,0.14294267931984642,1932.0315128749935,True,False
1011,1610.0,659,628826,0.25,0.17355488538742064,1933.9923707499984,True,False
1012,2780.0,1028,629854,0.25,0.13473688080501,1937.0261530829885,True,False
1013,560.0,472,630326,0.25,0.13680958804690233,1938.438423457992,True,False
1014,1350.0,741,631067,0.25,0.14503896085394397,1940.6335771659942,True,False
1015,200.0,278,631345,0.25,0.1497140936021294,1941.4676414999994,True,False
1016,550.0,541,631886,0.25,0.1783400569387056,1943.0799374999915,True,False
1017,770.0,580,632466,0.25,0.13474942006427668,1944.8035971659992,True,False
1018,1130.0,816,633282,0.25,0.1447526753113112,1947.2052017499955,True,False
1019,1060.0,710,633992,0.25,0.15879508793312178,1949.2956402499985,True,False
1020,500.0,442,634434,0.25,0.15401030167598617,1950.6350094579975,True,False
1021,1740.0,844,635278,0.25,0.13504148410606723,1954.707816707989,True,False
1022,340.0,390,635668,0.25,0.18267435417035405,1956.0856682079902,True,False
1023,1040.0,618,636286,0.25,0.15815370800820264,1958.0951512499887,True,False
1024,1180.0,554,636840,0.25,0.15373333252752,1959.969428624987,True,False
1025,1140.0,633,637473,0.25,0.1446786566248423,1961.8289161659923,True,False
1026,4360.0,961,638434,0.25,0.15420662271790206,1965.396298749998,True,False
1027,170.0,307,638741,0.25,0.1405302452092821,1966.3441604580003,True,False
1028,790.0,541,639282,0.25,0.1551751031919762,1967.9667474999878,True,False
1029,760.0,670,639952,0.25,0.16645664410177796,1969.9364307499927,True,False
1030,520.0,471,640423,0.25,0.1510935523507432,1971.3319643329887,True,False
1031,500.0,524,640947,0.25,0.16323307494967038,1973.0498649999936,True,False
1032,570.0,547,641494,0.25,0.17983558903155972,1974.9812119159906,True,False
1033,860.0,691,642185,0.25,0.14548869857381533,1977.295519249994,True,False
1034,810.0,726,642911,0.25,0.16258087507269,1979.5048069159966,True,False
1035,380.0,500,643411,0.25,0.16255372703820467,1980.9737554999883,True,False
1036,500.0,549,643960,0.25,0.14269427282978658,1982.610463124991,True,False
1037,310.0,440,644400,0.25,0.16528094453229145,1983.9284273329977,True,False
1038,600.0,496,644896,0.25,0.1717774166365064,1985.4101326249947,True,False
1039,600.0,599,645495,0.25,0.14205684285335893,1987.1700820409897,True,False
1040,680.0,551,646046,0.25,0.1685550506024257,1988.8180909999937,True,False
1041,540.0,599,646645,0.25,0.14611425650616486,1990.6008762079873,True,False
1042,1850.0,1093,647738,0.25,0.1539618590294005,1993.7992554999946,True,False
1043,750.0,697,648435,0.25,0.16041600246025228,1995.8594874159899,True,False
1044,1100.0,725,649160,0.25,0.15409319115045306,1998.001509040987,True,False
1045,860.0,596,649756,0.25,0.15743545496573785,1999.7658689579985,True,False
1046,320.0,452,650208,0.25,0.1420067107651086,2001.112895207989,True,False
1047,750.0,677,650885,0.25,0.1463969670258154,2003.1212558329862,True,False
1048,1530.0,755,651640,0.25,0.16473038227509254,2005.3632385409874,True,False
1049,460.0,563,652203,0.25,0.1557818909441786,2007.0257984579948,True,False
1050,360.0,356,652559,0.25,0.15842037321476454,2008.0915048749885,True,False
1051,360.0,413,652972,0.25,0.16078052662599546,2010.1721664579964,True,False
1052,420.0,457,653429,0.25,0.14419123295106387,2011.6009614159993,True,False
1053,510.0,501,653930,0.25,0.17964141926169394,2014.3677214999916,True,False
1054,230.0,398,654328,0.25,0.15634509336203337,2015.9927472079871,True,False
1055,1030.0,892,655220,0.25,0.15725996350293203,2018.9808350409876,True,False
1056,650.0,607,655827,0.25,0.1469666227846351,2021.083445707991,True,False
1057,410.0,543,656370,0.25,0.16461038756567767,2022.953227291,True,False
1058,740.0,538,656908,0.25,0.1298658533366742,2024.6688151249982,True,False
1059,1190.0,979,657887,0.25,0.16119296731213567,2027.5075613329973,True,False
1060,1200.0,776,658663,0.25,0.15165284529481968,2029.8292286249925,True,False
1061,950.0,829,659492,0.25,0.15681293146469846,2032.2870859999966,True,False
1062,800.0,870,660362,0.25,0.16836266693431662,2034.8565628329961,True,False
1063,780.0,585,660947,0.25,0.1740701602236049,2036.7109734159894,True,False
1064,1230.0,860,661807,0.25,0.1611318937134604,2039.5546077909967,True,False
1065,450.0,443,662250,0.25,0.15181925815639194,2041.069494832991,True,False
1066,300.0,366,662616,0.25,0.15265042597994857,2042.3245243329875,True,False
1067,580.0,562,663178,0.25,0.13265972145433938,2044.0971429999918,True,False
1068,1180.0,911,664089,0.25,0.15087035929032586,2046.7323941249924,True,False
1069,530.0,453,664542,0.25,0.1542310742743775,2048.092021999997,True,False
1070,480.0,513,665055,0.25,0.13294027437223122,2049.6275374159886,True,False
1071,510.0,539,665594,0.25,0.155945716853495,2051.223013625,True,False
1072,940.0,648,666242,0.25,0.14857102387849194,2053.1338347499986,True,False
1073,460.0,473,666715,0.25,0.1513124035387221,2054.550316875,True,False
1074,450.0,505,667220,0.25,0.15831745093263042,2056.050067874996,True,False
1075,1420.0,628,667848,0.25,0.15286520426013286,2057.9131629579933,True,False
1076,1150.0,946,668794,0.25,0.16837429107656166,2061.4299016659934,True,False
1077,780.0,720,669514,0.25,0.14929425378019612,2063.5325819159916,True,False
1078,620.0,556,670070,0.25,0.15580889486151633,2065.1953276249988,True,False
1079,1210.0,666,670736,0.25,0.16855641753373746,2067.218680040998,True,False
1080,370.0,507,671243,0.25,0.17833652385761814,2068.72521679099,True,False
1081,870.0,590,671833,0.25,0.15886263310204488,2070.4948797079996,True,False
1082,560.0,588,672421,0.25,0.16280304044991933,2072.253461540997,True,False
1083,1270.0,862,673283,0.25,0.14588588093255841,2076.487213290995,True,False
1084,1610.0,831,674114,0.25,0.17043658626230004,2079.341358665988,True,False
1085,590.0,539,674653,0.25,0.16733073857095507,2081.196370665988,True,False
1086,430.0,479,675132,0.25,0.15426327350238958,2082.675160707993,True,False
1087,1290.0,1008,676140,0.25,0.17687353082296867,2085.652033708,True,False
1088,1730.0,907,677047,0.25,0.16825237065817403,2088.332411999989,True,False
1089,880.0,610,677657,0.25,0.1271081528827256,2090.153545915993,True,False
1090,540.0,474,678131,0.25,0.16258564468283773,2091.5653640409873,True,False
1091,2330.0,820,678951,0.25,0.14891474350560002,2093.999323207987,True,False
1092,1090.0,708,679659,0.25,0.15524971405159957,2096.099589624995,True,False
1093,880.0,651,680310,0.25,0.165875190331892,2098.031304624994,True,False
1094,410.0,554,680864,0.25,0.14547138989454123,2099.8305482079886,True,False
1095,700.0,595,681459,0.25,0.17214070361208272,2101.5549220409885,True,False
1096,1040.0,857,682316,0.25,0.14663563562167245,2104.1109824579908,True,False
1097,540.0,464,682780,0.25,0.13868240101648302,2105.5036162909964,True,False
1098,650.0,684,683464,0.25,0.1359186287511859,2107.5208161249902,True,False
1099,820.0,685,684149,0.25,0.16322044962853716,2109.5551167499943,True,False
1100,620.0,481,684630,0.25,0.16305005624890329,2111.002126624997,True,False
1101,470.0,448,685078,0.25,0.17576493798489018,2113.1842481659987,True,False
1102,810.0,506,685584,0.25,0.14563777520665971,2114.654360207991,True,False
1103,940.0,766,686350,0.25,0.1698052006827287,2116.960484582989,True,False
1104,2660.0,728,687078,0.25,0.12440380458157141,2119.132981457995,True,False
1105,1210.0,829,687907,0.25,0.13589297646233714,2121.5723182079964,True,False
1106,1080.0,908,688815,0.25,0.1486280027629258,2124.2771979579993,True,False
1107,1030.0,698,689513,0.25,0.16170943368758475,2126.338520499994,True,False
1108,880.0,652,690165,0.25,0.16071427965456722,2128.285842540994,True,False
1109,670.0,554,690719,0.25,0.16355277256419262,2129.944461082996,True,False
1110,950.0,716,691435,0.25,0.1595083750347352,2132.0713537079864,True,False
1111,860.0,755,692190,0.25,0.1589330072421088,2135.352552082986,True,False
1112,240.0,333,692523,0.25,0.16148175689649868,2136.6924066659994,True,False
1113,1490.0,653,693176,0.25,0.15190327764920344,2138.91345537499,True,False
1114,760.0,627,693803,0.25,0.1557909845470045,2140.762523082987,True,False
1115,1400.0,707,694510,0.25,0.13635408192199502,2142.8612353749922,True,False
1116,1060.0,840,695350,0.25,0.14707633347383567,2145.367641457997,True,False
1117,720.0,657,696007,0.25,0.16438723019346957,2147.319427957991,True,False
1118,590.0,524,696531,0.25,0.13732235093835657,2148.891723875,True,False
1119,400.0,411,696942,0.25,0.15472762158267128,2150.1353595830005,True,False
1120,940.0,661,697603,0.25,0.13731518020909844,2152.1051110829867,True,False
1121,470.0,476,698079,0.25,0.13835589684733823,2153.5283764159976,True,False
1122,620.0,584,698663,0.25,0.12231464784796515,2155.2768316250003,True,False
1123,1210.0,830,699493,0.25,0.13937637088999438,2157.7608914159937,True,False
1124,920.0,914,700407,0.25,0.15821442228594892,2160.464211915998,True,False
1125,360.0,428,700835,0.25,0.13412087236609416,2161.7550387079973,True,False
1126,810.0,565,701400,0.25,0.15021331957213477,2164.4506993329996,True,False
1127,1060.0,871,702271,0.25,0.13973077776313927,2166.993766790998,True,False
1128,830.0,618,702889,0.25,0.13892105149645959,2168.8838714579906,True,False
1129,720.0,545,703434,0.25,0.1350684985792374,2170.510600999987,True,False
1130,310.0,424,703858,0.25,0.1508149066061344,2171.7710453749896,True,False
1131,540.0,500,704358,0.25,0.14590841796994208,2173.2581361659977,True,False
1132,550.0,513,704871,0.25,0.13036253117024899,2174.797805457987,True,False
1133,630.0,621,705492,0.25,0.13916090407814735,2176.6380302909965,True,False
1134,850.0,566,706058,0.25,0.14024669818368787,2178.3039279160002,True,False
1135,1300.0,627,706685,0.25,0.1382496345574689,2180.1596863329905,True,False
1136,420.0,454,707139,0.25,0.1273324811023421,2181.5167466659914,True,False
1137,1690.0,812,707951,0.25,0.15215201485039564,2183.920022499995,True,False
1138,760.0,703,708654,0.25,0.1574852738148448,2186.0142547079886,True,False
1139,520.0,493,709147,0.25,0.16727719731568322,2187.502321041,True,False
1140,600.0,579,709726,0.25,0.14448071456161038,2189.2501594579953,True,False
1141,2550.0,981,710707,0.25,0.14712697629417693,2192.133172124988,True,False
1142,310.0,399,711106,0.25,0.13938912902027367,2193.332736624987,True,False
1143,610.0,572,711678,0.25,0.14745985015809954,2195.966760790994,True,False
1144,2190.0,1085,712763,0.25,0.15200049148329509,2199.621945082996,True,False
1145,530.0,486,713249,0.25,0.13737041069591632,2201.053893624994,True,False
1146,690.0,544,713793,0.25,0.16251387449857943,2202.674475832988,True,False
1147,1040.0,960,714753,0.25,0.15122685407598813,2205.5420137499896,True,False
1148,910.0,749,715502,0.25,0.15314888583625702,2207.7538202909927,True,False
1149,620.0,579,716081,0.25,0.1759114301153298,2209.4874614579894,True,False
1150,1550.0,872,716953,0.25,0.14066784012926006,2212.060666749996,True,False
1151,910.0,622,717575,0.25,0.15021892757185043,2215.0357157079998,True,False
1152,920.0,672,718247,0.25,0.17680020103718908,2217.2236341249954,True,False
1153,920.0,669,718916,0.25,0.1637301113279093,2219.2028064999904,True,False
1154,1130.0,848,719764,0.25,0.14011131864005946,2221.7055160409946,True,False
1155,780.0,838,720602,0.25,0.14946782401803008,2224.2423403329885,True,False
1156,1960.0,644,721246,0.25,0.13448717601319649,2226.175163415988,True,False
1157,560.0,516,721762,0.25,0.15191069092283876,2227.8553396249918,True,False
1158,440.0,426,722188,0.25,0.14865680900619965,2229.1086766659864,True,False
1159,1150.0,673,722861,0.25,0.17151350384977246,2231.095315540995,True,False
1160,380.0,407,723268,0.25,0.138797369876913,2232.3517027909984,True,False
1161,700.0,854,724122,0.25,0.1333090486311017,2234.8812171659956,True,False
1162,1730.0,832,724954,0.25,0.15109135550805008,2237.316554332996,True,False
1163,1190.0,660,725614,0.25,0.13397852890193462,2239.264935540996,True,False
1164,730.0,580,726194,0.25,0.14106169730938714,2240.982804165993,True,False
1165,1350.0,700,726894,0.25,0.14392167500087194,2243.046929624994,True,False
1166,1150.0,981,727875,0.25,0.1401775908713438,2245.9234915829875,True,False
1167,2180.0,762,728637,0.25,0.14159801632595,2248.1649180409877,True,False
1168,860.0,563,729200,0.25,0.1268634789405351,2249.824221207993,True,False
1169,520.0,531,729731,0.25,0.1324321611389292,2251.38794437499,True,False
1170,590.0,678,730409,0.25,0.13361154222751365,2253.428843540998,True,False
1171,610.0,459,730868,0.25,0.13805853637016338,2254.833423749995,True,False
1172,1180.0,803,731671,0.25,0.16623554126359522,2257.20387225,True,False
1173,380.0,418,732089,0.25,0.1443238421210221,2258.458294207987,True,False
1174,470.0,622,732711,0.25,0.138019733154966,2260.3051055409887,True,False
1175,450.0,534,733245,0.25,0.16014926806926283,2261.909442749995,True,False
1176,930.0,620,733865,0.25,0.14213376629256433,2264.4384257079946,True,False
1177,1000.0,769,734634,0.25,0.14912474419300756,2268.1519319159997,True,False
1178,990.0,671,735305,0.25,0.12324362381228379,2270.7051587079914,True,False
1179,1390.0,1154,736459,0.25,0.12502479116018447,2274.7090307499893,True,False
1180,660.0,630,737089,0.25,0.14996717418720829,2276.5947850409866,True,False
1181,560.0,477,737566,0.25,0.1303161396762403,2278.0302850409935,True,False
1182,1420.0,609,738175,0.25,0.1461598650233722,2279.8577246249915,True,False
1183,620.0,559,738734,0.25,0.13344435208876218,2281.537166915994,True,False
1184,640.0,527,739261,0.25,0.11968325391750444,2283.110174665999,True,False
1185,610.0,641,739902,0.25,0.13190472197020425,2285.023290165991,True,False
1186,880.0,565,740467,0.25,0.13436124559676815,2286.76624287499,True,False
1187,730.0,762,741229,0.25,0.14642913519594994,2289.05332120799,True,False
1188,1430.0,885,742114,0.25,0.1340659678622878,2291.8200147499883,True,False
1189,860.0,671,742785,0.25,0.12885786298041543,2293.775101374995,True,False
1190,500.0,478,743263,0.25,0.1384293140859163,2295.194898124988,True,False
1191,1340.0,697,743960,0.25,0.1431233676842281,2297.2754172909918,True,False
1192,540.0,491,744451,0.25,0.1418494656376663,2298.876667915989,True,False
1193,740.0,611,745062,0.25,0.13703759094955875,2300.9791700409987,True,False
1194,1340.0,839,745901,0.25,0.1291507250407622,2303.7342750829994,True,False
1195,760.0,602,746503,0.25,0.13246505364775657,2305.4972717079945,True,False
1196,790.0,739,747242,0.25,0.12368690008045853,2307.666081749994,True,False
1197,460.0,507,747749,0.25,0.13820193096350028,2309.1787812909897,True,False
1198,600.0,631,748380,0.25,0.12594395537589548,2311.0474572079984,True,False
1199,630.0,585,748965,0.25,0.12578151451602373,2312.770360374998,True,False
1200,940.0,763,749728,0.25,0.14460815298151594,2315.0400224999903,True,False
1201,2230.0,1004,750732,0.25,0.14542424027247733,2318.649233958,True,False
1202,1050.0,738,751470,0.25,0.1277110558813033,2320.8418049159955,True,False
1203,1510.0,793,752263,0.25,0.132436077477354,2323.1674409579864,True,False
1204,410.0,512,752775,0.25,0.1171034346189117,2324.7205107079935,True,False
1205,620.0,523,753298,0.25,0.14194133185305213,2327.5239591249992,True,False
1206,410.0,409,753707,0.25,0.15017153052430526,2329.128108290999,True,False
1207,460.0,496,754203,0.25,0.1282695808838452,2330.9815728749963,True,False
1208,1230.0,660,754863,0.25,0.13477092186609904,2333.131480540993,True,False
1209,530.0,501,755364,0.25,0.11960434218839047,2334.8879460409953,True,False
1210,540.0,520,755884,0.25,0.12721823393725432,2336.4207568329875,True,False
1211,550.0,497,756381,0.25,0.13590793535413762,2337.9631702909974,True,False
1212,660.0,515,756896,0.25,0.13410662068415058,2339.57904099999,True,False
1213,1350.0,754,757650,0.25,0.13850269632096937,2341.7767715409864,True,False
1214,460.0,484,758134,0.25,0.13828861644137497,2343.221449290999,True,False
1215,440.0,481,758615,0.25,0.15259445486590267,2344.6529238329967,True,False
1216,1200.0,789,759404,0.25,0.15601366169449657,2346.987580707995,True,False
1217,810.0,808,760212,0.25,0.1304218965204488,2349.3816072079935,True,False
1218,620.0,485,760697,0.25,0.13355140854442907,2350.831291999988,True,False
1219,1180.0,829,761526,0.25,0.12461149958884658,2353.268942124996,True,False
1220,500.0,477,762003,0.25,0.12173894496963304,2354.6836400409957,True,False
1221,1400.0,854,762857,0.25,0.12460182106696835,2357.2845412909955,True,False
1222,840.0,647,763504,0.25,0.14816625626688754,2359.2303969579953,True,False
1223,640.0,569,764073,0.25,0.12057789731246064,2360.9272509159928,True,False
1224,770.0,758,764831,0.25,0.11884426419184636,2363.1397179159976,True,False
1225,420.0,427,765258,0.25,0.14618519674464364,2364.4165708329965,True,False
1226,1280.0,970,766228,0.25,0.1279101173772856,2368.173516499999,True,False
1227,730.0,699,766927,0.25,0.1218254261211246,2370.251499291,True,False
1228,620.0,582,767509,0.25,0.10709508340040298,2372.0022368329955,True,False
1229,710.0,436,767945,0.25,0.13522571930234586,2373.281216874995,True,False
1230,830.0,687,768632,0.25,0.12859038510468118,2375.3168993750005,True,False
1231,500.0,473,769105,0.25,0.1586191671884666,2376.7279514580005,True,False
1232,460.0,424,769529,0.25,0.1603964062161603,2377.9936087079986,True,False
1233,680.0,649,770178,0.25,0.12760014190442032,2379.915623707988,True,False
1234,660.0,605,770783,0.25,0.12883065256061932,2381.721439749992,True,False
1235,640.0,479,771262,0.25,0.14800201640464367,2383.1463642499875,True,False
1236,1210.0,1160,772422,0.25,0.14484528286446785,2386.5430874999875,True,False
1237,500.0,481,772903,0.25,0.14119097207052012,2389.165561332993,True,False
1238,290.0,309,773212,0.25,0.13522445286313692,2390.441701541,True,False
1239,420.0,415,773627,0.25,0.16600414285960707,2392.0232304999954,True,False
1240,410.0,481,774108,0.25,0.1185990467452067,2393.672460415997,True,False
1241,690.0,593,774701,0.25,0.11575172572220499,2395.635477249991,True,False
1242,320.0,478,775179,0.25,0.13459439287666514,2397.0441612909926,True,False
1243,1450.0,914,776093,0.25,0.14420054543877273,2399.725512249992,True,False
1244,1570.0,1122,777215,0.25,0.14854386651090212,2403.0331428749923,True,False
1245,1040.0,870,778085,0.25,0.13458635931441543,2405.6072034579993,True,False
1246,1320.0,803,778888,0.25,0.14199925169571123,2407.9658301659947,True,False
1247,730.0,679,779567,0.25,0.136746365819457,2409.9778943329875,True,False
1248,1680.0,906,780473,0.25,0.11711367948333598,2412.6441698329872,True,False
1249,880.0,744,781217,0.25,0.13812936402817247,2414.8527653749916,True,False
1250,880.0,634,781851,0.25,0.1350682112565146,2416.7203715829964,True,False
1251,1120.0,554,782405,0.25,0.14777657298518598,2419.271282290996,True,False
1252,530.0,485,782890,0.25,0.11678890973206393,2420.7826030409924,True,False
1253,440.0,464,783354,0.25,0.13284147029806828,2422.174827625,True,False
1254,910.0,639,783993,0.25,0.14706747164018452,2424.0718711659865,True,False
1255,610.0,562,784555,0.25,0.13478812629889164,2425.728778915989,True,False
1256,710.0,529,785084,0.25,0.14349868518293352,2427.2890994999907,True,False
1257,840.0,628,785712,0.25,0.1353004670636669,2429.1501422909932,True,False
1258,420.0,500,786212,0.25,0.13767179453372955,2430.6241207909916,True,False
1259,370.0,489,786701,0.25,0.14067058445366679,2432.085872124997,True,False
1260,1160.0,751,787452,0.25,0.14353556174071544,2434.3218951659946,True,False
1261,1540.0,699,788151,0.25,0.11888389046378862,2436.384021332997,True,False
1262,360.0,416,788567,0.25,0.12355623270671529,2437.6450817909936,True,False
1263,1510.0,805,789372,0.25,0.13131764119878264,2440.03358974999,True,False
1264,800.0,806,790178,0.25,0.15805817777244605,2442.4393414160004,True,False
1265,680.0,631,790809,0.25,0.11455572424810144,2444.344550665992,True,False
1266,740.0,659,791468,0.25,0.12388172955675558,2446.300954999999,True,False
1267,380.0,367,791835,0.25,0.13663125897829348,2447.3987967909925,True,False
1268,320.0,440,792275,0.25,0.1492564932019873,2449.787122624999,True,False
1269,840.0,667,792942,0.25,0.1290113727400403,2452.428975457995,True,False
1270,1170.0,556,793498,0.25,0.11934700206243734,2454.249936458,True,False
1271,680.0,609,794107,0.25,0.1289346606201051,2456.3092635409994,True,False
1272,960.0,628,794735,0.25,0.12824957151037114,2458.168496290993,True,False
1273,660.0,623,795358,0.25,0.13037360033306938,2460.2352060409903,True,False
1274,1340.0,817,796175,0.25,0.12016532566471427,2462.675672499987,True,False
1275,620.0,545,796720,0.25,0.13526912837078536,2464.2846273329924,True,False
1276,1870.0,1087,797807,0.25,0.14422669093299836,2468.561607874988,True,False
1277,430.0,473,798280,0.25,0.13821950650327847,2469.9883129999944,True,False
1278,1390.0,970,799250,0.25,0.1162779837200218,2472.8469965409895,True,False
1279,1130.0,776,800026,0.25,0.13267293898868807,2475.2258016659907,True,False
1280,380.0,483,800509,0.25,0.14643283357674425,2476.7118953749887,True,False
1281,2730.0,933,801442,0.25,0.1450598227347811,2479.4608745000005,True,False
1282,340.0,413,801855,0.25,0.146889687850348,2480.70009462499,True,False
1283,1050.0,956,802811,0.25,0.12780825902072704,2483.543129624988,True,False
1284,670.0,622,803433,0.25,0.14963899767742708,2485.4712669999863,True,False
1285,1320.0,570,804003,0.25,0.12375293241840013,2487.1562045829924,True,False
1286,1370.0,629,804632,0.25,0.12142975529349304,2489.038209457998,True,False
1287,1380.0,1124,805756,0.25,0.13120490680465283,2492.3370748329908,True,False
1288,780.0,511,806267,0.25,0.11712730956065842,2493.844865583,True,False
1289,720.0,603,806870,0.25,0.13084450861229407,2495.624638832989,True,False
1290,420.0,494,807364,0.25,0.12066831429218573,2497.0867724579875,True,False
1291,470.0,452,807816,0.25,0.1532723656402225,2498.4317349159974,True,False
1292,1110.0,728,808544,0.25,0.12610870980463185,2500.571940040987,True,False
1293,450.0,518,809062,0.25,0.12610280229312967,2502.0982674579864,True,False
1294,1080.0,734,809796,0.25,0.14430345832775143,2504.279271374995,True,False
1295,970.0,773,810569,0.25,0.11623450401456245,2506.5649216249876,True,False
1296,1140.0,939,811508,0.25,0.11933003729803765,2510.149744999988,True,False
1297,750.0,549,812057,0.25,0.12846195896285295,2512.380565665997,True,False
1298,860.0,858,812915,0.25,0.13513673467683457,2515.092090582999,True,False
1299,380.0,410,813325,0.25,0.13938460263957098,2516.3184072909935,True,False
1300,1490.0,1027,814352,0.25,0.15416756565845663,2519.3323649159865,True,False
1301,500.0,474,814826,0.25,0.12072864452661095,2521.716211915991,True,False
1302,830.0,653,815479,0.25,0.1337223925564918,2523.6049906249973,True,False
1303,580.0,520,815999,0.25,0.11771633420139552,2525.1726146250003,True,False
1304,530.0,516,816515,0.25,0.12838880303351916,2526.842396582986,True,False
1305,430.0,494,817009,0.25,0.1263414504787614,2528.3532424999867,True,False
1306,820.0,754,817763,0.25,0.13602787751625192,2530.562727499986,True,False
1307,660.0,568,818331,0.25,0.13460425825291117,2532.282993374989,True,False
1308,1180.0,620,818951,0.25,0.13460584749137203,2534.3596319159988,True,False
1309,1090.0,718,819669,0.25,0.12448643392158878,2536.479883082997,True,False
1310,1410.0,599,820268,0.25,0.11900356952100992,2538.283225957988,True,False
1311,490.0,474,820742,0.25,0.1257715151029623,2539.7117684159894,True,False
1312,410.0,453,821195,0.25,0.12233463035220593,2541.0768112909864,True,False
1313,550.0,545,821740,0.25,0.16484847672990638,2542.7277596249914,True,False
1314,1020.0,870,822610,0.25,0.1298006789389706,2545.5467007499974,True,False
1315,770.0,595,823205,0.25,0.10357934754066819,2548.086621874987,True,False
1316,630.0,618,823823,0.25,0.1123298942655712,2549.93012291599,True,False
1317,630.0,614,824437,0.25,0.11817749399788581,2551.774355415997,True,False
1318,500.0,487,824924,0.25,0.13536798709728678,2553.2532039579964,True,False
1319,1710.0,1267,826191,0.25,0.1130753954094422,2557.0904063329945,True,False
1320,1590.0,809,827000,0.25,0.1296490099042507,2559.502080124992,True,False
1321,740.0,683,827683,0.25,0.12351853272275012,2561.555441040997,True,False
1322,540.0,651,828334,0.25,0.1391742265800391,2563.5159530829987,True,False
1323,640.0,568,828902,0.25,0.11749770960600024,2565.2329398329894,True,False
1324,1260.0,847,829749,0.25,0.1216409107547183,2567.779702874992,True,False
1325,2350.0,736,830485,0.25,0.13500907316641964,2570.8053551659978,True,False
1326,860.0,649,831134,0.25,0.129485331820669,2574.193403082987,True,False
1327,510.0,525,831659,0.25,0.12795806448650723,2576.123338833,True,False
1328,1020.0,790,832449,0.25,0.1301217798538732,2579.0029679579893,True,False
1329,830.0,717,833166,0.25,0.12938112593854273,2581.12880174999,True,False
1330,1430.0,974,834140,0.25,0.1373314665874741,2584.0636845829868,True,False
1331,970.0,774,834914,0.25,0.1456079865598308,2586.387094999998,True,False
1332,410.0,377,835291,0.25,0.14000725500444147,2587.508634124999,True,False
1333,250.0,334,835625,0.25,0.10685938135499046,2588.5165585829964,True,False
1334,1030.0,811,836436,0.25,0.1338247672328955,2590.963165582987,True,False
1335,590.0,593,837029,0.25,0.15150787698960788,2592.7514594999957,True,False
1336,1030.0,813,837842,0.25,0.14353457722684432,2595.137827790997,True,False
1337,1210.0,951,838793,0.25,0.12713711915396841,2597.9503168329975,True,False
1338,490.0,433,839226,0.25,0.1285863896417949,2599.2648117079952,True,False
1339,730.0,613,839839,0.25,0.1381614303301557,2601.106857166,True,False
1340,2160.0,694,840533,0.25,0.14500210083079065,2603.167584499999,True,False
1341,590.0,511,841044,0.25,0.11504333242191933,2604.7137570409977,True,False
1342,1430.0,1178,842222,0.25,0.12226436430347615,2608.1641343329975,True,False
1343,390.0,482,842704,0.25,0.12213749258417236,2609.606505541,True,False
1344,1150.0,571,843275,0.25,0.12541847324497263,2611.3321412079968,True,False
1345,1610.0,1009,844284,0.25,0.12031420181126228,2614.385417749989,True,False
1346,330.0,549,844833,0.25,0.14404468400145534,2616.002956540993,True,False
1347,1330.0,885,845718,0.25,0.12564935419725348,2618.6205334159895,True,False
1348,1190.0,577,846295,0.25,0.11816251391751899,2620.3168739579996,True,False
1349,490.0,657,846952,0.25,0.12680768399979128,2622.273832665989,True,False
1350,840.0,662,847614,0.25,0.11507094711291067,2624.3963793749863,True,False
1351,1240.0,824,848438,0.25,0.12007002867939114,2628.3192276659975,True,False
1352,500.0,608,849046,0.25,0.11581892162365348,2630.2319643329974,True,False
1353,990.0,849,849895,0.25,0.11089042317614241,2632.7400232079963,True,False
1354,1030.0,758,850653,0.25,0.1354206116183808,2635.114583290997,True,False
1355,990.0,601,851254,0.25,0.12287894666194915,2636.921115249992,True,False
1356,1380.0,828,852082,0.25,0.13414913104568127,2639.7159136249975,True,False
1357,520.0,604,852686,0.25,0.1444555184995102,2642.802232124988,True,False
1358,770.0,687,853373,0.25,0.10065507240116943,2645.6441238749976,True,False
1359,480.0,566,853939,0.25,0.12746760008711341,2647.75157295799,True,False
1360,800.0,594,854533,0.25,0.14172255372841086,2650.2447925409942,True,False
1361,1070.0,787,855320,0.25,0.12321466636763612,2652.6387328329874,True,False
1362,1040.0,693,856013,0.25,0.12825102396740046,2654.6760381249915,True,False
1363,320.0,366,856379,0.25,0.12406461067743353,2655.8420799999876,True,False
1364,430.0,527,856906,0.25,0.1273171273060143,2657.4451363329863,True,False
1365,610.0,527,857433,0.25,0.10347482618508917,2659.0693393330002,True,False
1366,1230.0,842,858275,0.25,0.14107603256901105,2662.0543718749977,True,False
1367,450.0,483,858758,0.25,0.12164565706856487,2663.7103849999985,True,False
1368,740.0,655,859413,0.25,0.13208375731483102,2665.688758790988,True,False
1369,2210.0,774,860187,0.25,0.13066914901523394,2668.0583657499956,True,False
1370,910.0,878,861065,0.25,0.11439889218996871,2670.72378583299,True,False
1371,770.0,535,861600,0.25,0.12990468319283047,2672.3298593749932,True,False
1372,980.0,943,862543,0.25,0.13993838099723166,2675.1272161249944,True,False
1373,510.0,568,863111,0.25,0.12111365629858534,2676.9604971659865,True,False
1374,570.0,642,863753,0.25,0.19774069949429227,2678.895656374996,True,False
1375,830.0,757,864510,0.25,0.1359587619623179,2681.1391009579966,True,False
1376,1150.0,739,865249,0.25,0.12205036210047232,2684.2831582910003,True,False
1377,1260.0,690,865939,0.25,0.11877485839000275,2686.3470677499863,True,False
1378,1200.0,1009,866948,0.25,0.12714726354175876,2689.314624999999,True,False
1379,750.0,650,867598,0.25,0.14842421065923977,2691.2303584159963,True,False
1380,530.0,524,868122,0.25,0.14065583149781663,2692.797938415999,True,False
1381,1290.0,632,868754,0.25,0.12680390076358108,2694.6615048749954,True,False
1382,1400.0,904,869658,0.25,0.14145642876690995,2697.30997224999,True,False
1383,1100.0,677,870335,0.25,0.10734838385068805,2699.322443665995,True,False
1384,2490.0,1008,871343,0.25,0.1316587323219412,2702.4686231249943,True,False
1385,690.0,632,871975,0.25,0.13076683795197477,2705.4634542079875,True,False
1386,420.0,453,872428,0.25,0.11214420250045103,2707.1131629999873,True,False
1387,670.0,651,873079,0.25,0.13095107119254493,2709.049902707993,True,False
1388,610.0,585,873664,0.25,0.12035300374842015,2710.7875172499917,True,False
1389,510.0,478,874142,0.25,0.14089351745338,2712.221309332992,True,False
1390,540.0,648,874790,0.25,0.12070607526204837,2714.162267624997,True,False
1391,820.0,706,875496,0.25,0.12861023989563944,2716.2627648749913,True,False
1392,570.0,638,876134,0.25,0.11510854439353044,2718.1704724579904,True,False
1393,780.0,712,876846,0.25,0.12918575655334116,2720.3248611249874,True,False
1394,910.0,664,877510,0.25,0.13233494404030133,2722.3390929999878,True,False
1395,460.0,481,877991,0.25,0.13813222081710894,2723.7743292499945,True,False
1396,1090.0,774,878765,0.25,0.13273402875692575,2726.078606332987,True,False
1397,1080.0,810,879575,0.25,0.13266432380285298,2728.494158915986,True,False
1398,760.0,734,880309,0.25,0.13334712132042192,2730.700393832987,True,False
1399,1390.0,896,881205,0.25,0.1272123016450288,2733.3452307499974,True,False
1400,700.0,641,881846,0.25,0.10818878549616784,2735.2484524579922,True,False
1401,510.0,522,882368,0.25,0.11788804465122805,2737.7179093749874,True,False
1402,640.0,521,882889,0.25,0.12764423528256325,2739.5123739579867,True,False
1403,720.0,585,883474,0.25,0.12550979975151688,2741.2390034579876,True,False
1404,1770.0,1043,884517,0.25,0.11896100040111277,2744.3043584579864,True,False
1405,530.0,497,885014,0.25,0.1424835542998006,2745.8024660409865,True,False
1406,1310.0,971,885985,0.25,0.12401172818439733,2748.6522281249927,True,False
1407,1230.0,754,886739,0.25,0.1156294886914498,2750.864910874996,True,False
1408,690.0,619,887358,0.25,0.10909023348602556,2752.6978918749955,True,False
1409,780.0,561,887919,0.25,0.13839223637644735,2754.3544559159927,True,False
1410,310.0,453,888372,0.25,0.12459936318102113,2755.700541040991,True,False
1411,370.0,424,888796,0.25,0.1005853128461343,2756.97504908299,True,False
1412,1720.0,948,889744,0.25,0.13542275564580025,2759.7766950410005,True,False
1413,1180.0,666,890410,0.25,0.1317662396973156,2761.748875874997,True,False
1414,1200.0,712,891122,0.25,0.11996112593313617,2764.7331649159896,True,False
1415,1480.0,634,891756,0.25,0.16197723557926574,2767.104918415993,True,False
1416,1110.0,757,892513,0.25,0.14424606548651817,2769.3345003329887,True,False
1417,1230.0,878,893391,0.25,0.1318610869858363,2771.918865832995,True,False
1418,1070.0,590,893981,0.25,0.10963168011575534,2773.703121457991,True,False
1419,830.0,650,894631,0.25,0.12849583492878777,2775.6296271249885,True,False
1420,390.0,450,895081,0.25,0.13619851370432737,2776.954669957995,True,False
1421,1270.0,799,895880,0.25,0.13522510706447066,2779.3288064579974,True,False
1422,1400.0,814,896694,0.25,0.12469987421677324,2781.7305095829943,True,False
1423,570.0,497,897191,0.25,0.1485390779862721,2783.2149299159937,True,False
1424,640.0,615,897806,0.25,0.13388379033074363,2785.1268970829988,True,False
1425,1420.0,822,898628,0.25,0.13636317657469546,2787.5982992909994,True,False
1426,360.0,420,899048,0.25,0.1433552684528487,2789.8289999159897,True,False
1427,950.0,677,899725,0.25,0.12963753622355897,2791.8292314159917,True,False
1428,380.0,421,900146,0.25,0.12069604591954322,2793.1019071659975,True,False
1429,410.0,421,900567,0.25,0.11052713057114964,2794.371950582994,True,False
1430,930.0,704,901271,0.25,0.11488149830521169,2796.4617782079877,True,False
1431,1460.0,569,901840,0.25,0.12370690919615172,2798.1714557909872,True,False
1432,840.0,668,902508,0.25,0.11786401760346162,2800.151585082989,True,False
1433,1870.0,1075,903583,0.25,0.13330900851192315,2803.330003165989,True,False
1434,1290.0,678,904261,0.25,0.1350944072336835,2805.4675236249896,True,False
1435,1270.0,817,905078,0.25,0.134985945141856,2807.908275790993,True,False
1436,400.0,559,905637,0.25,0.1416247284039855,2809.574730124994,True,False
1437,470.0,466,906103,0.25,0.13278621515451833,2810.943794999999,True,False
1438,1030.0,859,906962,0.25,0.147206526544205,2813.4800670829864,True,False
1439,450.0,420,907382,0.25,0.12086586047496115,2814.7456297499884,True,False
1440,760.0,671,908053,0.25,0.11555431726654726,2816.706885290987,True,False
1441,1160.0,874,908927,0.25,0.1338468963587913,2819.267787332996,True,False
1442,1630.0,810,909737,0.25,0.13565237216394524,2821.6688148749963,True,False
1443,530.0,420,910157,0.25,0.11901673419134957,2822.9125074159965,True,False
1444,440.0,508,910665,0.25,0.11888046976266883,2824.4324333749973,True,False
1445,740.0,588,911253,0.25,0.11981499728550311,2826.1607857079944,True,False
1446,830.0,722,911975,0.25,0.15405075498339202,2828.284856207989,True,False
1447,980.0,665,912640,0.25,0.11759196947925463,2830.253960707996,True,False
1448,1380.0,1077,913717,0.25,0.13765588367434017,2833.4151283329993,True,False
1449,690.0,576,914293,0.25,0.13737942882451332,2835.122592999993,True,False
1450,340.0,383,914676,0.25,0.0995806969779854,2836.274991582992,True,False
1451,820.0,734,915410,0.25,0.12402956801481911,2839.3853597499983,True,False
1452,520.0,588,915998,0.25,0.1349250747233021,2841.1281743750005,True,False
1453,720.0,678,916676,0.25,0.12017733248717645,2843.1874140829896,True,False
1454,400.0,388,917064,0.25,0.13112533084817768,2844.3536199999944,True,False
1455,950.0,919,917983,0.25,0.12003453282484841,2847.0384932499874,True,False
1456,1250.0,726,918709,0.25,0.13947092648595572,2849.194960790992,True,False
1457,1060.0,784,919493,0.25,0.12116014646670344,2851.5022724579903,True,False
1458,1410.0,804,920297,0.25,0.13373823819765404,2853.877734499998,True,False
1459,2020.0,1020,921317,0.25,0.13630498585236422,2856.851029540994,True,False
1460,2090.0,785,922102,0.25,0.12201501606792516,2859.1720095409983,True,False
1461,1650.0,818,922920,0.25,0.1344194737512891,2861.601182665996,True,False
1462,1310.0,1039,923959,0.25,0.12012489072431928,2864.6536924999964,True,False
1463,640.0,573,924532,0.25,0.10985547908219612,2866.3593283329974,True,False
1464,630.0,564,925096,0.25,0.139329435343438,2868.125568915988,True,False
1465,630.0,604,925700,0.25,0.12767089216272956,2869.9103297909896,True,False
1466,810.0,604,926304,0.25,0.13876837709092146,2871.7136324579915,True,False
1467,2680.0,981,927285,0.25,0.12471202677305863,2874.5850644159946,True,False
1468,860.0,675,927960,0.25,0.1339005992014909,2876.591829082987,True,False
1469,1410.0,820,928780,0.25,0.13389319333179694,2879.0357513329946,True,False
1470,730.0,645,929425,0.25,0.12189032794525904,2880.9582165829925,True,False
1471,680.0,707,930132,0.25,0.13377544313332454,2883.04153412499,True,False
1472,430.0,412,930544,0.25,0.172361368512355,2884.2801514159946,True,False
1473,780.0,663,931207,0.25,0.14868468141013927,2886.242793957994,True,False
1474,800.0,499,931706,0.25,0.11754005362093449,2887.741461749989,True,False
1475,760.0,747,932453,0.25,0.1229635814234694,2889.9585417909984,True,False
1476,1520.0,792,933245,0.25,0.15150827476096274,2893.1554738749983,True,False
1477,430.0,468,933713,0.25,0.10929594243056753,2894.5559414159943,True,False
1478,1480.0,698,934411,0.25,0.12670632792187148,2896.6116787499923,True,False
1479,1550.0,972,935383,0.25,0.12060027737400414,2899.4588167499896,True,False
1480,510.0,504,935887,0.25,0.14981634304341343,2900.9626457079867,True,False
1481,310.0,341,936228,0.25,0.10519799516471319,2902.0087082909886,True,False
1482,870.0,785,937013,0.25,0.11314573502928323,2904.3131823329895,True,False
1483,1080.0,666,937679,0.25,0.13295780733811208,2906.273751665998,True,False
1484,470.0,598,938277,0.25,0.12814848986764749,2908.052461165993,True,False
1485,880.0,641,938918,0.25,0.12751653279410674,2909.9571961249894,True,False
1486,1440.0,647,939565,0.25,0.14720058307787517,2911.8648386659916,True,False
1487,1000.0,765,940330,0.25,0.13847283231026214,2914.1223883749917,True,False
1488,230.0,356,940686,0.25,0.12279336250732455,2915.1948532909882,True,False
1489,1130.0,684,941370,0.25,0.11676470158697917,2917.2078866659867,True,False
1490,950.0,910,942280,0.25,0.13306850100164874,2919.898233707994,True,False
1491,540.0,545,942825,0.25,0.12865488114766777,2921.5144867909985,True,False
1492,1760.0,898,943723,0.25,0.14825203811882862,2924.1674053329916,True,False
1493,660.0,504,944227,0.25,0.13349099885967988,2925.671843499993,True,False
1494,900.0,595,944822,0.25,0.13698868978543569,2927.4338766250003,True,False
1495,650.0,582,945404,0.25,0.1199534401067928,2929.16494745799,True,False
1496,2500.0,916,946320,0.25,0.12208908585644446,2932.0093314999976,True,False
1497,2550.0,1067,947387,0.25,0.1228418948366902,2935.08400170799,True,False
1498,350.0,362,947749,0.25,0.10313943208573939,2936.4047356659867,True,False
1499,1060.0,700,948449,0.25,0.13168217134262833,2938.5268521249964,True,False
1500,510.0,534,948983,0.25,0.13226141052362614,2940.0713700829947,True,False
1501,820.0,675,949658,0.25,0.15330082352256633,2943.065994999997,True,False
1502,610.0,518,950176,0.25,0.1492377697991637,2944.7117908749933,True,False
1503,480.0,534,950710,0.25,0.13578119565893834,2946.316713957989,True,False
1504,2160.0,790,951500,0.25,0.1492097187561519,2948.6806428329874,True,False
1505,760.0,774,952274,0.25,0.12897727626901834,2951.8375135829992,True,False
1506,730.0,534,952808,0.25,0.15076311471969334,2954.426715374997,True,False
1507,590.0,485,953293,0.25,0.12461155805398118,2956.3190952499863,True,False
1508,1220.0,950,954243,0.25,0.15686129310211552,2960.0693439999886,True,False
1509,700.0,534,954777,0.25,0.1209253773315629,2961.8232482909953,True,False
1510,480.0,454,955231,0.25,0.1144486165943399,2963.159134332993,True,False
1511,860.0,816,956047,0.25,0.1382168121818526,2965.5828737909906,True,False
1512,810.0,746,956793,0.25,0.12442819329905,2968.0231102909893,True,False
1513,370.0,382,957175,0.25,0.1411775949558145,2969.3496832909877,True,False
1514,1550.0,787,957962,0.25,0.14185230933167609,2972.0033522079902,True,False
1515,760.0,626,958588,0.25,0.11948306156191857,2973.8791601659905,True,False
1516,620.0,527,959115,0.25,0.14233329145678583,2975.424735458,True,False
1517,380.0,484,959599,0.25,0.1588776856968718,2976.881131874994,True,False
1518,1020.0,592,960191,0.25,0.14483385792354475,2978.6773227499943,True,False
1519,800.0,590,960781,0.25,0.19825990243840055,2980.4290698749974,True,False
1520,1690.0,620,961401,0.25,0.15016187487110014,2982.284077832999,True,False
1521,1310.0,783,962184,0.25,0.14517176714820826,2984.615528957991,True,False
1522,790.0,638,962822,0.25,0.14097651165658198,2986.520867665997,True,False
1523,1390.0,772,963594,0.25,0.15409995592319903,2988.8032175829867,True,False
1524,1420.0,963,964557,0.25,0.12882525856409577,2991.6428873749974,True,False
1525,450.0,452,965009,0.25,0.13614897835439285,2992.998744707991,True,False
1526,1640.0,1067,966076,0.25,0.13971774768405193,2997.124135291,True,False
1527,1430.0,844,966920,0.25,0.14698960247197987,2999.633563874988,True,False
1528,580.0,514,967434,0.25,0.12300833172048442,3001.1484317079885,True,False
1529,580.0,564,967998,0.25,0.15278630534596477,3002.8064663749974,True,False
1530,1090.0,831,968829,0.25,0.14939634489397016,3005.2547687909973,True,False
1531,1140.0,825,969654,0.25,0.11719418193204599,3007.6795965409983,True,False
1532,930.0,814,970468,0.25,0.13088917376144843,3010.0806483329943,True,False
1533,880.0,619,971087,0.25,0.15067474956491164,3011.90338587499,True,False
1534,2190.0,854,971941,0.25,0.16657233971092744,3016.1319117079984,True,False
1535,360.0,413,972354,0.25,0.1510435516032779,3017.6298211659887,True,False
1536,1140.0,962,973316,0.25,0.13877572680348182,3020.823614415989,True,False
1537,2030.0,655,973971,0.25,0.1606920430539576,3022.788536582986,True,False
1538,610.0,600,974571,0.25,0.1542999298373858,3024.5522820829938,True,False
1539,560.0,446,975017,0.25,0.15920924747894918,3025.9033386659867,True,False
1540,1310.0,1010,976027,0.25,0.13153459779208615,3028.8973580409947,True,False
1541,420.0,373,976400,0.25,0.1506965852719038,3030.035741832995,True,False
1542,380.0,466,976866,0.25,0.15384038089742436,3031.41495174999,True,False
1543,2780.0,934,977800,0.25,0.1263258692004487,3034.153892040995,True,False
1544,2100.0,681,978481,0.25,0.13825019731679383,3036.163296832994,True,False
1545,1500.0,1013,979494,0.25,0.1589127556373008,3039.132222415996,True,False
1546,770.0,752,980246,0.25,0.13850734456184696,3041.357939374997,True,False
1547,1790.0,1019,981265,0.25,0.14295673892632418,3044.335105374994,True,False
1548,1110.0,878,982143,0.25,0.14051101870460597,3046.913058499995,True,False
1549,1160.0,827,982970,0.25,0.15548556810019962,3049.3601172909985,True,False
1550,600.0,521,983491,0.25,0.1538211095218475,3050.9067234999966,True,False
1551,700.0,543,984034,0.25,0.1778593763763852,3053.2228297909896,True,False
1552,990.0,812,984846,0.25,0.15276355177090672,3055.623634165997,True,False
1553,1120.0,956,985802,0.25,0.14061739993238798,3058.4548951659963,True,False
1554,1160.0,748,986550,0.25,0.11742350982033951,3060.75806441599,True,False
1555,600.0,468,987018,0.25,0.13868307943145433,3062.1270294159913,True,False
1556,570.0,446,987464,0.25,0.1604559031381671,3063.4711414579942,True,False
1557,1170.0,952,988416,0.25,0.14208381949775234,3066.286871624994,True,False
1558,1000.0,581,988997,0.25,0.13755448307713558,3067.9975331659953,True,False
1559,1790.0,983,989980,0.25,0.1377725039071184,3070.898562165996,True,False
1560,430.0,436,990416,0.25,0.14537155026689583,3072.201452999987,True,False
1561,1230.0,800,991216,0.25,0.1282623370923102,3075.7552591249987,True,False
1562,930.0,946,992162,0.25,0.13867022661429088,3079.3028022910003,True,False
1563,1220.0,654,992816,0.25,0.1401560966652341,3081.4992972909968,True,False
1564,320.0,366,993182,0.25,0.16841733328752465,3082.633191874993,True,False
1565,670.0,575,993757,0.25,0.13186423843985218,3084.346680666,True,False
1566,680.0,594,994351,0.25,0.14872083113201567,3086.1182615409925,True,False
1567,2530.0,1055,995406,0.25,0.1309591669546948,3089.2457679159997,True,False
1568,2060.0,1389,996795,0.25,0.13599887242277692,3093.3335339999903,True,False
1569,1210.0,837,997632,0.25,0.13717486519543898,3095.819984791,True,False
1570,780.0,583,998215,0.25,0.14277117414207294,3097.549056290998,True,False
1571,940.0,842,999057,0.25,0.14885515793804874,3100.0434229159873,True,False
1572,1190.0,707,999764,0.25,0.14320401151764528,3102.142012082986,True,False
1573,480.0,488,1000252,0.25,0.14151538255029036,3103.900518374998,True,False
1574,1190.0,883,1001135,0.25,0.1434231039983305,3106.495580582996,True,False
1575,740.0,602,1001737,0.25,0.1405130151831946,3108.263171832994,True,False
1576,560.0,535,1002272,0.25,0.15105474248194872,3110.91317,True,False
1577,840.0,800,1003072,0.25,0.15901619343087078,3113.268648290992,True,False
1578,900.0,857,1003929,0.25,0.13692925405627657,3115.863574499992,True,False
1579,910.0,872,1004801,0.25,0.11905838042463458,3118.431649332997,True,False
1580,520.0,432,1005233,0.25,0.12666979138911874,3119.7527072499943,True,False
1581,1340.0,648,1005881,0.25,0.15540519202656952,3121.840807832996,True,False
1582,850.0,721,1006602,0.25,0.120740820074247,3124.0390239579865,True,False
1583,1840.0,724,1007326,0.25,0.145110247080415,3126.159782666,True,False
1584,940.0,670,1007996,0.25,0.11994515521274436,3128.209425457986,True,False
1585,590.0,548,1008544,0.25,0.1494147703595405,3129.854284624991,True,False
1586,740.0,718,1009262,0.25,0.1428805334940969,3132.0138449160004,True,False
1587,1030.0,901,1010163,0.25,0.1461680417259534,3135.6821957499924,True,False
1588,1050.0,598,1010761,0.25,0.138930885878702,3138.1247303329874,True,False
1589,460.0,430,1011191,0.25,0.11872380028400466,3139.6765646249987,True,False
1590,1440.0,770,1011961,0.25,0.13751780048707607,3142.183377874986,True,False
1591,880.0,687,1012648,0.25,0.1282854491931408,3144.3041720829933,True,False
1592,1480.0,753,1013401,0.25,0.13631813614530133,3146.509831999996,True,False
1593,360.0,377,1013778,0.25,0.12730740989617845,3147.662425415998,True,False
1594,920.0,709,1014487,0.25,0.11998497210653489,3149.8102138329996,True,False
1595,450.0,481,1014968,0.25,0.13670300196640747,3151.2476249579922,True,False
1596,990.0,633,1015601,0.25,0.13322622860675748,3153.1078823749995,True,False
1597,910.0,641,1016242,0.25,0.12200432188110426,3155.010479040997,True,False
1598,2890.0,1066,1017308,0.25,0.1216499497381489,3158.1653728329984,True,False
1599,880.0,552,1017860,0.25,0.13719382307127767,3159.7932226659905,True,False
1600,2090.0,974,1018834,0.25,0.12373891324877984,3162.6793892079877,True,False
1601,430.0,455,1019289,0.25,0.13582926741882898,3164.856929040994,True,False
1602,2100.0,777,1020066,0.25,0.13220609914626658,3167.144952290997,True,False
1603,1590.0,720,1020786,0.25,0.1195944060674972,3169.3502387909975,True,False
1604,950.0,728,1021514,0.25,0.12969545605541258,3171.50364312499,True,False
1605,1010.0,693,1022207,0.25,0.12019287860505498,3173.5539300409873,True,False
1606,1130.0,780,1022987,0.25,0.1474464755409803,3175.8762939159933,True,False
1607,1330.0,910,1023897,0.25,0.12805586984675182,3178.5723102499906,True,False
1608,1380.0,766,1024663,0.25,0.14382396251236268,3180.8411050409923,True,False
1609,910.0,793,1025456,0.25,0.13453204886772524,3183.1932827909914,True,False
1610,4340.0,993,1026449,0.25,0.13810543367458927,3186.1179872079956,True,False
1611,280.0,307,1026756,0.25,0.12032698060978543,3187.1665274999978,True,False
1612,1220.0,647,1027403,0.25,0.11086114047106749,3189.0412227909983,True,False
1613,830.0,617,1028020,0.25,0.1262544924693723,3190.901718457986,True,False
1614,760.0,551,1028571,0.25,0.11091806201169091,3192.536716082992,True,False
1615,950.0,709,1029280,0.25,0.1191800483973341,3195.004458915995,True,False
1616,450.0,477,1029757,0.25,0.12296850732018967,3197.383369374991,True,False
1617,910.0,738,1030495,0.25,0.11885527925282392,3200.1117779159977,True,False
1618,350.0,380,1030875,0.25,0.12249969769465296,3201.3469850409892,True,False
1619,2210.0,986,1031861,0.25,0.12137224655673813,3204.538835540996,True,False
1620,1590.0,1032,1032893,0.25,0.14627549639188273,3207.5654426659894,True,False
1621,520.0,563,1033456,0.25,0.1379798798167959,3209.261108874998,True,False
1622,620.0,534,1033990,0.25,0.1265516333085926,3210.8382868749904,True,False
1623,960.0,903,1034893,0.25,0.1379823589746931,3213.49797204099,True,False
1624,770.0,690,1035583,0.25,0.12431666263660719,3215.5318779999943,True,False
1625,660.0,574,1036157,0.25,0.15083305029353747,3217.2427981660003,True,False
1626,890.0,701,1036858,0.25,0.11830926282065256,3219.9833329159883,True,False
1627,680.0,522,1037380,0.25,0.13459502733561374,3221.5375770409883,True,False
1628,1000.0,570,1037950,0.25,0.16103129508629652,3223.2435444999865,True,False
1629,620.0,655,1038605,0.25,0.1166802517183852,3225.175644832998,True,False
1630,530.0,559,1039164,0.25,0.13278945224093539,3226.829248957991,True,False
1631,810.0,761,1039925,0.25,0.13055409755753844,3229.0778061249875,True,False
1632,1380.0,888,1040813,0.25,0.15350977427888293,3231.688913332997,True,False
1633,940.0,597,1041410,0.25,0.1361454153095916,3233.455388040995,True,False
1634,830.0,627,1042037,0.25,0.14893683736586266,3235.32145116599,True,False
1635,1190.0,918,1042955,0.25,0.13454865441376987,3238.011902915998,True,False
1636,690.0,564,1043519,0.25,0.12375701990322019,3239.6766761659965,True,False
1637,640.0,475,1043994,0.25,0.12340514693690949,3241.086992624987,True,False
1638,980.0,718,1044712,0.25,0.11944403492121233,3243.2161964159895,True,False
1639,930.0,708,1045420,0.25,0.15159800785493716,3245.297841540989,True,False
1640,1060.0,719,1046139,0.25,0.12085522237811341,3247.4063262499985,True,False
1641,1070.0,1066,1047205,0.25,0.12154477907254008,3250.5561552500003,True,False
1642,870.0,595,1047800,0.25,0.11687330951626669,3252.406463207997,True,False
1643,1230.0,827,1048627,0.25,0.12223632116485568,3254.8315542499913,True,False
1644,570.0,483,1049110,0.25,0.12160116803547567,3257.18491445799,True,False
1645,760.0,643,1049753,0.25,0.14153137928025322,3259.9775759579934,True,False
1646,1280.0,898,1050651,0.25,0.12910132574948616,3263.0868842909986,True,False
1647,990.0,888,1051539,0.25,0.1348032021207047,3266.130413665989,True,False
1648,1430.0,1019,1052558,0.25,0.13202312525142643,3269.4291878749937,True,False
1649,1530.0,893,1053451,0.25,0.14117241316713025,3272.021011082994,True,False
1650,990.0,625,1054076,0.25,0.1447106243888284,3273.960820957989,True,False
1651,630.0,610,1054686,0.25,0.14169317400573114,3277.046637415988,True,False
1652,1490.0,643,1055329,0.25,0.15329809585204407,3279.222566749988,True,False
1653,1090.0,707,1056036,0.25,0.14255118826772534,3281.3083164579875,True,False
1654,750.0,698,1056734,0.25,0.11185860779436155,3283.3802587909886,True,False
1655,560.0,541,1057275,0.25,0.1012519791584324,3285.0145407909877,True,False
1656,1100.0,670,1057945,0.25,0.12477946371239211,3286.9919442909886,True,False
1657,1710.0,833,1058778,0.25,0.12719963958415276,3289.43771462499,True,False
1658,790.0,534,1059312,0.25,0.12561569740967965,3291.048305707998,True,False
1659,650.0,663,1059975,0.25,0.12230289974673228,3293.0154577079957,True,False
1660,1230.0,815,1060790,0.25,0.14332826624569647,3295.4260309579986,True,False
1661,680.0,497,1061287,0.25,0.16177077480261365,3296.9193972079956,True,False
1662,480.0,563,1061850,0.25,0.11190608311576623,3298.581619790988,True,False
1663,890.0,652,1062502,0.25,0.12954941215964913,3300.512651665995,True,False
1664,590.0,547,1063049,0.25,0.12690522211746577,3302.1241054579878,True,False
1665,1930.0,1156,1064205,0.25,0.1285328478471837,3305.506972957999,True,False
1666,1120.0,722,1064927,0.25,0.12445187545898888,3307.6278462499904,True,False
1667,530.0,439,1065366,0.25,0.10329580848867242,3308.9351999999926,True,False
1668,1700.0,749,1066115,0.25,0.10440941453776895,3311.313704,True,False
1669,1460.0,961,1067076,0.25,0.11304082808034549,3314.101560582989,True,False
1670,890.0,640,1067716,0.25,0.12279945362824947,3316.0913985829975,True,False
1671,1090.0,689,1068405,0.25,0.1253037202648472,3319.4119054159964,True,False
1672,670.0,654,1069059,0.25,0.13620944298301008,3321.830010999998,True,False
1673,440.0,470,1069529,0.25,0.13489718075399681,3323.3395601659868,True,False
1674,390.0,442,1069971,0.25,0.11983832925219427,3324.8456769579934,True,False
1675,890.0,861,1070832,0.25,0.14976464163649966,3327.466477915994,True,False
1676,690.0,599,1071431,0.25,0.11214146798089046,3330.069674207989,True,False
1677,450.0,415,1071846,0.25,0.11191054677160886,3331.3196895,True,False
1678,1240.0,745,1072591,0.25,0.10830343923261089,3333.565204207989,True,False
1679,1440.0,766,1073357,0.25,0.15209217132845274,3335.8279411659896,True,False
1680,1400.0,747,1074104,0.25,0.1254522438275623,3338.038455624992,True,False
1681,860.0,768,1074872,0.25,0.09669857433376212,3340.325495207988,True,False
1682,580.0,429,1075301,0.25,0.11617866365639405,3341.6113622909907,True,False
1683,720.0,761,1076062,0.25,0.12629305222316792,3343.8536273329955,True,False
1684,1150.0,676,1076738,0.25,0.12500572239858865,3345.8582512499997,True,False
1685,900.0,610,1077348,0.25,0.1425449652414696,3347.6674337079894,True,False
1686,470.0,446,1077794,0.25,0.1326600320234492,3349.004473457986,True,False
1687,630.0,658,1078452,0.25,0.12612699615684422,3350.958944999991,True,False
1688,1210.0,1238,1079690,0.25,0.11789331851605458,3354.5801336659933,True,False
1689,1050.0,704,1080394,0.25,0.1371833529450338,3356.6763363329956,True,False
1690,1920.0,921,1081315,0.25,0.12269263897577058,3359.378969832993,True,False
1691,470.0,479,1081794,0.25,0.16045231943329175,3360.819351040991,True,False
1692,700.0,639,1082433,0.25,0.14240731480531393,3362.709797790987,True,False
1693,460.0,434,1082867,0.25,0.1432694441086992,3363.995102749992,True,False
1694,590.0,563,1083430,0.25,0.11086717542551511,3365.6592555829993,True,False
1695,1680.0,787,1084217,0.25,0.139593535410193,3367.9918482909998,True,False
1696,430.0,440,1084657,0.25,0.15580971933562648,3369.3649707079894,True,False
1697,550.0,537,1085194,0.25,0.12176329268615192,3371.113090374987,True,False
1698,420.0,414,1085608,0.25,0.14437776032047203,3372.338228415989,True,False
1699,960.0,838,1086446,0.25,0.11961099907363716,3374.7700231659983,True,False
1700,490.0,433,1086879,0.25,0.15137377031216467,3376.0976596659893,True,False
1701,760.0,648,1087527,0.25,0.1367278190812579,3380.0170684159966,True,False
1702,670.0,680,1088207,0.25,0.1316042983575779,3382.424528415999,True,False
1703,1230.0,801,1089008,0.25,0.11736332763227361,3384.7576337499922,True,False
1704,440.0,519,1089527,0.25,0.1508271830777327,3386.2810867909866,True,False
1705,1070.0,615,1090142,0.25,0.14039210237369135,3388.1234489999915,True,False
1706,590.0,542,1090684,0.25,0.12116742865456377,3389.7200555829913,True,False
1707,2630.0,928,1091612,0.25,0.11483861389569938,3392.4197922909952,True,False
1708,760.0,674,1092286,0.25,0.1667290443465823,3394.407483499992,True,False
1709,1490.0,712,1092998,0.25,0.12217081000170346,3396.5018255829928,True,False
1710,970.0,885,1093883,0.25,0.12811452863375525,3399.0981011659896,True,False
1711,1460.0,784,1094667,0.25,0.15650515778142274,3401.4136194159946,True,False
1712,1010.0,831,1095498,0.25,0.11770935457808754,3403.8589740409952,True,False
1713,1370.0,988,1096486,0.25,0.12537283837976243,3406.952068457991,True,False
1714,750.0,619,1097105,0.25,0.1520139260517974,3408.8468279579974,True,False
1715,700.0,532,1097637,0.25,0.12220124221105773,3410.3865409159916,True,False
1716,1550.0,1076,1098713,0.25,0.14422685151649672,3414.0953302499984,True,False
1717,1140.0,912,1099625,0.25,0.15942571197816155,3416.72436441599,True,False
1718,900.0,679,1100304,0.25,0.1369779245708795,3418.742621790996,True,False
1719,470.0,471,1100775,0.25,0.14501637629527822,3420.187478540989,True,False
1720,550.0,530,1101305,0.25,0.1423637661102571,3421.7584178749967,True,False
1721,360.0,469,1101774,0.25,0.1553393523566998,3423.1283591659885,True,False
1722,750.0,667,1102441,0.25,0.15717980406152274,3425.1224908329896,True,False
1723,1150.0,710,1103151,0.25,0.12815237167359744,3427.2515664579987,True,False
1724,440.0,424,1103575,0.25,0.13093636371195316,3428.529981957996,True,False
1725,1210.0,724,1104299,0.25,0.12270503037336453,3430.664715915991,True,False
1726,1070.0,745,1105044,0.25,0.13431895520279113,3433.9542212909873,True,False
1727,670.0,579,1105623,0.25,0.13855542506401738,3435.6837457499932,True,False
1728,1690.0,829,1106452,0.25,0.13196027407852504,3438.4268061249895,True,False
1729,940.0,676,1107128,0.25,0.13322363628526412,3441.4103504159866,True,False
1730,1600.0,877,1108005,0.25,0.14718532668571221,3444.156624207986,True,False
1731,1070.0,904,1108909,0.25,0.13229855761525378,3446.776571082999,True,False
1732,910.0,712,1109621,0.25,0.1409332635655497,3448.91487441599,True,False
1733,1460.0,800,1110421,0.25,0.1296158102247864,3451.2692793329916,True,False
1734,1110.0,760,1111181,0.25,0.15960729580960775,3453.497023249991,True,False
1735,590.0,444,1111625,0.25,0.12306411755648819,3454.8165046249924,True,False
1736,1420.0,986,1112611,0.25,0.14868143964104535,3457.696022832999,True,False
1737,370.0,433,1113044,0.25,0.12114760245478481,3458.9959352499864,True,False
1738,580.0,571,1113615,0.25,0.13351133073562046,3460.6790113329916,True,False
1739,700.0,731,1114346,0.25,0.14540189631853273,3462.8503034579917,True,False
1740,700.0,610,1114956,0.25,0.14681863660613695,3464.6644528749894,True,False
1741,960.0,661,1115617,0.25,0.13746467873905643,3466.616992582989,True,False
1742,1460.0,716,1116333,0.25,0.13844471592352045,3468.726556165988,True,False
1743,2050.0,724,1117057,0.25,0.13258503337303248,3470.858369207999,True,False
1744,1280.0,680,1117737,0.25,0.15359478060375242,3472.858306707989,True,False
1745,1580.0,860,1118597,0.25,0.12631895156620546,3475.3957182909944,True,False
1746,1250.0,609,1119206,0.25,0.14493437797615402,3477.2206918329903,True,False
1747,610.0,436,1119642,0.25,0.1398244579279915,3478.524476499995,True,False
1748,570.0,556,1120198,0.25,0.16129844528522422,3480.182474999994,True,False
1749,2670.0,1048,1121246,0.25,0.1519112118612264,3483.274010082998,True,False
1750,420.0,389,1121635,0.25,0.13517156218360996,3484.446412707999,True,False
1751,630.0,508,1122143,0.25,0.1330950256935724,3486.8963262909965,True,False
1752,1750.0,909,1123052,0.25,0.12420146631305679,3489.6126824159874,True,False
1753,860.0,966,1124018,0.25,0.1392944924286045,3492.454298499986,True,False
1754,1030.0,745,1124763,0.25,0.13842065522186858,3494.655647624997,True,False
1755,780.0,726,1125489,0.25,0.1364343828920807,3496.812147040997,True,False
1756,1760.0,912,1126401,0.25,0.13341882020202384,3499.5372137079976,True,False
1757,1110.0,699,1127100,0.25,0.13580833217927388,3501.61046779099,True,False
1758,1320.0,935,1128035,0.25,0.12446882126477143,3504.3606698749936,True,False
1759,430.0,420,1128455,0.25,0.13741142895250094,3505.607801124992,True,False
1760,2030.0,643,1129098,0.25,0.1366833079467464,3507.4996948749904,True,False
1761,610.0,498,1129596,0.25,0.14144270613789559,3509.087882041,True,False
1762,1090.0,689,1130285,0.25,0.14239210670077523,3512.4397411659884,True,False
1763,2050.0,1174,1131459,0.25,0.1444834336358736,3516.7521251659928,True,False
1764,930.0,638,1132097,0.25,0.1469333989894949,3518.6623370409943,True,False
1765,1120.0,785,1132882,0.25,0.12319080734967577,3520.9453682909952,True,False
1766,760.0,668,1133550,0.25,0.11605203785225303,3522.965833790993,True,False
1767,450.0,461,1134011,0.25,0.14392944431823232,3524.3553273750003,True,False
1768,1190.0,784,1134795,0.25,0.13151478185793575,3526.744432415988,True,False
1769,1180.0,624,1135419,0.25,0.12732732202857733,3528.5864058749867,True,False
1770,2610.0,1122,1136541,0.25,0.12737327723289937,3531.8762595409935,True,False
1771,1040.0,750,1137291,0.25,0.1447035292771092,3534.074491624997,True,False
1772,1770.0,975,1138266,0.25,0.1263140606709191,3536.921541165997,True,False
1773,1330.0,626,1138892,0.25,0.14101878742266233,3538.786495499997,True,False
1774,1120.0,647,1139539,0.25,0.13759166200107298,3540.722344499998,True,False
1775,930.0,672,1140211,0.25,0.14390152431137504,3542.691268874987,True,False
1776,880.0,638,1140849,0.25,0.14470151397399605,3545.8664063749893,True,False
1777,1650.0,721,1141570,0.25,0.12118154366811117,3547.9847293749917,True,False
1778,590.0,696,1142266,0.25,0.13504538341457473,3550.0468154579867,True,False
1779,1910.0,935,1143201,0.25,0.12769855483252013,3552.7889104159985,True,False
1780,850.0,555,1143756,0.25,0.13293644653217826,3554.436515333,True,False
1781,700.0,535,1144291,0.25,0.18783965121422494,3556.072481790994,True,False
1782,600.0,498,1144789,0.25,0.12438909241557121,3557.560100415998,True,False
1783,930.0,597,1145386,0.25,0.12689480783055293,3559.2979029999988,True,False
1784,820.0,632,1146018,0.25,0.16632948485733587,3561.14998704099,True,False
1785,550.0,554,1146572,0.25,0.11140627011978368,3562.800269082989,True,False
1786,1290.0,736,1147308,0.25,0.15825332791301544,3564.972288082994,True,False
1787,1200.0,761,1148069,0.25,0.13425290130666998,3567.183121665992,True,False
1788,1080.0,707,1148776,0.25,0.12195042302926719,3569.5270267909946,True,False
1789,660.0,512,1149288,0.25,0.14676990575389937,3571.259339915996,True,False
1790,1000.0,750,1150038,0.25,0.12984280304156523,3573.7956443329895,True,False
1791,930.0,648,1150686,0.25,0.12633308467029788,3575.6993226249906,True,False
1792,1170.0,813,1151499,0.25,0.12171999259572018,3578.0622572499997,True,False
1793,1950.0,1029,1152528,0.25,0.12826433408167937,3581.0989680409984,True,False
1794,900.0,628,1153156,0.25,0.14285966597355096,3583.011687082995,True,False
1795,1190.0,892,1154048,0.25,0.15079356866968052,3586.072723707999,True,False
1796,940.0,691,1154739,0.25,0.12877180210726205,3588.351153083,True,False
1797,1170.0,819,1155558,0.25,0.14469414251606638,3590.745126790993,True,False
1798,1120.0,912,1156470,0.25,0.12131754103884623,3593.4372246249986,True,False
1799,680.0,572,1157042,0.25,0.16469675529149028,3595.148557499997,True,False
1800,780.0,739,1157781,0.25,0.13223356448516652,3597.317719249986,True,False
1801,950.0,639,1158420,0.25,0.11514743831939996,3600.33711441599,True,False
1802,1360.0,678,1159098,0.25,0.13168854951946693,3602.356159540999,True,False
1803,600.0,544,1159642,0.25,0.16626522201113403,3603.978936457992,True,False
1804,970.0,645,1160287,0.25,0.12276839695130445,3605.892745582998,True,False
1805,1130.0,879,1161166,0.25,0.1419209044003351,3608.6712919579877,True,False
1806,1100.0,688,1161854,0.25,0.13138066089257253,3611.0056832079863,True,False
1807,1410.0,748,1162602,0.25,0.12363531068963482,3613.448109416,True,False
1808,890.0,654,1163256,0.25,0.15325725270526075,3615.3570664159924,True,False
1809,940.0,791,1164047,0.25,0.1297813200670753,3617.6559256249893,True,False
1810,830.0,667,1164714,0.25,0.15932008148935026,3619.645524374995,True,False
1811,590.0,599,1165313,0.25,0.1272179507712523,3621.395833915987,True,False
1812,1150.0,830,1166143,0.25,0.1377474772811368,3623.8183393329964,True,False
1813,870.0,642,1166785,0.25,0.1286040142826412,3625.72313975,True,False
1814,730.0,638,1167423,0.25,0.11010116399646555,3627.5977084579936,True,False
1815,1300.0,609,1168032,0.25,0.10831796476507888,3629.4105594579887,True,False
1816,770.0,652,1168684,0.25,0.14224354126290675,3631.325164582988,True,False
1817,1110.0,825,1169509,0.25,0.13601260828487213,3633.7515326249995,True,False
1818,950.0,832,1170341,0.25,0.139725438444517,3636.2753690829995,True,False
1819,690.0,672,1171013,0.25,0.1402151763017866,3638.2408320409886,True,False
1820,1530.0,932,1171945,0.25,0.14165336694648337,3640.9863952079904,True,False
1821,830.0,604,1172549,0.25,0.14381931391575478,3642.7882000829995,True,False
1822,1010.0,962,1173511,0.25,0.1314883234289785,3645.6202962079988,True,False
1823,1570.0,823,1174334,0.25,0.09941992877069318,3648.037331332991,True,False
1824,980.0,648,1174982,0.25,0.13666876242208628,3649.969668957987,True,False
1825,890.0,603,1175585,0.25,0.1365092328644746,3651.7453953749937,True,False
1826,790.0,686,1176271,0.25,0.10746714017457432,3654.438905124989,True,False
1827,550.0,543,1176814,0.25,0.1541873906903407,3656.0674449159997,True,False
1828,560.0,581,1177395,0.25,0.11369637231631526,3657.7969225409906,True,False
1829,820.0,635,1178030,0.25,0.13581896561590381,3659.66923595799,True,False
1830,910.0,587,1178617,0.25,0.1531118131717857,3661.402968999988,True,False
1831,2960.0,1190,1179807,0.25,0.1306223896103174,3664.886532874996,True,False
1832,550.0,463,1180270,0.25,0.1292289269220983,3666.269434540998,True,False
1833,780.0,735,1181005,0.25,0.13328178530639928,3668.4368845409917,True,False
1834,460.0,415,1181420,0.25,0.12062053955518283,3669.6869475409912,True,False
1835,1190.0,807,1182227,0.25,0.11719615747271782,3672.0679061249975,True,False
1836,3750.0,773,1183000,0.25,0.12577361651917093,3674.5427479999926,True,False
1837,1180.0,688,1183688,0.25,0.12773450325394786,3676.6388892079995,True,False
1838,1240.0,1126,1184814,0.25,0.1443304085036826,3680.028496125,True,False
1839,680.0,589,1185403,0.25,0.12865433075344887,3681.74602937499,True,False
1840,490.0,507,1185910,0.25,0.15161680962567722,3683.2566798749904,True,False
1841,710.0,528,1186438,0.25,0.16156136617064476,3684.852428040991,True,False
1842,1060.0,900,1187338,0.25,0.11945531237456533,3687.4943377499876,True,False
1843,560.0,530,1187868,0.25,0.1286442588202487,3689.057843165996,True,False
1844,1100.0,665,1188533,0.25,0.13975145086556315,3691.0879830409976,True,False
1845,490.0,502,1189035,0.25,0.1320787257552147,3692.5987061249907,True,False
1846,2410.0,898,1189933,0.25,0.15960209925969443,3695.232406207986,True,False
1847,630.0,580,1190513,0.25,0.14444727707525779,3696.9608592499862,True,False
1848,310.0,427,1190940,0.25,0.14856217993057777,3698.256615457998,True,False
1849,290.0,354,1191294,0.25,0.13541023492474447,3699.3621319999947,True,False
1850,1670.0,951,1192245,0.25,0.13288462019580252,3702.1564004579996,True,False
1851,980.0,643,1192888,0.25,0.1340835873986253,3704.768958790999,True,False
1852,660.0,583,1193471,0.25,0.13247213908310596,3706.502842957998,True,False
1853,2040.0,1078,1194549,0.25,0.12958776082981516,3709.6662578329997,True,False
1854,730.0,635,1195184,0.25,0.12461591392474354,3711.533319457987,True,False
1855,900.0,740,1195924,0.25,0.12388656970012832,3713.7114857499982,True,False
1856,1820.0,813,1196737,0.25,0.12731205304084448,3716.1352818329906,True,False
1857,350.0,451,1197188,0.25,0.1153084835515613,3717.4938369579904,True,False
1858,720.0,808,1197996,0.25,0.13942535704757908,3719.873700040989,True,False
1859,1640.0,909,1198905,0.25,0.14381936534681247,3722.545359249998,True,False
1860,1030.0,736,1199641,0.25,0.1263553882625116,3724.7185100829956,True,False
1861,1870.0,985,1200626,0.25,0.13602746409795632,3727.6241199579963,True,False
1862,1230.0,940,1201566,0.25,0.1192482729462233,3730.3619264159934,True,False
1863,860.0,637,1202203,0.25,0.15273452606403604,3732.2456788329873,True,False
1864,860.0,714,1202917,0.25,0.1319125514248563,3734.358689540997,True,False
1865,1050.0,668,1203585,0.25,0.14935387399962205,3736.3071276249975,True,False
1866,1020.0,640,1204225,0.25,0.11201467795763165,3738.192963999987,True,False
1867,910.0,796,1205021,0.25,0.12631422095936745,3740.532495874999,True,False
1868,630.0,552,1205573,0.25,0.14726533165768438,3742.1554114159953,True,False
1869,1270.0,882,1206455,0.25,0.14110150520097126,3744.747613249987,True,False
1870,1680.0,758,1207213,0.25,0.14113598116918613,3746.9794665409863,True,False
1871,1260.0,1010,1208223,0.25,0.14836772364224232,3749.940680832995,True,False
1872,1360.0,596,1208819,0.25,0.15582228125691813,3751.7035213749914,True,False
1873,1010.0,654,1209473,0.25,0.13523399187024773,3753.6450197079976,True,False
1874,1190.0,842,1210315,0.25,0.13718401227323782,3756.0982584579906,True,False
1875,1100.0,747,1211062,0.25,0.14462035448155938,3758.2918169999903,True,False
1876,1020.0,765,1211827,0.25,0.13200530160159965,3761.333549207993,True,False
1877,600.0,505,1212332,0.25,0.13379825531380382,3762.8389829579974,True,False
1878,1400.0,631,1212963,0.25,0.1380211563104657,3764.7482669159945,True,False
1879,1380.0,863,1213826,0.25,0.12159349938371668,3767.2609637079877,True,False
1880,1040.0,739,1214565,0.25,0.13287218652061514,3769.4389962079877,True,False
1881,2600.0,837,1215402,0.25,0.12001009178503849,3771.900743457998,True,False
1882,850.0,739,1216141,0.25,0.1449133246432285,3774.0675670409983,True,False
1883,890.0,810,1216951,0.25,0.13547779162331383,3776.504788749997,True,False
1884,840.0,661,1217612,0.25,0.12735200575721192,3778.455171624999,True,False
1885,970.0,804,1218416,0.25,0.1354315438080783,3780.7950499159924,True,False
1886,1200.0,730,1219146,0.25,0.14467541206177775,3782.940653499987,True,False
1887,890.0,681,1219827,0.25,0.13655177394256873,3784.9503609159874,True,False
1888,1190.0,813,1220640,0.25,0.1384168561255815,3787.3385256249894,True,False
1889,910.0,617,1221257,0.25,0.12113906764848666,3789.1835139999894,True,False
1890,1190.0,849,1222106,0.25,0.11779105289013318,3791.6707007909863,True,False
1891,1810.0,837,1222943,0.25,0.13852561930078638,3794.1278786249895,True,False
1892,1040.0,796,1223739,0.25,0.1326936101119722,3796.483409875,True,False
1893,700.0,792,1224531,0.25,0.12756734727082228,3798.800885082994,True,False
1894,770.0,608,1225139,0.25,0.1188216969174774,3800.5944737909886,True,False
1895,640.0,574,1225713,0.25,0.14561959374178615,3802.2833155829867,True,False
1896,730.0,576,1226289,0.25,0.13777532658746672,3803.9836215409887,True,False
1897,530.0,536,1226825,0.25,0.17928593661358108,3805.5635147909925,True,False
1898,780.0,512,1227337,0.25,0.1462653623893857,3807.0903915829986,True,False
1899,1600.0,884,1228221,0.25,0.13322919447025564,3809.693019082988,True,False
1900,1280.0,725,1228946,0.25,0.14065036787883023,3811.8151534579956,True,False
1901,680.0,583,1229529,0.25,0.15556396967540048,3814.3168666249985,True,False
1902,1020.0,769,1230298,0.25,0.14608821839404604,3816.5831949999993,True,False
1903,540.0,583,1230881,0.25,0.12592361903149787,3818.310822249987,True,False
1904,690.0,676,1231557,0.25,0.1375112125220207,3820.2928502079885,True,False
1905,1040.0,710,1232267,0.25,0.13284638787140954,3822.3755279579927,True,False
1906,1540.0,921,1233188,0.25,0.14418874853552677,3825.0769183749944,True,False
1907,340.0,420,1233608,0.25,0.14284044727683068,3826.3291177079955,True,False
1908,970.0,950,1234558,0.25,0.13354984597786318,3829.143084749987,True,False
1909,660.0,611,1235169,0.25,0.13102515812451934,3830.9652908749995,True,False
1910,1180.0,855,1236024,0.25,0.1424495405996236,3833.4636401659955,True,False
1911,760.0,654,1236678,0.25,0.1611044884436518,3835.38191487499,True,False
1912,1420.0,870,1237548,0.25,0.1335204996749622,3837.9483057079924,True,False
1913,1310.0,815,1238363,0.25,0.14924312348986787,3840.3512465409876,True,False
1914,1370.0,967,1239330,0.25,0.18199111818343647,3843.169567040997,True,False
1915,1070.0,681,1240011,0.25,0.12426973758813213,3845.198576165989,True,False
1916,1040.0,713,1240724,0.25,0.15504681090069883,3847.295264665998,True,False
1917,700.0,584,1241308,0.25,0.16142961990139257,3849.037660457994,True,False
1918,1300.0,717,1242025,0.25,0.1434345287921209,3851.1377860409993,True,False
1919,530.0,534,1242559,0.25,0.10582251538683597,3852.712602957996,True,False
1920,1310.0,802,1243361,0.25,0.1401933784879262,3855.136995749999,True,False
1921,920.0,902,1244263,0.25,0.13456519374416934,3857.7925671659905,True,False
1922,500.0,670,1244933,0.25,0.11905202894870724,3859.7775845409924,True,False
1923,1180.0,720,1245653,0.25,0.1343577404609985,3861.905928458,True,False
1924,590.0,504,1246157,0.25,0.12733719421048012,3863.392240999994,True,False
1925,1080.0,808,1246965,0.25,0.1304940458128948,3865.7689146659977,True,False
1926,810.0,633,1247598,0.25,0.13868079025628446,3868.4577392909996,True,False
1927,1280.0,909,1248507,0.25,0.11503024761962996,3871.1634487909905,True,False
1928,1390.0,655,1249162,0.25,0.12629619561044908,3873.1069672909944,True,False
1929,640.0,562,1249724,0.25,0.12220819376356212,3874.7871489579993,True,False
1930,1080.0,679,1250403,0.25,0.1615116745784614,3877.006490457992,True,False
1931,780.0,678,1251081,0.25,0.110745003929033,3879.3208522499917,True,False
1932,650.0,554,1251635,0.25,0.11128797841028891,3881.1728127499955,True,False
1933,1120.0,759,1252394,0.25,0.12500686072989514,3883.401410665989,True,False
1934,320.0,443,1252837,0.25,0.138051385210978,3884.7086262079974,True,False
1935,1370.0,1110,1253947,0.25,0.15156115179323332,3887.9837563749898,True,False
1936,1220.0,777,1254724,0.25,0.16145718775880644,3890.2656205409876,True,False
1937,1010.0,658,1255382,0.25,0.13277206558552457,3892.36600041599,True,False
1938,1040.0,632,1256014,0.25,0.1288776683585742,3894.5800190409936,True,False
1939,960.0,607,1256621,0.25,0.1363556709532675,3896.7221632500004,True,False
1940,860.0,630,1257251,0.25,0.13413612461488716,3898.637809957989,True,False
1941,650.0,498,1257749,0.25,0.10848284098505974,3900.0880052079883,True,False
1942,1070.0,755,1258504,0.25,0.1305098491844046,3902.3514938749868,True,False
1943,3950.0,1310,1259814,0.25,0.1333041987082827,3906.259828582988,True,False
1944,1250.0,728,1260542,0.25,0.17417361017234706,3908.421303332987,True,False
1945,1230.0,1038,1261580,0.25,0.1282151395168442,3911.482060874987,True,False
1946,1170.0,757,1262337,0.25,0.13001965630858664,3914.7368254579924,True,False
1947,1460.0,716,1263053,0.25,0.12948197733048952,3917.164853874987,True,False
1948,1620.0,939,1263992,0.25,0.13382630725490285,3919.892278415995,True,False
1949,1360.0,954,1264946,0.25,0.14044280774390497,3922.7148364579916,True,False
1950,820.0,623,1265569,0.25,0.15510783435251468,3924.577438999986,True,False
1951,1180.0,906,1266475,0.25,0.1383106773059848,3928.200513415999,True,False
1952,1020.0,843,1267318,0.25,0.13017244975996242,3930.7075371249957,True,False
1953,740.0,587,1267905,0.25,0.1137655588234363,3932.446595165995,True,False
1954,710.0,613,1268518,0.25,0.10994299247958302,3934.521388457986,True,False
1955,980.0,953,1269471,0.25,0.1322797095528295,3937.7472823749995,True,False
1956,840.0,759,1270230,0.25,0.12154319168705689,3940.0515039579914,True,False
1957,900.0,701,1270931,0.25,0.13745708552854402,3942.115180665991,True,False
1958,870.0,744,1271675,0.25,0.16065768526005808,3944.32172066599,True,False
1959,470.0,487,1272162,0.25,0.15128274771888725,3945.786108165994,True,False
1960,820.0,680,1272842,0.25,0.14689643705154168,3947.806601749995,True,False
1961,920.0,744,1273586,0.25,0.1379204090804823,3949.995260749987,True,False
1962,1130.0,782,1274368,0.25,0.14088116054024016,3952.287457415994,True,False
1963,1530.0,832,1275200,0.25,0.12564882018173543,3954.7327581249992,True,False
1964,1530.0,730,1275930,0.25,0.13716577083527387,3956.955012874998,True,False
1965,1300.0,793,1276723,0.25,0.1318589443284454,3959.2762451659946,True,False
1966,1340.0,1134,1277857,0.25,0.1333167630077248,3962.589042415988,True,False
1967,840.0,634,1278491,0.25,0.11548997098697891,3964.465638624999,True,False
1968,1310.0,1078,1279569,0.25,0.11159211299899552,3967.625616833,True,False
1969,810.0,673,1280242,0.25,0.12460208505702515,3969.6073987909913,True,False
1970,670.0,497,1280739,0.25,0.11736597784704739,3971.0837349159992,True,False
1971,810.0,650,1281389,0.25,0.11912567445014152,3973.0137048749893,True,False
1972,1180.0,819,1282208,0.25,0.1275443952076319,3975.457268040991,True,False
1973,940.0,696,1282904,0.25,0.13287546577724232,3977.5022683749994,True,False
1974,1310.0,810,1283714,0.25,0.11602839530620834,3979.884536749989,True,False
1975,780.0,628,1284342,0.25,0.12174547382980395,3981.7470184999984,True,False
1976,780.0,758,1285100,0.25,0.14277756220023882,3984.6674654579983,True,False
1977,960.0,616,1285716,0.25,0.11263012867904716,3986.5063367909897,True,False
1978,970.0,797,1286513,0.25,0.12329501464925519,3988.861743040994,True,False
1979,900.0,637,1287150,0.25,0.13672511517392388,3990.731102540987,True,False
1980,2110.0,816,1287966,0.25,0.14396355052789053,3993.142431165994,True,False
1981,960.0,737,1288703,0.25,0.11633335212852967,3995.293518749997,True,False
1982,1890.0,1064,1289767,0.25,0.12695975998710646,3998.406592165993,True,False
1983,1620.0,1030,1290797,0.25,0.12350396547726421,4001.4312347079976,True,False
1984,1610.0,754,1291551,0.25,0.10398922547539498,4003.8208170409926,True,False
1985,1300.0,535,1292086,0.25,0.11473409789822885,4005.4069595409965,True,False
1986,1990.0,1026,1293112,0.25,0.11321318994642232,4008.443569207986,True,False
1987,1070.0,728,1293840,0.25,0.14140895836996836,4010.6460960829863,True,False
1988,780.0,637,1294477,0.25,0.12146878961778287,4012.549090457993,True,False
1989,910.0,656,1295133,0.25,0.14329149730776142,4014.510850874998,True,False
1990,400.0,492,1295625,0.25,0.12477684546474034,4015.9781135409867,True,False
1991,910.0,651,1296276,0.25,0.1266770395307453,4017.8883195829985,True,False
1992,1370.0,713,1296989,0.25,0.1266722988044278,4021.197928165988,True,False
1993,1250.0,780,1297769,0.25,0.13735465944195405,4024.056972624996,True,False
1994,1670.0,667,1298436,0.25,0.14470430715623017,4026.0130449999997,True,False
1995,1180.0,723,1299159,0.25,0.12205977547499869,4028.116223207995,True,False
1996,1250.0,779,1299938,0.25,0.13771756786184433,4030.4509651249973,True,False
1997,450.0,470,1300408,0.25,0.12256606365159406,4031.856033832999,True,False
1998,850.0,686,1301094,0.25,0.12983316574136763,4033.8719246659894,True,False
1999,950.0,633,1301727,0.25,0.13787822408860997,4035.757847999994,True,False
2000,800.0,809,1302536,0.25,0.12901602527631328,4038.154628249991,True,False
2001,1020.0,969,1303505,0.25,0.12448129393468219,4042.155483749986,True,False
2002,570.0,499,1304004,0.25,0.13884223172068597,4043.6531001659896,True,False
2003,1280.0,660,1304664,0.25,0.12451300185286637,4045.585212124992,True,False
2004,700.0,609,1305273,0.25,0.15007510409984542,4047.4466227499943,True,False
2005,1360.0,1289,1306562,0.25,0.13302576190196208,4051.2331964579935,True,False
2006,1280.0,819,1307381,0.25,0.1323402955219513,4053.693163582997,True,False
2007,2430.0,788,1308169,0.25,0.1304736978889722,4055.992222999994,True,False
2008,1110.0,835,1309004,0.25,0.10067912077967915,4058.5398202499928,True,False
2009,890.0,690,1309694,0.25,0.11953386690380961,4060.5644148329884,True,False
2010,1370.0,757,1310451,0.25,0.12676217283797328,4062.8604755409906,True,False
2011,440.0,492,1310943,0.25,0.13161395965674058,4064.354661999998,True,False
2012,1780.0,957,1311900,0.25,0.13215048680237185,4067.1642541249894,True,False
2013,840.0,755,1312655,0.25,0.12327131254479606,4069.3992720829992,True,False
2014,1170.0,632,1313287,0.25,0.11649916396488118,4071.3153998749913,True,False
2015,1030.0,685,1313972,0.25,0.14565194065704248,4073.350287207999,True,False
2016,900.0,489,1314461,0.25,0.10873073428014263,4074.8020585829945,True,False
2017,1230.0,848,1315309,0.25,0.13426054604702964,4077.3306937079906,True,False
2018,510.0,451,1315760,0.25,0.1296123205230827,4078.6881753329944,True,False
2019,1480.0,902,1316662,0.25,0.12542054892414145,4081.364298415996,True,False
2020,1110.0,791,1317453,0.25,0.1325386766381938,4083.8105538329983,True,False
2021,1830.0,1038,1318491,0.25,0.14152267405540325,4086.8375138329866,True,False
2022,1630.0,930,1319421,0.25,0.11954659519341371,4089.5822346249915,True,False
2023,1800.0,1068,1320489,0.25,0.13721461515971337,4092.7078050829878,True,False
2024,1230.0,800,1321289,0.25,0.11408585466444493,4095.06277199999,True,False
2025,1250.0,1149,1322438,0.25,0.13593560167124255,4098.412262915997,True,False
2026,1600.0,1010,1323448,0.25,0.1363317420109812,4102.320472540989,True,False
2027,1170.0,773,1324221,0.25,0.13135401684539924,4104.650844040996,True,False
2028,1440.0,652,1324873,0.25,0.1111286011484503,4106.573591832988,True,False
2029,850.0,698,1325571,0.25,0.10983348454766233,4108.631465499988,True,False
2030,940.0,537,1326108,0.25,0.14066451691367007,4110.235234874999,True,False
2031,1070.0,734,1326842,0.25,0.12329982314767733,4112.379442291,True,False
2032,1750.0,827,1327669,0.25,0.1241256570002595,4114.808063249991,True,False
2033,1160.0,901,1328570,0.25,0.13470547954241435,4117.47067499999,True,False
2034,1680.0,773,1329343,0.25,0.11266668425593043,4119.731708832987,True,False
2035,990.0,651,1329994,0.25,0.15957633501912918,4121.651715832995,True,False
2036,1570.0,712,1330706,0.25,0.11704338925859231,4123.764337540997,True,False
2037,1320.0,838,1331544,0.25,0.10724541540479376,4126.229603332991,True,False
2038,1270.0,894,1332438,0.25,0.12694054468630941,4128.859070957988,True,False
2039,530.0,629,1333067,0.25,0.109081090505051,4130.703935624988,True,False
2040,760.0,665,1333732,0.25,0.1151828618642099,4132.678577540995,True,False
2041,770.0,711,1334443,0.25,0.1316695713811675,4134.7593540829985,True,False
2042,580.0,522,1334965,0.25,0.1238135824989499,4136.317448207992,True,False
2043,1100.0,702,1335667,0.25,0.11478632108441421,4138.380276374999,True,False
2044,850.0,551,1336218,0.25,0.13991748692764752,4140.022787290989,True,False
2045,1560.0,737,1336955,0.25,0.14569417387247086,4142.18231304099,True,False
2046,1650.0,1090,1338045,0.25,0.12096903769933916,4145.374982499998,True,False
2047,450.0,484,1338529,0.25,0.1291609047488733,4146.8209287909995,True,False
2048,580.0,578,1339107,0.25,0.12218809202830824,4148.561968208,True,False
2049,1470.0,638,1339745,0.25,0.13428650537971407,4150.468926124988,True,False
2050,1000.0,794,1340539,0.25,0.11374594951330712,4152.775199290991,True,False
2051,720.0,621,1341160,0.25,0.139956758906826,4155.629852124999,True,False
2052,530.0,588,1341748,0.25,0.15509248581924,4157.469586166,True,False
2053,1120.0,624,1342372,0.25,0.1280944302606468,4159.333525332986,True,False
2054,1080.0,643,1343015,0.25,0.12707893119659275,4161.197888790994,True,False
2055,1790.0,843,1343858,0.25,0.1350019789384722,4163.662328915991,True,False
2056,410.0,407,1344265,0.25,0.09378624891898796,4164.867520915999,True,False
2057,1210.0,826,1345091,0.25,0.12392815541548347,4167.330471415989,True,False
2058,380.0,417,1345508,0.25,0.14253512713171188,4168.5765371659945,True,False
2059,680.0,904,1346412,0.25,0.13867504270005543,4171.195092374997,True,False
2060,460.0,453,1346865,0.25,0.12378191151779837,4172.5455704579945,True,False
2061,900.0,688,1347553,0.25,0.13525812465394305,4174.566296416,True,False
2062,1310.0,851,1348404,0.25,0.12775207333651506,4177.046898999994,True,False
2063,710.0,737,1349141,0.25,0.1236518247599673,4179.20645662499,True,False
2064,2100.0,948,1350089,0.25,0.14196779574994547,4181.9813556249865,True,False
2065,660.0,665,1350754,0.25,0.13237370151173639,4183.931786832996,True,False
2066,1060.0,739,1351493,0.25,0.11546633996673532,4186.097761790996,True,False
2067,800.0,778,1352271,0.25,0.14313529418378146,4188.375882915992,True,False
2068,1370.0,762,1353033,0.25,0.12169340044182009,4190.609298207986,True,False
2069,900.0,614,1353647,0.25,0.12295456096724747,4192.408267832987,True,False
2070,580.0,533,1354180,0.25,0.11601352555427089,4194.0392107909865,True,False
2071,920.0,795,1354975,0.25,0.11784764587164226,4196.395623999997,True,False
2072,750.0,656,1355631,0.25,0.1333820087403604,4198.314007374996,True,False
2073,750.0,614,1356245,0.25,0.1338425704894902,4200.142963999999,True,False
2074,520.0,443,1356688,0.25,0.10812109232217341,4201.465862790996,True,False
2075,870.0,646,1357334,0.25,0.15881196600356087,4203.3570056659955,True,False
2076,820.0,723,1358057,0.25,0.14488156187188558,4206.3180702909885,True,False
2077,1760.0,871,1358928,0.25,0.12830344925916523,4208.87189270799,True,False
2078,1350.0,697,1359625,0.25,0.12944689729176034,4210.9161003749905,True,False
2079,800.0,692,1360317,0.25,0.11561709586423256,4212.971333999987,True,False
2080,540.0,459,1360776,0.25,0.11744848535112713,4214.338483999993,True,False
2081,1030.0,1004,1361780,0.25,0.12390829057273162,4217.2609047079895,True,False
2082,790.0,640,1362420,0.25,0.12830610692035407,4219.341952915987,True,False
2083,1790.0,793,1363213,0.25,0.12675523054268625,4222.00903341599,True,False
2084,1690.0,942,1364155,0.25,0.12550608791569445,4224.913426332991,True,False
2085,1100.0,866,1365021,0.25,0.11900739643018916,4227.413066333,True,False
2086,1870.0,922,1365943,0.25,0.12947604687803466,4230.137943040987,True,False
2087,1990.0,925,1366868,0.25,0.1348283227918477,4233.225626040992,True,False
2088,680.0,520,1367388,0.25,0.1632086344063282,4234.985370625,True,False
2089,460.0,511,1367899,0.25,0.1324164911400615,4236.630225290995,True,False
2090,790.0,579,1368478,0.25,0.12400073180424756,4238.328711124996,True,False
2091,1380.0,789,1369267,0.25,0.1098728368654469,4240.603910040998,True,False
2092,680.0,618,1369885,0.25,0.12184024323378839,4242.452621624994,True,False
2093,1280.0,991,1370876,0.25,0.12325264502977652,4245.343702832994,True,False
2094,550.0,469,1371345,0.25,0.10597265292054568,4246.730491124996,True,False
2095,290.0,324,1371669,0.25,0.1065679559553111,4247.697660874997,True,False
2096,1190.0,747,1372416,0.25,0.11759770611789137,4249.899122749994,True,False
2097,1950.0,801,1373217,0.25,0.11674690091982484,4252.246191040991,True,False
2098,1470.0,823,1374040,0.25,0.14621184086336672,4254.676633083,True,False
2099,1500.0,1176,1375216,0.25,0.13454815148546986,4258.091678832992,True,False
2100,610.0,500,1375716,0.25,0.13992931577563286,4259.809070165997,True,False
2101,760.0,828,1376544,0.25,0.14706897816580275,4263.5536749579915,True,False
2102,1060.0,1050,1377594,0.25,0.13278371729809818,4266.631461874989,True,False
2103,750.0,522,1378116,0.25,0.125187982286092,4268.162335540997,True,False
2104,930.0,883,1378999,0.25,0.1330752591941167,4270.843859374989,True,False
2105,1770.0,748,1379747,0.25,0.1412423990049305,4273.032028290996,True,False
2106,970.0,652,1380399,0.25,0.11290440902662424,4274.9638017499965,True,False
2107,1160.0,778,1381177,0.25,0.14753139299842027,4277.347819165996,True,False
2108,720.0,713,1381890,0.25,0.13357090594226054,4279.545909749999,True,False
2109,2070.0,1264,1383154,0.25,0.1443502355390523,4283.22493299999,True,False
2110,950.0,756,1383910,0.25,0.10879413896885815,4285.478982999994,True,False
2111,1500.0,728,1384638,0.25,0.12071133239174282,4287.614870957987,True,False
2112,580.0,484,1385122,0.25,0.10769919553879372,4289.048100290995,True,False
2113,750.0,626,1385748,0.25,0.10541079347585416,4290.902709999995,True,False
2114,590.0,574,1386322,0.25,0.12773151484715356,4292.610484374993,True,False
2115,900.0,583,1386905,0.25,0.12474848128446978,4294.34212237499,True,False
2116,620.0,535,1387440,0.25,0.138209018814586,4295.918547457986,True,False
2117,1410.0,819,1388259,0.25,0.12551484327288528,4298.327477790997,True,False
2118,840.0,699,1388958,0.25,0.13593437216111592,4300.390136540998,True,False
2119,470.0,452,1389410,0.25,0.12799066118896008,4301.742069582993,True,False
2120,460.0,493,1389903,0.25,0.11375044554290248,4303.194254791,True,False
2121,870.0,589,1390492,0.25,0.11944804019672242,4304.935320165998,True,False
2122,780.0,725,1391217,0.25,0.11955174355052453,4307.074108790999,True,False
2123,1130.0,795,1392012,0.25,0.15743485374853539,4309.42011549999,True,False
2124,1800.0,848,1392860,0.25,0.12659988942872383,4311.9068585829955,True,False
2125,660.0,582,1393442,0.25,0.12815732084985437,4313.613697499997,True,False
2126,840.0,680,1394122,0.25,0.1396808892269345,4316.57274691599,True,False
2127,1090.0,767,1394889,0.25,0.11838849845419948,4318.839272915997,True,False
2128,1340.0,628,1395517,0.25,0.11417626212262044,4320.72688925,True,False
2129,1530.0,949,1396466,0.25,0.12055070668396065,4323.516370582991,True,False
2130,1210.0,896,1397362,0.25,0.1252589066778975,4326.150617874999,True,False
2131,610.0,598,1397960,0.25,0.11858551959196727,4327.92467629099,True,False
2132,900.0,638,1398598,0.25,0.11292253552977019,4329.807522082992,True,False
2133,1140.0,760,1399358,0.25,0.12971063497427263,4332.040527540987,True,False
2134,430.0,458,1399816,0.25,0.160784120404202,4333.424979915988,True,False
2135,1120.0,730,1400546,0.25,0.11848580352143272,4335.560350124986,True,False
2136,1550.0,740,1401286,0.25,0.12631973328219878,4337.742866249988,True,False
2137,2660.0,1020,1402306,0.25,0.13745694657897248,4340.827307374988,True,False
2138,3190.0,866,1403172,0.25,0.10715659011653217,4343.426479040994,True,False
2139,540.0,478,1403650,0.25,0.13717126002644792,4344.824214915992,True,False
2140,1140.0,765,1404415,0.25,0.14680031936674218,4347.135762582999,True,False
2141,840.0,700,1405115,0.25,0.17514233953186445,4349.218714999995,True,False
2142,990.0,688,1405803,0.25,0.12233067776054837,4351.268272791,True,False
2143,940.0,624,1406427,0.25,0.11771771568470658,4353.169310749989,True,False
2144,1090.0,715,1407142,0.25,0.1183578720701307,4355.272253582996,True,False
2145,820.0,706,1407848,0.25,0.11729671130493535,4358.641995665996,True,False
2146,1570.0,906,1408754,0.25,0.12594085808151065,4362.141041332987,True,False
2147,950.0,722,1409476,0.25,0.10176916610840606,4364.723027,True,False
2148,1180.0,935,1410411,0.25,0.12468054739542529,4367.518901541,True,False
2149,800.0,617,1411028,0.25,0.1064425838209929,4369.336659875,True,False
2150,810.0,620,1411648,0.25,0.10903831729965825,4371.191258166,True,False
2151,760.0,778,1412426,0.25,0.11949033546501521,4374.404917041,True,False
2152,810.0,638,1413064,0.25,0.09423665194772184,4376.319261665994,True,False
2153,810.0,750,1413814,0.25,0.1274468562700213,4378.560115332992,True,False
2154,840.0,704,1414518,0.25,0.13613331169736656,4380.636377874995,True,False
2155,970.0,647,1415165,0.25,0.12188877882780852,4382.545081082993,True,False
2156,1140.0,1022,1416187,0.25,0.11437637878983628,4385.52500470799,True,False
2157,1300.0,941,1417128,0.25,0.12465796854852115,4388.310831374998,True,False
2158,400.0,466,1417594,0.25,0.10293392230082175,4389.696685874995,True,False
2159,1240.0,819,1418413,0.25,0.11206129240553553,4392.115803749999,True,False
2160,980.0,700,1419113,0.25,0.1404327646962234,4394.17371745799,True,False
2161,720.0,568,1419681,0.25,0.14700796482691042,4395.867467082993,True,False
2162,1230.0,999,1420680,0.25,0.12253754127770662,4398.813800040996,True,False
2163,1610.0,865,1421545,0.25,0.11535354757129594,4401.3704952499975,True,False
2164,1140.0,966,1422511,0.25,0.11745773319974233,4404.319422457993,True,False
2165,1060.0,668,1423179,0.25,0.11871459881613354,4406.276605457999,True,False
2166,1050.0,798,1423977,0.25,0.13557149312458933,4408.6364875,True,False
2167,930.0,921,1424898,0.25,0.12065171813187392,4411.3152170409885,True,False
2168,810.0,657,1425555,0.25,0.14378013770754744,4413.242981082993,True,False
2169,900.0,692,1426247,0.25,0.11091565875864098,4415.276599707999,True,False
2170,620.0,492,1426739,0.25,0.10882430572093017,4416.726332499995,True,False
2171,880.0,629,1427368,0.25,0.1252329952991273,4419.675761874998,True,False
2172,1050.0,798,1428166,0.25,0.11931532114070265,4422.488120707989,True,False
2173,2780.0,718,1428884,0.25,0.136258695476378,4424.794533249995,True,False
2174,770.0,559,1429443,0.25,0.1301893367023348,4426.676492707993,True,False
2175,2280.0,657,1430100,0.25,0.12749665476607555,4428.612536415996,True,False
2176,1230.0,574,1430674,0.25,0.11990416922665142,4431.172417624999,True,False
2177,1390.0,870,1431544,0.25,0.11663341831518423,4433.765580624997,True,False
2178,1610.0,882,1432426,0.25,0.10333620861850001,4436.374864499987,True,False
2179,1590.0,764,1433190,0.25,0.11522556725323824,4438.613116458,True,False
2180,790.0,637,1433827,0.25,0.11149829351958239,4440.508394958,True,False
2181,1100.0,717,1434544,0.25,0.10875519138450424,4442.624299915988,True,False
2182,3130.0,929,1435473,0.25,0.1094831945936613,4445.48995725,True,False
2183,980.0,677,1436150,0.25,0.10156454309027575,4447.497853082998,True,False
2184,3240.0,1486,1437636,0.25,0.10989256199168902,4451.863907874998,True,False
2185,1220.0,731,1438367,0.25,0.1135907971535574,4454.015865165988,True,False
2186,950.0,584,1438951,0.25,0.10919610342036372,4455.83456725,True,False
2187,430.0,403,1439354,0.25,0.11644148286247608,4457.07376208299,True,False
2188,1120.0,960,1440314,0.25,0.11457344465112934,4459.903084999998,True,False
2189,840.0,670,1440984,0.25,0.09550472545725781,4461.900420457998,True,False
2190,1710.0,913,1441897,0.25,0.1278528206034057,4464.591836874999,True,False
2191,4120.0,828,1442725,0.25,0.10097726704417795,4467.022697957989,True,False
2192,1000.0,756,1443481,0.25,0.1011755652035828,4469.296857165988,True,False
2193,870.0,562,1444043,0.25,0.10462860374578407,4470.966697665994,True,False
2194,1100.0,795,1444838,0.25,0.11840476161196603,4473.309532457992,True,False
2195,810.0,682,1445520,0.25,0.11237870864787994,4475.33542974999,True,False
2196,2820.0,1119,1446639,0.25,0.11305375032020085,4478.9238401249895,True,False
2197,1400.0,664,1447303,0.25,0.10438417709511087,4481.935290624999,True,False
2198,1670.0,871,1448174,0.25,0.10255814109578593,4484.85922462499,True,False
2199,640.0,559,1448733,0.25,0.11491763466703041,4486.753023290992,True,False
2200,1000.0,865,1449598,0.25,0.09421525054818226,4489.356731458,True,False
2201,1180.0,824,1450422,0.25,0.11081857551160512,4492.67293195799,True,False
2202,830.0,693,1451115,0.25,0.09915666671932777,4494.751720332992,True,False
2203,1560.0,915,1452030,0.25,0.10589342449657521,4497.825824457992,True,False
2204,1050.0,779,1452809,0.25,0.09074523900754941,4500.13011754099,True,False
2205,530.0,454,1453263,0.25,0.1107586123774537,4501.4582834159955,True,False
2206,2270.0,1031,1454294,0.25,0.10923206731099491,4504.532729499988,True,False
2207,1190.0,866,1455160,0.25,0.10974089133505997,4507.12990249999,True,False
2208,1790.0,1001,1456161,0.25,0.11731901348382234,4510.063010999991,True,False
2209,890.0,625,1456786,0.25,0.0970684481689181,4511.926827374991,True,False
2210,430.0,476,1457262,0.25,0.09034496470659721,4513.330850665996,True,False
2211,930.0,657,1457919,0.25,0.11192814147145283,4515.2741687909875,True,False
2212,870.0,729,1458648,0.25,0.10986704437336961,4517.4285491659975,True,False
2213,1640.0,873,1459521,0.25,0.10561911443060418,4520.009419290989,True,False
2214,1090.0,856,1460377,0.25,0.10162951488256733,4522.592033624998,True,False
2215,2360.0,765,1461142,0.25,0.106533890209741,4524.882724415991,True,False
2216,1040.0,717,1461859,0.25,0.0988169262164881,4527.367479499997,True,False
2217,780.0,601,1462460,0.25,0.11777444218365563,4529.422531624994,True,False
2218,890.0,691,1463151,0.25,0.09354843814359155,4531.559737582997,True,False
2219,1250.0,938,1464089,0.25,0.10766493376899273,4534.314115957997,True,False
2220,600.0,657,1464746,0.25,0.11830101727803306,4536.262918415989,True,False
2221,1210.0,535,1465281,0.25,0.11555152276614264,4537.843883082998,True,False
2222,1420.0,1125,1466406,0.25,0.10527328916185691,4542.183358082999,True,False
2223,500.0,539,1466945,0.25,0.10474706895097538,4544.138480207999,True,False
2224,900.0,837,1467782,0.25,0.09725582126403254,4546.679236874988,True,False
2225,990.0,585,1468367,0.25,0.1171779127868071,4548.37238008299,True,False
2226,550.0,480,1468847,0.25,0.11570865693502128,4550.559099874998,True,False
2227,770.0,599,1469446,0.25,0.08714839367816846,4552.3284637909965,True,False
2228,580.0,468,1469914,0.25,0.1196284041318119,4553.736502124986,True,False
2229,870.0,654,1470568,0.25,0.11232778556054322,4555.67324920799,True,False
2230,970.0,960,1471528,0.25,0.1093857007411619,4558.487521165996,True,False
2231,1350.0,788,1472316,0.25,0.09884449201376003,4560.820336124991,True,False
2232,2610.0,1023,1473339,0.25,0.10021327745680715,4563.8320032499905,True,False
2233,700.0,653,1473992,0.25,0.15642862168436006,4565.787733082994,True,False
2234,1140.0,863,1474855,0.25,0.1038654528644889,4568.336142374988,True,False
2235,1180.0,744,1475599,0.25,0.11485573111642752,4570.543301165992,True,False
2236,1340.0,721,1476320,0.25,0.10044914618834277,4572.69157499999,True,False
2237,590.0,666,1476986,0.25,0.11533485887100897,4574.668896999996,True,False
2238,1140.0,1078,1478064,0.25,0.10853479022367132,4577.878257958,True,False
2239,1580.0,953,1479017,0.25,0.11066404892867353,4580.69367054099,True,False
2240,1720.0,807,1479824,0.25,0.11902690105287746,4583.102841457992,True,False
2241,820.0,716,1480540,0.25,0.11316859304863314,4585.504827540994,True,False
2242,800.0,718,1481258,0.25,0.12804936193054614,4587.94851612499,True,False
2243,700.0,538,1481796,0.25,0.1283752925693989,4589.693740165996,True,False
2244,880.0,749,1482545,0.25,0.11177210714966855,4591.8756756660005,True,False
2245,750.0,716,1483261,0.25,0.10095658803660443,4593.977139540992,True,False
2246,1090.0,790,1484051,0.25,0.11391748799966071,4596.385473790986,True,False
2247,1060.0,839,1484890,0.25,0.11784023863396474,4598.857602165997,True,False
2248,900.0,758,1485648,0.25,0.1122947125254493,4601.865542082989,True,False
2249,1240.0,1182,1486830,0.25,0.10498557851602465,4605.6684465,True,False
2250,1880.0,793,1487623,0.25,0.10171565942165225,4608.003195624988,True,False
2251,1150.0,459,1488082,0.25,0.0998376005369684,4610.282111082997,True,False
2252,1360.0,749,1488831,0.25,0.11510199451829023,4612.469909249994,True,False
2253,1610.0,764,1489595,0.25,0.11515500630539749,4614.764830040993,True,False
2254,1550.0,828,1490423,0.25,0.09868765053685737,4617.1941993329965,True,False
2255,1130.0,746,1491169,0.25,0.1119265575858361,4619.4045950829895,True,False
2256,1260.0,811,1491980,0.25,0.11183460509138447,4621.811165749998,True,False
2257,1100.0,915,1492895,0.25,0.11007892984177983,4624.490892749993,True,False
2258,920.0,704,1493599,0.25,0.11466496800792149,4626.764142290995,True,False
2259,830.0,580,1494179,0.25,0.13154817921077383,4629.0642624159955,True,False
2260,1670.0,1042,1495221,0.25,0.1064451630530572,4633.353186415989,True,False
2261,1110.0,783,1496004,0.25,0.11192554116667229,4636.917471915993,True,False
2262,1250.0,879,1496883,0.25,0.11766948993211468,4640.794436624987,True,False
2263,390.0,490,1497373,0.25,0.10644856649564534,4642.237081874991,True,False
2264,1270.0,828,1498201,0.25,0.09087398036378594,4644.735300916,True,False
2265,1200.0,806,1499007,0.25,0.11372138629319953,4647.1523839579895,True,False
2266,1400.0,783,1499790,0.25,0.10978381828005825,4649.466152333,True,False
2267,730.0,715,1500505,0.25,0.11268906033072391,4651.594422040987,True,False
2268,960.0,692,1501197,0.25,0.10650256082329447,4653.669261374991,True,False
2269,2630.0,926,1502123,0.25,0.11192217588553698,4656.426928707995,True,False
2270,2160.0,1042,1503165,0.25,0.11687715741238375,4659.5560714579915,True,False
2271,830.0,804,1503969,0.25,0.10587594928729593,4662.052258415992,True,False
2272,570.0,466,1504435,0.25,0.10356948670834817,4663.444225125,True,False
2273,640.0,540,1504975,0.25,0.10585305332033723,4665.058378082991,True,False
2274,910.0,554,1505529,0.25,0.09869739801870833,4666.730912832994,True,False
2275,1300.0,898,1506427,0.25,0.12379114071206589,4669.383427875,True,False
2276,720.0,657,1507084,0.25,0.14417744308258548,4673.396129540997,True,False
2277,2330.0,699,1507783,0.25,0.10715891282748559,4676.256502707998,True,False
2278,1150.0,767,1508550,0.25,0.11363047827035189,4678.736341790995,True,False
2279,1220.0,779,1509329,0.25,0.13738415527802247,4681.023962040999,True,False
2280,590.0,540,1509869,0.25,0.13065595568882094,4682.6396241249895,True,False
2281,860.0,713,1510582,0.25,0.10657027042523194,4684.767064582993,True,False
2282,1700.0,965,1511547,0.25,0.10490513353365091,4687.613453665996,True,False
2283,920.0,736,1512283,0.25,0.10648548419830269,4689.8207902079885,True,False
2284,1680.0,726,1513009,0.25,0.11299877281167678,4691.98777537499,True,False
2285,1240.0,743,1513752,0.25,0.0972950613046045,4694.193676540992,True,False
2286,860.0,879,1514631,0.25,0.10289998041236237,4696.790342790991,True,False
2287,650.0,494,1515125,0.25,0.09590863187106387,4698.286214540989,True,False
2288,1260.0,780,1515905,0.25,0.10169692503718229,4700.607286040991,True,False
2289,1640.0,1188,1517093,0.25,0.12009722474799413,4704.099878124995,True,False
2290,1350.0,816,1517909,0.25,0.11179929443945487,4706.507863874998,True,False
2291,850.0,685,1518594,0.25,0.1322184777137829,4708.538681207996,True,False
2292,2250.0,879,1519473,0.25,0.12637419830161062,4711.125008666,True,False
2293,560.0,553,1520026,0.25,0.1114499385914077,4712.771777957998,True,False
2294,890.0,633,1520659,0.25,0.10171346234369881,4714.629831207989,True,False
2295,380.0,448,1521107,0.25,0.103232086569603,4715.971952957989,True,False
2296,720.0,1038,1522145,0.25,0.0956065301855023,4719.028609957997,True,False
2297,2400.0,1033,1523178,0.25,0.11460712045979823,4722.067514915994,True,False
2298,680.0,677,1523855,0.25,0.11791845350443611,4724.188448374989,True,False
2299,530.0,437,1524292,0.25,0.1108245696025816,4725.490808082992,True,False
2300,970.0,880,1525172,0.25,0.10049406124109572,4728.127887374998,True,False
2301,1440.0,963,1526135,0.25,0.11080943775984148,4731.656982332992,True,False
2302,1400.0,695,1526830,0.25,0.13119581277514325,4733.7761562499945,True,False
2303,890.0,525,1527355,0.25,0.10291158150568719,4735.335132749999,True,False
2304,1130.0,885,1528240,0.25,0.11621594335883856,4737.914651125,True,False
2305,610.0,567,1528807,0.25,0.12526260519809757,4739.590699957989,True,False
2306,890.0,670,1529477,0.25,0.10710386266665799,4741.573203874999,True,False
2307,1080.0,744,1530221,0.25,0.09607527206741995,4743.7518468329945,True,False
2308,1120.0,864,1531085,0.25,0.11593066938911323,4746.291106999997,True,False
2309,770.0,527,1531612,0.25,0.11930940111139507,4747.85803587499,True,False
2310,820.0,697,1532309,0.25,0.11602438492807506,4749.897967665995,True,False
2311,1790.0,897,1533206,0.25,0.1048053047686283,4752.505431332989,True,False
2312,880.0,746,1533952,0.25,0.12847399612002194,4754.7185088749975,True,False
2313,760.0,582,1534534,0.25,0.11207537332485462,4756.433042624994,True,False
2314,1240.0,703,1535237,0.25,0.11890200146643276,4758.498350957991,True,False
2315,960.0,728,1535965,0.25,0.09693017541584405,4760.640556957995,True,False
2316,950.0,822,1536787,0.25,0.11048137024953598,4763.06694325,True,False
2317,1060.0,753,1537540,0.25,0.12350629269091225,4765.283984582988,True,False
2318,1020.0,599,1538139,0.25,0.10471385554879303,4767.045118249996,True,False
2319,750.0,559,1538698,0.25,0.11288055699052556,4768.703156082993,True,False
2320,1230.0,893,1539591,0.25,0.12148569001411108,4771.317436207988,True,False
2321,1280.0,1047,1540638,0.25,0.1133554236295114,4774.405608665998,True,False
2322,3400.0,929,1541567,0.25,0.10688382092510061,4777.1390892909985,True,False
2323,1450.0,662,1542229,0.25,0.10947686626789081,4779.086318332993,True,False
2324,880.0,650,1542879,0.25,0.1089210037463977,4781.005291207999,True,False
2325,1080.0,635,1543514,0.25,0.12205619007677028,4782.995470707989,True,False
2326,1720.0,1025,1544539,0.25,0.12047197835636325,4786.911300499996,True,False
2327,1380.0,733,1545272,0.25,0.11829345050753783,4789.1706563329935,True,False
2328,1860.0,938,1546210,0.25,0.12710414820501947,4792.078305832998,True,False
2329,2080.0,826,1547036,0.25,0.10291085161880595,4794.500284915994,True,False
2330,710.0,630,1547666,0.25,0.10833835515199573,4796.3695955,True,False
2331,890.0,840,1548506,0.25,0.10523143315776473,4800.072042790998,True,False
2332,790.0,700,1549206,0.25,0.11418941828821387,4802.693267957991,True,False
2333,600.0,543,1549749,0.25,0.14645682716303887,4804.482001624987,True,False
2334,1010.0,658,1550407,0.25,0.1268509907375385,4806.699791415987,True,False
2335,620.0,696,1551103,0.25,0.12185322150759313,4808.769402082995,True,False
2336,1240.0,1049,1552152,0.25,0.12350303815684845,4811.85459170799,True,False
2337,1620.0,875,1553027,0.25,0.11551440667805321,4814.455971082993,True,False
2338,900.0,655,1553682,0.25,0.12074481088259234,4816.370852374996,True,False
2339,950.0,581,1554263,0.25,0.11044205756023012,4818.078503290992,True,False
2340,1600.0,992,1555255,0.25,0.12434653583313188,4821.014045249991,True,False
2341,1260.0,801,1556056,0.25,0.09775241140035254,4823.386675332993,True,False
2342,680.0,527,1556583,0.25,0.1246640527094821,4824.953219624993,True,False
2343,1350.0,709,1557292,0.25,0.13931764986659034,4827.046470040994,True,False
2344,740.0,542,1557834,0.25,0.11491898000240326,4828.657123874989,True,False
2345,2240.0,992,1558826,0.25,0.10883209873892126,4831.769131999987,True,False
2346,2270.0,967,1559793,0.25,0.11807727685182794,4835.045932790992,True,False
2347,3200.0,1259,1561052,0.25,0.12684583578790937,4838.8246547499875,True,False
2348,930.0,734,1561786,0.25,0.14112950718956566,4841.002065249995,True,False
2349,2210.0,643,1562429,0.25,0.10964996026400824,4842.933041207987,True,False
2350,960.0,922,1563351,0.25,0.11126490615146316,4845.635777999996,True,False
2351,790.0,671,1564022,0.25,0.12776607358162956,4848.411510582999,True,False
2352,1160.0,816,1564838,0.25,0.1335207149386406,4851.244371624998,True,False
2353,930.0,603,1565441,0.25,0.11772448597907625,4853.323747207993,True,False
2354,310.0,461,1565902,0.25,0.11566258192710255,4854.705463374994,True,False
2355,460.0,451,1566353,0.25,0.1162676859350331,4856.026123207994,True,False
2356,1050.0,634,1566987,0.25,0.11916682734802554,4857.894732790999,True,False
2357,1110.0,614,1567601,0.25,0.12682597815700167,4860.622845665988,True,False
2358,530.0,543,1568144,0.25,0.12074519544565941,4862.863128332989,True,False
2359,1210.0,707,1568851,0.25,0.12183593097142875,4865.113726874988,True,False
2360,1790.0,1011,1569862,0.25,0.13413359255717677,4868.426705082995,True,False
2361,1420.0,862,1570724,0.25,0.12328476944282928,4870.945411124994,True,False
2362,1410.0,824,1571548,0.25,0.1182195089070253,4873.392210374994,True,False
2363,410.0,491,1572039,0.25,0.1220226180510687,4874.858461957992,True,False
2364,940.0,807,1572846,0.25,0.12871078458974267,4877.23040729099,True,False
2365,1270.0,1008,1573854,0.25,0.11280660770301308,4880.196934957989,True,False
2366,1490.0,753,1574607,0.25,0.13393930256604514,4882.429694665989,True,False
2367,810.0,868,1575475,0.25,0.11771605837626666,4884.992864540996,True,False
2368,830.0,784,1576259,0.25,0.130073476107601,4887.323804582993,True,False
2369,380.0,480,1576739,0.25,0.11226954117106895,4888.73786816599,True,False
2370,1460.0,798,1577537,0.25,0.1282511437870562,4891.099091332988,True,False
2371,970.0,752,1578289,0.25,0.13225279904981244,4893.32862341599,True,False
2372,4020.0,977,1579266,0.25,0.12121299948146352,4896.202130040998,True,False
2373,670.0,571,1579837,0.25,0.12420607475446654,4897.900794540998,True,False
2374,400.0,452,1580289,0.25,0.12894495159585392,4899.26231749999,True,False
2375,1380.0,869,1581158,0.25,0.14213584384919586,4901.916203374989,True,False
2376,1380.0,787,1581945,0.25,0.13652296638503897,4905.069520332996,True,False
2377,920.0,676,1582621,0.25,0.13378546266822067,4907.065444874999,True,False
2378,1060.0,872,1583493,0.25,0.126182013199827,4909.762094332997,True,False
2379,1190.0,999,1584492,0.25,0.11074263626337051,4913.256052707991,True,False
2380,1200.0,887,1585379,0.25,0.1455855027212007,4916.105435040998,True,False
2381,1450.0,890,1586269,0.25,0.13531435987674068,4918.69674354099,True,False
2382,860.0,633,1586902,0.25,0.1304772862740144,4921.015872832999,True,False
2383,1630.0,748,1587650,0.25,0.14396553804330967,4924.192614082989,True,False
2384,450.0,431,1588081,0.25,0.12115915512873067,4925.500630374998,True,False
2385,940.0,670,1588751,0.25,0.11184661427211619,4927.442829707987,True,False
2386,1260.0,801,1589552,0.25,0.11152620772038822,4929.851580124989,True,False
2387,1030.0,744,1590296,0.25,0.13190492059314443,4932.069650332996,True,False
2388,470.0,495,1590791,0.25,0.1326775241764338,4933.537576207993,True,False
2389,1380.0,947,1591738,0.25,0.1390259518339161,4936.327159707987,True,False
2390,820.0,498,1592236,0.25,0.12625028583407402,4937.8101586659905,True,False
2391,610.0,598,1592834,0.25,0.12351997562952889,4939.577093124986,True,False
2392,810.0,749,1593583,0.25,0.11207237327720392,4941.7922351659945,True,False
2393,1490.0,901,1594484,0.25,0.1349176191518792,4944.450671582992,True,False
2394,420.0,489,1594973,0.25,0.1520663916942526,4945.903163665993,True,False
2395,2010.0,801,1595774,0.25,0.14493925672024488,4948.277565040989,True,False
2396,860.0,630,1596404,0.25,0.12514781547545256,4950.142958124998,True,False
2397,1220.0,1022,1597426,0.25,0.12539958148902539,4953.12677024999,True,False
2398,850.0,616,1598042,0.25,0.13949854976751588,4954.956537832986,True,False
2399,1210.0,794,1598836,0.25,0.11152149325040117,4957.300418499988,True,False
2400,650.0,506,1599342,0.25,0.09931115909583038,4958.805631499999,True,False
2401,2520.0,694,1600036,0.25,0.1404214097272562,4962.051864915993,True,False
2402,540.0,506,1600542,0.25,0.12468675559475309,4963.53736370799,True,False
2403,1210.0,818,1601360,0.25,0.13075165531439026,4965.974133624986,True,False
2404,870.0,817,1602177,0.25,0.155925458260611,4968.364563083,True,False
2405,1410.0,1137,1603314,0.25,0.1296957258830293,4971.69352916599,True,False
2406,820.0,635,1603949,0.25,0.11916899322619978,4973.568598499987,True,False
2407,870.0,672,1604621,0.25,0.12941072084053995,4975.5511239999905,True,False
2408,1080.0,661,1605282,0.25,0.14121643408681406,4977.495171915987,True,False
2409,910.0,548,1605830,0.25,0.138378839858257,4979.1181522080005,True,False
2410,870.0,646,1606476,0.25,0.11432072754811358,4981.426062874991,True,False
2411,2310.0,1035,1607511,0.25,0.1252415518153661,4985.311888040989,True,False
2412,840.0,717,1608228,0.25,0.1386988914778663,4987.384781665998,True,False
2413,1970.0,787,1609015,0.25,0.11168184338555652,4989.691497790991,True,False
2414,1040.0,845,1609860,0.25,0.13008235414284017,4992.187278832993,True,False
2415,1310.0,682,1610542,0.25,0.10357584471211714,4994.184787332997,True,False
2416,650.0,529,1611071,0.25,0.112473574015453,4995.773772457993,True,False
2417,710.0,598,1611669,0.25,0.14879554017136495,4997.54419812499,True,False
2418,1380.0,820,1612489,0.25,0.11799878461695298,5000.004764499987,True,False
2419,2320.0,906,1613395,0.25,0.14220049556146944,5002.669850415987,True,False
2420,800.0,690,1614085,0.25,0.1279097719042632,5004.719854415991,True,False
2421,1150.0,693,1614778,0.25,0.13430522331655714,5006.799333540999,True,False
2422,470.0,426,1615204,0.25,0.12007022656012918,5008.085195499996,True,False
2423,720.0,628,1615832,0.25,0.12392729319110038,5009.930120165998,True,False
2424,1360.0,761,1616593,0.25,0.14108578271575664,5012.180654749987,True,False
2425,2240.0,754,1617347,0.25,0.13139857199201557,5014.490145832999,True,False
2426,690.0,556,1617903,0.25,0.1406302101400902,5016.936731707989,True,False
2427,1290.0,940,1618843,0.25,0.11615388048614593,5019.65511641599,True,False
2428,900.0,633,1619476,0.25,0.14319807855681804,5021.568021832994,True,False
2429,2000.0,1341,1620817,0.25,0.12031994518170606,5025.462967540996,True,False
2430,610.0,531,1621348,0.25,0.14471221804842913,5027.050413290999,True,False
2431,1380.0,789,1622137,0.25,0.12929795230478805,5029.356586915994,True,False
2432,970.0,655,1622792,0.25,0.10805277338978357,5031.282395874994,True,False
2433,1040.0,561,1623353,0.25,0.12966476064175367,5033.016412249999,True,False
2434,2310.0,739,1624092,0.25,0.11658605584824408,5035.354235749997,True,False
2435,880.0,819,1624911,0.25,0.13446962002518714,5037.727813540987,True,False
2436,1130.0,752,1625663,0.25,0.13652789382699956,5039.982800040991,True,False
2437,450.0,525,1626188,0.25,0.1149132229726423,5041.647423165996,True,False
2438,780.0,600,1626788,0.25,0.13856781113892794,5043.43095845799,True,False
2439,1410.0,1011,1627799,0.25,0.13831830664079578,5046.537589165993,True,False
2440,1040.0,888,1628687,0.25,0.14193718340080064,5049.138658332988,True,False
2441,1390.0,791,1629478,0.25,0.14608113625735947,5051.466207957987,True,False
2442,860.0,752,1630230,0.25,0.14180423539290402,5055.00944804099,True,False
2443,1600.0,1003,1631233,0.25,0.1274616860625041,5058.2386255829915,True,False
2444,920.0,660,1631893,0.25,0.12146620897181107,5060.189860707993,True,False
2445,1310.0,600,1632493,0.25,0.14524592933555444,5062.001843040998,True,False
2446,400.0,366,1632859,0.25,0.12969823484564877,5063.092626999991,True,False
2447,970.0,729,1633588,0.25,0.1447088881675663,5065.2550221249985,True,False
2448,1760.0,838,1634426,0.25,0.13510495306629883,5067.744573749995,True,False
2449,1060.0,944,1635370,0.25,0.13991944613803367,5070.541742207992,True,False
2450,1130.0,686,1636056,0.25,0.1408843432531454,5072.559765165992,True,False
2451,1410.0,761,1636817,0.25,0.13472045916867884,5075.952125874988,True,False
2452,1100.0,783,1637600,0.25,0.14554711251652666,5078.2882235,True,False
2453,840.0,567,1638167,0.25,0.12747189481841756,5080.005723124996,True,False
2454,880.0,686,1638853,0.25,0.14231658882873002,5082.038090957998,True,False
2455,900.0,738,1639591,0.25,0.13173524055468,5084.217739,True,False
2456,610.0,618,1640209,0.25,0.17000382172484552,5086.068895874996,True,False
2457,1550.0,654,1640863,0.25,0.13729085343564215,5088.001829665998,True,False
2458,1260.0,826,1641689,0.25,0.1513046256316025,5090.455069165997,True,False
2459,1360.0,906,1642595,0.25,0.1230707902510741,5093.13782012499,True,False
2460,1290.0,725,1643320,0.25,0.12469480401621415,5095.296357915999,True,False
2461,800.0,586,1643906,0.25,0.1412207561302675,5097.0229732499865,True,False
2462,2120.0,830,1644736,0.25,0.128672706697566,5099.457342915994,True,False
2463,690.0,583,1645319,0.25,0.11423703927932115,5101.1797026659915,True,False
2464,930.0,554,1645873,0.25,0.1415663783123596,5102.818593249991,True,False
2465,850.0,653,1646526,0.25,0.11327256366290564,5104.752704082988,True,False
2466,650.0,548,1647074,0.25,0.13775368664332116,5106.36826691599,True,False
2467,690.0,503,1647577,0.25,0.13786521542166907,5107.905489165991,True,False
2468,890.0,704,1648281,0.25,0.1587275147268718,5109.975193374994,True,False
2469,1710.0,878,1649159,0.25,0.13313895858586106,5112.559695415999,True,False
2470,360.0,387,1649546,0.25,0.11408644361594289,5113.72038220799,True,False
2471,1030.0,843,1650389,0.25,0.13078960750728705,5116.198322415992,True,False
2472,310.0,440,1650829,0.25,0.16177610155533662,5117.503477999999,True,False
2473,1520.0,1205,1652034,0.25,0.12871876368887006,5121.008858415997,True,False
2474,590.0,491,1652525,0.25,0.18752081839110307,5122.463121290988,True,False
2475,700.0,626,1653151,0.25,0.1466368219265953,5124.315757665987,True,False
2476,1160.0,794,1653945,0.25,0.13811147645415373,5127.513085082988,True,False
2477,640.0,534,1654479,0.25,0.1501145364254489,5129.096353415996,True,False
2478,2710.0,1133,1655612,0.25,0.11355771437864488,5132.401723415998,True,False
2479,1330.0,831,1656443,0.25,0.13441122562629013,5134.844727665986,True,False
2480,1440.0,873,1657316,0.25,0.12235575467007889,5137.564563957989,True,False
2481,2050.0,1079,1658395,0.25,0.13248202892982827,5141.198951165992,True,False
2482,1510.0,1133,1659528,0.25,0.13430552348546998,5144.583937624993,True,False
2483,990.0,581,1660109,0.25,0.1413664793659901,5146.295893874994,True,False
2484,1510.0,958,1661067,0.25,0.1257976840900951,5149.137601165989,True,False
2485,1230.0,1107,1662174,0.25,0.12820954899226286,5152.364357415994,True,False
2486,850.0,656,1662830,0.25,0.12350529529972047,5154.309639915999,True,False
2487,960.0,808,1663638,0.25,0.14032091766522073,5156.689388665996,True,False
2488,1020.0,733,1664371,0.25,0.14105435056723858,5158.877953499992,True,False
2489,780.0,652,1665023,0.25,0.1514990045431933,5161.136852083,True,False
2490,1360.0,953,1665976,0.25,0.1366680772764663,5164.329706832999,True,False
2491,850.0,614,1666590,0.25,0.13026650056389033,5166.14702962499,True,False
2492,1970.0,1026,1667616,0.25,0.11445097766584691,5169.162207457994,True,False
2493,420.0,485,1668101,0.25,0.13518749562299942,5170.625859583,True,False
2494,890.0,630,1668731,0.25,0.12605114002373946,5172.616233165987,True,False
2495,1700.0,910,1669641,0.25,0.13278637206377952,5175.232116165993,True,False
2496,740.0,645,1670286,0.25,0.12840738876358324,5177.169878832996,True,False
2497,670.0,854,1671140,0.25,0.12652827441587905,5179.680653040996,True,False
2498,1440.0,802,1671942,0.25,0.11105914589948952,5182.031751790986,True,False
2499,1490.0,775,1672717,0.25,0.11730492944569931,5184.307894082987,True,False
2500,1460.0,1121,1673838,0.25,0.13319966517654913,5187.591612915989,True,False
2501,930.0,736,1674574,0.25,0.12608913924423573,5190.720103874992,True,False
2502,590.0,494,1675068,0.25,0.13166491523565305,5192.197497999994,True,False
2503,1040.0,729,1675797,0.25,0.13395359790832786,5194.354990249994,True,False
2504,910.0,582,1676379,0.25,0.1336050808815093,5196.0762942500005,True,False
2505,1130.0,769,1677148,0.25,0.12765184048698355,5198.350613457995,True,False
2506,1100.0,722,1677870,0.25,0.15413715458578534,5200.475829415998,True,False
2507,440.0,445,1678315,0.25,0.11316058999514794,5201.811465374994,True,False
2508,1670.0,754,1679069,0.25,0.1200162486207706,5204.063857707995,True,False
2509,1380.0,867,1679936,0.25,0.16205384325630928,5206.777048624994,True,False
2510,800.0,671,1680607,0.25,0.09956295085613599,5208.751510540998,True,False
2511,550.0,568,1681175,0.25,0.10871526723543942,5210.440344790986,True,False
2512,1180.0,620,1681795,0.25,0.13584684051813617,5212.367687291,True,False
2513,470.0,576,1682371,0.25,0.1183888981403369,5214.120159582992,True,False
2514,1170.0,756,1683127,0.25,0.1306514590288754,5216.36166658299,True,False
2515,1510.0,673,1683800,0.25,0.11687119831964815,5218.3917966249865,True,False
2516,860.0,586,1684386,0.25,0.11871307819112115,5220.131506749996,True,False
2517,600.0,530,1684916,0.25,0.13817443602011167,5222.956687999991,True,False
2518,1270.0,1019,1685935,0.25,0.14467565719712908,5226.818288124996,True,False
2519,820.0,553,1686488,0.25,0.14457351612530167,5228.806864999991,True,False
2520,1510.0,1108,1687596,0.25,0.125725139248511,5232.167999249999,True,False
2521,2240.0,863,1688459,0.25,0.1277924440194701,5234.756767832994,True,False
2522,1000.0,987,1689446,0.25,0.147665217164376,5238.2241844579985,True,False
2523,630.0,554,1690000,0.25,0.11881414775421723,5240.095454082999,True,False
2524,660.0,503,1690503,0.25,0.11611298903822899,5241.60606749999,True,False
2525,1250.0,930,1691433,0.25,0.12652058291045126,5244.350321957987,True,False
2526,1200.0,996,1692429,0.25,0.13544059125145516,5248.5568163749995,True,False
2527,1070.0,709,1693138,0.25,0.13034233578222956,5250.694723374996,True,False
2528,2040.0,892,1694030,0.25,0.13797352779573122,5253.324456249989,True,False
2529,630.0,533,1694563,0.25,0.12872939836934097,5254.905822124987,True,False
2530,1770.0,993,1695556,0.25,0.1485605833894876,5257.8543905829865,True,False
2531,760.0,667,1696223,0.25,0.13891814275453968,5259.821455707992,True,False
2532,460.0,426,1696649,0.25,0.13792568570542557,5261.297919499993,True,False
2533,1530.0,1475,1698124,0.25,0.13195566042026047,5265.806153999991,True,False
2534,1150.0,864,1698988,0.25,0.11712059343268198,5268.4482711249875,True,False
2535,1560.0,870,1699858,0.25,0.12626857812675188,5271.013680290998,True,False
2536,1090.0,718,1700576,0.25,0.12809722738133536,5273.282316332989,True,False
2537,1220.0,751,1701327,0.25,0.13419118226769775,5275.586863499993,True,False
2538,880.0,651,1701978,0.25,0.15509518561599078,5277.5190285829885,True,False
2539,1470.0,1062,1703040,0.25,0.1447399677708745,5280.773459082993,True,False
2540,1290.0,1131,1704171,0.25,0.12623884581055836,5285.372979082997,True,False
2541,1620.0,1166,1705337,0.25,0.11471566611467159,5288.978107624993,True,False
2542,230.0,434,1705771,0.25,0.13001719675958157,5290.294743708,True,False
2543,1720.0,868,1706639,0.25,0.1174210750150241,5292.9471859579935,True,False
2544,930.0,747,1707386,0.25,0.12812150495853972,5295.1476324159885,True,False
2545,880.0,609,1707995,0.25,0.1507103497799682,5296.990604415987,True,False
2546,940.0,860,1708855,0.25,0.13178961406093698,5299.759753915991,True,False
2547,840.0,730,1709585,0.25,0.11257776146744444,5301.888822915993,True,False
2548,1010.0,815,1710400,0.25,0.12069476051621285,5304.290546665987,True,False
2549,700.0,604,1711004,0.25,0.13101460959836347,5306.097609499993,True,False
2550,1180.0,680,1711684,0.25,0.14351334461175344,5308.182232957988,True,False
2551,740.0,672,1712356,0.25,0.12292799090833537,5311.19313575,True,False
2552,870.0,616,1712972,0.25,0.15767030642887989,5313.026182707996,True,False
2553,970.0,788,1713760,0.25,0.1260680066431083,5315.576726499989,True,False
2554,1060.0,968,1714728,0.25,0.13387375055573697,5318.438194415998,True,False
2555,1420.0,707,1715435,0.25,0.12942396737211806,5320.517211040991,True,False
2556,480.0,445,1715880,0.25,0.15582322365870432,5321.870818540992,True,False
2557,1090.0,736,1716616,0.25,0.139101900636097,5324.163912165997,True,False
2558,1660.0,837,1717453,0.25,0.13351802558205914,5326.607269165994,True,False
2559,960.0,651,1718104,0.25,0.14585207791233357,5328.5289962499955,True,False
2560,1260.0,659,1718763,0.25,0.15585595730510426,5330.4902452499955,True,False
2561,1020.0,764,1719527,0.25,0.1593377107256994,5332.779427165995,True,False
2562,1410.0,948,1720475,0.25,0.1579878288576623,5335.668884707993,True,False
2563,1640.0,723,1721198,0.25,0.167973463830039,5337.780910499991,True,False
2564,1030.0,680,1721878,0.25,0.14919589740388534,5339.980744207991,True,False
2565,1300.0,656,1722534,0.25,0.1374789406999764,5341.941715415989,True,False
2566,560.0,456,1722990,0.25,0.12160225867767606,5344.116296165987,True,False
2567,1210.0,856,1723846,0.25,0.124877495900075,5346.988858832992,True,False
2568,1250.0,918,1724764,0.25,0.11804369656450074,5349.671147957997,True,False
2569,1010.0,758,1725522,0.25,0.11758546294674041,5351.915297957996,True,False
2570,1620.0,720,1726242,0.25,0.14397563164432844,5354.043887332999,True,False
2571,2120.0,1104,1727346,0.25,0.11640531288297928,5357.28671395799,True,False
2572,590.0,522,1727868,0.25,0.14407886763792913,5358.829453457991,True,False
2573,400.0,468,1728336,0.25,0.1209063651278997,5360.213420290995,True,False
2574,1030.0,769,1729105,0.25,0.12066815461730585,5362.614379874998,True,False
2575,770.0,685,1729790,0.25,0.12752305095394453,5364.759258624996,True,False
2576,1550.0,847,1730637,0.25,0.11833912442561309,5368.0308604159945,True,False
2577,1090.0,598,1731235,0.25,0.14432187613424838,5369.901100666,True,False
2578,1130.0,657,1731892,0.25,0.17222662954167886,5371.868434415999,True,False
2579,950.0,635,1732527,0.25,0.11293137940000507,5373.788155832997,True,False
2580,780.0,611,1733138,0.25,0.1370416308564493,5375.650222457989,True,False
2581,830.0,663,1733801,0.25,0.12735763049673243,5377.634561874991,True,False
2582,830.0,634,1734435,0.25,0.14562680558124674,5379.582987124988,True,False
2583,490.0,411,1734846,0.25,0.15414672041112937,5380.812421499999,True,False
2584,1210.0,764,1735610,0.25,0.14944162449911627,5383.071954249986,True,False
2585,880.0,552,1736162,0.25,0.16234052746786157,5384.817771999995,True,False
2586,860.0,812,1736974,0.25,0.13223115919992842,5387.300790915993,True,False
2587,890.0,632,1737606,0.25,0.11640408584447223,5389.188223624995,True,False
2588,540.0,473,1738079,0.25,0.11180252965413413,5390.592402124996,True,False
2589,500.0,498,1738577,0.25,0.13401027069985866,5392.068386957995,True,False
2590,450.0,413,1738990,0.25,0.10760726070809133,5393.309546582997,True,False
2591,890.0,717,1739707,0.25,0.13669094499512757,5395.545301165999,True,False
2592,1070.0,906,1740613,0.25,0.1324129184535684,5398.356304749992,True,False
2593,1240.0,1072,1741685,0.25,0.15608885533996483,5401.678414374997,True,False
2594,420.0,401,1742086,0.25,0.1574212374165654,5402.935837832993,True,False
2595,1690.0,1015,1743101,0.25,0.1611620465102862,5406.004796915993,True,False
2596,1060.0,839,1743940,0.25,0.14141477885700407,5408.5514175829885,True,False
2597,2810.0,1070,1745010,0.25,0.14051297883248506,5411.725842707994,True,False
2598,1110.0,927,1745937,0.25,0.12560408689274355,5415.034493957995,True,False
2599,1190.0,702,1746639,0.25,0.1386271272812571,5418.108852249992,True,False
2600,810.0,627,1747266,0.25,0.12413351696909992,5420.238169415999,True,False
2601,830.0,665,1747931,0.25,0.14950038840522967,5423.17431516599,True,False
2602,1580.0,831,1748762,0.25,0.1210369800683111,5425.608456957998,True,False
2603,1070.0,756,1749518,0.25,0.1312666116134515,5427.914408665994,True,False
2604,890.0,707,1750225,0.25,0.1523867734618443,5429.992501916,True,False
2605,1130.0,940,1751165,0.25,0.15759049847405007,5432.881491207998,True,False
2606,380.0,474,1751639,0.25,0.1576674497386409,5434.2817127499875,True,False
2607,970.0,697,1752336,0.25,0.14062393139515605,5436.472225540987,True,False
2608,1670.0,817,1753153,0.25,0.13607911988362378,5438.966952415998,True,False
2609,910.0,586,1753739,0.25,0.1402321324033076,5440.706029999987,True,False
2610,790.0,602,1754341,0.25,0.1265103557449303,5442.513567874994,True,False
2611,520.0,517,1754858,0.25,0.12402988795566466,5444.305289915996,True,False
2612,820.0,639,1755497,0.25,0.14086598325520755,5446.5117783329915,True,False
2613,1500.0,832,1756329,0.25,0.14078876378838545,5449.138546624992,True,False
2614,860.0,824,1757153,0.25,0.1307509622708397,5451.541719540997,True,False
2615,820.0,739,1757892,0.25,0.13243373367633368,5453.747555374997,True,False
2616,2710.0,1000,1758892,0.25,0.13576307908445598,5456.806408249991,True,False
2617,660.0,687,1759579,0.25,0.1424636118418989,5458.921325624993,True,False
2618,1540.0,648,1760227,0.25,0.14498770082898346,5460.880652707987,True,False
2619,830.0,557,1760784,0.25,0.1259570553366627,5462.606179707989,True,False
2620,760.0,619,1761403,0.25,0.15354011157019573,5464.510047958,True,False
2621,640.0,565,1761968,0.25,0.13105721089621664,5466.245666832998,True,False
2622,1080.0,744,1762712,0.25,0.14017189584512224,5468.65495487499,True,False
2623,1460.0,811,1763523,0.25,0.13571782814025288,5471.372940540998,True,False
2624,690.0,592,1764115,0.25,0.15317212315779682,5473.331200665998,True,False
2625,1300.0,901,1765016,0.25,0.12856533162427686,5475.983989,True,False
2626,820.0,949,1765965,0.25,0.13414261260616125,5479.55753895799,True,False
2627,1060.0,1078,1767043,0.25,0.14819876391260597,5482.738279832993,True,False
2628,1760.0,1173,1768216,0.25,0.1328062331747441,5486.304575582995,True,False
2629,2060.0,1211,1769427,0.25,0.15284669831617187,5490.062706957993,True,False
2630,2260.0,928,1770355,0.25,0.12454077523554964,5493.054002499994,True,False
2631,930.0,626,1770981,0.25,0.11725064717043357,5495.012028540994,True,False
2632,1010.0,677,1771658,0.25,0.13043910492013192,5497.0124815409945,True,False
2633,1050.0,715,1772373,0.25,0.1208058555282694,5499.263862790991,True,False
2634,1030.0,724,1773097,0.25,0.1167525177234938,5501.454634374997,True,False
2635,910.0,617,1773714,0.25,0.1093402003095328,5503.292777749986,True,False
2636,1920.0,825,1774539,0.25,0.13841110827781042,5507.405618290999,True,False
2637,600.0,627,1775166,0.25,0.12821613192843023,5509.975705332996,True,False
2638,2420.0,769,1775935,0.25,0.12731443762701625,5513.059553040992,True,False
2639,1580.0,778,1776713,0.25,0.17178131855833226,5515.58828258299,True,False
2640,910.0,714,1777427,0.25,0.14333646393935667,5517.717435874991,True,False
2641,950.0,602,1778029,0.25,0.1349765644316247,5519.62098454099,True,False
2642,1570.0,674,1778703,0.25,0.14001496911181935,5521.694868665989,True,False
2643,970.0,740,1779443,0.25,0.15525728981639889,5523.901657540991,True,False
2644,590.0,471,1779914,0.25,0.15192361381220615,5525.41672524999,True,False
2645,810.0,661,1780575,0.25,0.1268137694308252,5527.4455202909885,True,False
2646,930.0,657,1781232,0.25,0.1357935095488122,5529.429350915991,True,False
2647,920.0,584,1781816,0.25,0.1482509788482973,5531.1692609159945,True,False
2648,1120.0,884,1782700,0.25,0.12542286674529987,5533.800183540996,True,False
2649,1090.0,916,1783616,0.25,0.12443167917170118,5536.5067438749975,True,False
2650,700.0,542,1784158,0.25,0.09893002352780766,5538.120205665997,True,False
2651,570.0,526,1784684,0.25,0.1287473516087189,5540.452410374986,True,False
2652,840.0,704,1785388,0.25,0.125492899953811,5542.529178874989,True,False
2653,1240.0,756,1786144,0.25,0.1364860510719674,5544.885547124999,True,False
2654,820.0,585,1786729,0.25,0.14616289973412067,5546.618935415987,True,False
2655,1010.0,699,1787428,0.25,0.11019474637295519,5548.742865165987,True,False
2656,1770.0,782,1788210,0.25,0.13182431418353166,5551.029406040994,True,False
2657,790.0,544,1788754,0.25,0.1351100201033713,5552.647722874986,True,False
2658,1480.0,980,1789734,0.25,0.12871310228900035,5555.699299874992,True,False
2659,470.0,474,1790208,0.25,0.12188119208048873,5557.19525479099,True,False
2660,1300.0,955,1791163,0.25,0.12368625311666176,5560.06543925,True,False
2661,900.0,759,1791922,0.25,0.14855758202703376,5562.688512165987,True,False
2662,880.0,718,1792640,0.25,0.13032012310706906,5565.106800790993,True,False
2663,890.0,560,1793200,0.25,0.12497306794726423,5567.927735749996,True,False
2664,1440.0,687,1793887,0.25,0.12528851074956313,5570.417700540987,True,False
2665,640.0,577,1794464,0.25,0.1293046649031598,5572.287527082997,True,False
2666,740.0,697,1795161,0.25,0.12612325237828426,5574.609300749988,True,False
2667,1060.0,698,1795859,0.25,0.14182606409036222,5576.745123624991,True,False
2668,880.0,732,1796591,0.25,0.12266286346511762,5578.977977790986,True,False
2669,430.0,436,1797027,0.25,0.10562720594056156,5580.324424665989,True,False
2670,1020.0,737,1797764,0.25,0.14461227186225556,5582.5861569579865,True,False
2671,1540.0,699,1798463,0.25,0.1416671096679123,5584.738734207989,True,False
2672,580.0,438,1798901,0.25,0.14809983103451405,5586.073447915987,True,False
2673,890.0,649,1799550,0.25,0.1535911071171731,5588.079038957992,True,False
2674,1070.0,646,1800196,0.25,0.13565362916316515,5590.045526332993,True,False
2675,1640.0,787,1800983,0.25,0.13292765050974428,5592.43843512499,True,False
2676,820.0,779,1801762,0.25,0.13741203621029854,5595.663140915989,True,False
2677,960.0,773,1802535,0.25,0.12277597806614297,5597.970247582998,True,False
2678,1560.0,697,1803232,0.25,0.12561728209257125,5600.078776082999,True,False
2679,900.0,534,1803766,0.25,0.15996415091020272,5601.649668749989,True,False
2680,830.0,656,1804422,0.25,0.13164257493278966,5603.612322874993,True,False
2681,1230.0,753,1805175,0.25,0.15747628515546627,5605.989285541,True,False
2682,930.0,614,1805789,0.25,0.16150522246569782,5607.790805165991,True,False
2683,1480.0,629,1806418,0.25,0.12437899579193182,5609.760066749994,True,False
2684,1240.0,800,1807218,0.25,0.13381140675395728,5612.106799290996,True,False
2685,1530.0,740,1807958,0.25,0.13977897641425197,5614.323387207987,True,False
2686,740.0,601,1808559,0.25,0.14670026694734892,5616.232216082994,True,False
2687,1610.0,762,1809321,0.25,0.13670343971026194,5618.5628975,True,False
2688,950.0,612,1809933,0.25,0.13982526978684795,5620.551565207992,True,False
2689,1500.0,990,1810923,0.25,0.13208310473484067,5623.5737788749975,True,False
2690,720.0,570,1811493,0.25,0.1475245398501833,5625.254526915989,True,False
2691,520.0,512,1812005,0.25,0.125356837088475,5627.113247040994,True,False
2692,840.0,580,1812585,0.25,0.1154298448870922,5629.750037874997,True,False
2693,740.0,590,1813175,0.25,0.1445275111263301,5631.601215749994,True,False
2694,490.0,452,1813627,0.25,0.12142778293485135,5632.936845874996,True,False
2695,1610.0,805,1814432,0.25,0.14833003561021668,5635.351542165998,True,False
2696,1010.0,715,1815147,0.25,0.13751537932522512,5637.561667207992,True,False
2697,1270.0,689,1815836,0.25,0.14289586167416476,5639.628610540996,True,False
2698,900.0,534,1816370,0.25,0.11896877368926105,5641.272156665989,True,False
2699,2890.0,822,1817192,0.25,0.1320410782236208,5643.76980270799,True,False
2700,1870.0,1015,1818207,0.25,0.14122792544660598,5646.806346375,True,False
2701,680.0,536,1818743,0.25,0.1388695617136893,5649.277144041,True,False
2702,940.0,937,1819680,0.25,0.15267238337942896,5652.164997749991,True,False
2703,700.0,600,1820280,0.25,0.12349744436641534,5653.926326124987,True,False
2704,550.0,466,1820746,0.25,0.13153976474984966,5655.286707540989,True,False
2705,600.0,530,1821276,0.25,0.15050995431112169,5656.883448415989,True,False
2706,1370.0,903,1822179,0.25,0.12839058336284426,5659.551216374995,True,False
2707,820.0,521,1822700,0.25,0.12306889692563137,5661.105379665998,True,False
2708,870.0,681,1823381,0.25,0.150158210449359,5663.107955249987,True,False
2709,2480.0,787,1824168,0.25,0.14007266812253422,5665.527630165991,True,False
2710,1040.0,791,1824959,0.25,0.136180112034385,5667.9074869999895,True,False
2711,910.0,876,1825835,0.25,0.1315181659509058,5670.514254207999,True,False
2712,1770.0,1212,1827047,0.25,0.14123824011325442,5674.057679790989,True,False
2713,930.0,713,1827760,0.25,0.12779044267310444,5676.293941540993,True,False
2714,800.0,533,1828293,0.25,0.138520058132428,5677.9642584999965,True,False
2715,2120.0,956,1829249,0.25,0.1544110221188188,5680.873620457991,True,False
2716,1250.0,656,1829905,0.25,0.15680472394905803,5682.833858040991,True,False
2717,910.0,678,1830583,0.25,0.13094339771030922,5685.006248749996,True,False
2718,820.0,600,1831183,0.25,0.15007833515604338,5686.900544249991,True,False
2719,1590.0,960,1832143,0.25,0.13653377581698198,5690.810075415997,True,False
2720,990.0,667,1832810,0.25,0.13051491183881275,5692.8376327079895,True,False
2721,3240.0,850,1833660,0.25,0.14107027683109744,5695.358110124987,True,False
2722,1790.0,746,1834406,0.25,0.13853934064747825,5697.555356415993,True,False
2723,920.0,1012,1835418,0.25,0.13129257876794093,5700.630206207992,True,False
2724,930.0,587,1836005,0.25,0.15833950592648416,5702.415024249989,True,False
2725,1080.0,882,1836887,0.25,0.1311659352599897,5705.12220754099,True,False
2726,930.0,707,1837594,0.25,0.14306264800035348,5708.2416999159905,True,False
2727,1240.0,681,1838275,0.25,0.1536061743822168,5710.371870540999,True,False
2728,1020.0,778,1839053,0.25,0.13657595040515447,5712.724213832989,True,False
2729,1430.0,937,1839990,0.25,0.11369730632465619,5715.448553124996,True,False
2730,1180.0,759,1840749,0.25,0.14675916425491634,5717.710375625,True,False
2731,790.0,788,1841537,0.25,0.1298987646847207,5720.020517415993,True,False
2732,1210.0,760,1842297,0.25,0.14798179927625155,5722.251829290995,True,False
2733,1100.0,913,1843210,0.25,0.14725595349936108,5724.947007665993,True,False
2734,1900.0,975,1844185,0.25,0.11616707617630724,5727.910177124999,True,False
2735,1180.0,1059,1845244,0.25,0.1205365351910861,5731.109701915993,True,False
2736,850.0,729,1845973,0.25,0.12699057403337824,5733.26738374999,True,False
2737,730.0,526,1846499,0.25,0.114623753581452,5734.954948707993,True,False
2738,1000.0,790,1847289,0.25,0.1343048286031593,5737.351258665993,True,False
2739,1360.0,679,1847968,0.25,0.14561936329392827,5739.5022059159965,True,False
2740,1030.0,643,1848611,0.25,0.11096714310115204,5741.44288925,True,False
2741,2500.0,927,1849538,0.25,0.13174882812168578,5744.271611290998,True,False
2742,2280.0,806,1850344,0.25,0.12255652022022422,5746.749784957996,True,False
2743,830.0,667,1851011,0.25,0.13085694445005383,5748.889169040995,True,False
2744,2110.0,1129,1852140,0.25,0.12997285947335271,5752.344737499996,True,False
2745,460.0,507,1852647,0.25,0.13870094015839554,5754.0915455409995,True,False
2746,930.0,780,1853427,0.25,0.1273252552136397,5756.723239832994,True,False
2747,350.0,399,1853826,0.25,0.13776486590504647,5757.942947290998,True,False
2748,330.0,400,1854226,0.25,0.14034739004448057,5760.233265915987,True,False
2749,1200.0,840,1855066,0.25,0.14021647978751434,5763.5920331249945,True,False
2750,930.0,640,1855706,0.25,0.13235315410420298,5766.005509665993,True,False
2751,1420.0,910,1856616,0.25,0.11695890211124431,5769.909032915995,True,False
2752,1070.0,598,1857214,0.25,0.14282083681365787,5771.800194415991,True,False
2753,690.0,643,1857857,0.25,0.17722982687655814,5773.770837790988,True,False
2754,1030.0,663,1858520,0.25,0.14229051406349402,5775.7810237079975,True,False
2755,1030.0,722,1859242,0.25,0.12643974537236824,5777.892669790992,True,False
2756,1100.0,685,1859927,0.25,0.12537629463388558,5780.193934832991,True,False
2757,640.0,595,1860522,0.25,0.14286108273737783,5782.223631874993,True,False
2758,1450.0,703,1861225,0.25,0.12393498196351257,5784.571424874986,True,False
2759,1530.0,855,1862080,0.25,0.12256673343967055,5787.074969582987,True,False
2760,1080.0,661,1862741,0.25,0.12947616640365486,5789.105623999989,True,False
2761,1700.0,968,1863709,0.25,0.12600733613795487,5792.0705070409895,True,False
2762,1420.0,715,1864424,0.25,0.11727123101913063,5794.202279457997,True,False
2763,810.0,628,1865052,0.25,0.12172323500939236,5796.072969374989,True,False
2764,1450.0,702,1865754,0.25,0.13316000826656818,5798.170076874987,True,False
2765,1070.0,748,1866502,0.25,0.12768452076669684,5800.513637665994,True,False
2766,660.0,614,1867116,0.25,0.1293578048224573,5802.444944832998,True,False
2767,1580.0,743,1867859,0.25,0.11227426212784407,5804.766703332993,True,False
2768,2330.0,966,1868825,0.25,0.13587576423363745,5807.648153915987,True,False
2769,1380.0,930,1869755,0.25,0.13617048738524318,5810.393844332997,True,False
2770,890.0,692,1870447,0.25,0.13817006866366877,5812.5882933329995,True,False
2771,1070.0,780,1871227,0.25,0.10607105352175542,5815.053407540996,True,False
2772,610.0,443,1871670,0.25,0.11835080187197204,5816.362993082992,True,False
2773,1300.0,678,1872348,0.25,0.11035246528027688,5818.332722874999,True,False
2774,1580.0,1138,1873486,0.25,0.13107842408960135,5823.049628707988,True,False
2775,440.0,544,1874030,0.25,0.09528529474183041,5824.703951874995,True,False
2776,870.0,630,1874660,0.25,0.13287286004169455,5827.381984583,True,False
2777,830.0,568,1875228,0.25,0.10617359709256971,5829.04482833299,True,False
2778,1060.0,614,1875842,0.25,0.11806254682977216,5830.916410415986,True,False
2779,870.0,711,1876553,0.25,0.13082894027819125,5833.011008791,True,False
2780,1020.0,754,1877307,0.25,0.12627579095436536,5835.360859665991,True,False
2781,1100.0,752,1878059,0.25,0.14113476705995012,5837.574400624988,True,False
2782,590.0,543,1878602,0.25,0.12832164215197897,5839.186673415999,True,False
2783,1420.0,677,1879279,0.25,0.1090615789830332,5841.201993457988,True,False
2784,1030.0,758,1880037,0.25,0.11844544221500033,5843.431556374999,True,False
2785,1130.0,721,1880758,0.25,0.11043710893847876,5845.560727332995,True,False
2786,1030.0,662,1881420,0.25,0.12960077216287694,5847.648303707989,True,False
2787,1150.0,737,1882157,0.25,0.12408193962081619,5849.874499749989,True,False
2788,1060.0,754,1882911,0.25,0.119057189177801,5852.052695999999,True,False
2789,930.0,773,1883684,0.25,0.11143775456152934,5854.342457540988,True,False
2790,1380.0,973,1884657,0.25,0.13149470757739043,5857.272246499997,True,False
2791,810.0,769,1885426,0.25,0.13888965045528798,5859.6140897079895,True,False
2792,860.0,752,1886178,0.25,0.12607811728214963,5861.829610749992,True,False
2793,2340.0,726,1886904,0.25,0.13017243711830495,5863.967445582995,True,False
2794,860.0,745,1887649,0.25,0.11671381037161556,5866.1748191249935,True,False
2795,830.0,529,1888178,0.25,0.0994579524761348,5867.743953290992,True,False
2796,350.0,518,1888696,0.25,0.13197350203990937,5869.276481915993,True,False
2797,910.0,631,1889327,0.25,0.11636780084935343,5871.139188374989,True,False
2798,780.0,573,1889900,0.25,0.13119511664586347,5872.947296874991,True,False
2799,1060.0,648,1890548,0.25,0.1327401481591809,5874.8424309580005,True,False
2800,800.0,578,1891126,0.25,0.13180886600942662,5876.6185052910005,True,False
2801,1130.0,651,1891777,0.25,0.12388932776917344,5879.531512707996,True,False
2802,1370.0,907,1892684,0.25,0.13607686288687626,5883.408550832988,True,False
2803,1410.0,712,1893396,0.25,0.12196356381467555,5885.556529333,True,False
2804,1070.0,806,1894202,0.25,0.12695412037532722,5888.301191374994,True,False
2805,1520.0,782,1894984,0.25,0.10643817948139443,5890.887919582994,True,False
2806,1450.0,808,1895792,0.25,0.13654720653217323,5893.256559040994,True,False
2807,610.0,533,1896325,0.25,0.13592245034817466,5894.824196165995,True,False
2808,1440.0,724,1897049,0.25,0.1191394226677016,5896.974291499995,True,False
2809,1720.0,764,1897813,0.25,0.1250794613782648,5899.221148832992,True,False
2810,1370.0,1022,1898835,0.25,0.12496937554987038,5902.218060290994,True,False
2811,1240.0,784,1899619,0.25,0.11361478462967338,5904.545322415986,True,False
2812,980.0,657,1900276,0.25,0.12056624227852532,5906.494399332994,True,False
2813,1120.0,659,1900935,0.25,0.1607233674106438,5908.437201832989,True,False
2814,1180.0,572,1901507,0.25,0.12346928298369154,5910.131494791,True,False
2815,1050.0,625,1902132,0.25,0.14274457509920097,5911.985050040996,True,False
2816,1370.0,1072,1903204,0.25,0.15683551811015428,5915.135070207994,True,False
2817,880.0,487,1903691,0.25,0.1280553566892285,5916.5801423749945,True,False
2818,840.0,564,1904255,0.25,0.14087294262721606,5918.246046457993,True,False
2819,1000.0,829,1905084,0.25,0.12519798502146912,5920.702275874995,True,False
2820,620.0,559,1905643,0.25,0.13339637761278975,5922.352372499998,True,False
2821,730.0,657,1906300,0.25,0.1299921780598886,5924.298744499989,True,False
2822,1270.0,826,1907126,0.25,0.11375105100710994,5926.727705332989,True,False
2823,1120.0,702,1907828,0.25,0.14397703899620948,5928.8170246659865,True,False
2824,870.0,718,1908546,0.25,0.12461894037795133,5930.930621790991,True,False
2825,460.0,419,1908965,0.25,0.14145002609917096,5932.191683790996,True,False
2826,430.0,550,1909515,0.25,0.12204171719886091,5934.634261915999,True,False
2827,800.0,577,1910092,0.25,0.13923291647485617,5936.353551458,True,False
2828,1120.0,1016,1911108,0.25,0.12724760255417017,5939.332494999995,True,False
2829,930.0,709,1911817,0.25,0.14068877499150692,5941.476708040995,True,False
2830,1390.0,777,1912594,0.25,0.12778740626827037,5943.76551620799,True,False
2831,1720.0,994,1913588,0.25,0.12774489010613127,5946.682178332994,True,False
2832,2890.0,921,1914509,0.25,0.13797053626697997,5949.375941165999,True,False
2833,980.0,793,1915302,0.25,0.13475554827788863,5952.945848707997,True,False
2834,2090.0,988,1916290,0.25,0.12450672072256624,5956.410533749993,True,False
2835,1130.0,775,1917065,0.25,0.13849877187809378,5958.9897584579885,True,False
2836,1430.0,1210,1918275,0.25,0.12482564320898806,5962.584078915999,True,False
2837,1730.0,880,1919155,0.25,0.12254507385871627,5965.190753457995,True,False
2838,1090.0,734,1919889,0.25,0.1353272091516334,5967.664846290994,True,False
2839,1480.0,871,1920760,0.25,0.11504699437614155,5970.348154332998,True,False
2840,1630.0,712,1921472,0.25,0.12911338173899423,5972.64010345799,True,False
2841,1070.0,594,1922066,0.25,0.12703610916395444,5974.550021499992,True,False
2842,2090.0,842,1922908,0.25,0.11267429453395837,5977.226558374998,True,False
2843,980.0,886,1923794,0.25,0.13426305368812375,5980.054960582987,True,False
2844,1040.0,835,1924629,0.25,0.11108712150612801,5982.71590070799,True,False
2845,2300.0,661,1925290,0.25,0.14457375583323565,5984.816484957992,True,False
2846,960.0,670,1925960,0.25,0.1445255045047296,5986.9326260829985,True,False
2847,530.0,502,1926462,0.25,0.10121560782194138,5988.433588165994,True,False
2848,1030.0,742,1927204,0.25,0.11537574096432616,5990.681138957996,True,False
2849,1770.0,957,1928161,0.25,0.1053677986075938,5993.573124165996,True,False
2850,1400.0,792,1928953,0.25,0.09791612495301348,5995.9067669159995,True,False
2851,810.0,604,1929557,0.25,0.09896906709532864,5998.66199295799,True,False
2852,1340.0,764,1930321,0.25,0.12113041984629257,6000.934268582991,True,False
2853,1500.0,777,1931098,0.25,0.11392166267734827,6003.258222999997,True,False
2854,780.0,662,1931760,0.25,0.10729989794318576,6005.296419540988,True,False
2855,610.0,540,1932300,0.25,0.10775183813163527,6006.920765915987,True,False
2856,690.0,527,1932827,0.25,0.1101279362808657,6008.50720495799,True,False
2857,1280.0,750,1933577,0.25,0.10754498437126266,6010.715063624986,True,False
2858,1540.0,753,1934330,0.25,0.1387869983000007,6014.087042624989,True,False
2859,1060.0,769,1935099,0.25,0.12331786131835543,6016.91740708299,True,False
2860,1120.0,686,1935785,0.25,0.1348464346252555,6019.0937997500005,True,False
2861,1220.0,891,1936676,0.25,0.1169844665919585,6022.015808249998,True,False
2862,1360.0,917,1937593,0.25,0.12571002834163378,6024.713028165992,True,False
2863,1360.0,689,1938282,0.25,0.09439320890449507,6026.87468912499,True,False
2864,1540.0,1031,1939313,0.25,0.11554240704651257,6029.896860499997,True,False
2865,760.0,668,1939981,0.25,0.13257808559490536,6031.905504208,True,False
2866,2670.0,853,1940834,0.25,0.12443200509313126,6034.465404582996,True,False
2867,1170.0,787,1941621,0.25,0.11414691735872157,6036.787692624988,True,False
2868,600.0,554,1942175,0.25,0.12718172071744566,6038.449246499993,True,False
2869,1730.0,1016,1943191,0.25,0.12921453977194358,6041.463933915991,True,False
2870,2390.0,914,1944105,0.25,0.1258285415875339,6044.174333290997,True,False
2871,1420.0,689,1944794,0.25,0.1215437282483245,6046.22458124999,True,False
2872,830.0,701,1945495,0.25,0.14006418812487806,6048.303362749997,True,False
2873,2440.0,928,1946423,0.25,0.13213770457639776,6051.045801749991,True,False
2874,1220.0,685,1947108,0.25,0.11817524237774832,6053.094328915991,True,False
2875,1080.0,907,1948015,0.25,0.11903182977596216,6055.783852374996,True,False
2876,1400.0,542,1948557,0.25,0.11717872318866498,6058.770887874998,True,False
2877,1400.0,695,1949252,0.25,0.11294064150545104,6061.198333165987,True,False
2878,1070.0,734,1949986,0.25,0.14195961409497782,6063.575620082993,True,False
2879,1060.0,658,1950644,0.25,0.11313908865505999,6065.491218749987,True,False
2880,4200.0,1070,1951714,0.25,0.12382591654605857,6068.707362832996,True,False
2881,410.0,419,1952133,0.25,0.1171363969466516,6069.947486749996,True,False
2882,2370.0,680,1952813,0.25,0.13697053410989396,6071.963273207992,True,False
2883,1050.0,750,1953563,0.25,0.09142160482385898,6075.031659957996,True,False
2884,500.0,506,1954069,0.25,0.11640562668560057,6076.992008665999,True,False
2885,940.0,637,1954706,0.25,0.11052248954960385,6078.874949040997,True,False
2886,1400.0,721,1955427,0.25,0.11052414228518805,6080.977255790989,True,False
2887,1130.0,828,1956255,0.25,0.11524591580537207,6083.44254679099,True,False
2888,1320.0,755,1957010,0.25,0.1053713680141502,6085.6913904999965,True,False
2889,960.0,687,1957697,0.25,0.1351802873338551,6087.775574374988,True,False
2890,1050.0,739,1958436,0.25,0.10472747332139595,6090.326516457993,True,False
2891,1030.0,792,1959228,0.25,0.10771787260668446,6092.940309582991,True,False
2892,790.0,608,1959836,0.25,0.13575797903008366,6094.727275415993,True,False
2893,950.0,644,1960480,0.25,0.083452613792897,6096.595511249994,True,False
2894,2150.0,979,1961459,0.25,0.08883543520952102,6099.493914290986,True,False
2895,1090.0,612,1962071,0.25,0.11793728842357405,6101.298814457987,True,False
2896,1850.0,965,1963036,0.25,0.132321207091397,6104.144425874998,True,False
2897,1590.0,1040,1964076,0.25,0.11846965956859863,6107.210467375,True,False
2898,2290.0,816,1964892,0.25,0.11541307373337593,6109.622601999989,True,False
2899,1700.0,802,1965694,0.25,0.1028992085158825,6111.982662665992,True,False
2900,830.0,753,1966447,0.25,0.10911506959336235,6114.209355125,True,False
2901,1310.0,684,1967131,0.25,0.1258323034652841,6117.089000582986,True,False
2902,1130.0,695,1967826,0.25,0.11224928393360527,6119.154256333,True,False
2903,950.0,558,1968384,0.25,0.11934794174241169,6120.831606832988,True,False
2904,1260.0,934,1969318,0.25,0.12195698949688238,6123.569925665986,True,False
2905,1430.0,896,1970214,0.25,0.1177676616269829,6126.198352583,True,False
2906,1200.0,708,1970922,0.25,0.1333042551989609,6128.278959832998,True,False
2907,840.0,807,1971729,0.25,0.152451412936691,6130.699849957993,True,False
2908,1010.0,631,1972360,0.25,0.13390943874852568,6132.606578874998,True,False
2909,1060.0,821,1973181,0.25,0.11527744125483966,6135.915724332997,True,False
2910,1110.0,1107,1974288,0.25,0.11372247375951347,6139.357291415989,True,False
2911,1130.0,645,1974933,0.25,0.11011536079256432,6141.248436790993,True,False
2912,480.0,546,1975479,0.25,0.13826182866742945,6142.884224707988,True,False
2913,1010.0,692,1976171,0.25,0.11242239840457895,6144.942069707991,True,False
2914,890.0,628,1976799,0.25,0.14548768460228564,6146.804764290995,True,False
2915,1860.0,1096,1977895,0.25,0.14246754011098486,6150.062358457988,True,False
2916,1230.0,676,1978571,0.25,0.11903249690606749,6152.231762915995,True,False
2917,930.0,925,1979496,0.25,0.10726518859958341,6155.028870165988,True,False
2918,1350.0,1070,1980566,0.25,0.13767683944117265,6158.159028999988,True,False
2919,740.0,547,1981113,0.25,0.13027019011550142,6159.804704874987,True,False
2920,720.0,631,1981744,0.25,0.12616119144743757,6161.666925374986,True,False
2921,1170.0,758,1982502,0.25,0.10602471251139249,6163.911385415995,True,False
2922,1410.0,862,1983364,0.25,0.1424191236168284,6166.4518127499905,True,False
2923,1350.0,1055,1984419,0.25,0.11352027119084229,6169.550758665995,True,False
2924,1510.0,859,1985278,0.25,0.11622675422492415,6172.085898207995,True,False
2925,1110.0,896,1986174,0.25,0.12571084225783125,6174.738053207999,True,False
2926,1590.0,712,1986886,0.25,0.12362553859443477,6177.7145149159915,True,False
2927,1060.0,682,1987568,0.25,0.11978909360212192,6179.7482474159915,True,False
2928,360.0,388,1987956,0.25,0.1151576362857499,6180.925261040989,True,False
2929,790.0,626,1988582,0.25,0.12004065539878912,6182.793116916,True,False
2930,680.0,603,1989185,0.25,0.14589320512994236,6184.585072957998,True,False
2931,1720.0,869,1990054,0.25,0.11970510205022201,6187.166979832997,True,False
2932,1650.0,793,1990847,0.25,0.11372189317839314,6189.503169207994,True,False
2933,1180.0,817,1991664,0.25,0.10884799527504095,6191.982285749997,True,False
2934,1360.0,773,1992437,0.25,0.1257799058920979,6194.2885438749945,True,False
2935,1320.0,1009,1993446,0.25,0.13967592287660827,6197.3470883329865,True,False
2936,1020.0,620,1994066,0.25,0.10819182931896179,6199.172330999994,True,False
2937,700.0,670,1994736,0.25,0.12347810488149878,6201.200020874996,True,False
2938,1640.0,769,1995505,0.25,0.11291962178074755,6203.4391290409985,True,False
2939,1190.0,644,1996149,0.25,0.09546441529293238,6205.348753124999,True,False
2940,850.0,693,1996842,0.25,0.109838536881298,6207.39148508299,True,False
2941,940.0,708,1997550,0.25,0.10606767424503288,6209.494525124988,True,False
2942,540.0,646,1998196,0.25,0.1284497578823824,6211.569946790987,True,False
2943,1220.0,781,1998977,0.25,0.13588269668129774,6214.229655207993,True,False
2944,1220.0,825,1999802,0.25,0.15097483224009425,6216.910591707987,True,False
2945,1120.0,664,2000466,0.25,0.13118737887770657,6218.863043207995,True,False
2946,930.0,782,2001248,0.25,0.12622486574727357,6221.154075874991,True,False
2947,1300.0,654,2001902,0.25,0.14394250616111273,6223.104280790998,True,False
2948,1730.0,953,2002855,0.25,0.15056429016051673,6225.8932475409965,True,False
2949,1130.0,846,2003701,0.25,0.13201472185165533,6228.409410749999,True,False
2950,1210.0,907,2004608,0.25,0.1565758759639993,6231.113158374996,True,False
2951,1060.0,1071,2005679,0.25,0.10282097484790877,6235.119004957989,True,False
2952,1040.0,709,2006388,0.25,0.09986675812161705,6237.266869874991,True,False
2953,510.0,590,2006978,0.25,0.11853150984107637,6238.985789207989,True,False
2954,1480.0,1022,2008000,0.25,0.1180544482122059,6241.979103374993,True,False
2955,1570.0,838,2008838,0.25,0.13516515879290242,6244.578152332993,True,False
2956,600.0,539,2009377,0.25,0.12950738251761154,6246.154475874995,True,False
2957,630.0,533,2009910,0.25,0.12839225132046336,6247.749034749999,True,False
2958,710.0,706,2010616,0.25,0.13300149759414506,6249.85445179099,True,False
2959,1240.0,687,2011303,0.25,0.11814318138735684,6251.870293874992,True,False
2960,1630.0,915,2012218,0.25,0.12942815110835706,6254.569707082992,True,False
2961,1680.0,922,2013140,0.25,0.11495764774484035,6257.382970166,True,False
2962,1460.0,678,2013818,0.25,0.11658207642344329,6259.392838499989,True,False
2963,810.0,697,2014515,0.25,0.11626681077411805,6261.679406665993,True,False
2964,1210.0,600,2015115,0.25,0.1200285246099035,6263.512006624995,True,False
2965,790.0,622,2015737,0.25,0.11086351653704277,6265.35021720799,True,False
2966,1150.0,870,2016607,0.25,0.12049520619144913,6267.881442374986,True,False
2967,480.0,437,2017044,0.25,0.12005307918245142,6269.199061166,True,False
2968,800.0,673,2017717,0.25,0.10898415936112758,6271.231461582996,True,False
2969,950.0,575,2018292,0.25,0.11760719909539653,6272.984781166,True,False
2970,1370.0,885,2019177,0.25,0.12255909697603586,6275.607096624997,True,False
2971,1600.0,854,2020031,0.25,0.14801863097354,6278.103331332997,True,False
2972,1780.0,954,2020985,0.25,0.12144682619518067,6280.9242823749955,True,False
2973,740.0,682,2021667,0.25,0.11738713820848395,6282.928095207986,True,False
2974,580.0,502,2022169,0.25,0.18830895682589877,6284.426080957986,True,False
2975,1430.0,1120,2023289,0.25,0.11573020456624883,6287.708732540996,True,False
2976,1100.0,769,2024058,0.25,0.12791129915664592,6290.857334999993,True,False
2977,1230.0,863,2024921,0.25,0.11061905342568126,6293.409352957999,True,False
2978,1090.0,884,2025805,0.25,0.11268867019614483,6296.038572833,True,False
2979,780.0,601,2026406,0.25,0.11677578842888275,6297.815760082987,True,False
2980,890.0,770,2027176,0.25,0.1339401022815797,6300.097178665994,True,False
2981,1100.0,717,2027893,0.25,0.11642033351824603,6302.249215874996,True,False
2982,2740.0,1090,2028983,0.25,0.12592662872253535,6305.450769499992,True,False
2983,550.0,493,2029476,0.25,0.1035852020666484,6306.94192954099,True,False
2984,480.0,436,2029912,0.25,0.10669502122071359,6308.261708624996,True,False
2985,890.0,660,2030572,0.25,0.10781581232493574,6310.220894707993,True,False
2986,1160.0,851,2031423,0.25,0.10275743031030837,6312.973960040996,True,False
2987,1270.0,666,2032089,0.25,0.12821816313944892,6314.9423644999915,True,False
2988,930.0,815,2032904,0.25,0.12714322584261203,6317.3033589159895,True,False
2989,830.0,759,2033663,0.25,0.11493847598986966,6319.585882582993,True,False
2990,950.0,671,2034334,0.25,0.12290420725808612,6321.623928832996,True,False
2991,1520.0,744,2035078,0.25,0.12223115495295934,6323.982535832998,True,False
2992,800.0,729,2035807,0.25,0.09518249455716583,6326.1808597909985,True,False
2993,440.0,455,2036262,0.25,0.11707235841701429,6327.563825416,True,False
2994,1540.0,944,2037206,0.25,0.11658904228706733,6330.453229832987,True,False
2995,1130.0,639,2037845,0.25,0.1164357939036563,6332.394398540986,True,False
2996,820.0,653,2038498,0.25,0.11432297362094643,6334.29315233299,True,False
2997,1040.0,696,2039194,0.25,0.1038022630730237,6336.363929665997,True,False
2998,1110.0,753,2039947,0.25,0.12294121481914153,6338.590474290992,True,False
2999,990.0,530,2040477,0.25,0.1539195406817852,6340.180866957991,True,False
3000,1030.0,571,2041048,0.25,0.10009824229287101,6341.881848957986,True,False
3001,1390.0,638,2041686,0.25,0.13258435177681205,6344.761778415996,True,False
3002,1280.0,845,2042531,0.25,0.1230696800619505,6347.267389124987,True,False
3003,1000.0,679,2043210,0.25,0.13118738247191206,6349.32546441599,True,False
3004,340.0,412,2043622,0.25,0.1273875701810839,6350.588723374996,True,False
3005,1030.0,678,2044300,0.25,0.1465347962015692,6352.623790207988,True,False
3006,1000.0,814,2045114,0.25,0.1369723910144691,6355.022464165988,True,False
3007,1570.0,657,2045771,0.25,0.12909404383745135,6356.973222665998,True,False
3008,1500.0,874,2046645,0.25,0.12168173553192452,6359.568139749987,True,False
3009,740.0,594,2047239,0.25,0.13632783698975234,6361.327835457996,True,False
3010,1590.0,732,2047971,0.25,0.11098910425407965,6363.502991999994,True,False
3011,1150.0,817,2048788,0.25,0.12419746273719683,6366.329638165989,True,False
3012,1280.0,842,2049630,0.25,0.1370393272666704,6369.13163491599,True,False
3013,1140.0,736,2050366,0.25,0.14099972810515243,6371.300092540987,True,False
3014,1030.0,759,2051125,0.25,0.14047023535362985,6373.558306707986,True,False
3015,940.0,670,2051795,0.25,0.12443691645999869,6375.565886749988,True,False
3016,900.0,755,2052550,0.25,0.13378039534602845,6377.788907624999,True,False
3017,1850.0,781,2053331,0.25,0.14951623482390855,6380.073117165986,True,False
3018,750.0,567,2053898,0.25,0.12484392187964748,6381.771236790999,True,False
3019,1180.0,921,2054819,0.25,0.1270066127585976,6384.476741166,True,False
3020,1220.0,787,2055606,0.25,0.14671401416665406,6386.875584290989,True,False
3021,1210.0,708,2056314,0.25,0.12038565306045577,6389.02751970799,True,False
3022,800.0,643,2056957,0.25,0.1286103847720053,6390.911955332995,True,False
3023,1100.0,715,2057672,0.25,0.13992785247219675,6393.021812415987,True,False
3024,1390.0,801,2058473,0.25,0.11127087901346386,6395.364572415987,True,False
3025,1210.0,897,2059370,0.25,0.10890993423527107,6398.024177290994,True,False
3026,1940.0,918,2060288,0.25,0.12116009109532055,6402.22804945799,True,False
3027,510.0,426,2060714,0.25,0.14326780071517206,6403.60989254099,True,False
3028,750.0,533,2061247,0.25,0.1375946034782363,6405.181699499997,True,False
3029,1180.0,771,2062018,0.25,0.11280637537491137,6407.418588790999,True,False
3030,1020.0,612,2062630,0.25,0.12615907396755965,6409.279648665994,True,False
3031,800.0,680,2063310,0.25,0.14613190004054238,6411.299156082998,True,False
3032,1030.0,705,2064015,0.25,0.13467599619814957,6413.370205582993,True,False
3033,920.0,675,2064690,0.25,0.13362939048492345,6415.392292707998,True,False
3034,880.0,899,2065589,0.25,0.1297765950858593,6418.0276658749935,True,False
3035,1160.0,770,2066359,0.25,0.1340956659114454,6420.292543165997,True,False
3036,1260.0,970,2067329,0.25,0.11837210483971691,6423.1421959159925,True,False
3037,1040.0,660,2067989,0.25,0.1292318957773122,6425.109034915993,True,False
3038,1820.0,1007,2068996,0.25,0.13071432348991197,6428.097398165992,True,False
3039,1320.0,990,2069986,0.25,0.11854280454487454,6431.004022165987,True,False
3040,980.0,824,2070810,0.25,0.12180327847419144,6433.445164207995,True,False
3041,1190.0,699,2071509,0.25,0.10497519258941923,6435.494831040996,True,False
3042,1080.0,603,2072112,0.25,0.1327201561965295,6437.2911258749955,True,False
3043,1660.0,863,2072975,0.25,0.13165454152365064,6439.8317471659975,True,False
3044,2030.0,965,2073940,0.25,0.13631580663798762,6442.667008082994,True,False
3045,1150.0,817,2074757,0.25,0.09272785705751647,6445.072527290991,True,False
3046,1570.0,867,2075624,0.25,0.1512962235094902,6447.6187985,True,False
3047,790.0,612,2076236,0.25,0.13486003147718173,6449.4839332909905,True,False
3048,2480.0,754,2076990,0.25,0.10205762166569525,6451.900525624995,True,False
3049,850.0,721,2077711,0.25,0.12600463062214354,6453.965240999998,True,False
3050,920.0,733,2078444,0.25,0.10973293992245327,6456.099932915997,True,False
3051,2310.0,715,2079159,0.25,0.12657356019435304,6459.305283665992,True,False
3052,3100.0,1102,2080261,0.25,0.10920680348046016,6462.548809165994,True,False
3053,1950.0,1007,2081268,0.25,0.13731204860267185,6465.497657582993,True,False
3054,800.0,569,2081837,0.25,0.13923949037324374,6467.176581915992,True,False
3055,1210.0,784,2082621,0.25,0.11354294540930768,6469.491030332996,True,False
3056,1680.0,748,2083369,0.25,0.11699667507234741,6471.696712165998,True,False
3057,1020.0,892,2084261,0.25,0.1379549343623388,6474.311993832991,True,False
3058,790.0,779,2085040,0.25,0.11760745741044863,6476.599725707987,True,False
3059,850.0,706,2085746,0.25,0.11405120132787322,6478.678730332991,True,False
3060,1310.0,764,2086510,0.25,0.13618386117497663,6480.935001540987,True,False
3061,1110.0,751,2087261,0.25,0.11155207546308954,6483.161803790994,True,False
3062,1050.0,674,2087935,0.25,0.12115602349374621,6485.141297290989,True,False
3063,1090.0,783,2088718,0.25,0.10793300753231255,6487.449267040996,True,False
3064,540.0,494,2089212,0.25,0.08674627120396303,6488.917695957993,True,False
3065,1580.0,962,2090174,0.25,0.14423992209291706,6491.765335374992,True,False
3066,1380.0,652,2090826,0.25,0.12974755323714823,6493.708865749999,True,False
3067,930.0,739,2091565,0.25,0.11951057072225454,6495.9689492909965,True,False
3068,380.0,419,2091984,0.25,0.10009835857365812,6497.22501845799,True,False
3069,1440.0,881,2092865,0.25,0.1402819143692878,6499.781900415997,True,False
3070,1070.0,698,2093563,0.25,0.11163236609735024,6501.856529124998,True,False
3071,1010.0,678,2094241,0.25,0.11288028597174322,6503.8577799159975,True,False
3072,1800.0,844,2095085,0.25,0.1137925817750359,6506.333751415994,True,False
3073,1200.0,853,2095938,0.25,0.10103944257916139,6508.8587714999885,True,False
3074,1130.0,585,2096523,0.25,0.11656829681604693,6510.592140790992,True,False
3075,810.0,574,2097097,0.25,0.15205220836732122,6512.30761491599,True,False
3076,1660.0,957,2098054,0.25,0.12172875714694856,6515.824858332999,True,False
3077,1410.0,747,2098801,0.25,0.12272394160655412,6518.051051957998,True,False
3078,840.0,710,2099511,0.25,0.11447883162668533,6520.126290999993,True,False
3079,1190.0,724,2100235,0.25,0.12131844059620774,6522.2495930000005,True,False
3080,880.0,640,2100875,0.25,0.10748147302074358,6524.1363277079945,True,False
3081,1120.0,740,2101615,0.25,0.10760335903111341,6526.304983290989,True,False
3082,1210.0,841,2102456,0.25,0.09347999456969765,6528.779552790991,True,False
3083,920.0,614,2103070,0.25,0.09601451197237361,6530.577644999998,True,False
3084,1030.0,609,2103679,0.25,0.09706550130718633,6532.364502790995,True,False
3085,810.0,581,2104260,0.25,0.14102746959622592,6534.101740207989,True,False
3086,790.0,793,2105053,0.25,0.10834204818526602,6536.4500672079885,True,False
3087,770.0,651,2105704,0.25,0.09511642607123208,6538.7094137079985,True,False
3088,1720.0,1054,2106758,0.25,0.11600258000223355,6542.1219004999875,True,False
3089,930.0,650,2107408,0.25,0.12762349850835245,6544.015079582998,True,False
3090,670.0,655,2108063,0.25,0.12120335619965214,6545.907960124998,True,False
3091,1440.0,658,2108721,0.25,0.11396208311797995,6547.864490957989,True,False
3092,1060.0,681,2109402,0.25,0.10544278628247626,6549.878486207992,True,False
3093,560.0,591,2109993,0.25,0.12702675362595836,6551.604465249999,True,False
3094,630.0,568,2110561,0.25,0.14591473798779114,6553.276289665999,True,False
3095,850.0,684,2111245,0.25,0.10997018895564023,6555.280937915988,True,False
3096,1200.0,693,2111938,0.25,0.1200544302852426,6557.342064124998,True,False
3097,1340.0,904,2112842,0.25,0.10458273869172661,6559.988767374991,True,False
3098,960.0,721,2113563,0.25,0.1206933013887869,6562.122084374991,True,False
3099,1160.0,694,2114257,0.25,0.11601738102905367,6564.184182665995,True,False
3100,1310.0,784,2115041,0.25,0.12158904186621004,6566.489873957995,True,False
3101,1370.0,811,2115852,0.25,0.11423647673479442,6569.80722558299,True,False
3102,1070.0,770,2116622,0.25,0.11190590756208015,6572.072259290988,True,False
3103,1100.0,791,2117413,0.25,0.11519153759523172,6574.401728707991,True,False
3104,1430.0,902,2118315,0.25,0.1490404061228037,6577.052762249994,True,False
3105,1050.0,1098,2119413,0.25,0.102322217293761,6580.325167290997,True,False
3106,790.0,659,2120072,0.25,0.10251729375485218,6582.274602249992,True,False
3107,1010.0,896,2120968,0.25,0.11897086046935458,6584.921151290997,True,False
3108,1760.0,1337,2122305,0.25,0.11655679052349871,6588.861801624997,True,False
3109,720.0,655,2122960,0.25,0.11285479680248876,6590.791376457986,True,False
3110,470.0,523,2123483,0.25,0.10675709598626082,6592.344140082991,True,False
3111,1100.0,803,2124286,0.25,0.12348521679676884,6594.698421624998,True,False
3112,830.0,664,2124950,0.25,0.11793680076139519,6596.6588039999915,True,False
3113,840.0,590,2125540,0.25,0.11027525818428478,6598.416329,True,False
3114,930.0,755,2126295,0.25,0.09181175741585011,6600.636869665992,True,False
3115,3890.0,719,2127014,0.25,0.12285839167113105,6602.767487707999,True,False
3116,1170.0,708,2127722,0.25,0.13651492102545196,6604.881542999996,True,False
3117,970.0,815,2128537,0.25,0.12136042492427662,6607.3013914159965,True,False
3118,950.0,715,2129252,0.25,0.12838281804498014,6609.3762195409945,True,False
3119,990.0,666,2129918,0.25,0.10575295089328864,6611.391586374986,True,False
3120,980.0,785,2130703,0.25,0.09297308091986545,6613.725747499993,True,False
3121,1990.0,972,2131675,0.25,0.12745888473718991,6616.561907540992,True,False
3122,790.0,609,2132284,0.25,0.12105038018251946,6618.390061415994,True,False
3123,1280.0,913,2133197,0.25,0.11713166752209266,6621.080519457988,True,False
3124,780.0,689,2133886,0.25,0.11561870535965575,6623.117970249994,True,False
3125,1160.0,583,2134469,0.25,0.10676634571936032,6624.8505126659875,True,False
3126,1830.0,900,2135369,0.25,0.10512436546385288,6628.350737540997,True,False
3127,880.0,1172,2136541,0.25,0.11676470869230329,6631.812435,True,False
3128,2070.0,573,2137114,0.25,0.1214744464162138,6633.501409790988,True,False
3129,1580.0,923,2138037,0.25,0.1325101132758639,6636.292328749987,True,False
3130,1190.0,740,2138777,0.25,0.1377096698292204,6638.5557613329875,True,False
3131,570.0,481,2139258,0.25,0.1432524774999668,6640.01115749999,True,False
3132,1750.0,673,2139931,0.25,0.1331556584309077,6641.983383832994,True,False
3133,940.0,703,2140634,0.25,0.10965113843452524,6644.176426291,True,False
3134,1050.0,851,2141485,0.25,0.10881197682533746,6646.681941040995,True,False
3135,910.0,635,2142120,0.25,0.10272012839574109,6648.554071749997,True,False
3136,1110.0,983,2143103,0.25,0.10701573282024082,6651.419776415991,True,False
3137,470.0,537,2143640,0.25,0.12197027449254637,6653.035393165992,True,False
3138,800.0,755,2144395,0.25,0.10596175293656106,6655.287452290999,True,False
3139,1360.0,746,2145141,0.25,0.11609021516486923,6657.461311040999,True,False
3140,820.0,659,2145800,0.25,0.1180585620755499,6659.437891999987,True,False
3141,2420.0,825,2146625,0.25,0.10848732324299014,6661.89050470799,True,False
3142,950.0,668,2147293,0.25,0.11126608486304027,6663.842093457992,True,False
3143,1150.0,664,2147957,0.25,0.10950996405837765,6665.788807332996,True,False
3144,440.0,532,2148489,0.25,0.10467360431986644,6667.389686082999,True,False
3145,1280.0,837,2149326,0.25,0.10860777180196281,6669.901158415989,True,False
3146,520.0,552,2149878,0.25,0.09273232809821333,6671.827393582993,True,False
3147,860.0,717,2150595,0.25,0.11392785186291407,6674.213732790988,True,False
3148,1010.0,613,2151208,0.25,0.1140207594091242,6676.117502040986,True,False
3149,1210.0,809,2152017,0.25,0.12269364574942554,6678.453904665992,True,False
3150,1010.0,598,2152615,0.25,0.10266178622591815,6680.21504833299,True,False
3151,550.0,531,2153146,0.25,0.1105991323807634,6683.054681374997,True,False
3152,1620.0,781,2153927,0.25,0.1113144265822111,6685.338462082989,True,False
3153,970.0,688,2154615,0.25,0.10806616811558258,6687.412691457997,True,False
3154,1430.0,856,2155471,0.25,0.11466306774380887,6690.006849832993,True,False
3155,1150.0,708,2156179,0.25,0.10611291963207183,6692.13058004099,True,False
3156,1330.0,767,2156946,0.25,0.11200278987719987,6694.465033540997,True,False
3157,5140.0,1097,2158043,0.25,0.09999018946295454,6697.943048874993,True,False
3158,1250.0,710,2158753,0.25,0.12106255762111605,6701.246541665998,True,False
3159,860.0,625,2159378,0.25,0.1091360265795046,6703.428312249991,True,False
3160,1120.0,669,2160047,0.25,0.11155202286596784,6705.385759082987,True,False
3161,1460.0,967,2161014,0.25,0.10132223825655447,6708.343109333,True,False
3162,930.0,730,2161744,0.25,0.10089705045757398,6710.502699457997,True,False
3163,2810.0,1298,2163042,0.25,0.1197045030946165,6714.3115389999875,True,False
3164,1520.0,862,2163904,0.25,0.1226243343014546,6716.869849165989,True,False
3165,780.0,564,2164468,0.25,0.10962309513954406,6718.559928082992,True,False
3166,1860.0,749,2165217,0.25,0.12005168899774232,6720.857498375,True,False
3167,1200.0,736,2165953,0.25,0.10333224408247549,6723.032945707993,True,False
3168,1110.0,715,2166668,0.25,0.13451422033987565,6725.168198665997,True,False
3169,780.0,626,2167294,0.25,0.08855236501982197,6727.060175249993,True,False
3170,1470.0,629,2167923,0.25,0.11250126601499356,6728.978931291,True,False
3171,950.0,974,2168897,0.25,0.09918264052296272,6731.848576290999,True,False
3172,1540.0,1043,2169940,0.25,0.13463076964820025,6735.014256124996,True,False
3173,800.0,542,2170482,0.25,0.10667619128470067,6736.643648540994,True,False
3174,760.0,751,2171233,0.25,0.12126844582405497,6738.855872999993,True,False
3175,1090.0,825,2172058,0.25,0.1353135030915581,6741.309621124994,True,False
3176,780.0,659,2172717,0.25,0.11715177871061094,6744.288120375,True,False
3177,610.0,574,2173291,0.25,0.10567847951934055,6745.964148832994,True,False
3178,880.0,552,2173843,0.25,0.1163240712729917,6747.646968165995,True,False
3179,1250.0,709,2174552,0.25,0.11722079763879602,6749.7517279579915,True,False
3180,910.0,603,2175155,0.25,0.0967155979325374,6751.507338332987,True,False
3181,1180.0,659,2175814,0.25,0.10143160231863008,6753.46955512499,True,False
3182,630.0,572,2176386,0.25,0.12707487997839917,6755.204552415991,True,False
3183,1630.0,808,2177194,0.25,0.10230409023398072,6757.579970415987,True,False
3184,1080.0,700,2177894,0.25,0.10129493165229048,6759.820723540994,True,False
3185,1260.0,995,2178889,0.25,0.11961309324546032,6762.687856290999,True,False
3186,850.0,677,2179566,0.25,0.10588646918182543,6764.753673082989,True,False
3187,750.0,641,2180207,0.25,0.11994437316898257,6766.708149707993,True,False
3188,2290.0,637,2180844,0.25,0.08297568946145475,6768.652056749997,True,False
3189,1590.0,907,2181751,0.25,0.10370416935137679,6771.351006499986,True,False
3190,1550.0,786,2182537,0.25,0.11456192833215452,6773.779291582992,True,False
3191,950.0,560,2183097,0.25,0.10424843483737536,6776.3604531249875,True,False
3192,1580.0,1075,2184172,0.25,0.11174860548878912,6780.299348916,True,False
3193,1250.0,844,2185016,0.25,0.10360870538588383,6782.747608957987,True,False
3194,890.0,673,2185689,0.25,0.12848373536863142,6784.713757874997,True,False
3195,930.0,764,2186453,0.25,0.10491160452560917,6787.042959957995,True,False
3196,1510.0,748,2187201,0.25,0.12620012146385914,6789.268289874992,True,False
3197,1110.0,798,2187999,0.25,0.10544587527612347,6791.631499332987,True,False
3198,1260.0,720,2188719,0.25,0.1110122677249213,6793.75970083299,True,False
3199,1640.0,1000,2189719,0.25,0.10249083697050809,6796.698543124992,True,False
3200,560.0,491,2190210,0.25,0.10555493761974621,6798.164082957999,True,False
3201,1500.0,1080,2191290,0.25,0.09875293745210877,6802.19503745799,True,False
3202,1050.0,801,2192091,0.25,0.1388567510433495,6804.5759540829895,True,False
3203,890.0,619,2192710,0.25,0.10882582714961421,6806.410218790988,True,False
3204,170.0,309,2193019,0.25,0.12251382633172847,6807.331195915991,True,False
3205,820.0,714,2193733,0.25,0.09621376396474225,6809.441009957998,True,False
3206,880.0,655,2194388,0.25,0.11873295554527785,6811.369522832989,True,False
3207,1410.0,912,2195300,0.25,0.11149172359881432,6814.055433082991,True,False
3208,820.0,740,2196040,0.25,0.1086087603121996,6816.24039508299,True,False
3209,1280.0,743,2196783,0.25,0.11479788296730131,6818.423716457997,True,False
3210,820.0,582,2197365,0.25,0.10237587095327573,6820.153125165991,True,False
3211,1160.0,886,2198251,0.25,0.09473292137668952,6822.7515370409965,True,False
3212,1100.0,626,2198877,0.25,0.11313002203015765,6824.609296249997,True,False
3213,670.0,509,2199386,0.25,0.11358378105980205,6826.12285929099,True,False
3214,1030.0,784,2200170,0.25,0.1119131256436587,6828.497597333,True,False
3215,1150.0,698,2200868,0.25,0.10445436288203512,6830.5950358329865,True,False
3216,1100.0,1043,2201911,0.25,0.09514704796557243,6833.63401324999,True,False
3217,1830.0,815,2202726,0.25,0.08340721583797359,6836.146011665987,True,False
3218,890.0,550,2203276,0.25,0.10455346320742283,6837.765229957993,True,False
3219,1460.0,626,2203902,0.25,0.10986157641626704,6839.604586332993,True,False
3220,950.0,740,2204642,0.25,0.11074778133550206,6841.775378957987,True,False
3221,1390.0,787,2205429,0.25,0.10270922187583398,6844.092124290997,True,False
3222,1500.0,723,2206152,0.25,0.1345949733104989,6846.226474625,True,False
3223,1190.0,733,2206885,0.25,0.09582884164903659,6848.368702165986,True,False
3224,1140.0,826,2207711,0.25,0.10660130700584754,6850.77663870799,True,False
3225,1010.0,714,2208425,0.25,0.08599251163238919,6852.893912290994,True,False
3226,870.0,466,2208891,0.25,0.1291059829326796,6855.292785915997,True,False
3227,1010.0,631,2209522,0.25,0.11777125851875997,6857.153319957986,True,False
3228,1410.0,725,2210247,0.25,0.1150717287432423,6859.305487082995,True,False
3229,1040.0,675,2210922,0.25,0.10352006401403768,6861.315572540989,True,False
3230,1310.0,839,2211761,0.25,0.10877913283627658,6863.771141999998,True,False
3231,780.0,614,2212375,0.25,0.12067454661321796,6865.5791306249885,True,False
3232,830.0,531,2212906,0.25,0.11087510376272344,6867.154657374995,True,False
3233,910.0,732,2213638,0.25,0.09942608844753498,6869.324857999993,True,False
3234,1710.0,1008,2214646,0.25,0.11220489807486062,6872.286501625,True,False
3235,1150.0,689,2215335,0.25,0.12417329291184974,6874.3089753749955,True,False
3236,670.0,586,2215921,0.25,0.11120598091661525,6876.058602707999,True,False
3237,960.0,611,2216532,0.25,0.11934311556465485,6877.861402249997,True,False
3238,1230.0,739,2217271,0.25,0.10706094222183785,6880.026550707989,True,False
3239,1090.0,740,2218011,0.25,0.130126850971499,6882.212595082994,True,False
3240,1770.0,738,2218749,0.25,0.11583089238485775,6884.393042624986,True,False
3241,1060.0,728,2219477,0.25,0.11953756518170729,6886.543218207997,True,False
3242,1100.0,700,2220177,0.25,0.1264756783310856,6888.615748249998,True,False
3243,1220.0,698,2220875,0.25,0.12103354442736199,6890.678823582988,True,False
3244,1580.0,1009,2221884,0.25,0.13269499191653586,6893.645415999999,True,False
3245,620.0,589,2222473,0.25,0.1105727374452312,6895.42616725,True,False
3246,960.0,572,2223045,0.25,0.12747416293600222,6897.115470249992,True,False
3247,800.0,448,2223493,0.25,0.10085514137920525,6898.446237707991,True,False
3248,1480.0,654,2224147,0.25,0.11640381706775697,6900.439019124999,True,False
3249,470.0,430,2224577,0.25,0.15144150754160904,6901.736002957987,True,False
3250,1590.0,809,2225386,0.25,0.1399701774157215,6904.1061187909945,True,False
3251,840.0,711,2226097,0.25,0.11336285619881381,6907.400904040987,True,False
3252,1490.0,686,2226783,0.25,0.13142744139141854,6909.395732290999,True,False
3253,940.0,683,2227466,0.25,0.1303938302859577,6911.456515832993,True,False
3254,900.0,736,2228202,0.25,0.13607404660939684,6913.594374707987,True,False
3255,830.0,702,2228904,0.25,0.16267747357911008,6915.67061141599,True,False
3256,850.0,656,2229560,0.25,0.16071075318585626,6917.613438040993,True,False
3257,1170.0,707,2230267,0.25,0.12582088633313437,6919.693727999998,True,False
3258,1230.0,755,2231022,0.25,0.11083899258029839,6921.922500832996,True,False
3259,730.0,620,2231642,0.25,0.12997499575778362,6923.778030082991,True,False
3260,980.0,639,2232281,0.25,0.11927951885154471,6925.8174681659875,True,False
3261,1630.0,869,2233150,0.25,0.11902932077646255,6928.357269707994,True,False
3262,1360.0,765,2233915,0.25,0.1330133351785038,6930.654778624987,True,False
3263,610.0,517,2234432,0.25,0.09323481067728538,6932.251081582988,True,False
3264,1010.0,685,2235117,0.25,0.13885758083030494,6934.27302295799,True,False
3265,1190.0,635,2235752,0.25,0.10977948756900223,6936.156084499991,True,False
3266,1210.0,663,2236415,0.25,0.13861126764254136,6938.124801540995,True,False
3267,1150.0,790,2237205,0.25,0.12205050236573725,6940.469368499995,True,False
3268,1160.0,869,2238074,0.25,0.12400865337644029,6943.0287321249925,True,False
3269,900.0,647,2238721,0.25,0.11910831295873647,6944.943244999988,True,False
3270,1520.0,744,2239465,0.25,0.1161967543083974,6947.134573790987,True,False
3271,1040.0,816,2240281,0.25,0.14392157155545612,6949.550870374995,True,False
3272,900.0,928,2241209,0.25,0.12957132936069934,6952.326304165996,True,False
3273,1660.0,773,2241982,0.25,0.13125758814997007,6954.644223582989,True,False
3274,1140.0,884,2242866,0.25,0.14096288704966528,6957.24021399999,True,False
3275,1550.0,703,2243569,0.25,0.12192648556083441,6959.3539495,True,False
3276,850.0,755,2244324,0.25,0.12072445091510577,6962.413263874987,True,False
3277,1210.0,835,2245159,0.25,0.11515174770297912,6964.919216290989,True,False
3278,880.0,620,2245779,0.25,0.16418046511469347,6966.772214332988,True,False
3279,900.0,700,2246479,0.25,0.11585666177528245,6968.832757874989,True,False
3280,770.0,657,2247136,0.25,0.1239934057335962,6970.961187624998,True,False
3281,530.0,483,2247619,0.25,0.11900926398423811,6972.407765665994,True,False
3282,900.0,853,2248472,0.25,0.1253513529043749,6974.898780332995,True,False
3283,1520.0,873,2249345,0.25,0.14128731052741544,6977.526163165996,True,False
3284,1410.0,1097,2250442,0.25,0.12855464275790393,6980.823007040992,True,False
3285,1860.0,1033,2251475,0.25,0.11106967013473659,6983.8593059999985,True,False
3286,1290.0,707,2252182,0.25,0.11939677326692699,6986.978610415987,True,False
3287,510.0,502,2252684,0.25,0.1251536582907041,6989.012875332992,True,False
3288,1790.0,806,2253490,0.25,0.13619446955547107,6991.67370408299,True,False
3289,1210.0,916,2254406,0.25,0.12139890089175587,6994.6976769159955,True,False
3290,1300.0,778,2255184,0.25,0.1285729287813107,6996.979129665997,True,False
3291,1180.0,904,2256088,0.25,0.11766441934535989,6999.6609037499875,True,False
3292,1710.0,778,2256866,0.25,0.09708061276637402,7001.963624790995,True,False
3293,690.0,588,2257454,0.25,0.10871760958970404,7003.719814790995,True,False
3294,990.0,828,2258282,0.25,0.1268264999712147,7006.487830457991,True,False
3295,1030.0,757,2259039,0.25,0.10412120573695689,7009.05130924999,True,False
3296,1370.0,925,2259964,0.25,0.1175398390563526,7011.908216874988,True,False
3297,1560.0,922,2260886,0.25,0.13217339471954367,7014.605670707999,True,False
3298,1430.0,602,2261488,0.25,0.13030156337760931,7016.544154915988,True,False
3299,1050.0,623,2262111,0.25,0.13519434998593022,7018.683223582993,True,False
3300,1270.0,1017,2263128,0.25,0.11984575792562728,7021.959540415992,True,False
3301,1740.0,697,2263825,0.25,0.12615062584351192,7024.8676122909965,True,False
3302,720.0,664,2264489,0.25,0.11018913588206093,7027.214194374988,True,False
3303,1390.0,975,2265464,0.25,0.11189533075409346,7030.4647451659985,True,False
3304,1080.0,791,2266255,0.25,0.12420923183412116,7032.819119207998,True,False
3305,960.0,733,2266988,0.25,0.1267108342549561,7035.0020865829865,True,False
3306,1630.0,826,2267814,0.25,0.12498187516065477,7037.449075957993,True,False
3307,2180.0,933,2268747,0.25,0.12072451681282387,7040.212232665988,True,False
3308,840.0,535,2269282,0.25,0.11203951246814052,7041.813744415995,True,False
3309,770.0,605,2269887,0.25,0.11943167185299838,7043.607476957986,True,False
3310,700.0,486,2270373,0.25,0.13977187291764823,7045.074840040994,True,False
3311,970.0,624,2270997,0.25,0.13954668255666128,7047.560268290996,True,False
3312,1470.0,715,2271712,0.25,0.1309657517674915,7050.546407290996,True,False
3313,790.0,638,2272350,0.25,0.11675498898158658,7052.5821709579905,True,False
3314,1570.0,701,2273051,0.25,0.11996774918266705,7054.884816249993,True,False
3315,900.0,646,2273697,0.25,0.12178071403163082,7056.871402082994,True,False
3316,1030.0,656,2274353,0.25,0.15324561609091555,7058.778743666,True,False
3317,740.0,666,2275019,0.25,0.12273352220654488,7060.766119082997,True,False
3318,630.0,752,2275771,0.25,0.12688116141733655,7063.010291582992,True,False
3319,1220.0,766,2276537,0.25,0.12076690370061745,7065.276526707996,True,False
3320,830.0,598,2277135,0.25,0.09491805519733652,7067.06795391599,True,False
3321,740.0,561,2277696,0.25,0.1329107073446115,7068.757683457996,True,False
3322,1050.0,921,2278617,0.25,0.13657679286501978,7071.471165790994,True,False
3323,850.0,598,2279215,0.25,0.14366801853147929,7073.240719082998,True,False
3324,1570.0,1220,2280435,0.25,0.1104823792444878,7076.827932749991,True,False
3325,680.0,650,2281085,0.25,0.09681455762428375,7078.762144249995,True,False
3326,1330.0,747,2281832,0.25,0.10675472326895451,7081.976191249996,True,False
3327,1030.0,648,2282480,0.25,0.11297903708929632,7083.920918082993,True,False
3328,930.0,658,2283138,0.25,0.09625040025382144,7085.925675166,True,False
3329,820.0,636,2283774,0.25,0.13306374617108385,7087.7891921249975,True,False
3330,2250.0,664,2284438,0.25,0.11995715588465872,7089.750824040995,True,False
3331,1260.0,716,2285154,0.25,0.12306211412202712,7091.99206325,True,False
3332,1050.0,676,2285830,0.25,0.10559268259393746,7093.954188374992,True,False
3333,870.0,666,2286496,0.25,0.11469687818142468,7096.003658082991,True,False
3334,1970.0,818,2287314,0.25,0.11138823354507194,7098.43437787499,True,False
3335,1710.0,1120,2288434,0.25,0.10692406332652483,7101.68988466599,True,False
3336,1410.0,716,2289150,0.25,0.09238600426004918,7103.822789124999,True,False
3337,970.0,671,2289821,0.25,0.11044413099686305,7105.804704165988,True,False
3338,1000.0,561,2290382,0.25,0.10672484754717776,7107.48363704099,True,False
3339,1460.0,689,2291071,0.25,0.12636948664954237,7110.697091790993,True,False
3340,940.0,739,2291810,0.25,0.11668907242852289,7112.984795040989,True,False
3341,1050.0,848,2292658,0.25,0.10443644258105811,7115.50762533299,True,False
3342,680.0,751,2293409,0.25,0.11020705926212225,7117.80325474999,True,False
3343,1410.0,611,2294020,0.25,0.11057203302001642,7119.584748999987,True,False
3344,1120.0,660,2294680,0.25,0.13589854842108307,7121.530125457997,True,False
3345,1590.0,960,2295640,0.25,0.11600523061739902,7124.362081374988,True,False
3346,1190.0,1134,2296774,0.25,0.10695757164024211,7127.845778624993,True,False
3347,890.0,538,2297312,0.25,0.135289474700888,7129.446872290995,True,False
3348,2690.0,1019,2298331,0.25,0.09977208046374593,7132.394946624991,True,False
3349,1340.0,837,2299168,0.25,0.09734232463829574,7134.994127124999,True,False
3350,670.0,556,2299724,0.25,0.11646388200439996,7136.684682499996,True,False
3351,1060.0,742,2300466,0.25,0.10683964921815975,7139.743340040994,True,False
3352,980.0,971,2301437,0.25,0.11509903670583733,7142.680800915987,True,False
3353,290.0,350,2301787,0.25,0.12811436201178136,7143.739031833,True,False
3354,1230.0,774,2302561,0.25,0.10855460121805213,7145.991741582999,True,False
3355,1220.0,675,2303236,0.25,0.10602531556767472,7148.004183249999,True,False
3356,2200.0,700,2303936,0.25,0.11652687631547451,7150.091216832996,True,False
3357,690.0,560,2304496,0.25,0.10603761225938797,7151.746562415996,True,False
3358,1580.0,1135,2305631,0.25,0.11426565165601855,7155.094826290995,True,False
3359,1050.0,815,2306446,0.25,0.11604822571298071,7157.622830832988,True,False
3360,870.0,733,2307179,0.25,0.11281053567193244,7159.779103707988,True,False
3361,980.0,810,2307989,0.25,0.127314415654819,7162.164857624986,True,False
3362,880.0,657,2308646,0.25,0.12749046054327998,7164.0951947909925,True,False
3363,1460.0,806,2309452,0.25,0.10648325452636374,7166.473544041,True,False
3364,860.0,593,2310045,0.25,0.12440349272376783,7168.432370625,True,False
3365,960.0,679,2310724,0.25,0.09581944796749774,7171.3923775,True,False
3366,1380.0,828,2311552,0.25,0.12254511968093218,7173.855938832989,True,False
3367,1100.0,698,2312250,0.25,0.09686562797889628,7175.958052457994,True,False
3368,880.0,879,2313129,0.25,0.10198787505823102,7178.554882375,True,False
3369,610.0,601,2313730,0.25,0.12724873325477043,7180.340146790986,True,False
3370,850.0,618,2314348,0.25,0.1233901935238992,7182.187274665994,True,False
3371,590.0,521,2314869,0.25,0.11432647674989242,7183.737294166,True,False
3372,1600.0,763,2315632,0.25,0.10926481374388278,7185.984070540988,True,False
3373,930.0,814,2316446,0.25,0.11184807567687458,7188.404557040994,True,False
3374,1340.0,842,2317288,0.25,0.10923665735464526,7190.89061925,True,False
3375,1090.0,753,2318041,0.25,0.11608024181282901,7193.109269374996,True,False
3376,1700.0,1104,2319145,0.25,0.10943872983014022,7197.277597332999,True,False
3377,1970.0,824,2319969,0.25,0.12533453325243685,7199.711430790994,True,False
3378,1320.0,1144,2321113,0.25,0.0954785107446092,7203.044084374997,True,False
3379,780.0,553,2321666,0.25,0.11461920642118523,7204.736693207989,True,False
3380,1300.0,759,2322425,0.25,0.0980947698221395,7206.981423457997,True,False
3381,760.0,549,2322974,0.25,0.11589228735733641,7208.598686832993,True,False
3382,1560.0,922,2323896,0.25,0.11169023032086495,7211.30966649999,True,False
3383,1020.0,753,2324649,0.25,0.10475073581402923,7213.567044582989,True,False
3384,1070.0,840,2325489,0.25,0.08900728375606594,7216.050753624993,True,False
3385,1200.0,729,2326218,0.25,0.08504375862469385,7218.175869125,True,False
3386,2620.0,861,2327079,0.25,0.09836943893758364,7220.821631624989,True,False
3387,310.0,374,2327453,0.25,0.12185112801083225,7221.977318082994,True,False
3388,1160.0,672,2328125,0.25,0.09513268257225198,7223.961987666,True,False
3389,1100.0,921,2329046,0.25,0.12184708656176277,7226.636672458,True,False
3390,660.0,623,2329669,0.25,0.10561503031744789,7228.483421332989,True,False
3391,960.0,636,2330305,0.25,0.10072986921002655,7230.378175749996,True,False
3392,1120.0,767,2331072,0.25,0.12096361244524208,7232.6487358329905,True,False
3393,1440.0,636,2331708,0.25,0.10696413785031757,7234.613583707993,True,False
3394,380.0,482,2332190,0.25,0.14167644828557968,7236.04616379099,True,False
3395,1200.0,723,2332913,0.25,0.12667882906592023,7238.169348332987,True,False
3396,1130.0,774,2333687,0.25,0.1245648451438994,7241.797634332994,True,False
3397,510.0,488,2334175,0.25,0.12012920215664828,7243.806564874991,True,False
3398,1100.0,887,2335062,0.25,0.10663690448210046,7247.097964832996,True,False
3399,340.0,382,2335444,0.25,0.11516492239510019,7248.307042457993,True,False
3400,900.0,722,2336166,0.25,0.11309867257045375,7250.424340707992,True,False
3401,1560.0,981,2337147,0.25,0.11525589384290637,7254.168839749997,True,False
3402,820.0,733,2337880,0.25,0.11040631317250106,7256.351575082997,True,False
3403,1080.0,783,2338663,0.25,0.13779170334530183,7258.654898582987,True,False
3404,1030.0,723,2339386,0.25,0.10776809208836015,7260.811907540992,True,False
3405,770.0,487,2339873,0.25,0.09966422757897221,7262.259940707998,True,False
3406,1050.0,802,2340675,0.25,0.11735311605036258,7264.616614874991,True,False
3407,1100.0,764,2341439,0.25,0.12869688073729033,7266.8745568329905,True,False
3408,1010.0,675,2342114,0.25,0.14022184191988066,7268.874277665993,True,False
3409,1210.0,697,2342811,0.25,0.11513412971820297,7270.931955957989,True,False
3410,870.0,553,2343364,0.25,0.13407555867066914,7272.589284124988,True,False
3411,970.0,719,2344083,0.25,0.14477826867190152,7274.682218499991,True,False
3412,1060.0,686,2344769,0.25,0.14743037117905047,7276.696891582993,True,False
3413,990.0,823,2345592,0.25,0.11277237726212705,7279.1267624159955,True,False
3414,990.0,695,2346287,0.25,0.1295864385138185,7281.171045540992,True,False
3415,2470.0,760,2347047,0.25,0.13126559561412585,7283.398111790986,True,False
3416,2120.0,662,2347709,0.25,0.126967912573502,7285.414736999999,True,False
3417,1070.0,689,2348398,0.25,0.10967763997397798,7287.441461332986,True,False
3418,1170.0,615,2349013,0.25,0.13353720754868798,7289.255332249988,True,False
3419,1440.0,1051,2350064,0.25,0.13602168309881207,7292.311432749993,True,False
3420,1120.0,741,2350805,0.25,0.12063699306265728,7294.474125207998,True,False
3421,1140.0,847,2351652,0.25,0.11700364567761151,7296.936540249997,True,False
3422,1430.0,835,2352487,0.25,0.12006938170928222,7299.3618521659955,True,False
3423,1100.0,819,2353306,0.25,0.11872138318310424,7302.938901499991,True,False
3424,840.0,662,2353968,0.25,0.11270383464913052,7305.322842082998,True,False
3425,920.0,674,2354642,0.25,0.12642670360704264,7307.465817832999,True,False
3426,1000.0,918,2355560,0.25,0.1008846322155517,7311.453019665991,True,False
3427,860.0,893,2356453,0.25,0.09831950797661805,7314.5752828330005,True,False
3428,1180.0,671,2357124,0.25,0.13438547190855302,7316.877508291,True,False
3429,1350.0,753,2357877,0.25,0.09500816014615145,7319.091873415993,True,False
3430,860.0,635,2358512,0.25,0.0835252433968415,7320.984035665999,True,False
3431,1400.0,923,2359435,0.25,0.10567831191355767,7323.695126708,True,False
3432,1200.0,672,2360107,0.25,0.12030184315517545,7325.67764991599,True,False
3433,3810.0,740,2360847,0.25,0.10214220745539343,7328.085032165996,True,False
3434,990.0,725,2361572,0.25,0.1336621336106743,7330.5490258329955,True,False
3435,1080.0,632,2362204,0.25,0.11519848400891959,7332.611710165991,True,False
3436,1300.0,1138,2363342,0.25,0.12601724366696787,7336.001233666,True,False
3437,1020.0,612,2363954,0.25,0.11458814858757203,7337.829443040988,True,False
3438,1200.0,680,2364634,0.25,0.15107541225631446,7339.836043999996,True,False
3439,1990.0,848,2365482,0.25,0.10695088768096746,7342.333869624999,True,False
3440,1240.0,892,2366374,0.25,0.13036979908633126,7344.951952290998,True,False
3441,1080.0,764,2367138,0.25,0.1518822901282479,7347.216296040991,True,False
3442,1190.0,717,2367855,0.25,0.1106127839140053,7349.431187332986,True,False
3443,870.0,699,2368554,0.25,0.12279730797878334,7351.8213899580005,True,False
3444,1510.0,732,2369286,0.25,0.1311284077501362,7354.273050207994,True,False
3445,1750.0,836,2370122,0.25,0.13390450145710597,7356.769981624995,True,False
3446,1150.0,910,2371032,0.25,0.11951594867563822,7359.413869207987,True,False
3447,1570.0,992,2372024,0.25,0.11011328882417612,7363.568831665994,True,False
3448,1110.0,819,2372843,0.25,0.10677142615667452,7366.432320540989,True,False
3449,810.0,644,2373487,0.25,0.10430150630635134,7368.504115415999,True,False
3450,900.0,793,2374280,0.25,0.11237095282342865,7371.082549082988,True,False
3451,1240.0,1216,2375496,0.25,0.13433030993971778,7375.480872,True,False
3452,920.0,658,2376154,0.25,0.10071085815931238,7377.462835499988,True,False
3453,1050.0,728,2376882,0.25,0.10995959014642043,7379.647555665986,True,False
3454,1610.0,736,2377618,0.25,0.0969832214506586,7381.807317999992,True,False
3455,1360.0,963,2378581,0.25,0.11278157748467448,7384.665238957998,True,False
3456,1000.0,837,2379418,0.25,0.10204625141285538,7387.134335625,True,False
3457,1770.0,1345,2380763,0.25,0.11706603651622399,7391.0906046249875,True,False
3458,1240.0,616,2381379,0.25,0.11819160389774419,7392.920120249997,True,False
3459,2030.0,950,2382329,0.25,0.11404805953669198,7395.732320874988,True,False
3460,960.0,986,2383315,0.25,0.10803631831687398,7398.633238332986,True,False
3461,1150.0,754,2384069,0.25,0.11591941349839092,7400.857113832986,True,False
3462,690.0,588,2384657,0.25,0.13147813254067686,7402.604510999998,True,False
3463,570.0,572,2385229,0.25,0.11291842488246365,7404.317168624999,True,False
3464,1650.0,909,2386138,0.25,0.11305548731516636,7407.008249832987,True,False
3465,760.0,688,2386826,0.25,0.10093000022217978,7409.041924540987,True,False
3466,950.0,820,2387646,0.25,0.11699359830378032,7411.470917790997,True,False
3467,990.0,769,2388415,0.25,0.11759649743908085,7413.858909540999,True,False
3468,860.0,751,2389166,0.25,0.11230489165779758,7416.088397999993,True,False
3469,890.0,838,2390004,0.25,0.09277160548205887,7418.562873915987,True,False
3470,1520.0,785,2390789,0.25,0.1155028329230845,7420.86764099999,True,False
3471,1000.0,770,2391559,0.25,0.11542586405024242,7423.915545457989,True,False
3472,1460.0,859,2392418,0.25,0.1138173813476812,7426.9286930829985,True,False
3473,1520.0,927,2393345,0.25,0.11164951271473847,7429.6266613329935,True,False
3474,1710.0,864,2394209,0.25,0.1038009015739792,7432.197384790998,True,False
3475,970.0,687,2394896,0.25,0.09312651799125381,7434.244081624987,True,False
3476,970.0,666,2395562,0.25,0.09067845996469259,7437.137819749987,True,False
3477,1370.0,647,2396209,0.25,0.10290421836400106,7439.062336707997,True,False
3478,1170.0,657,2396866,0.25,0.11521774796178429,7441.08678954099,True,False
3479,1120.0,570,2397436,0.25,0.10875384381913639,7442.759405874996,True,False
3480,1660.0,845,2398281,0.25,0.08880801382364255,7445.247964582988,True,False
3481,1480.0,778,2399059,0.25,0.09738190258017827,7447.54776329099,True,False
3482,1230.0,945,2400004,0.25,0.10428471548113391,7450.31444945799,True,False
3483,1140.0,831,2400835,0.25,0.0843037647433615,7452.758626499999,True,False
3484,860.0,825,2401660,0.25,0.09871115452713436,7455.185165165996,True,False
3485,830.0,723,2402383,0.25,0.1026537884854608,7457.312111707986,True,False
3486,1270.0,819,2403202,0.25,0.09857138629730154,7459.732768791,True,False
3487,370.0,412,2403614,0.25,0.08155225201066836,7460.967130540987,True,False
3488,1010.0,616,2404230,0.25,0.09416939742718038,7462.793904207996,True,False
3489,990.0,734,2404964,0.25,0.10178710215563036,7464.967994499995,True,False
3490,1210.0,576,2405540,0.25,0.13021225738339126,7466.670366374994,True,False
3491,780.0,635,2406175,0.25,0.12491309299734951,7468.547621457998,True,False
3492,1100.0,535,2406710,0.25,0.10194229308182179,7470.340156708,True,False
3493,1490.0,642,2407352,0.25,0.12215640515042758,7472.320701999997,True,False
3494,2750.0,826,2408178,0.25,0.11913457334728784,7474.7215917909925,True,False
3495,1990.0,1080,2409258,0.25,0.11698548168081928,7477.9421496659925,True,False
3496,630.0,632,2409890,0.25,0.10191625480457575,7479.806528457993,True,False
3497,4700.0,1058,2410948,0.25,0.11857054665825277,7483.198850540997,True,False
3498,490.0,482,2411430,0.25,0.11819296480777362,7485.540529124992,True,False
3499,1810.0,1036,2412466,0.25,0.1200302634891626,7488.62557104099,True,False
3500,1100.0,793,2413259,0.25,0.1304061422406724,7491.003988957993,True,False
3501,1200.0,841,2414100,0.25,0.12501865322591288,7494.315776207994,True,False
3502,1690.0,746,2414846,0.25,0.09733206760739127,7496.536109165987,True,False
3503,1620.0,958,2415804,0.25,0.10834928545324753,7499.449464416,True,False
3504,1700.0,718,2416522,0.25,0.13056568275908184,7501.549365125,True,False
3505,1390.0,922,2417444,0.25,0.1274043112203027,7504.282329790993,True,False
3506,980.0,621,2418065,0.25,0.09817177340868981,7506.129838124994,True,False
3507,900.0,671,2418736,0.25,0.10575108364268783,7508.140833665995,True,False
3508,2510.0,791,2419527,0.25,0.1293175197040974,7510.4686980829865,True,False
3509,2280.0,1162,2420689,0.25,0.1118220905821348,7513.891472749994,True,False
3510,960.0,618,2421307,0.25,0.08513491822092177,7515.725885749998,True,False
3511,740.0,798,2422105,0.25,0.10358703668229281,7518.085196915999,True,False
3512,970.0,576,2422681,0.25,0.11274133529514074,7519.804398082997,True,False
3513,1370.0,989,2423670,0.25,0.09766778941096564,7522.720754874987,True,False
3514,1130.0,691,2424361,0.25,0.129499853271022,7524.773520790986,True,False
3515,2360.0,1116,2425477,0.25,0.10864539642394337,7528.047218124993,True,False
3516,1210.0,760,2426237,0.25,0.08239789680626831,7530.286835999999,True,False
3517,960.0,659,2426896,0.25,0.11569033660220378,7532.234123457994,True,False
3518,1020.0,679,2427575,0.25,0.11554112555404034,7534.23818575,True,False
3519,1110.0,736,2428311,0.25,0.1094590265850496,7536.47000612499,True,False
3520,860.0,595,2428906,0.25,0.11532588551858527,7538.297235708,True,False
3521,1030.0,683,2429589,0.25,0.09639725999699698,7540.429073874999,True,False
3522,670.0,530,2430119,0.25,0.1183933595364744,7541.981350832997,True,False
3523,830.0,684,2430803,0.25,0.12393253139759365,7544.0787863749865,True,False
3524,1400.0,870,2431673,0.25,0.1023861013113632,7546.671386207992,True,False
3525,1020.0,592,2432265,0.25,0.10370045215696902,7548.517419749987,True,False
3526,640.0,641,2432906,0.25,0.09500488411867991,7551.348915374998,True,False
3527,1810.0,770,2433676,0.25,0.09133284155839157,7553.580226957987,True,False
3528,1010.0,649,2434325,0.25,0.10864278195816794,7556.356728040992,True,False
3529,1760.0,903,2435228,0.25,0.11095940034869498,7559.3472785829945,True,False
3530,750.0,636,2435864,0.25,0.11351811207549752,7561.210708290993,True,False
3531,600.0,559,2436423,0.25,0.09933981342281369,7562.873099374992,True,False
3532,1340.0,788,2437211,0.25,0.11604234476001735,7565.252107749999,True,False
3533,440.0,490,2437701,0.25,0.08330414604728784,7566.6991063329915,True,False
3534,1240.0,737,2438438,0.25,0.12590204588259044,7568.873471999992,True,False
3535,1380.0,720,2439158,0.25,0.10439764025310676,7571.028547957991,True,False
3536,1230.0,794,2439952,0.25,0.11875292480965356,7573.389415124999,True,False
3537,1570.0,804,2440756,0.25,0.1023945506866002,7575.763373957991,True,False
3538,950.0,858,2441614,0.25,0.11731993635924899,7578.311801082993,True,False
3539,2300.0,724,2442338,0.25,0.12359001831722688,7580.461529207998,True,False
3540,990.0,573,2442911,0.25,0.10745668270579585,7582.161532124999,True,False
3541,1180.0,772,2443683,0.25,0.11745308062611776,7584.449047457994,True,False
3542,950.0,702,2444385,0.25,0.09839478225066242,7586.534318374994,True,False
3543,1170.0,778,2445163,0.25,0.12472838009755637,7588.860721624995,True,False
3544,850.0,591,2445754,0.25,0.1132087884974238,7590.65862758299,True,False
3545,1000.0,684,2446438,0.25,0.12775336866054618,7592.668759207998,True,False
3546,1050.0,974,2447412,0.25,0.10616500181771937,7595.542127624998,True,False
3547,1060.0,754,2448166,0.25,0.1248865237439725,7597.775367957991,True,False
3548,890.0,671,2448837,0.25,0.1077176630386107,7599.778629290988,True,False
3549,1560.0,673,2449510,0.25,0.11136907647319493,7601.769162957993,True,False
3550,810.0,667,2450177,0.25,0.11688964682335626,7603.758129457987,True,False
3551,1260.0,919,2451096,0.25,0.11143561638486774,7607.485249707999,True,False
3552,910.0,756,2451852,0.25,0.09635260990924305,7609.724992790987,True,False
3553,970.0,583,2452435,0.25,0.08671059050950511,7611.441185207994,True,False
3554,1460.0,1250,2453685,0.25,0.12539954439472087,7615.077870124995,True,False
3555,930.0,635,2454320,0.25,0.10951097634087943,7617.113870957997,True,False
3556,760.0,620,2454940,0.25,0.12100251759252241,7619.167831125,True,False
3557,410.0,406,2455346,0.25,0.1233917487102865,7620.551705540987,True,False
3558,1430.0,828,2456174,0.25,0.11612418381236314,7623.273253874999,True,False
3559,930.0,653,2456827,0.25,0.12066721248846113,7625.174701707991,True,False
3560,1850.0,1203,2458030,0.25,0.11973492861214864,7628.786011374992,True,False
3561,1590.0,1225,2459255,0.25,0.13686728862789915,7632.328590249992,True,False
3562,1030.0,743,2459998,0.25,0.12216272033871181,7634.535925290998,True,False
3563,1610.0,807,2460805,0.25,0.08899950438022318,7636.93675670799,True,False
3564,720.0,613,2461418,0.25,0.0983157688447463,7638.7737506659905,True,False
3565,1070.0,852,2462270,0.25,0.10289268483333465,7641.72134304099,True,False
3566,660.0,694,2462964,0.25,0.1147422623210426,7644.063283207986,True,False
3567,300.0,377,2463341,0.25,0.11044874127478675,7645.220115082993,True,False
3568,1250.0,677,2464018,0.25,0.1270681071210895,7647.1855916249915,True,False
3569,520.0,444,2464462,0.25,0.13244310560057293,7648.48255341599,True,False
3570,470.0,467,2464929,0.25,0.10430007832299949,7649.883542874988,True,False
3571,780.0,670,2465599,0.25,0.13350893898370736,7651.88066416599,True,False
3572,970.0,730,2466329,0.25,0.10462033588826004,7654.012894915999,True,False
3573,1450.0,697,2467026,0.25,0.1361151966641004,7656.05159504099,True,False
3574,1530.0,715,2467741,0.25,0.10611701683874902,7658.161721332988,True,False
3575,1580.0,759,2468500,0.25,0.0935157012194395,7660.426893874988,True,False
3576,1820.0,804,2469304,0.25,0.10709426371352886,7663.621007457987,True,False
3577,760.0,618,2469922,0.25,0.1238620648789522,7665.448871999994,True,False
3578,2190.0,1014,2470936,0.25,0.10659506389005917,7668.629195957998,True,False
3579,680.0,655,2471591,0.25,0.11565193097375653,7670.515010915988,True,False
3580,2150.0,862,2472453,0.25,0.10742455964942497,7673.045400040995,True,False
3581,1010.0,598,2473051,0.25,0.1359354337964882,7674.8649175409955,True,False
3582,920.0,709,2473760,0.25,0.1102421773032526,7677.308730707999,True,False
3583,1250.0,656,2474416,0.25,0.12732378516073634,7679.509432082996,True,False
3584,690.0,632,2475048,0.25,0.10815601571922816,7681.4699222909985,True,False
3585,1060.0,747,2475795,0.25,0.11762934743917437,7683.630184915994,True,False
3586,1700.0,792,2476587,0.25,0.13624448895529664,7685.973815082994,True,False
3587,1820.0,791,2477378,0.25,0.1293738650139233,7688.31520954099,True,False
3588,1020.0,906,2478284,0.25,0.13631603099602696,7690.969157915999,True,False
3589,740.0,545,2478829,0.25,0.125927871942301,7692.595821208,True,False
3590,1040.0,884,2479713,0.25,0.14343415054058598,7695.190593707986,True,False
3591,1810.0,983,2480696,0.25,0.1338455260360265,7698.082024415999,True,False
3592,1930.0,742,2481438,0.25,0.12595754802428388,7700.29350395799,True,False
3593,1370.0,578,2482016,0.25,0.128809568517167,7702.011197540996,True,False
3594,990.0,730,2482746,0.25,0.10986968861626727,7704.173121540996,True,False
3595,1500.0,683,2483429,0.25,0.12907061454627597,7706.182011249999,True,False
3596,1100.0,843,2484272,0.25,0.11723951912392372,7708.684075749989,True,False
3597,970.0,975,2485247,0.25,0.11698142538774652,7711.536378915989,True,False
3598,1750.0,717,2485964,0.25,0.09520585000928905,7713.669744957995,True,False
3599,1310.0,965,2486929,0.25,0.1335983736077285,7716.494819332991,True,False
3600,1220.0,591,2487520,0.25,0.10338322410511004,7718.244474583,True,False
3601,730.0,557,2488077,0.25,0.1513125292501218,7720.750146582999,True,False
3602,1220.0,872,2488949,0.25,0.1495202674333929,7723.308911415996,True,False
3603,630.0,569,2489518,0.25,0.12708323667953972,7725.012280208,True,False
3604,1030.0,789,2490307,0.25,0.1400295753731643,7727.329064957987,True,False
3605,1240.0,1052,2491359,0.25,0.1359941790893164,7730.424815749997,True,False
3606,1580.0,784,2492143,0.25,0.12399847910986567,7732.765993749999,True,False
3607,1630.0,758,2492901,0.25,0.11684327777475119,7734.991394665994,True,False
3608,1310.0,652,2493553,0.25,0.1295003027546625,7736.928127290987,True,False
3609,1100.0,759,2494312,0.25,0.12755660418617099,7739.163683874998,True,False
3610,1390.0,869,2495181,0.25,0.11702056092635003,7741.71560645799,True,False
3611,1840.0,844,2496025,0.25,0.1107574799914637,7744.194264040998,True,False
3612,260.0,341,2496366,0.25,0.12031861293841811,7745.225405499994,True,False
3613,900.0,680,2497046,0.25,0.12605398714761523,7747.217472165998,True,False
3614,1200.0,647,2497693,0.25,0.09584687797375667,7749.123003957997,True,False
3615,1150.0,930,2498623,0.25,0.15640330455940346,7751.806043374992,True,False
3616,840.0,720,2499343,0.25,0.12315489933308628,7753.920899915989,True,False
3617,2300.0,750,2500093,0.25,0.11557284461215456,7756.116373249999,True,False
3618,700.0,480,2500573,0.25,0.12068210799867908,7757.537642999989,True,False
3619,1280.0,834,2501407,0.25,0.15340526107376298,7759.966869457989,True,False
3620,1040.0,684,2502091,0.25,0.1382549476880602,7761.964748915998,True,False
3621,930.0,804,2502895,0.25,0.13002188335084797,7764.343246540986,True,False
3622,1200.0,675,2503570,0.25,0.13301697864952172,7766.348359957992,True,False
3623,1600.0,688,2504258,0.25,0.14309205877226452,7768.435370124993,True,False
3624,670.0,630,2504888,0.25,0.1174603052484461,7770.273031165998,True,False
3625,1270.0,861,2505749,0.25,0.13491879277970903,7772.794564665994,True,False
3626,1410.0,778,2506527,0.25,0.10578813014033529,7776.146719249999,True,False
3627,1080.0,802,2507329,0.25,0.12356455975318727,7778.55067058299,True,False
3628,440.0,431,2507760,0.25,0.13750741241016873,7779.85865845799,True,False
3629,1020.0,835,2508595,0.25,0.12898960499128756,7782.286060457991,True,False
3630,2670.0,892,2509487,0.25,0.15670077671451418,7784.897704582996,True,False
3631,780.0,688,2510175,0.25,0.12622623975107142,7786.919614707993,True,False
3632,1690.0,833,2511008,0.25,0.13827538174804319,7789.395995832994,True,False
3633,1550.0,661,2511669,0.25,0.13493639353775616,7791.33973675,True,False
3634,1010.0,682,2512351,0.25,0.13094830521765877,7793.345669791001,True,False
3635,920.0,546,2512897,0.25,0.12591884361348882,7795.028155124994,True,False
3636,880.0,794,2513691,0.25,0.1425550402697138,7797.424838082996,True,False
3637,1550.0,790,2514481,0.25,0.13594732881344931,7799.735991040987,True,False
3638,1030.0,752,2515233,0.25,0.12772840113834816,7801.975297790996,True,False
3639,1080.0,718,2515951,0.25,0.1556532107210359,7804.076407790999,True,False
3640,1840.0,1297,2517248,0.25,0.1423472887564164,7807.880445040995,True,False
3641,1020.0,617,2517865,0.25,0.11489544784674396,7809.687224165988,True,False
3642,1760.0,811,2518676,0.25,0.12577615591142272,7812.06962845799,True,False
3643,1300.0,773,2519449,0.25,0.13292231329673312,7814.368077457999,True,False
3644,1970.0,903,2520352,0.25,0.11755928254595636,7817.229550749995,True,False
3645,1580.0,690,2521042,0.25,0.1284145553769587,7819.217436249994,True,False
3646,670.0,653,2521695,0.25,0.16871171675485336,7821.185624499994,True,False
3647,1150.0,651,2522346,0.25,0.1523779189796901,7823.147908165993,True,False
3648,1280.0,638,2522984,0.25,0.15446142744040117,7825.079619207987,True,False
3649,1030.0,605,2523589,0.25,0.10987266705722998,7826.967200790998,True,False
3650,1150.0,697,2524286,0.25,0.12922859908049478,7829.108135915987,True,False
3651,1800.0,1015,2525301,0.25,0.13897836097611452,7835.093238415997,True,False
3652,980.0,689,2525990,0.25,0.09814606591799231,7837.58307483299,True,False
3653,950.0,621,2526611,0.25,0.14902368658973325,7839.649388708,True,False
3654,720.0,607,2527218,0.25,0.1203958798248909,7841.442229749999,True,False
3655,1000.0,597,2527815,0.25,0.1167658406791071,7843.205507582999,True,False
3656,1350.0,1158,2528973,0.25,0.11161433550175921,7846.657210124991,True,False
3657,830.0,732,2529705,0.25,0.11350395550819042,7848.818634665993,True,False
3658,1020.0,754,2530459,0.25,0.11174472392675408,7851.060424332987,True,False
3659,1480.0,988,2531447,0.25,0.11043081170905698,7853.974585332995,True,False
3660,590.0,808,2532255,0.25,0.12033332410351474,7856.369185499992,True,False
3661,870.0,650,2532905,0.25,0.11436183691207617,7858.2933014159935,True,False
3662,440.0,523,2533428,0.25,0.124307025963341,7859.982743249988,True,False
3663,740.0,738,2534166,0.25,0.14911242182690487,7862.1632119999995,True,False
3664,1000.0,703,2534869,0.25,0.11535046886737374,7864.271134165989,True,False
3665,880.0,668,2535537,0.25,0.11869791261628716,7866.253981207992,True,False
3666,1360.0,555,2536092,0.25,0.12510474721680012,7867.907825666,True,False
3667,1040.0,644,2536736,0.25,0.1251357928010988,7869.832256540991,True,False
3668,980.0,652,2537388,0.25,0.15720066775573543,7871.775626540999,True,False
3669,1090.0,687,2538075,0.25,0.10693789589387631,7873.827200415995,True,False
3670,1410.0,594,2538669,0.25,0.15395978494428547,7875.5967936249945,True,False
3671,1280.0,729,2539398,0.25,0.14269446041230316,7877.76269879099,True,False
3672,1870.0,822,2540220,0.25,0.13875908370229226,7880.203869999998,True,False
3673,910.0,643,2540863,0.25,0.13357403564732523,7882.113790707997,True,False
3674,1000.0,725,2541588,0.25,0.13286578756562628,7884.284041832987,True,False
3675,1480.0,673,2542261,0.25,0.12257503323434364,7886.313777624993,True,False
3676,1550.0,607,2542868,0.25,0.11417809154495205,7889.002599540996,True,False
3677,2490.0,744,2543612,0.25,0.12543164113516447,7891.6052840409975,True,False
3678,720.0,646,2544258,0.25,0.12417659983733055,7894.694559915995,True,False
3679,920.0,663,2544921,0.25,0.13046157655182733,7897.002821207992,True,False
3680,730.0,680,2545601,0.25,0.12732744686962927,7899.351130374998,True,False
3681,1230.0,778,2546379,0.25,0.12698882753893578,7901.704334624999,True,False
3682,1000.0,665,2547044,0.25,0.15111229251958652,7903.707465874992,True,False
3683,1260.0,775,2547819,0.25,0.10764163038620986,7906.01420908299,True,False
3684,560.0,499,2548318,0.25,0.13627316083014013,7907.512343625,True,False
3685,1550.0,709,2549027,0.25,0.12747893240408034,7909.609069290993,True,False
3686,1390.0,882,2549909,0.25,0.13530224942648572,7912.232320332987,True,False
3687,1000.0,805,2550714,0.25,0.13272819819104908,7914.63567525,True,False
3688,1400.0,820,2551534,0.25,0.13621367867581727,7917.152774040995,True,False
3689,660.0,507,2552041,0.25,0.10041182992730553,7918.659252999991,True,False
3690,660.0,524,2552565,0.25,0.12090128427015916,7920.217666415992,True,False
3691,920.0,697,2553262,0.25,0.12446795194142166,7922.298240958,True,False
3692,740.0,760,2554022,0.25,0.14072540011256934,7924.858689124987,True,False
3693,1210.0,721,2554743,0.25,0.15819620632876952,7927.3173650829995,True,False
3694,680.0,593,2555336,0.25,0.14594359833422124,7929.268575707989,True,False
3695,1180.0,827,2556163,0.25,0.12605240336140094,7931.663170582993,True,False
3696,920.0,618,2556781,0.25,0.12576580920046376,7933.495141332998,True,False
3697,860.0,652,2557433,0.25,0.13659395637459185,7935.422422457996,True,False
3698,1050.0,774,2558207,0.25,0.1550585862075418,7937.698275666,True,False
3699,1040.0,698,2558905,0.25,0.1302352071340595,7939.743357957996,True,False
3700,960.0,734,2559639,0.25,0.14983294405490974,7941.920474040991,True,False
3701,740.0,712,2560351,0.25,0.10683647534820472,7944.839974124989,True,False
3702,400.0,426,2560777,0.25,0.11492029856020045,7946.121032625,True,False
3703,800.0,667,2561444,0.25,0.13466511853039265,7948.137450874987,True,False
3704,1190.0,634,2562078,0.25,0.14893552611428726,7950.315301249997,True,False
3705,1130.0,686,2562764,0.25,0.17681357679282164,7952.886008915986,True,False
3706,1400.0,875,2563639,0.25,0.138583188432209,7956.4893122499925,True,False
3707,1820.0,878,2564517,0.25,0.14115410854362628,7959.1217346249905,True,False
3708,910.0,641,2565158,0.25,0.12774482993409036,7961.0144790829945,True,False
3709,930.0,724,2565882,0.25,0.15324187642014817,7963.1832548329985,True,False
3710,2550.0,859,2566741,0.25,0.1279979969353177,7965.802347833,True,False
3711,1800.0,857,2567598,0.25,0.11071871077450358,7968.324216582987,True,False
3712,1250.0,922,2568520,0.25,0.12457378461827963,7971.062466082993,True,False
3713,1290.0,752,2569272,0.25,0.12255453669089586,7973.296753624993,True,False
3714,900.0,632,2569904,0.25,0.12323099260418853,7975.175659582994,True,False
3715,1160.0,680,2570584,0.25,0.12903311863979872,7977.200013499998,True,False
3716,1250.0,685,2571269,0.25,0.14170360566274812,7979.230524040991,True,False
3717,1130.0,527,2571796,0.25,0.16218559946300407,7980.806090457991,True,False
3718,1560.0,930,2572726,0.25,0.10021162266714563,7983.548732915995,True,False
3719,1910.0,982,2573708,0.25,0.14498789763698974,7986.453910874989,True,False
3720,1000.0,770,2574478,0.25,0.10267161013325676,7988.83363912499,True,False
3721,680.0,692,2575170,0.25,0.1626749488853478,7990.917515790992,True,False
3722,1660.0,669,2575839,0.25,0.11910885482089605,7992.918388332997,True,False
3723,1000.0,796,2576635,0.25,0.1394711221432566,7995.2479256249935,True,False
3724,1630.0,911,2577546,0.25,0.11819207535141654,7997.939369874992,True,False
3725,2310.0,852,2578398,0.25,0.1283415973693692,8000.480834124988,True,False
3726,1140.0,714,2579112,0.25,0.13552943129071643,8004.508710957991,True,False
3727,1130.0,811,2579923,0.25,0.13082501957986023,8007.069204374988,True,False
3728,870.0,654,2580577,0.25,0.13276703764752643,8008.98736449999,True,False
3729,970.0,750,2581327,0.25,0.10025303401949412,8011.204060832999,True,False
3730,1360.0,640,2581967,0.25,0.1294611232005991,8013.338460082989,True,False
3731,1240.0,747,2582714,0.25,0.11906349058337709,8016.453163582992,True,False
3732,1700.0,782,2583496,0.25,0.1414249832836949,8018.738327082989,True,False
3733,1140.0,752,2584248,0.25,0.11753973963749693,8020.972154582996,True,False
3734,1320.0,795,2585043,0.25,0.1347390545550922,8023.355008125,True,False
3735,690.0,556,2585599,0.25,0.13404302936878135,8024.983817916,True,False
3736,980.0,914,2586513,0.25,0.10652424168150758,8027.68099095799,True,False
3737,1140.0,837,2587350,0.25,0.13079426673789057,8030.163699749988,True,False
3738,1230.0,751,2588101,0.25,0.1232245771531412,8032.384026749991,True,False
3739,1410.0,805,2588906,0.25,0.12994631756078545,8034.7647182910005,True,False
3740,1760.0,721,2589627,0.25,0.11797161005023453,8036.908569624997,True,False
3741,1050.0,843,2590470,0.25,0.15284044970868604,8039.395003624988,True,False
3742,1170.0,729,2591199,0.25,0.11338523979001976,8041.5706657909905,True,False
3743,1190.0,672,2591871,0.25,0.14647587376558,8043.605581749987,True,False
3744,1610.0,720,2592591,0.25,0.129351687627948,8045.8529718329955,True,False
3745,2950.0,981,2593572,0.25,0.15174151791971388,8048.740410832994,True,False
3746,990.0,671,2594243,0.25,0.1142022685889534,8050.727225165989,True,False
3747,850.0,699,2594942,0.25,0.10271678277424404,8052.873913665986,True,False
3748,1240.0,756,2595698,0.25,0.10672704973036334,8055.193658749995,True,False
3749,1820.0,845,2596543,0.25,0.12986689282501762,8057.709252290995,True,False
3750,1240.0,724,2597267,0.25,0.11556218912341318,8059.85491658299,True,False
3751,390.0,389,2597656,0.25,0.10854799087558474,8061.892684499995,True,False
3752,1050.0,913,2598569,0.25,0.1271049144122292,8064.557234624997,True,False
3753,1570.0,1067,2599636,0.25,0.12031870426728708,8067.706449499994,True,False
3754,1390.0,795,2600431,0.25,0.11892158499533179,8070.052383832997,True,False
3755,1370.0,724,2601155,0.25,0.12036924680581738,8072.20196508299,True,False
3756,770.0,647,2601802,0.25,0.1294636199204826,8074.148882290989,True,False
3757,1690.0,1160,2602962,0.25,0.11664336193352938,8077.588557915995,True,False
3758,1090.0,686,2603648,0.25,0.13906262352586138,8079.632518040991,True,False
3759,1020.0,859,2604507,0.25,0.1079244748210517,8082.153831790987,True,False
3760,990.0,758,2605265,0.25,0.12114493249866523,8085.057294707993,True,False
3761,1250.0,840,2606105,0.25,0.12798211056561698,8088.835696208,True,False
3762,1120.0,814,2606919,0.25,0.13880815859792267,8091.805484832992,True,False
3763,1230.0,894,2607813,0.25,0.12037255717275132,8094.597597999993,True,False
3764,1030.0,650,2608463,0.25,0.120387614072289,8096.495406540998,True,False
3765,1200.0,662,2609125,0.25,0.10253549338015447,8098.490762415997,True,False
3766,1050.0,742,2609867,0.25,0.14183542199835583,8100.710562332999,True,False
3767,1090.0,661,2610528,0.25,0.13570275329367584,8102.677122582987,True,False
3768,1260.0,715,2611243,0.25,0.09883993221551515,8104.7936499579955,True,False
3769,1310.0,915,2612158,0.25,0.11541997285876993,8107.498538915999,True,False
3770,940.0,694,2612852,0.25,0.09561590435004783,8109.560188999996,True,False
3771,1310.0,1044,2613896,0.25,0.10423156233697102,8112.625815040999,True,False
3772,850.0,591,2614487,0.25,0.09377124821957276,8114.361264915991,True,False
3773,870.0,789,2615276,0.25,0.08434767121768962,8116.760375082988,True,False
3774,1760.0,750,2616026,0.25,0.1291890460001753,8118.982798249999,True,False
3775,1200.0,813,2616839,0.25,0.11082849874541971,8121.418830208,True,False
3776,830.0,930,2617769,0.25,0.12069250577701007,8125.024344124991,True,False
3777,850.0,638,2618407,0.25,0.1305064767036798,8126.931936415989,True,False
3778,1310.0,712,2619119,0.25,0.08316710328139114,8129.055700790996,True,False
3779,2490.0,996,2620115,0.25,0.10653102917065582,8132.002628499991,True,False
3780,1210.0,721,2620836,0.25,0.11312715221422812,8134.181862415993,True,False
3781,530.0,549,2621385,0.25,0.10523872772218103,8135.79971549999,True,False
3782,1200.0,771,2622156,0.25,0.13039718000845588,8138.089401999998,True,False
3783,1160.0,735,2622891,0.25,0.12464514033756946,8140.277243624994,True,False
3784,820.0,581,2623472,0.25,0.13491724381759151,8142.020534665993,True,False
3785,940.0,945,2624417,0.25,0.12420726701680382,8144.819055707994,True,False
3786,1600.0,746,2625163,0.25,0.11353326240374197,8148.144713332993,True,False
3787,1280.0,710,2625873,0.25,0.14489513049634656,8150.482304582998,True,False
3788,1380.0,756,2626629,0.25,0.12895174963133677,8152.701776915987,True,False
3789,1020.0,750,2627379,0.25,0.10995915674549692,8154.9477315409895,True,False
3790,1920.0,1032,2628411,0.25,0.11353510343866755,8157.9870920409885,True,False
3791,860.0,593,2629004,0.25,0.11918173857883319,8159.76301825,True,False
3792,2560.0,914,2629918,0.25,0.1101685257612221,8162.454655374997,True,False
3793,1520.0,883,2630801,0.25,0.12128628325981522,8165.059022791,True,False
3794,830.0,628,2631429,0.25,0.08066146035388017,8166.934219374991,True,False
3795,1160.0,968,2632397,0.25,0.13022020563083,8169.802044332988,True,False
3796,1120.0,762,2633159,0.25,0.11619556947170119,8172.057511040999,True,False
3797,1080.0,791,2633950,0.25,0.13430796330324327,8174.413633082993,True,False
3798,1260.0,694,2634644,0.25,0.12062268115408804,8176.481505332995,True,False
3799,1650.0,988,2635632,0.25,0.10435176969916835,8179.484243790997,True,False
3800,1060.0,641,2636273,0.25,0.12031259691575542,8181.44193716599,True,False
3801,1260.0,700,2636973,0.25,0.09649906556521143,8184.446114582999,True,False
3802,820.0,663,2637636,0.25,0.10264652616243405,8186.5229014159995,True,False
3803,900.0,674,2638310,0.25,0.0883733492034177,8188.514134124998,True,False
3804,1050.0,612,2638922,0.25,0.11107395756137527,8190.300803082995,True,False
3805,1070.0,726,2639648,0.25,0.10675540442609198,8192.447535999992,True,False
3806,1220.0,676,2640324,0.25,0.0980687385876856,8194.444770791,True,False
3807,1240.0,749,2641073,0.25,0.09036866950000672,8196.64269149999,True,False
3808,800.0,581,2641654,0.25,0.10532276183366776,8198.365552499992,True,False
3809,900.0,721,2642375,0.25,0.09750928742190203,8200.495677125,True,False
3810,1170.0,813,2643188,0.25,0.0995462973780163,8202.918538707992,True,False
3811,1620.0,838,2644026,0.25,0.12295283727419148,8205.374628540987,True,False
3812,830.0,578,2644604,0.25,0.09540934255667802,8208.007927957995,True,False
3813,1240.0,686,2645290,0.25,0.10761371478220524,8210.256504249992,True,False
3814,800.0,766,2646056,0.25,0.11037955301677964,8212.507152207996,True,False
3815,1200.0,748,2646804,0.25,0.11674866845263517,8214.731129415988,True,False
3816,520.0,458,2647262,0.25,0.10099832613936119,8216.088940249989,True,False
3817,890.0,785,2648047,0.25,0.10930972931222344,8218.413478540999,True,False
3818,1360.0,692,2648739,0.25,0.09758911769557206,8220.473205624992,True,False
3819,1480.0,820,2649559,0.25,0.09526876672738936,8222.878613915993,True,False
3820,880.0,632,2650191,0.25,0.08521532016818094,8224.738054707996,True,False
3821,1470.0,1058,2651249,0.25,0.11339818268733204,8228.051836415994,True,False
3822,940.0,708,2651957,0.25,0.09995366609786864,8230.224876082997,True,False
3823,1160.0,846,2652803,0.25,0.09055667295522317,8233.137344165996,True,False
3824,1500.0,683,2653486,0.25,0.083675572888283,8235.375313874989,True,False
3825,1020.0,614,2654100,0.25,0.09236850157718766,8237.236299290991,True,False
3826,1080.0,852,2654952,0.25,0.10796458607303425,8240.912911415988,True,False
3827,1160.0,677,2655629,0.25,0.080228885779014,8242.93557329099,True,False
3828,1130.0,766,2656395,0.25,0.09199932418490579,8245.252070040995,True,False
3829,1210.0,708,2657103,0.25,0.08740243704010875,8247.31666112499,True,False
3830,860.0,568,2657671,0.25,0.08737720736682834,8248.998899290993,True,False
3831,1040.0,703,2658374,0.25,0.11310622616755692,8251.058894332993,True,False
3832,940.0,723,2659097,0.25,0.11723307830935024,8253.185744082992,True,False
3833,1360.0,1231,2660328,0.25,0.10908795165672124,8256.852340665995,True,False
3834,770.0,561,2660889,0.25,0.12836179311520288,8258.491928707997,True,False
3835,780.0,869,2661758,0.25,0.09511778786057426,8261.182218499991,True,False
3836,1050.0,629,2662387,0.25,0.10790081105082278,8263.043152915998,True,False
3837,1010.0,695,2663082,0.25,0.11798260748472023,8265.104730583,True,False
3838,1040.0,861,2663943,0.25,0.10573419008490652,8267.948542165992,True,False
3839,1900.0,818,2664761,0.25,0.10476027072021148,8270.716299749998,True,False
3840,1920.0,791,2665552,0.25,0.11139847670277261,8273.130733082988,True,False
3841,1120.0,717,2666269,0.25,0.10699490296482707,8275.202505999987,True,False
3842,1990.0,1051,2667320,0.25,0.09884019130168079,8279.172720540999,True,False
3843,1250.0,781,2668101,0.25,0.11996057138611109,8282.257526165995,True,False
3844,810.0,667,2668768,0.25,0.10382552528586574,8284.325098207992,True,False
3845,1730.0,654,2669422,0.25,0.11659024589540769,8286.233023415989,True,False
3846,1100.0,600,2670022,0.25,0.10188278087725242,8288.035044374992,True,False
3847,890.0,579,2670601,0.25,0.0988399294429812,8289.792618332998,True,False
3848,830.0,771,2671372,0.25,0.11988391317041118,8292.062269540998,True,False
3849,1270.0,730,2672102,0.25,0.10052581932805069,8294.227459207992,True,False
3850,930.0,587,2672689,0.25,0.11380334659701302,8295.999832999994,True,False
3851,590.0,580,2673269,0.25,0.09308137134488287,8298.744557082988,True,False
3852,940.0,698,2673967,0.25,0.12461817498993256,8300.793703457995,True,False
3853,1880.0,885,2674852,0.25,0.09602318786772655,8303.442544374993,True,False
3854,370.0,443,2675295,0.25,0.1128486333753575,8304.763265165995,True,False
3855,1220.0,925,2676220,0.25,0.0944908275670404,8307.473434790998,True,False
3856,1030.0,816,2677036,0.25,0.13095211138145305,8309.954568832996,True,False
3857,1930.0,829,2677865,0.25,0.11417105658078827,8312.457063082999,True,False
3858,1090.0,712,2678577,0.25,0.10541151177263662,8314.571033540997,True,False
3859,1520.0,693,2679270,0.25,0.10568020480948721,8316.614545416,True,False
3860,1560.0,986,2680256,0.25,0.10924328399090631,8319.526431749997,True,False
3861,1060.0,646,2680902,0.25,0.1308546911184647,8321.427576457994,True,False
3862,2360.0,868,2681770,0.25,0.09265545739315896,8323.980621208,True,False
3863,1190.0,630,2682400,0.25,0.11212078511384846,8325.86746629099,True,False
3864,1050.0,697,2683097,0.25,0.09998097013810585,8328.445334999997,True,False
3865,1050.0,883,2683980,0.25,0.1064108214699305,8331.350734124993,True,False
3866,700.0,580,2684560,0.25,0.10634771666393197,8333.086894832988,True,False
3867,1390.0,778,2685338,0.25,0.10073839674329328,8335.396908457988,True,False
3868,1320.0,776,2686114,0.25,0.11031305273399525,8337.75661204099,True,False
3869,1150.0,658,2686772,0.25,0.08947689037657146,8339.753985624993,True,False
3870,780.0,630,2687402,0.25,0.11617021719409022,8341.598875749987,True,False
3871,1040.0,666,2688068,0.25,0.10819292318321273,8343.589645165994,True,False
3872,1880.0,727,2688795,0.25,0.11490731755302426,8345.725069915992,True,False
3873,1260.0,818,2689613,0.25,0.09249466582224136,8348.15781774999,True,False
3874,680.0,615,2690228,0.25,0.12548462051124154,8351.304903332988,True,False
3875,1350.0,772,2691000,0.25,0.11089316367562571,8354.274595790994,True,False
3876,800.0,620,2691620,0.25,0.12762444664634043,8357.728149332994,True,False
3877,880.0,599,2692219,0.25,0.11521977756247424,8359.537703790993,True,False
3878,1180.0,802,2693021,0.25,0.1271339790589774,8361.903797583,True,False
3879,1230.0,596,2693617,0.25,0.10306190809347486,8363.691457832989,True,False
3880,1020.0,636,2694253,0.25,0.1074009856572316,8365.604032832998,True,False
3881,1430.0,659,2694912,0.25,0.11625561056037743,8367.565198624987,True,False
3882,980.0,772,2695684,0.25,0.10417124101110382,8369.874122915993,True,False
3883,1250.0,735,2696419,0.25,0.11271272617000375,8372.174833749988,True,False
3884,1130.0,733,2697152,0.25,0.1078989039701612,8374.353349165991,True,False
3885,1100.0,687,2697839,0.25,0.11623157075012637,8376.416371665997,True,False
3886,1090.0,583,2698422,0.25,0.0884168207747479,8378.17860575,True,False
3887,1010.0,761,2699183,0.25,0.10016574616004761,8380.440478082994,True,False
3888,1330.0,774,2699957,0.25,0.1029876914336202,8382.74911012499,True,False
3889,1140.0,695,2700652,0.25,0.10462407135115616,8384.831822832988,True,False
3890,1010.0,682,2701334,0.25,0.12145012714626158,8386.86549112499,True,False
3891,870.0,650,2701984,0.25,0.10805925241231552,8388.805925707988,True,False
3892,980.0,777,2702761,0.25,0.09345176823667645,8391.108243582989,True,False
3893,1150.0,656,2703417,0.25,0.0964471426928734,8393.059615291,True,False
3894,1250.0,991,2704408,0.25,0.1091479099986534,8396.077253332987,True,False
3895,1050.0,783,2705191,0.25,0.13027516436309386,8398.404005707998,True,False
3896,880.0,708,2705899,0.25,0.0993840797767464,8400.494035665994,True,False
3897,1490.0,879,2706778,0.25,0.11775590533559972,8403.095415499993,True,False
3898,1130.0,694,2707472,0.25,0.09894945865347125,8405.168524582987,True,False
3899,1120.0,644,2708116,0.25,0.10467342679498728,8407.081782582987,True,False
3900,1360.0,892,2709008,0.25,0.11843717831600407,8409.847729874993,True,False
3901,1210.0,780,2709788,0.25,0.09098010836407924,8414.638764165997,True,False
3902,1660.0,870,2710658,0.25,0.10496347459367893,8417.466431040986,True,False
3903,940.0,713,2711371,0.25,0.10077108886469616,8419.743994040997,True,False
3904,1230.0,935,2712306,0.25,0.0957784907430665,8422.554318874987,True,False
3905,920.0,966,2713272,0.25,0.12794835321328119,8425.411005124988,True,False
3906,1330.0,680,2713952,0.25,0.11207496630137458,8427.421525957994,True,False
3907,1160.0,634,2714586,0.25,0.10481747525119328,8429.326865208,True,False
3908,660.0,601,2715187,0.25,0.10972083703925212,8431.166300749988,True,False
3909,1630.0,718,2715905,0.25,0.11260475954040886,8433.290600041,True,False
3910,1410.0,983,2716888,0.25,0.11483290521200837,8436.242012499992,True,False
3911,720.0,642,2717530,0.25,0.10201385882683098,8438.162824040992,True,False
3912,1020.0,632,2718162,0.25,0.1027423938017197,8440.017783082993,True,False
3913,1620.0,751,2718913,0.25,0.11437146877869964,8442.235770582993,True,False
3914,1130.0,699,2719612,0.25,0.10168042477752481,8444.318563875,True,False
3915,940.0,624,2720236,0.25,0.12006521618996675,8446.155861583,True,False
3916,1070.0,668,2720904,0.25,0.12137796164317402,8448.130190374999,True,False
3917,1540.0,809,2721713,0.25,0.09069836875515999,8450.50208091599,True,False
3918,990.0,723,2722436,0.25,0.12151246103175108,8452.63082374999,True,False
3919,840.0,778,2723214,0.25,0.10997592482101365,8454.908755665994,True,False
3920,950.0,738,2723952,0.25,0.12453894645378397,8457.163573499987,True,False
3921,1060.0,844,2724796,0.25,0.09523031888838628,8459.651442082992,True,False
3922,1070.0,738,2725534,0.25,0.09000085676898775,8461.836958582993,True,False
3923,1020.0,741,2726275,0.25,0.11210097737006239,8464.038797791,True,False
3924,1020.0,702,2726977,0.25,0.12007655065760693,8466.11988649999,True,False
3925,1360.0,857,2727834,0.25,0.11782840835191657,8468.649432957987,True,False
3926,1200.0,785,2728619,0.25,0.10480910289215342,8473.000999832992,True,False
3927,1110.0,770,2729389,0.25,0.11689339161710573,8475.739761374993,True,False
3928,920.0,766,2730155,0.25,0.1321093905912176,8478.238579290992,True,False
3929,1370.0,763,2730918,0.25,0.11382259556253231,8480.657038374993,True,False
3930,1490.0,792,2731710,0.25,0.13516448956509733,8482.981525749987,True,False
3931,1010.0,797,2732507,0.25,0.11196617657627592,8485.430546999996,True,False
3932,1890.0,1055,2733562,0.25,0.13304839241600624,8488.518788874993,True,False
3933,1250.0,1128,2734690,0.25,0.09748944894456905,8491.841025249989,True,False
3934,1520.0,661,2735351,0.25,0.09100835461056593,8493.782405499995,True,False
3935,940.0,747,2736098,0.25,0.1094202094855793,8495.974224082995,True,False
3936,1180.0,744,2736842,0.25,0.094018300013837,8498.161075624987,True,False
3937,760.0,526,2737368,0.25,0.09819972460073503,8499.838365332995,True,False
3938,1500.0,884,2738252,0.25,0.08873359505002855,8502.39706879099,True,False
3939,920.0,668,2738920,0.25,0.1271853123730171,8504.418088708,True,False
3940,1600.0,704,2739624,0.25,0.1015263934281062,8506.495142790998,True,False
3941,990.0,720,2740344,0.25,0.09810513654309842,8508.608320999992,True,False
3942,1250.0,774,2741118,0.25,0.12338161049651976,8510.895995499988,True,False
3943,1080.0,667,2741785,0.25,0.09713033388207058,8512.854173415995,True,False
3944,1330.0,933,2742718,0.25,0.0987379816980321,8515.585845582988,True,False
3945,940.0,690,2743408,0.25,0.1019544212976632,8517.642752290994,True,False
3946,1030.0,816,2744224,0.25,0.10280781327838115,8520.042466082989,True,False
3947,870.0,710,2744934,0.25,0.12717874480758684,8522.148839624992,True,False
3948,1610.0,705,2745639,0.25,0.12185860029421747,8524.247926457989,True,False
3949,870.0,810,2746449,0.25,0.09437550899797473,8526.640927249988,True,False
3950,1360.0,780,2747229,0.25,0.11226094589592554,8528.957510499997,True,False
3951,260.0,405,2747634,0.25,0.11099472156919465,8531.142189540988,True,False
3952,2250.0,643,2748277,0.25,0.10249963534637267,8534.14485954099,True,False
3953,990.0,724,2749001,0.25,0.11652882998675437,8536.736684082993,True,False
3954,1150.0,603,2749604,0.25,0.09783581888537533,8538.803309249997,True,False
3955,1500.0,744,2750348,0.25,0.1069556137907409,8541.249597540998,True,False
3956,400.0,525,2750873,0.25,0.10025102114802553,8542.796973249991,True,False
3957,1070.0,870,2751743,0.25,0.12567099527142564,8545.35034012499,True,False
3958,970.0,732,2752475,0.25,0.11662645802878943,8547.559601332992,True,False
3959,1670.0,803,2753278,0.25,0.1165686295789421,8549.937404874989,True,False
3960,1330.0,682,2753960,0.25,0.09271895441046932,8551.972953540986,True,False
3961,1520.0,1160,2755120,0.25,0.11566803699423527,8555.389731707997,True,False
3962,1160.0,749,2755869,0.25,0.11396157282359778,8557.60273795799,True,False
3963,1130.0,773,2756642,0.25,0.10988744056827046,8559.900804833,True,False
3964,1280.0,784,2757426,0.25,0.08935222370854141,8562.203232832995,True,False
3965,920.0,715,2758141,0.25,0.11364256135869626,8564.438092665994,True,False
3966,1080.0,820,2758961,0.25,0.09611595377507733,8566.862605624992,True,False
3967,1950.0,950,2759911,0.25,0.11289606193072685,8569.670918582997,True,False
3968,1090.0,775,2760686,0.25,0.10701000195035,8571.959814915986,True,False
3969,1300.0,821,2761507,0.25,0.10004041496573425,8574.392482582989,True,False
3970,1450.0,577,2762084,0.25,0.11406094989386098,8576.131947040994,True,False
3971,970.0,613,2762697,0.25,0.1409058663994074,8577.952728874996,True,False
3972,4360.0,957,2763654,0.25,0.10191108787502455,8581.15385358299,True,False
3973,880.0,629,2764283,0.25,0.12052740579008296,8583.254157332995,True,False
3974,930.0,863,2765146,0.25,0.12102668968684695,8585.887315,True,False
3975,980.0,704,2765850,0.25,0.0904426451200958,8587.954161165995,True,False
3976,1470.0,846,2766696,0.25,0.12431105882597138,8591.348889665998,True,False
3977,1090.0,705,2767401,0.25,0.1259704272220419,8594.35562612499,True,False
3978,1170.0,804,2768205,0.25,0.10610146190396588,8596.953922165994,True,False
3979,1030.0,766,2768971,0.25,0.09540723090630551,8599.185555541,True,False
3980,730.0,531,2769502,0.25,0.12113145236065961,8600.785390957986,True,False
3981,790.0,592,2770094,0.25,0.10212567939448196,8602.598234624995,True,False
3982,1400.0,877,2770971,0.25,0.11411942362989465,8605.236738458,True,False
3983,1220.0,723,2771694,0.25,0.1083742834071922,8607.380581082994,True,False
3984,940.0,681,2772375,0.25,0.11840955727898023,8609.417918166,True,False
3985,1660.0,682,2773057,0.25,0.0997219423039092,8611.451125165986,True,False
3986,1420.0,710,2773767,0.25,0.10818269897231274,8613.55110591599,True,False
3987,1010.0,764,2774531,0.25,0.09496182415887948,8615.832695707999,True,False
3988,1160.0,990,2775521,0.25,0.11842186120338738,8618.760944665992,True,False
3989,1190.0,779,2776300,0.25,0.09334152832818338,8621.089091165995,True,False
3990,1310.0,716,2777016,0.25,0.10254279306605875,8623.219663124997,True,False
3991,1240.0,728,2777744,0.25,0.11084194269522533,8625.37183325,True,False
3992,1190.0,864,2778608,0.25,0.1074344854698413,8628.078170832989,True,False
3993,600.0,629,2779237,0.25,0.10388543853049825,8629.914872707988,True,False
3994,780.0,638,2779875,0.25,0.10473030365113192,8631.822234374995,True,False
3995,1120.0,802,2780677,0.25,0.10241761409784135,8634.196777457997,True,False
3996,1360.0,699,2781376,0.25,0.1240223459473678,8636.27722399999,True,False
3997,1290.0,768,2782144,0.25,0.10984036540806603,8638.571406790987,True,False
3998,790.0,643,2782787,0.25,0.12317034314619377,8640.458230416,True,False
3999,1010.0,627,2783414,0.25,0.08669511295238118,8642.318208832992,True,False
4000,1450.0,1132,2784546,0.25,0.11064578018187424,8645.646226790996,True,False
4001,1430.0,803,2785349,0.25,0.12540715585337647,8649.595039041,True,False
4002,1170.0,891,2786240,0.25,0.1188147283104904,8652.55712474999,True,False
4003,1050.0,626,2786866,0.25,0.13309437904554683,8654.67118387499,True,False
4004,850.0,613,2787479,0.25,0.1291224500833968,8656.709159291,True,False
4005,950.0,649,2788128,0.25,0.12043786631679974,8658.643948707992,True,False
4006,1040.0,774,2788902,0.25,0.11968851542109961,8660.909097332988,True,False
4007,1530.0,616,2789518,0.25,0.1366001223879201,8662.764821833,True,False
4008,1660.0,818,2790336,0.25,0.12710474559628382,8665.172828124996,True,False
4009,1200.0,674,2791010,0.25,0.12248445276747502,8667.161306582988,True,False
4010,2420.0,760,2791770,0.25,0.12595038332633282,8669.430556832987,True,False
4011,1480.0,686,2792456,0.25,0.12772731604271156,8671.476695582998,True,False
4012,400.0,494,2792950,0.25,0.10601773673320204,8672.962604124987,True,False
4013,1690.0,789,2793739,0.25,0.12359405703237517,8675.315994457997,True,False
4014,1250.0,742,2794481,0.25,0.1264534709594583,8677.541482999994,True,False
4015,720.0,677,2795158,0.25,0.09111776054125918,8679.548378374995,True,False
4016,810.0,790,2795948,0.25,0.13213280384250062,8681.900660499989,True,False
4017,790.0,668,2796616,0.25,0.11994297113158033,8683.881024332994,True,False
4018,1500.0,695,2797311,0.25,0.1016088197427678,8685.939295332995,True,False
4019,1410.0,797,2798108,0.25,0.10550498699769378,8688.296430749993,True,False
4020,1280.0,1262,2799370,0.25,0.10677826288673613,8692.112412040995,True,False
4021,1760.0,1010,2800380,0.25,0.11922176409026851,8695.057945749999,True,False
4022,1070.0,774,2801154,0.25,0.1022113711606962,8697.382155,True,False
4023,1600.0,757,2801911,0.25,0.11566352732873783,8699.601787458,True,False
4024,1040.0,776,2802687,0.25,0.1014159906981993,8701.897835374999,True,False
4025,1030.0,632,2803319,0.25,0.10910563538723354,8703.770059499991,True,False
4026,770.0,608,2803927,0.25,0.10737860267736803,8706.382942457989,True,False
4027,1190.0,731,2804658,0.25,0.11024361946543709,8708.561708165988,True,False
4028,1440.0,952,2805610,0.25,0.09512553587086311,8711.386609790992,True,False
4029,1250.0,864,2806474,0.25,0.10059439255511043,8713.940655540995,True,False
4030,1600.0,1081,2807555,0.25,0.1310788176746832,8717.121628290988,True,False
4031,880.0,650,2808205,0.25,0.10384132850206702,8719.054811374997,True,False
4032,1290.0,976,2809181,0.25,0.10577637085797967,8721.922619790988,True,False
4033,880.0,584,2809765,0.25,0.10886423441594185,8723.656939249995,True,False
4034,1260.0,724,2810489,0.25,0.134153435562444,8725.88951441599,True,False
4035,1360.0,916,2811405,0.25,0.10431874607685612,8728.667722582992,True,False
4036,2160.0,1094,2812499,0.25,0.124199621679582,8731.843833290986,True,False
4037,1150.0,616,2813115,0.25,0.10329946896133872,8733.672226374998,True,False
4038,990.0,706,2813821,0.25,0.11275789383693603,8735.784824082992,True,False
4039,1050.0,805,2814626,0.25,0.1033834873036069,8738.168733499988,True,False
4040,990.0,684,2815310,0.25,0.10428337786586313,8740.185508625,True,False
4041,1270.0,920,2816230,0.25,0.12729883402505,8742.90313133299,True,False
4042,1250.0,846,2817076,0.25,0.1286167973336184,8745.383569499987,True,False
4043,2200.0,921,2817997,0.25,0.09691364309224097,8748.088970665995,True,False
4044,1090.0,564,2818561,0.25,0.10693076978180002,8749.783980707987,True,False
4045,1130.0,888,2819449,0.25,0.10255546465952385,8752.390668207998,True,False
4046,1750.0,1032,2820481,0.25,0.1221133868188359,8755.42096199999,True,False
4047,1280.0,834,2821315,0.25,0.10128369279958022,8757.899598749995,True,False
4048,2430.0,802,2822117,0.25,0.08623398599488225,8760.251708540993,True,False
4049,1260.0,991,2823108,0.25,0.08221979913181596,8763.15598833299,True,False
4050,1160.0,881,2823989,0.25,0.12495685970749368,8765.739912874997,True,False
4051,1320.0,783,2824772,0.25,0.09183914938523453,8769.02735879099,True,False
4052,460.0,452,2825224,0.25,0.09341336077952807,8770.400172499998,True,False
4053,870.0,784,2826008,0.25,0.10962728777786299,8772.719845915999,True,False
4054,1040.0,631,2826639,0.25,0.12313345399726729,8774.57950066599,True,False
4055,1160.0,874,2827513,0.25,0.13242410920288192,8777.165393290998,True,False
4056,950.0,638,2828151,0.25,0.11100820552721713,8779.196235957992,True,False
4057,1680.0,714,2828865,0.25,0.11375289982673842,8781.313156332995,True,False
4058,1220.0,800,2829665,0.25,0.1264602550957352,8783.675509040986,True,False
4059,960.0,696,2830361,0.25,0.0955432111440205,8785.816935249997,True,False
4060,1060.0,738,2831099,0.25,0.10588636591969787,8788.039522583,True,False
4061,820.0,630,2831729,0.25,0.09492877826000316,8789.903587290988,True,False
4062,670.0,578,2832307,0.25,0.08075457920009892,8791.634176749998,True,False
4063,980.0,777,2833084,0.25,0.08622582183243373,8794.457493915994,True,False
4064,1630.0,728,2833812,0.25,0.09323761599895718,8797.858375540993,True,False
4065,1710.0,814,2834626,0.25,0.10720119631752886,8800.479757040986,True,False
4066,1530.0,855,2835481,0.25,0.0924141579612254,8803.408751915995,True,False
4067,1460.0,657,2836138,0.25,0.08753274243733869,8805.330616540989,True,False
4068,1050.0,630,2836768,0.25,0.09263303702626424,8807.195749708,True,False
4069,1330.0,843,2837611,0.25,0.09505437844033753,8809.894383749997,True,False
4070,680.0,580,2838191,0.25,0.09167517060092811,8811.614386415997,True,False
4071,1360.0,840,2839031,0.25,0.10424443234113001,8814.140360540987,True,False
4072,1130.0,601,2839632,0.25,0.11998704645708697,8815.954894082999,True,False
4073,1050.0,729,2840361,0.25,0.11467042465049487,8818.10464174999,True,False
4074,1500.0,577,2840938,0.25,0.10677495804460098,8819.974542290991,True,False
4075,1680.0,1030,2841968,0.25,0.1200046474330647,8823.00838179099,True,False
4076,900.0,635,2842603,0.25,0.11734651464120119,8826.076538582987,True,False
4077,940.0,795,2843398,0.25,0.10405976295321431,8828.472097249993,True,False
4078,1800.0,1019,2844417,0.25,0.09772274137711992,8831.496158165988,True,False
4079,1880.0,1027,2845444,0.25,0.09774915955902769,8834.531315540997,True,False
4080,950.0,915,2846359,0.25,0.09026606247776695,8837.238516540994,True,False
4081,1100.0,655,2847014,0.25,0.09175008444524393,8839.196802749997,True,False
4082,1660.0,876,2847890,0.25,0.10027629436423245,8841.883292040991,True,False
4083,990.0,722,2848612,0.25,0.09846352104570984,8844.436664832989,True,False
4084,1000.0,809,2849421,0.25,0.08407629265606699,8847.146711582987,True,False
4085,1040.0,584,2850005,0.25,0.11708021157561507,8848.876789749993,True,False
4086,1410.0,780,2850785,0.25,0.11530305525431266,8851.171820749994,True,False
4087,460.0,482,2851267,0.25,0.1199585954969128,8852.624081666,True,False
4088,1370.0,549,2851816,0.25,0.08876000292113294,8854.25537449999,True,False
4089,1000.0,770,2852586,0.25,0.0874833213747479,8856.564922374993,True,False
4090,1530.0,748,2853334,0.25,0.10772539827633988,8858.784504540992,True,False
4091,1110.0,678,2854012,0.25,0.0979233275003293,8860.966198082999,True,False
4092,1120.0,644,2854656,0.25,0.11184563064334556,8862.925077124994,True,False
4093,2010.0,1003,2855659,0.25,0.09407112270966173,8866.403732499995,True,False
4094,490.0,559,2856218,0.25,0.11002981886267663,8868.910720415995,True,False
4095,600.0,663,2856881,0.25,0.08574975047440055,8871.063580582995,True,False
4096,1080.0,868,2857749,0.25,0.10543130017164666,8873.600220624998,True,False
4097,1320.0,762,2858511,0.25,0.0926025861384053,8875.85568241599,True,False
4098,1170.0,808,2859319,0.25,0.1086838308924643,8878.255213749988,True,False
4099,1170.0,663,2859982,0.25,0.09123940279999052,8880.208227457988,True,False
4100,1440.0,895,2860877,0.25,0.09037269608649824,8882.858935874989,True,False
4101,1470.0,655,2861532,0.25,0.08968721854886631,8885.759020165991,True,False
4102,1090.0,633,2862165,0.25,0.10958255932348061,8888.012705999994,True,False
4103,1160.0,711,2862876,0.25,0.09092226421481438,8890.405199916,True,False
4104,1010.0,765,2863641,0.25,0.08153979101398696,8892.745365999988,True,False
4105,680.0,612,2864253,0.25,0.10858887077303105,8894.53305766599,True,False
4106,1040.0,743,2864996,0.25,0.0795670674653143,8896.744954208,True,False
4107,830.0,632,2865628,0.25,0.11190851474817418,8898.637809707987,True,False
4108,680.0,715,2866343,0.25,0.10261716850604234,8900.747919957998,True,False
4109,720.0,712,2867055,0.25,0.1421195978319712,8902.87481275,True,False
4110,990.0,706,2867761,0.25,0.11392602906430845,8904.963973291,True,False
4111,2410.0,778,2868539,0.25,0.09836674212794944,8907.250429583,True,False
4112,890.0,656,2869195,0.25,0.08940202958609272,8909.211454958,True,False
4113,1470.0,995,2870190,0.25,0.10023909506488995,8912.131290249992,True,False
4114,1010.0,770,2870960,0.25,0.10464547142154812,8914.41413520799,True,False
4115,1120.0,712,2871672,0.25,0.08475763363282332,8916.544654290992,True,False
4116,980.0,819,2872491,0.25,0.1244470304261674,8918.950284457998,True,False
4117,820.0,592,2873083,0.25,0.0948822700821266,8920.705554249987,True,False
4118,1140.0,634,2873717,0.25,0.10317960805581801,8922.579433207997,True,False
4119,730.0,629,2874346,0.25,0.0996054237364394,8924.421220165998,True,False
4120,1030.0,837,2875183,0.25,0.1309372515698369,8926.884651124987,True,False
4121,1120.0,647,2875830,0.25,0.10725770415853203,8928.807920124993,True,False
4122,1220.0,743,2876573,0.25,0.1081174331346667,8930.998645540996,True,False
4123,1380.0,880,2877453,0.25,0.11169775483960455,8933.669843915995,True,False
4124,300.0,387,2877840,0.25,0.15157132361506678,8934.818094957998,True,False
4125,1610.0,721,2878561,0.25,0.132231939656453,8936.941476415988,True,False
4126,820.0,567,2879128,0.25,0.11636643053990015,8939.777980915998,True,False
4127,940.0,792,2879920,0.25,0.12034928171208711,8942.127724249993,True,False
4128,1360.0,588,2880508,0.25,0.1306561720462478,8943.919440124999,True,False
4129,1120.0,762,2881270,0.25,0.11040287909931258,8946.187788749987,True,False
4130,1480.0,819,2882089,0.25,0.1287949462125941,8948.705528291,True,False
4131,960.0,917,2883006,0.25,0.11073734360751106,8951.432581290996,True,False
4132,640.0,537,2883543,0.25,0.10808480917406615,8953.052054790998,True,False
4133,980.0,668,2884211,0.25,0.1125851135678634,8955.00701999999,True,False
4134,920.0,624,2884835,0.25,0.11329985084012151,8956.866832457992,True,False
4135,1000.0,672,2885507,0.25,0.1095887850083056,8958.900795624999,True,False
4136,1220.0,821,2886328,0.25,0.1350210932562652,8961.343891290991,True,False
4137,1870.0,1105,2887433,0.25,0.12508855647393974,8964.619482165988,True,False
4138,950.0,635,2888068,0.25,0.11834976419150454,8966.536458290997,True,False
4139,820.0,657,2888725,0.25,0.12019305602397497,8968.464988540989,True,False
4140,850.0,686,2889411,0.25,0.10677501930697271,8971.335426833,True,False
4141,940.0,707,2890118,0.25,0.10782503927031815,8973.870979374988,True,False
4142,1160.0,648,2890766,0.25,0.12534204432395873,8975.784019249986,True,False
4143,990.0,770,2891536,0.25,0.1218227068917739,8978.379249082995,True,False
4144,630.0,486,2892022,0.25,0.11239622014551616,8980.055625249996,True,False
4145,1450.0,842,2892864,0.25,0.11286609840548434,8982.787059040988,True,False
4146,940.0,647,2893511,0.25,0.12684131115212205,8984.660990958,True,False
4147,1180.0,808,2894319,0.25,0.12396272251585333,8987.063164874999,True,False
4148,910.0,710,2895029,0.25,0.12510535517560967,8989.195301832995,True,False
4149,1060.0,738,2895767,0.25,0.13901713941975133,8991.367163541,True,False
4150,1780.0,884,2896651,0.25,0.14351744028608993,8993.990677374997,True,False
4151,1100.0,730,2897381,0.25,0.10431689173593874,8997.039502874992,True,False
4152,1010.0,798,2898179,0.25,0.10759900340426658,8999.435866749991,True,False
4153,1150.0,631,2898810,0.25,0.10272274918476992,9001.330552165993,True,False
4154,1080.0,604,2899414,0.25,0.12294865710451114,9003.112933832992,True,False
4155,880.0,531,2899945,0.25,0.1312478012720445,9004.715988040989,True,False
4156,940.0,648,2900593,0.25,0.11674521096556643,9006.651788040996,True,False
4157,1410.0,754,2901347,0.25,0.12763288215872773,9008.87939424999,True,False
4158,1120.0,700,2902047,0.25,0.11135320322854178,9010.957170665992,True,False
4159,1350.0,793,2902840,0.25,0.09886136607983005,9013.42512595799,True,False
4160,1040.0,817,2903657,0.25,0.11894297394353677,9015.89706504099,True,False
4161,1160.0,699,2904356,0.25,0.10743408610778196,9017.98068429099,True,False
4162,1610.0,1005,2905361,0.25,0.11838838987913265,9020.944319832997,True,False
4163,1230.0,884,2906245,0.25,0.13583595090760633,9023.557242749986,True,False
4164,890.0,636,2906881,0.25,0.11346348017782161,9025.431481041,True,False
4165,820.0,676,2907557,0.25,0.09117324321844875,9027.45008791599,True,False
4166,1020.0,1000,2908557,0.25,0.1153895229101181,9030.415516249996,True,False
4167,1230.0,791,2909348,0.25,0.13520606404941793,9032.76519479099,True,False
4168,1010.0,654,2910002,0.25,0.11781598575001845,9034.706118040995,True,False
4169,1570.0,674,2910676,0.25,0.12421627833160775,9036.720555458,True,False
4170,1800.0,859,2911535,0.25,0.0993856121742419,9039.278927124993,True,False
4171,840.0,699,2912234,0.25,0.1408436997554132,9041.36996391599,True,False
4172,1350.0,812,2913046,0.25,0.09933279061992767,9043.773919874991,True,False
4173,870.0,615,2913661,0.25,0.11588871710050802,9045.621867707989,True,False
4174,2040.0,942,2914603,0.25,0.11355922131779346,9048.395210874995,True,False
4175,1240.0,658,2915261,0.25,0.1348815113193158,9050.364054332997,True,False
4176,1140.0,674,2915935,0.25,0.12430944055363181,9053.212877540995,True,False
4177,1250.0,746,2916681,0.25,0.08917173213340382,9055.440658207997,True,False
4178,1000.0,724,2917405,0.25,0.10562428339636622,9057.590829915993,True,False
4179,2420.0,822,2918227,0.25,0.1050890215104673,9060.021151832989,True,False
4180,1340.0,896,2919123,0.25,0.10149423913597795,9062.672298415986,True,False
4181,1070.0,724,2919847,0.25,0.11516944185228638,9064.799785582989,True,False
4182,1140.0,766,2920613,0.25,0.09786831318827656,9067.072289165997,True,False
4183,880.0,626,2921239,0.25,0.09762217254879382,9068.947531790996,True,False
4184,1440.0,1047,2922286,0.25,0.11320873598731657,9072.035349207988,True,False
4185,1060.0,678,2922964,0.25,0.12237360085196355,9074.053591290998,True,False
4186,910.0,606,2923570,0.25,0.11039298067843875,9075.961077290995,True,False
4187,1560.0,918,2924488,0.25,0.10728506209409755,9078.668103915988,True,False
4188,1240.0,641,2925129,0.25,0.10733460757182911,9080.61158862499,True,False
4189,1410.0,685,2925814,0.25,0.07822931706578586,9082.649782707987,True,False
4190,1090.0,636,2926450,0.25,0.10543184268212169,9084.546265749988,True,False
4191,740.0,640,2927090,0.25,0.09457889652112499,9086.467145749994,True,False
4192,1510.0,864,2927954,0.25,0.13648276167266346,9089.00989958299,True,False
4193,1480.0,1036,2928990,0.25,0.08418243152222463,9092.068059915997,True,False
4194,1570.0,683,2929673,0.25,0.07980501819510906,9094.096297624987,True,False
4195,1040.0,685,2930358,0.25,0.09129751604377177,9096.12783608299,True,False
4196,4140.0,846,2931204,0.25,0.0856593280046616,9098.63948433299,True,False
4197,1620.0,710,2931914,0.25,0.10628467650905167,9100.751131665995,True,False
4198,730.0,743,2932657,0.25,0.10400709922435464,9102.959123875,True,False
4199,950.0,835,2933492,0.25,0.0888295622818778,9105.443686582992,True,False
4200,1260.0,1050,2934542,0.25,0.10401597247949539,9108.578098165992,True,False
4201,940.0,614,2935156,0.25,0.12285861677139417,9111.264096457991,True,False
4202,1090.0,658,2935814,0.25,0.10100698263793276,9113.230258915995,True,False
4203,960.0,812,2936626,0.25,0.1207850789238373,9115.681005665989,True,False
4204,1170.0,871,2937497,0.25,0.09831725812833243,9118.27084420799,True,False
4205,1140.0,662,2938159,0.25,0.0834687457956148,9120.252608124996,True,False
4206,770.0,579,2938738,0.25,0.09920420541331686,9122.027124957996,True,False
4207,1070.0,687,2939425,0.25,0.11999179885267865,9124.088361957998,True,False
4208,1250.0,744,2940169,0.25,0.07047358916331363,9126.312482999987,True,False
4209,1460.0,853,2941022,0.25,0.10536060925625579,9128.854233749997,True,False
4210,1310.0,1118,2942140,0.25,0.12166401305502014,9132.175210749992,True,False
4211,810.0,690,2942830,0.25,0.08077497105655629,9134.253252665992,True,False
4212,1130.0,759,2943589,0.25,0.10389480885902518,9136.517388041,True,False
4213,930.0,758,2944347,0.25,0.10832275871542238,9138.765039207996,True,False
4214,1380.0,865,2945212,0.25,0.0986994572438746,9141.421143499989,True,False
4215,1640.0,787,2945999,0.25,0.10322512674848644,9143.738854457988,True,False
4216,1200.0,769,2946768,0.25,0.1163218916427595,9146.01192333299,True,False
4217,1030.0,792,2947560,0.25,0.11709634629501538,9148.493579332993,True,False
4218,1020.0,659,2948219,0.25,0.10598143697829872,9150.764420124993,True,False
4219,1280.0,838,2949057,0.25,0.09709012589993932,9153.54695345799,True,False
4220,1160.0,939,2949996,0.25,0.12172435362763862,9156.294289957994,True,False
4221,930.0,647,2950643,0.25,0.08053994080433564,9158.222375790996,True,False
4222,1030.0,906,2951549,0.25,0.09586863191018809,9160.936754625,True,False
4223,1040.0,779,2952328,0.25,0.08251426957356624,9163.244300999999,True,False
4224,860.0,703,2953031,0.25,0.09951438847929239,9165.343036124992,True,False
4225,520.0,467,2953498,0.25,0.11420005255848424,9166.75043395799,True,False
4226,1610.0,832,2954330,0.25,0.08929362650423382,9170.04521004099,True,False
4227,1260.0,850,2955180,0.25,0.09661054826328452,9172.612439082994,True,False
4228,810.0,888,2956068,0.25,0.08334016259591859,9175.230908790996,True,False
4229,1570.0,673,2956741,0.25,0.09621614457241126,9177.220567290991,True,False
4230,870.0,565,2957306,0.25,0.12307474531021946,9178.914565499988,True,False
4231,800.0,684,2957990,0.25,0.07359401377364558,9180.948408415992,True,False
4232,1140.0,840,2958830,0.25,0.11738428591440121,9183.423699915991,True,False
4233,1300.0,860,2959690,0.25,0.09142953676799702,9185.967600958,True,False
4234,1660.0,1026,2960716,0.25,0.07854454969835073,9188.981638165991,True,False
4235,1280.0,820,2961536,0.25,0.08857177772173068,9191.420422582989,True,False
4236,1020.0,765,2962301,0.25,0.09239705550577004,9193.683596541,True,False
4237,970.0,623,2962924,0.25,0.0726434539239376,9195.537695166,True,False
4238,1320.0,946,2963870,0.25,0.09398135970646547,9198.777554832996,True,False
4239,980.0,523,2964393,0.25,0.11591011456405843,9200.566946915991,True,False
4240,710.0,577,2964970,0.25,0.13062504849707088,9202.350828040988,True,False
4241,1080.0,676,2965646,0.25,0.10627404559602047,9204.432276082996,True,False
4242,980.0,870,2966516,0.25,0.08992084847130907,9207.047180707988,True,False
4243,990.0,722,2967238,0.25,0.1137190968522595,9209.208826290997,True,False
4244,830.0,667,2967905,0.25,0.11764559971202097,9211.168464207993,True,False
4245,870.0,574,2968479,0.25,0.11924539339709116,9212.891442165987,True,False
4246,1000.0,700,2969179,0.25,0.11821016432983535,9214.979740957991,True,False
4247,850.0,687,2969866,0.25,0.1056944319740111,9217.018828249988,True,False
4248,1130.0,648,2970514,0.25,0.0989575287051223,9218.95327795799,True,False
4249,970.0,617,2971131,0.25,0.11848374942390176,9220.819415582999,True,False
4250,1090.0,624,2971755,0.25,0.09348047869757582,9222.751318874987,True,False
4251,1150.0,863,2972618,0.25,0.10115628721433934,9226.361818499994,True,False
4252,1100.0,842,2973460,0.25,0.12675432655165828,9228.916406416,True,False
4253,1130.0,940,2974400,0.25,0.11572835133906374,9231.711481749997,True,False
4254,1330.0,617,2975017,0.25,0.09514728795688648,9233.527749874993,True,False
4255,1110.0,709,2975726,0.25,0.09688894250719561,9235.673351833,True,False
4256,950.0,643,2976369,0.25,0.09165398892223464,9237.593292457997,True,False
4257,1300.0,805,2977174,0.25,0.10080998361258958,9239.96350795799,True,False
4258,1260.0,555,2977729,0.25,0.08888976048115346,9241.629923916,True,False
4259,2060.0,986,2978715,0.25,0.10493985705865108,9244.512812665998,True,False
4260,1200.0,685,2979400,0.25,0.06819183214805848,9246.544563749994,True,False
4261,900.0,616,2980016,0.25,0.08121427419510754,9248.376115332998,True,False
4262,1590.0,816,2980832,0.25,0.11475130538547448,9250.977822999994,True,False
4263,800.0,625,2981457,0.25,0.09478934186821182,9252.872856040995,True,False
4264,1180.0,768,2982225,0.25,0.0935398366030616,9255.162041415999,True,False
4265,1060.0,643,2982868,0.25,0.11442144433765308,9257.140181540992,True,False
4266,1490.0,898,2983766,0.25,0.09559815194058631,9259.863303540988,True,False
4267,1190.0,680,2984446,0.25,0.08424300359671606,9261.91658762499,True,False
4268,990.0,696,2985142,0.25,0.10099415178143087,9264.000068249996,True,False
4269,1750.0,899,2986041,0.25,0.09474048977924718,9268.024612333,True,False
4270,1400.0,827,2986868,0.25,0.1190897496552139,9271.293030290995,True,False
4271,1310.0,841,2987709,0.25,0.11909009431089673,9274.480577540991,True,False
4272,1020.0,772,2988481,0.25,0.08965478684521555,9276.842066415993,True,False
4273,1150.0,602,2989083,0.25,0.11241593540956576,9278.644047249996,True,False
4274,1240.0,929,2990012,0.25,0.11609368342426586,9281.43655837499,True,False
4275,880.0,769,2990781,0.25,0.10819913851446472,9283.74314737499,True,False
4276,1720.0,774,2991555,0.25,0.09788679112463108,9286.993465249994,True,False
4277,580.0,602,2992157,0.25,0.11067405377594841,9288.849278290989,True,False
4278,1110.0,864,2993021,0.25,0.09247893904749718,9291.438409582988,True,False
4279,1000.0,749,2993770,0.25,0.09834956156617818,9293.67998175,True,False
4280,1800.0,937,2994707,0.25,0.08693692262451617,9296.484843082988,True,False
4281,1080.0,753,2995460,0.25,0.07691430161514926,9298.760551707994,True,False
4282,950.0,837,2996297,0.25,0.08913983750428879,9301.257710582999,True,False
4283,890.0,695,2996992,0.25,0.0929107256929508,9303.63814825,True,False
4284,1370.0,757,2997749,0.25,0.11749244134419809,9306.240357624993,True,False
4285,2710.0,781,2998530,0.25,0.09684103367229303,9308.73385962499,True,False
4286,1360.0,732,2999262,0.25,0.11996647580195971,9310.899686249992,True,False
4287,1170.0,860,3000122,0.25,0.08767347506052534,9313.55180758299,True,False
4288,360.0,370,3000492,0.25,0.10784507933403215,9314.702784165987,True,False
4289,1570.0,698,3001190,0.25,0.09484133773601089,9316.771692915994,True,False
4290,1220.0,1121,3002311,0.25,0.10676465050450393,9320.118176874996,True,False
4291,1160.0,789,3003100,0.25,0.11486915073291672,9322.483023915993,True,False
4292,1090.0,575,3003675,0.25,0.09860021110389616,9324.21446158299,True,False
4293,820.0,744,3004419,0.25,0.08510576172541547,9326.46816908299,True,False
4294,1040.0,651,3005070,0.25,0.09620553253938449,9329.700838707999,True,False
4295,1060.0,661,3005731,0.25,0.0778854644321131,9332.25361154099,True,False
4296,1200.0,990,3006721,0.25,0.10157142392164396,9335.607797874996,True,False
4297,1220.0,892,3007613,0.25,0.10595134047649367,9338.304482082996,True,False
4298,980.0,599,3008212,0.25,0.08621669942513108,9340.100089290994,True,False
4299,380.0,379,3008591,0.25,0.07409918702583998,9341.265379958,True,False
4300,1660.0,795,3009386,0.25,0.09925212134518216,9343.65825275,True,False
4301,860.0,628,3010014,0.25,0.09550997570963801,9346.52268512499,True,False
4302,1200.0,698,3010712,0.25,0.09478948777275426,9348.700072874999,True,False
4303,1370.0,850,3011562,0.25,0.10379060379774221,9351.237394249998,True,False
4304,1000.0,671,3012233,0.25,0.09504954014084346,9353.252701957987,True,False
4305,640.0,521,3012754,0.25,0.12061436459995233,9354.828775290996,True,False
4306,660.0,699,3013453,0.25,0.10496081933379173,9356.936557249996,True,False
4307,1380.0,724,3014177,0.25,0.11133090991176953,9359.09697408299,True,False
4308,1170.0,731,3014908,0.25,0.08564480769707532,9361.295366124992,True,False
4309,1210.0,756,3015664,0.25,0.11391049246032717,9363.565537749993,True,False
4310,1590.0,665,3016329,0.25,0.0844968448067645,9365.557690957998,True,False
4311,1110.0,798,3017127,0.25,0.12233751668739858,9367.92723945799,True,False
4312,830.0,616,3017743,0.25,0.10577156540466012,9369.768944790994,True,False
4313,1180.0,746,3018489,0.25,0.11602421202522548,9371.997538207987,True,False
4314,1350.0,919,3019408,0.25,0.09679388870768572,9374.723341999998,True,False
4315,760.0,683,3020091,0.25,0.09766389782376149,9376.760943582995,True,False
4316,730.0,505,3020596,0.25,0.11695613578607247,9378.297019082995,True,False
4317,1120.0,810,3021406,0.25,0.0905734160822807,9380.719112915991,True,False
4318,2130.0,975,3022381,0.25,0.10121851428182888,9383.619281374995,True,False
4319,1170.0,852,3023233,0.25,0.12315902564272355,9386.172206415999,True,False
4320,2050.0,1003,3024236,0.25,0.10264785422301625,9390.105299124989,True,False
4321,740.0,600,3024836,0.25,0.10258024354775747,9392.325324124991,True,False
4322,1660.0,728,3025564,0.25,0.08743284091578571,9394.482252749993,True,False
4323,1520.0,1187,3026751,0.25,0.10781431879621704,9398.108967749999,True,False
4324,410.0,471,3027222,0.25,0.1060927780187231,9399.539398999987,True,False
4325,990.0,896,3028118,0.25,0.11320303766322988,9402.18290824999,True,False
4326,1020.0,599,3028717,0.25,0.11106069017201663,9405.093954665994,True,False
4327,1400.0,1017,3029734,0.25,0.089388960019106,9408.156951082987,True,False
4328,820.0,657,3030391,0.25,0.09707283763578389,9410.136364457998,True,False
4329,920.0,739,3031130,0.25,0.11382013465705755,9412.342745707996,True,False
4330,1280.0,721,3031851,0.25,0.1352680264144308,9414.661956332988,True,False
4331,1360.0,770,3032621,0.25,0.10298194462153579,9417.029713957992,True,False
4332,1210.0,804,3033425,0.25,0.10175174606306042,9419.41166004099,True,False
4333,1120.0,887,3034312,0.25,0.10210837985951084,9422.110904540998,True,False
4334,1150.0,741,3035053,0.25,0.08661183669559054,9424.480144916,True,False
4335,2340.0,960,3036013,0.25,0.1082722844944025,9427.347320791,True,False
4336,1230.0,760,3036773,0.25,0.1032508145429586,9429.653503624999,True,False
4337,860.0,710,3037483,0.25,0.10243206369127594,9431.795512749988,True,False
4338,830.0,724,3038207,0.25,0.11926375446810249,9433.985396707998,True,False
4339,840.0,594,3038801,0.25,0.08160432135598772,9435.785214499992,True,False
4340,1780.0,737,3039538,0.25,0.12317235793149017,9437.985866374991,True,False
4341,3590.0,1056,3040594,0.25,0.09392243151016759,9441.140671665999,True,False
4342,960.0,586,3041180,0.25,0.09689775426067462,9442.91889141599,True,False
4343,1210.0,963,3042143,0.25,0.086924048672275,9445.800739040991,True,False
4344,1230.0,718,3042861,0.25,0.08134277090947661,9447.965997540989,True,False
4345,1640.0,864,3043725,0.25,0.11691535892896354,9451.721692415987,True,False
4346,1270.0,817,3044542,0.25,0.09903838172299313,9454.332248040999,True,False
4347,1180.0,901,3045443,0.25,0.10435951930781205,9457.454098666,True,False
4348,860.0,836,3046279,0.25,0.09453399109533814,9460.214477457994,True,False
4349,2160.0,1083,3047362,0.25,0.09615860928908486,9463.457602249997,True,False
4350,1210.0,710,3048072,0.25,0.09216358985626295,9465.64098979099,True,False
4351,1180.0,788,3048860,0.25,0.09386120807511855,9469.082617915992,True,False
4352,830.0,699,3049559,0.25,0.1217326180923773,9471.206194915998,True,False
4353,1020.0,767,3050326,0.25,0.08572676052184154,9473.546611915997,True,False
4354,1550.0,637,3050963,0.25,0.08209028036433196,9475.498785665986,True,False
4355,1280.0,746,3051709,0.25,0.1173344234173948,9477.741344040987,True,False
4356,2020.0,1093,3052802,0.25,0.10071043497558697,9481.081102832992,True,False
4357,1010.0,967,3053769,0.25,0.10028106008063663,9483.984755665995,True,False
4358,1040.0,683,3054452,0.25,0.09986977869568513,9486.034210999991,True,False
4359,1170.0,909,3055361,0.25,0.11208066624478491,9488.777330790996,True,False
4360,1420.0,957,3056318,0.25,0.09182963497687334,9491.640859915991,True,False
4361,1040.0,706,3057024,0.25,0.10022466077264082,9493.780963665995,True,False
4362,1000.0,700,3057724,0.25,0.09980692278061594,9495.890599291,True,False
4363,2570.0,909,3058633,0.25,0.10795177388443952,9498.61142624999,True,False
4364,1420.0,896,3059529,0.25,0.09211508151825651,9501.296012124993,True,False
4365,1630.0,695,3060224,0.25,0.0804113280456299,9503.696793957992,True,False
4366,960.0,675,3060899,0.25,0.11019260074854606,9506.028946457998,True,False
4367,970.0,739,3061638,0.25,0.10100329913500998,9508.377513915999,True,False
4368,1900.0,1165,3062803,0.25,0.11169893026377532,9511.857183540997,True,False
4369,1160.0,762,3063565,0.25,0.09699825696764192,9514.16424649999,True,False
4370,1090.0,748,3064313,0.25,0.09546692790911797,9516.405397582988,True,False
4371,1000.0,787,3065100,0.25,0.10600886782300352,9518.752127374988,True,False
4372,1220.0,832,3065932,0.25,0.10424597138682237,9522.675969999997,True,False
4373,1010.0,732,3066664,0.25,0.08329261487217549,9525.600167375,True,False
4374,1570.0,745,3067409,0.25,0.09130431578484594,9528.358424332997,True,False
4375,1990.0,862,3068271,0.25,0.10107676124330177,9530.893264290993,True,False
4376,1280.0,628,3068899,0.25,0.11370190302989665,9533.668141957998,True,False
4377,1100.0,663,3069562,0.25,0.09626870799854577,9535.668684999997,True,False
4378,1240.0,884,3070446,0.25,0.09403537893962806,9538.320688832988,True,False
4379,920.0,703,3071149,0.25,0.12094148332041434,9540.445168749997,True,False
4380,1720.0,729,3071878,0.25,0.09259304489203535,9542.633605540992,True,False
4381,1020.0,910,3072788,0.25,0.10437138928427246,9545.337429332998,True,False
4382,1050.0,657,3073445,0.25,0.08066133075825326,9547.293001415994,True,False
4383,1280.0,1070,3074515,0.25,0.09442427921133319,9550.48156541599,True,False
4384,1180.0,681,3075196,0.25,0.1015227646049526,9552.534699790995,True,False
4385,510.0,488,3075684,0.25,0.093187250334342,9554.009203208,True,False
4386,840.0,589,3076273,0.25,0.09397141354120507,9555.78536712499,True,False
4387,1410.0,778,3077051,0.25,0.10673505460517001,9558.121146207995,True,False
4388,1370.0,881,3077932,0.25,0.0863471832126379,9560.754890665994,True,False
4389,2670.0,1012,3078944,0.25,0.10086181848917318,9563.77489237499,True,False
4390,810.0,695,3079639,0.25,0.09479596283868214,9565.874182915999,True,False
4391,1500.0,658,3080297,0.25,0.10569896158395392,9567.880203207998,True,False
4392,690.0,611,3080908,0.25,0.09767944499655487,9569.69779937499,True,False
4393,1680.0,979,3081887,0.25,0.10302512893896,9572.62226325,True,False
4394,920.0,700,3082587,0.25,0.09103711452867304,9574.728610582999,True,False
4395,1620.0,807,3083394,0.25,0.08644143462476164,9577.148727290987,True,False
4396,1130.0,676,3084070,0.25,0.12471667322820637,9579.421013415995,True,False
4397,1040.0,595,3084665,0.25,0.08896186582794126,9581.266850332991,True,False
4398,1080.0,563,3085228,0.25,0.132376085570518,9584.080929582997,True,False
4399,1550.0,675,3085903,0.25,0.12468740763142705,9586.318414874986,True,False
4400,1220.0,845,3086748,0.25,0.08559633939052527,9588.982105999996,True,False
4401,1070.0,659,3087407,0.25,0.10044928753703106,9592.043434124993,True,False
4402,2420.0,702,3088109,0.25,0.09302166234490207,9594.154640249995,True,False
4403,1420.0,741,3088850,0.25,0.10554100298196883,9596.397972415987,True,False
4404,1820.0,1033,3089883,0.25,0.10481901518105305,9599.449317332997,True,False
4405,1390.0,813,3090696,0.25,0.09802581662969555,9601.915293957994,True,False
4406,990.0,794,3091490,0.25,0.10643594641464227,9604.260417624988,True,False
4407,880.0,646,3092136,0.25,0.08291144564425872,9606.193173290987,True,False
4408,2840.0,921,3093057,0.25,0.11301739607816157,9608.926623166,True,False
4409,1560.0,770,3093827,0.25,0.0918421856185887,9611.220795540998,True,False
4410,1130.0,650,3094477,0.25,0.11877415426349713,9613.25436654099,True,False
4411,1220.0,711,3095188,0.25,0.08028595469724596,9615.370218540993,True,False
4412,1590.0,707,3095895,0.25,0.08934059811078689,9617.470131208,True,False
4413,1430.0,1010,3096905,0.25,0.10573673126814158,9620.494210290999,True,False
4414,1240.0,806,3097711,0.25,0.11033396640634952,9622.873428249994,True,False
4415,990.0,617,3098328,0.25,0.08327510827972043,9624.735989249995,True,False
4416,1130.0,834,3099162,0.25,0.10383152599052455,9627.240737540997,True,False
4417,1570.0,748,3099910,0.25,0.08889532146009213,9629.853877540998,True,False
4418,1590.0,678,3100588,0.25,0.10307307648746407,9632.215213541,True,False
4419,1180.0,898,3101486,0.25,0.11696228739206813,9634.965248415989,True,False
4420,1200.0,681,3102167,0.25,0.1000380926491583,9636.986841040998,True,False
4421,510.0,455,3102622,0.25,0.10316604117683151,9638.393614957997,True,False
4422,990.0,773,3103395,0.25,0.1198107152887731,9640.70386524999,True,False
4423,1580.0,797,3104192,0.25,0.11924054936505854,9644.131930374991,True,False
4424,1570.0,1013,3105205,0.25,0.10608818708907945,9647.337660749996,True,False
4425,1200.0,670,3105875,0.25,0.10930373293241698,9649.339062582992,True,False
4426,1350.0,840,3106715,0.25,0.10135293247266894,9652.972584332994,True,False
4427,830.0,566,3107281,0.25,0.1241847895164515,9654.694471582989,True,False
4428,810.0,632,3107913,0.25,0.09988385697095832,9656.655346707994,True,False
4429,1590.0,759,3108672,0.25,0.1153172398770326,9658.918067290986,True,False
4430,790.0,646,3109318,0.25,0.12448270724195501,9660.87475945799,True,False
4431,930.0,653,3109971,0.25,0.09165917115251711,9662.843680332997,True,False
4432,1110.0,706,3110677,0.25,0.11566442520604969,9664.964179457995,True,False
4433,1100.0,672,3111349,0.25,0.10135510897574325,9666.991047624993,True,False
4434,1460.0,958,3112307,0.25,0.10300705328614891,9669.868398290986,True,False
4435,1380.0,712,3113019,0.25,0.12176426065813624,9671.988753290992,True,False
4436,2160.0,1157,3114176,0.25,0.10555618795855291,9675.45182570799,True,False
4437,1750.0,733,3114909,0.25,0.10659444055270628,9677.672388499996,True,False
4438,1510.0,861,3115770,0.25,0.09541060005336306,9680.249490457994,True,False
4439,870.0,699,3116469,0.25,0.10795713114951339,9682.359076749999,True,False
4440,1570.0,863,3117332,0.25,0.07626593486336922,9684.945996790993,True,False
4441,650.0,564,3117896,0.25,0.10925161071016011,9686.651580249993,True,False
4442,1420.0,1052,3118948,0.25,0.10791763596010072,9689.78679554099,True,False
4443,1720.0,1201,3120149,0.25,0.10851626219848792,9693.362976040997,True,False
4444,1500.0,865,3121014,0.25,0.09648895505988211,9695.950507249989,True,False
4445,1440.0,992,3122006,0.25,0.09599112351274779,9698.910742582986,True,False
4446,1680.0,863,3122869,0.25,0.11330787699531626,9701.51103858299,True,False
4447,970.0,692,3123561,0.25,0.09155651120565875,9703.62798895799,True,False
4448,1180.0,775,3124336,0.25,0.11715616224352847,9705.947597332997,True,False
4449,1820.0,784,3125120,0.25,0.10586951028707685,9708.33690429099,True,False
4450,1300.0,840,3125960,0.25,0.10566196054929779,9710.833690582993,True,False
4451,1270.0,1035,3126995,0.25,0.10552267408965862,9716.058219165992,True,False
4452,1390.0,917,3127912,0.25,0.09811571092223344,9719.059838124987,True,False
4453,840.0,660,3128572,0.25,0.11280360483761989,9721.034935457996,True,False
4454,330.0,476,3129048,0.25,0.1054212824292794,9722.482193040996,True,False
4455,1010.0,685,3129733,0.25,0.10407240897939916,9724.552052415995,True,False
4456,1290.0,612,3130345,0.25,0.07993656527129264,9726.409249915989,True,False
4457,1160.0,689,3131034,0.25,0.10968154183653898,9728.476237165989,True,False
4458,1030.0,617,3131651,0.25,0.09635107023278613,9730.341326665992,True,False
4459,980.0,561,3132212,0.25,0.09341624797922922,9732.060228957998,True,False
4460,930.0,596,3132808,0.25,0.11655307043618804,9733.862757040988,True,False
4461,1370.0,872,3133680,0.25,0.09312302770451941,9736.475863540996,True,False
4462,1190.0,714,3134394,0.25,0.09010935478498426,9738.607052707986,True,False
4463,1090.0,874,3135268,0.25,0.1140969690428749,9741.235325707996,True,False
4464,1320.0,892,3136160,0.25,0.11498559657233713,9743.90926,True,False
4465,1060.0,847,3137007,0.25,0.10254337196348685,9746.444084332994,True,False
4466,1660.0,1024,3138031,0.25,0.1260197429000982,9749.512092833,True,False
4467,1150.0,831,3138862,0.25,0.10393521315059982,9752.011204374998,True,False
4468,880.0,652,3139514,0.25,0.09357010774268694,9753.991373249999,True,False
4469,1600.0,829,3140343,0.25,0.10568045789672845,9756.492282874999,True,False
4470,980.0,660,3141003,0.25,0.09544137303124775,9758.482686832998,True,False
4471,840.0,582,3141585,0.25,0.11106554874257274,9760.374408082993,True,False
4472,3390.0,978,3142563,0.25,0.09826701248186778,9763.775019040986,True,False
4473,1210.0,825,3143388,0.25,0.10224718667098866,9766.403711374995,True,False
4474,1700.0,772,3144160,0.25,0.11400119736404617,9768.691675582988,True,False
4475,1390.0,646,3144806,0.25,0.11775049514004163,9770.656014707987,True,False
4476,1120.0,829,3145635,0.25,0.09814523373716984,9774.056645249992,True,False
4477,420.0,438,3146073,0.25,0.09337488206272776,9775.430501540992,True,False
4478,1540.0,652,3146725,0.25,0.10664649120320571,9777.408319124996,True,False
4479,1650.0,760,3147485,0.25,0.08845514966861198,9779.78411524999,True,False
4480,1640.0,1053,3148538,0.25,0.11101671656728244,9782.90459091599,True,False
4481,1970.0,1136,3149674,0.25,0.09556324772117003,9786.266283540986,True,False
4482,670.0,589,3150263,0.25,0.09054577686399425,9788.029147374997,True,False
4483,1650.0,911,3151174,0.25,0.10042736179342396,9790.746866207992,True,False
4484,1470.0,794,3151968,0.25,0.10380281084895733,9793.160722707995,True,False
4485,1120.0,715,3152683,0.25,0.09836090396922291,9795.303035040997,True,False
4486,1170.0,826,3153509,0.25,0.13159567110492412,9797.763311290997,True,False
4487,1030.0,766,3154275,0.25,0.10343095028275595,9800.028649332991,True,False
4488,1290.0,1008,3155283,0.25,0.09932068130001426,9803.057798790993,True,False
4489,950.0,698,3155981,0.25,0.12456570811569691,9805.154854124994,True,False
4490,910.0,599,3156580,0.25,0.10430528528988361,9806.950557165997,True,False
4491,1240.0,896,3157476,0.25,0.10083172896078654,9810.002637499987,True,False
4492,840.0,636,3158112,0.25,0.12034175584807336,9812.179299249998,True,False
4493,470.0,493,3158605,0.25,0.10604095731566592,9813.79453783299,True,False
4494,1660.0,869,3159474,0.25,0.12385467023584425,9816.34367370799,True,False
4495,910.0,709,3160183,0.25,0.10402796102824521,9818.502103874998,True,False
4496,1050.0,656,3160839,0.25,0.1331225003274839,9820.492569374997,True,False
4497,900.0,524,3161363,0.25,0.12429158696691499,9822.063575124994,True,False
4498,1500.0,662,3162025,0.25,0.10738879956125495,9824.048804082995,True,False
4499,1530.0,917,3162942,0.25,0.10799436196359484,9827.027711749994,True,False
4500,740.0,585,3163527,0.25,0.10516124145982608,9828.77203870799,True,False
4501,1730.0,774,3164301,0.25,0.13206036259256995,9832.017758415997,True,False
4502,1090.0,682,3164983,0.25,0.09777338643941809,9834.107428332994,True,False
4503,1230.0,779,3165762,0.25,0.10418012257760915,9836.505894957998,True,False
4504,930.0,655,3166417,0.25,0.09846679800439899,9838.486508290996,True,False
4505,1140.0,799,3167216,0.25,0.10802776783704758,9840.944161915992,True,False
4506,990.0,790,3168006,0.25,0.10567298475747483,9845.307692666,True,False
4507,1290.0,878,3168884,0.25,0.11585523388771848,9848.787652915998,True,False
4508,830.0,707,3169591,0.25,0.1047267062928189,9851.005302124991,True,False
4509,1080.0,763,3170354,0.25,0.10330430000864399,9853.309601832996,True,False
4510,1800.0,890,3171244,0.25,0.11871844647878221,9856.117050540997,True,False
4511,1360.0,1043,3172287,0.25,0.1134621761739254,9859.266662874987,True,False
4512,1490.0,704,3172991,0.25,0.13261470299171793,9861.459020374998,True,False
4513,2620.0,909,3173900,0.25,0.11989438135111541,9864.194523374987,True,False
4514,1060.0,619,3174519,0.25,0.13463056830132936,9866.079272124989,True,False
4515,2430.0,1039,3175558,0.25,0.11775660722588117,9869.219651707986,True,False
4516,1300.0,827,3176385,0.25,0.116976381212041,9871.719133207996,True,False
4517,1190.0,741,3177126,0.25,0.1197615323386885,9873.950832082992,True,False
4518,1070.0,792,3177918,0.25,0.11422701162107364,9876.346179916,True,False
4519,1320.0,919,3178837,0.25,0.10298632114882703,9879.104060499987,True,False
4520,1300.0,720,3179557,0.25,0.09478231958217091,9881.287642207986,True,False
4521,230.0,301,3179858,0.25,0.07702725450197856,9882.227195,True,False
4522,960.0,753,3180611,0.25,0.12242385781706965,9884.482731249998,True,False
4523,1710.0,822,3181433,0.25,0.0952174562454513,9886.979075457988,True,False
4524,1340.0,806,3182239,0.25,0.0957885132778195,9889.40497599999,True,False
4525,1170.0,738,3182977,0.25,0.09712946701895546,9891.629932749987,True,False
4526,1400.0,674,3183651,0.25,0.0891672368715739,9894.65677341599,True,False
4527,1090.0,672,3184323,0.25,0.08509090801124417,9896.694684540998,True,False
4528,1250.0,862,3185185,0.25,0.10822948416763986,9899.298717957994,True,False
4529,990.0,633,3185818,0.25,0.08525727053844853,9901.200835749987,True,False
4530,1590.0,894,3186712,0.25,0.10812784255748349,9905.397881124998,True,False
4531,1750.0,897,3187609,0.25,0.10532781957382602,9908.517839582986,True,False
4532,790.0,849,3188458,0.25,0.12483496009811478,9911.396043332992,True,False
4533,1180.0,791,3189249,0.25,0.10691404687899231,9913.755292624992,True,False
4534,940.0,616,3189865,0.25,0.09499018849780808,9915.61366116599,True,False
4535,740.0,665,3190530,0.25,0.11056661801076079,9917.648647332986,True,False
4536,1010.0,675,3191205,0.25,0.1156908578553496,9919.699715957991,True,False
4537,950.0,648,3191853,0.25,0.08667489545948712,9921.675819665994,True,False
4538,1010.0,687,3192540,0.25,0.08704315173591293,9923.778542457992,True,False
4539,1510.0,716,3193256,0.25,0.11043515759806394,9925.90935958299,True,False
4540,1320.0,887,3194143,0.25,0.0875352359254638,9928.557329207993,True,False
4541,1260.0,1098,3195241,0.25,0.09862801650031046,9931.848650332991,True,False
4542,1520.0,807,3196048,0.25,0.09737183283645623,9934.281869207989,True,False
4543,1080.0,716,3196764,0.25,0.11070573420456335,9936.430347040994,True,False
4544,830.0,652,3197416,0.25,0.11188192823273273,9938.393328499995,True,False
4545,1580.0,702,3198118,0.25,0.08197635241917202,9940.503206790992,True,False
4546,1380.0,938,3199056,0.25,0.10410203260785722,9943.304229290996,True,False
4547,1160.0,880,3199936,0.25,0.10998147518628022,9945.933352332999,True,False
4548,720.0,662,3200598,0.25,0.12135074184925267,9947.922768207995,True,False
4549,1220.0,742,3201340,0.25,0.11079232357642664,9950.151492374993,True,False
4550,1020.0,642,3201982,0.25,0.11717636297689751,9952.077342665987,True,False
4551,1450.0,896,3202878,0.25,0.11303753048248057,9956.108226082986,True,False
4552,1360.0,897,3203775,0.25,0.10430090997501143,9959.086567999999,True,False
4553,1000.0,659,3204434,0.25,0.11129986734101266,9961.042249457998,True,False
4554,850.0,684,3205118,0.25,0.1076828303218585,9963.137031374994,True,False
4555,1120.0,682,3205800,0.25,0.10356273358328301,9966.490848957998,True,False
4556,1300.0,741,3206541,0.25,0.11211385816537045,9968.87691654099,True,False
4557,880.0,706,3207247,0.25,0.08850627624831925,9970.976491165988,True,False
4558,900.0,632,3207879,0.25,0.1360534874109339,9973.008442583,True,False
4559,870.0,664,3208543,0.25,0.08513910115797477,9975.022062958,True,False
4560,1220.0,791,3209334,0.25,0.11451933423828597,9977.396220582988,True,False
4561,820.0,685,3210019,0.25,0.11263778245849916,9979.47131429099,True,False
4562,1180.0,585,3210604,0.25,0.07824679049758279,9981.251031499996,True,False
4563,1740.0,946,3211550,0.25,0.10414672744760321,9984.297055790987,True,False
4564,760.0,723,3212273,0.25,0.11530607678407793,9986.533396582992,True,False
4565,990.0,650,3212923,0.25,0.09303121718313591,9988.553955457988,True,False
4566,1010.0,588,3213511,0.25,0.0832260516630549,9990.336519332996,True,False
4567,1050.0,744,3214255,0.25,0.09227242112980895,9992.659833665995,True,False
4568,1340.0,840,3215095,0.25,0.1027205342870383,9995.238443790993,True,False
4569,1480.0,874,3215969,0.25,0.1052229181527411,9997.893946207987,True,False
4570,1470.0,820,3216789,0.25,0.09530944217723317,10000.372924832991,True,False
4571,1690.0,859,3217648,0.25,0.09570491129402504,10002.96109379099,True,False
4572,1100.0,820,3218468,0.25,0.08842576969324088,10005.428658790988,True,False
4573,930.0,768,3219236,0.25,0.08892712910892442,10007.751274540991,True,False
4574,1270.0,714,3219950,0.25,0.08330715112806705,10009.89746495799,True,False
4575,1030.0,564,3220514,0.25,0.10821907337200135,10011.808612832989,True,False
4576,1510.0,793,3221307,0.25,0.10082014852363352,10015.08948312499,True,False
4577,1210.0,749,3222056,0.25,0.09719737641949286,10017.383073499994,True,False
4578,1360.0,1000,3223056,0.25,0.09682396764308214,10020.45018729099,True,False
4579,790.0,607,3223663,0.25,0.07956839803088185,10022.288751290995,True,False
4580,1010.0,821,3224484,0.25,0.09409956298587681,10025.569894249988,True,False
4581,1330.0,862,3225346,0.25,0.1123045364524736,10028.563011832986,True,False
4582,1050.0,629,3225975,0.25,0.08436058206590498,10030.451702415987,True,False
4583,1160.0,834,3226809,0.25,0.09717056891350655,10032.987454791,True,False
4584,1570.0,780,3227589,0.25,0.0993028239848522,10035.341356749996,True,False
4585,790.0,632,3228221,0.25,0.10370542901815681,10037.377578915999,True,False
4586,790.0,729,3228950,0.25,0.09957760941892208,10039.595409582995,True,False
4587,1160.0,630,3229580,0.25,0.0679125906722738,10041.518298374998,True,False
4588,1930.0,903,3230483,0.25,0.10913599686490165,10044.181883540994,True,False
4589,950.0,530,3231013,0.25,0.10244029754758778,10045.819258082993,True,False
4590,1140.0,733,3231746,0.25,0.12266542381846188,10048.02650829099,True,False
4591,340.0,422,3232168,0.25,0.07870595389098492,10049.314436749992,True,False
4592,1180.0,954,3233122,0.25,0.10280026090840082,10052.161557374988,True,False
4593,1030.0,727,3233849,0.25,0.08454715100291012,10054.339319540988,True,False
4594,1640.0,1012,3234861,0.25,0.09769349719725343,10057.595705124986,True,False
4595,860.0,604,3235465,0.25,0.13079701005080283,10059.397980249996,True,False
4596,970.0,595,3236060,0.25,0.100680113863825,10061.158179749997,True,False
4597,1060.0,714,3236774,0.25,0.08893864669868451,10063.343563957998,True,False
4598,1060.0,751,3237525,0.25,0.08406387181318503,10065.629681082995,True,False
4599,910.0,560,3238085,0.25,0.09862544930406979,10067.707676832986,True,False
4600,1250.0,1075,3239160,0.25,0.11799874379676957,10071.372223290993,True,False
4601,1340.0,774,3239934,0.25,0.12008817761248566,10075.072264165996,True,False
4602,1480.0,1020,3240954,0.25,0.08122495209031245,10078.431670832986,True,False
4603,1040.0,739,3241693,0.25,0.08393184701735909,10080.630785040994,True,False
4604,840.0,751,3242444,0.25,0.10996775676872819,10083.039233790987,True,False
4605,910.0,587,3243031,0.25,0.10736286757539397,10084.847936624996,True,False
4606,1710.0,767,3243798,0.25,0.09556565455083425,10087.207740165992,True,False
4607,1470.0,689,3244487,0.25,0.09019709675204615,10089.324616082988,True,False
4608,1280.0,704,3245191,0.25,0.12235511702866378,10091.454338915995,True,False
4609,970.0,714,3245905,0.25,0.08836549037661633,10093.60114179099,True,False
4610,2510.0,700,3246605,0.25,0.11237230353589568,10096.783541665995,True,False
4611,1510.0,604,3247209,0.25,0.1086037437252651,10099.294487082996,True,False
4612,4100.0,1038,3248247,0.25,0.11425312117288702,10103.41254145799,True,False
4613,990.0,667,3248914,0.25,0.111081754286846,10105.422941499986,True,False
4614,890.0,738,3249652,0.25,0.12409132772402183,10107.635072540987,True,False
4615,740.0,624,3250276,0.25,0.11277278677488749,10109.565214624992,True,False
4616,870.0,734,3251010,0.25,0.08657548789321724,10111.758409957998,True,False
4617,1520.0,692,3251702,0.25,0.13418282593218234,10113.838684666,True,False
4618,1170.0,774,3252476,0.25,0.10499390627535962,10116.191064165992,True,False
4619,1170.0,732,3253208,0.25,0.10270839443053704,10118.400334457998,True,False
4620,930.0,736,3253944,0.25,0.10446408977124678,10120.619399541,True,False
4621,1680.0,854,3254798,0.25,0.09381626647822734,10123.462791915998,True,False
4622,1150.0,743,3255541,0.25,0.1009698776247841,10126.02089741599,True,False
4623,1030.0,704,3256245,0.25,0.11388145143758845,10128.275302208,True,False
4624,860.0,656,3256901,0.25,0.0988417063021987,10130.223022749997,True,False
4625,1060.0,572,3257473,0.25,0.12695561876924305,10131.960289915995,True,False
4626,1180.0,683,3258156,0.25,0.09706916570750593,10134.838092749997,True,False
4627,1210.0,902,3259058,0.25,0.11767220892012119,10137.538223374999,True,False
4628,2000.0,938,3259996,0.25,0.10209282784861454,10140.348922665988,True,False
4629,1050.0,775,3260771,0.25,0.12640315655213563,10142.64198375,True,False
4630,790.0,619,3261390,0.25,0.13031211294714481,10144.513901832994,True,False
4631,870.0,659,3262049,0.25,0.12929118612047397,10146.49546708299,True,False
4632,800.0,640,3262689,0.25,0.13571379257482477,10148.421530332998,True,False
4633,1020.0,675,3263364,0.25,0.09406713192411781,10150.444291540989,True,False
4634,710.0,457,3263821,0.25,0.11000630890198967,10151.822196082998,True,False
4635,1790.0,847,3264668,0.25,0.10974286955271689,10154.349511415989,True,False
4636,810.0,615,3265283,0.25,0.13894808877965595,10156.425245749997,True,False
4637,1130.0,715,3265998,0.25,0.09682127133053442,10159.955730791,True,False
4638,1720.0,808,3266806,0.25,0.10764354662877498,10162.57518554099,True,False
4639,1090.0,672,3267478,0.25,0.10301848066349824,10165.008451124988,True,False
4640,630.0,566,3268044,0.25,0.08354146463770262,10166.687458707995,True,False
4641,970.0,656,3268700,0.25,0.09409545563025082,10168.639670290999,True,False
4642,330.0,444,3269144,0.25,0.0923083625263996,10169.992674582987,True,False
4643,950.0,671,3269815,0.25,0.11390884259637601,10172.011658415999,True,False
4644,990.0,656,3270471,0.25,0.12654686347785882,10173.970781083,True,False
4645,1030.0,828,3271299,0.25,0.08335630382424679,10176.437714040992,True,False
4646,1520.0,968,3272267,0.25,0.11306976901813726,10179.334652332996,True,False
4647,2270.0,707,3272974,0.25,0.10749010796432441,10181.473124375,True,False
4648,1140.0,836,3273810,0.25,0.12578772990986634,10183.964577624996,True,False
4649,1470.0,829,3274639,0.25,0.10293284954800122,10186.445355457996,True,False
4650,590.0,491,3275130,0.25,0.10642922983118673,10187.933151082994,True,False
4651,1680.0,952,3276082,0.25,0.09595495247978623,10191.701006499992,True,False
4652,1330.0,806,3276888,0.25,0.11729914084593258,10194.137034499989,True,False
4653,1410.0,983,3277871,0.25,0.11770984601153403,10197.037926332996,True,False
4654,870.0,707,3278578,0.25,0.10651589854288909,10199.145991082987,True,False
4655,1950.0,1087,3279665,0.25,0.11435195980319644,10202.405990582993,True,False
4656,970.0,673,3280338,0.25,0.09085837696191101,10204.41359979099,True,False
4657,950.0,728,3281066,0.25,0.1049201868392609,10206.57815424999,True,False
4658,1310.0,731,3281797,0.25,0.11130185390675003,10208.757750249992,True,False
4659,840.0,660,3282457,0.25,0.09442838769067417,10210.730655166,True,False
4660,970.0,717,3283174,0.25,0.1125446549882103,10212.876056999987,True,False
4661,1170.0,780,3283954,0.25,0.10842487791982981,10215.20824149999,True,False
4662,910.0,504,3284458,0.25,0.11032374037636651,10216.758475582988,True,False
4663,1060.0,699,3285157,0.25,0.1380523444073541,10219.988411499988,True,False
4664,1220.0,678,3285835,0.25,0.10875016004508416,10222.253332707987,True,False
4665,1090.0,784,3286619,0.25,0.13116861962504228,10224.573170040996,True,False
4666,1340.0,794,3287413,0.25,0.09403397797152924,10226.965994790997,True,False
4667,850.0,566,3287979,0.25,0.1201020758863248,10228.794571708,True,False
4668,910.0,737,3288716,0.25,0.11255988514906651,10231.07828945799,True,False
4669,1000.0,784,3289500,0.25,0.11433742946127848,10233.462304874993,True,False
4670,1480.0,819,3290319,0.25,0.12166379493040343,10235.880816624995,True,False
4671,2500.0,845,3291164,0.25,0.12613542493046173,10238.43484370799,True,False
4672,980.0,616,3291780,0.25,0.10793804183795855,10240.297156582994,True,False
4673,900.0,654,3292434,0.25,0.08242758967987965,10242.260292207997,True,False
4674,1000.0,777,3293211,0.25,0.11398684861829754,10244.594775582998,True,False
4675,1310.0,825,3294036,0.25,0.10065206214965541,10247.071006915998,True,False
4676,1040.0,747,3294783,0.25,0.09624044701296797,10250.277215040987,True,False
4677,1480.0,967,3295750,0.25,0.11351171704701894,10253.186270582999,True,False
4678,980.0,749,3296499,0.25,0.10255765699766536,10255.421405749992,True,False
4679,1030.0,625,3297124,0.25,0.08778019382315837,10257.290645165995,True,False
4680,1260.0,781,3297905,0.25,0.08523262815597729,10259.651675874993,True,False
4681,1080.0,762,3298667,0.25,0.07992301516627011,10261.922987999991,True,False
4682,1610.0,870,3299537,0.25,0.07040389757090752,10264.501514999996,True,False
4683,1200.0,704,3300241,0.25,0.07457528213589368,10266.622160582992,True,False
4684,980.0,650,3300891,0.25,0.08866791606501297,10268.572971874994,True,False
4685,1070.0,716,3301607,0.25,0.07415050216144024,10270.711588540988,True,False
4686,940.0,676,3302283,0.25,0.09681623254919193,10272.736953332991,True,False
4687,1290.0,1044,3303327,0.25,0.0938459886487759,10275.843996957992,True,False
4688,970.0,737,3304064,0.25,0.08977979088353144,10278.518260832992,True,False
4689,840.0,769,3304833,0.25,0.09728636126965284,10281.641238832992,True,False
4690,870.0,681,3305514,0.25,0.10068033466882566,10283.977117874994,True,False
4691,1140.0,872,3306386,0.25,0.1053625140894512,10286.561151832997,True,False
4692,1110.0,865,3307251,0.25,0.07597509924218887,10289.130586249987,True,False
4693,1870.0,996,3308247,0.25,0.09635419022276938,10292.252559874993,True,False
4694,1000.0,627,3308874,0.25,0.09530305137537468,10294.17940870799,True,False
4695,1260.0,888,3309762,0.25,0.11739635198200876,10296.910662499999,True,False
4696,1770.0,912,3310674,0.25,0.1093193773719433,10299.634963499993,True,False
4697,2430.0,776,3311450,0.25,0.08911424257898147,10301.960667415988,True,False
4698,1900.0,729,3312179,0.25,0.09753556544431946,10304.143722665991,True,False
4699,1610.0,683,3312862,0.25,0.09378157053905273,10306.182171415989,True,False
4700,830.0,669,3313531,0.25,0.11173386964389308,10308.198054624998,True,False
4701,490.0,485,3314016,0.25,0.09138700515642519,10310.585054665993,True,False
4702,1570.0,1205,3315221,0.25,0.09041270996719301,10314.165681624989,True,False
4703,1740.0,890,3316111,0.25,0.08107345829810109,10316.805313499994,True,False
4704,1550.0,1207,3317318,0.25,0.1168868679210963,10320.366413124997,True,False
4705,960.0,996,3318314,0.25,0.08597600992664275,10323.322833999991,True,False
4706,2080.0,1212,3319526,0.25,0.07528861053287983,10326.925069457997,True,False
4707,1580.0,976,3320502,0.25,0.11244335572891792,10329.80757091599,True,False
4708,1120.0,733,3321235,0.25,0.07789588107885233,10331.994654124996,True,False
4709,890.0,795,3322030,0.25,0.09346175241990755,10334.364718375,True,False
4710,2820.0,1042,3323072,0.25,0.11482721582140731,10337.668061165998,True,False
4711,1770.0,909,3323981,0.25,0.07458447497584221,10340.385303040995,True,False
4712,1000.0,672,3324653,0.25,0.07979615839819114,10342.396377665995,True,False
4713,1720.0,893,3325546,0.25,0.09858781650595601,10345.080531124986,True,False
4714,870.0,636,3326182,0.25,0.0898611815822012,10346.989651832992,True,False
4715,870.0,674,3326856,0.25,0.0888735519215112,10349.017437415998,True,False
4716,1350.0,848,3327704,0.25,0.08496337372563639,10351.570295582991,True,False
4717,920.0,725,3328429,0.25,0.0906017381924292,10353.74098516599,True,False
4718,1440.0,837,3329266,0.25,0.07384945346158373,10356.395384290998,True,False
4719,1120.0,843,3330109,0.25,0.09664798497941822,10358.905986165992,True,False
4720,700.0,567,3330676,0.25,0.1023003044603786,10360.635236165996,True,False
4721,780.0,621,3331297,0.25,0.08221289154983336,10362.507604290993,True,False
4722,1050.0,724,3332021,0.25,0.09392523396122192,10364.680722124991,True,False
4723,1140.0,613,3332634,0.25,0.10141939046530941,10366.523870040997,True,False
4724,1320.0,731,3333365,0.25,0.09392181855163288,10368.721268333,True,False
4725,980.0,739,3334104,0.25,0.0938648253779959,10370.945015416,True,False
4726,1050.0,893,3334997,0.25,0.0830204535417693,10375.199687290995,True,False
4727,1230.0,694,3335691,0.25,0.078929034443949,10377.587293958,True,False
4728,890.0,699,3336390,0.25,0.08519105039536953,10380.017518207998,True,False
4729,1530.0,668,3337058,0.25,0.10083795506172552,10382.28779558299,True,False
4730,1040.0,705,3337763,0.25,0.08519936686868525,10384.371720374998,True,False
4731,2090.0,948,3338711,0.25,0.099563017849052,10387.233360832994,True,False
4732,1060.0,745,3339456,0.25,0.11455275266764954,10389.478807540989,True,False
4733,1150.0,666,3340122,0.25,0.09751945805836873,10391.442524207989,True,False
4734,1470.0,965,3341087,0.25,0.11283553719396908,10394.318467165998,True,False
4735,1080.0,603,3341690,0.25,0.10986791072499673,10396.140861749998,True,False
4736,1150.0,636,3342326,0.25,0.0984691886008723,10398.07215120799,True,False
4737,4540.0,922,3343248,0.25,0.08918427428416101,10400.81325266599,True,False
4738,1700.0,1025,3344273,0.25,0.09183023541118018,10403.861329957988,True,False
4739,1980.0,937,3345210,0.25,0.1109815832450349,10406.652131249997,True,False
4740,1110.0,860,3346070,0.25,0.10509501787465672,10409.217003415994,True,False
4741,1120.0,764,3346834,0.25,0.09175527018753334,10411.500584999987,True,False
4742,1250.0,786,3347620,0.25,0.11372414303158745,10413.864484165999,True,False
4743,1060.0,864,3348484,0.25,0.10904298671003845,10416.441591749986,True,False
4744,1000.0,571,3349055,0.25,0.07882648418513193,10418.143091082995,True,False
4745,1080.0,846,3349901,0.25,0.11070163171070646,10420.757325540995,True,False
4746,850.0,580,3350481,0.25,0.11542692920514222,10422.493983582986,True,False
4747,2900.0,1003,3351484,0.25,0.10153785450346917,10425.46582033299,True,False
4748,1410.0,815,3352299,0.25,0.08939963987950474,10427.856910082992,True,False
4749,1130.0,875,3353174,0.25,0.09092997672827277,10430.495788832995,True,False
4750,1020.0,657,3353831,0.25,0.08390326651449247,10432.713617457994,True,False
4751,1220.0,710,3354541,0.25,0.09770382531615121,10436.233795207998,True,False
4752,1250.0,683,3355224,0.25,0.08817574256562699,10438.293893457987,True,False
4753,1220.0,679,3355903,0.25,0.1129449108758798,10440.285840290991,True,False
4754,1180.0,806,3356709,0.25,0.10727021820142423,10442.69053120799,True,False
4755,920.0,867,3357576,0.25,0.10896346245115529,10445.260392124997,True,False
4756,960.0,678,3358254,0.25,0.0974290460711841,10447.264570957996,True,False
4757,860.0,644,3358898,0.25,0.11021240092582585,10449.183149374992,True,False
4758,840.0,595,3359493,0.25,0.10589661042287246,10450.961351415986,True,False
4759,1150.0,760,3360253,0.25,0.10206039522431398,10453.202598624994,True,False
4760,2170.0,1124,3361377,0.25,0.11542009170170463,10456.530170165992,True,False
4761,990.0,762,3362139,0.25,0.09300214646286085,10458.788338374987,True,False
4762,1520.0,783,3362922,0.25,0.11349828681927554,10461.126478957987,True,False
4763,1120.0,1105,3364027,0.25,0.0871653085426036,10464.591555166,True,False
4764,1800.0,1006,3365033,0.25,0.10926708377276857,10467.579951624997,True,False
4765,1480.0,661,3365694,0.25,0.0925513770205505,10469.599423207997,True,False
4766,2480.0,739,3366433,0.25,0.09034484398324748,10471.827579749995,True,False
4767,1180.0,709,3367142,0.25,0.08196286913954605,10473.96094145799,True,False
4768,920.0,690,3367832,0.25,0.0842493746989552,10476.036284165995,True,False
4769,2490.0,976,3368808,0.25,0.10887616184219474,10480.377298499996,True,False
4770,850.0,695,3369503,0.25,0.08287214243924515,10483.079700582995,True,False
4771,1070.0,560,3370063,0.25,0.07764964186187301,10485.388246915987,True,False
4772,1600.0,608,3370671,0.25,0.09294354772244237,10487.269285332994,True,False
4773,960.0,617,3371288,0.25,0.07650566653859231,10489.103582540993,True,False
4774,820.0,533,3371821,0.25,0.07596107142368205,10490.728782708,True,False
4775,1380.0,914,3372735,0.25,0.11834810652949831,10493.454723624993,True,False
4776,860.0,587,3373322,0.25,0.09478939238454209,10496.15923908299,True,False
4777,1380.0,757,3374079,0.25,0.09756021380976394,10498.427255082992,True,False
4778,1310.0,861,3374940,0.25,0.11209901785305529,10501.03652124999,True,False
4779,1090.0,638,3375578,0.25,0.10382312464779653,10502.925958124993,True,False
4780,1590.0,1054,3376632,0.25,0.0932112844999541,10506.056971915998,True,False
4781,1280.0,639,3377271,0.25,0.10951272421662912,10507.96168641599,True,False
4782,1280.0,678,3377949,0.25,0.0976113769937964,10510.004290124998,True,False
4783,1190.0,757,3378706,0.25,0.10560825217771468,10512.279366957999,True,False
4784,1460.0,739,3379445,0.25,0.07533561901466267,10514.469602375,True,False
4785,970.0,577,3380022,0.25,0.11861329570981777,10516.200704915987,True,False
4786,1340.0,852,3380874,0.25,0.09948574119365551,10518.722739833,True,False
4787,980.0,878,3381752,0.25,0.09433234752240506,10521.309506957987,True,False
4788,1180.0,786,3382538,0.25,0.10924243702724272,10523.638805582988,True,False
4789,570.0,560,3383098,0.25,0.11652459222823382,10525.312124332995,True,False
4790,1310.0,776,3383874,0.25,0.09928789160684827,10527.612149915993,True,False
4791,1090.0,721,3384595,0.25,0.08628222971326775,10529.752633375,True,False
4792,1410.0,543,3385138,0.25,0.10844900337842238,10531.360653790995,True,False
4793,980.0,704,3385842,0.25,0.10739893145562912,10533.446796915989,True,False
4794,1430.0,801,3386643,0.25,0.0912116560852155,10535.820090832989,True,False
4795,2170.0,1304,3387947,0.25,0.10005463498353136,10540.338713833,True,False
4796,1000.0,952,3388899,0.25,0.0920625347722353,10543.865873082992,True,False
4797,1370.0,987,3389886,0.25,0.11748182134107057,10546.75497845799,True,False
4798,1120.0,716,3390602,0.25,0.0991607371030906,10549.03135125,True,False
4799,2350.0,921,3391523,0.25,0.09741862803373648,10551.757856457989,True,False
4800,1380.0,705,3392228,0.25,0.08154857609063218,10553.86584033299,True,False
4801,1130.0,766,3392994,0.25,0.09728449124706354,10556.936444707986,True,False
4802,1880.0,1002,3393996,0.25,0.1053143229662066,10559.918816040998,True,False
4803,1040.0,711,3394707,0.25,0.09516371504566763,10562.023312957986,True,False
4804,900.0,661,3395368,0.25,0.0982419446402465,10564.01085654099,True,False
4805,850.0,589,3395957,0.25,0.08399837908848208,10565.76890991599,True,False
4806,890.0,672,3396629,0.25,0.10773872856849007,10567.760336957988,True,False
4807,1240.0,734,3397363,0.25,0.10596877698852716,10569.941357832999,True,False
4808,1050.0,663,3398026,0.25,0.09020753080272172,10571.934729999994,True,False
4809,1200.0,773,3398799,0.25,0.09536603463746106,10574.234297666,True,False
4810,760.0,722,3399521,0.25,0.10978428924775255,10576.382662999997,True,False
4811,1370.0,1020,3400541,0.25,0.1024984568065288,10579.398536207998,True,False
4812,450.0,428,3400969,0.25,0.11337076754213493,10580.685664915989,True,False
4813,950.0,732,3401701,0.25,0.10138848099267223,10582.86106699999,True,False
4814,960.0,729,3402430,0.25,0.10904912202322221,10585.020071040999,True,False
4815,2830.0,842,3403272,0.25,0.09989258337112682,10587.521350999988,True,False
4816,1270.0,686,3403958,0.25,0.12413820251822472,10589.550738291,True,False
4817,1460.0,564,3404522,0.25,0.09779099814910838,10591.241173207993,True,False
4818,1010.0,749,3405271,0.25,0.08585788434082493,10593.459467707988,True,False
4819,1160.0,697,3405968,0.25,0.10577320737498147,10595.715666416,True,False
4820,910.0,715,3406683,0.25,0.10378975672333428,10597.83811425,True,False
4821,1200.0,869,3407552,0.25,0.12003370043778912,10600.858709207998,True,False
4822,1440.0,610,3408162,0.25,0.08055160377223633,10603.39605591599,True,False
4823,1080.0,689,3408851,0.25,0.10553474675019293,10605.670079541,True,False
4824,1180.0,802,3409653,0.25,0.10910368036126616,10608.438740540994,True,False
4825,1180.0,526,3410179,0.25,0.10699447821683557,10610.146921957989,True,False
4826,1580.0,1180,3411359,0.25,0.1164186026332742,10614.741645749993,True,False
4827,1140.0,661,3412020,0.25,0.11967674437461488,10616.759346082996,True,False
4828,910.0,657,3412677,0.25,0.11289909517210794,10618.717995707993,True,False
4829,990.0,548,3413225,0.25,0.09318381295043186,10620.336773666,True,False
4830,1410.0,868,3414093,0.25,0.11609284716233405,10622.912108207995,True,False
4831,1490.0,931,3415024,0.25,0.12266203855432155,10625.673853374989,True,False
4832,1460.0,849,3415873,0.25,0.09531321515381899,10628.186533916,True,False
4833,970.0,731,3416604,0.25,0.09884540622677308,10630.367324249994,True,False
4834,1220.0,747,3417351,0.25,0.08930063897603623,10632.582257707996,True,False
4835,860.0,751,3418102,0.25,0.10415864769527887,10634.816355415998,True,False
4836,1570.0,882,3418984,0.25,0.13024745986910696,10637.430791957988,True,False
4837,990.0,606,3419590,0.25,0.090486902435193,10639.259086082995,True,False
4838,1000.0,675,3420265,0.25,0.1296563838889613,10641.264506082996,True,False
4839,1540.0,1044,3421309,0.25,0.1312324640865641,10644.360178832998,True,False
4840,1580.0,794,3422103,0.25,0.09052794010877008,10646.705247415986,True,False
4841,1190.0,687,3422790,0.25,0.11600687170704437,10648.732367290999,True,False
4842,1280.0,907,3423697,0.25,0.10900252561048002,10651.422761165988,True,False
4843,1800.0,952,3424649,0.25,0.11622849736800965,10654.217756707993,True,False
4844,1360.0,768,3425417,0.25,0.10329434396893096,10656.489845707998,True,False
4845,1010.0,651,3426068,0.25,0.08626548139138455,10658.423202374994,True,False
4846,1170.0,862,3426930,0.25,0.11050614057931789,10660.981150415988,True,False
4847,1440.0,677,3427607,0.25,0.11464614416720599,10663.006117832992,True,False
4848,1200.0,703,3428310,0.25,0.10559642491650513,10665.077717082997,True,False
4849,1030.0,732,3429042,0.25,0.08595880112849949,10667.267382624996,True,False
4850,1310.0,765,3429807,0.25,0.10464480211129364,10669.518826707994,True,False
4851,1560.0,670,3430477,0.25,0.09413716653805404,10673.596495624995,True,False
4852,1010.0,697,3431174,0.25,0.09075456447685244,10676.529224999991,True,False
4853,370.0,502,3431676,0.25,0.10003755095281772,10678.104716791,True,False
4854,1790.0,1007,3432683,0.25,0.08711996172885021,10681.157399040996,True,False
4855,1480.0,663,3433346,0.25,0.09674248265394245,10683.53249975,True,False
4856,1370.0,768,3434114,0.25,0.10216607578331605,10686.12739054099,True,False
4857,1900.0,725,3434839,0.25,0.09563963662688904,10688.299944207989,True,False
4858,1260.0,824,3435663,0.25,0.10360499264364972,10690.7354795,True,False
4859,1600.0,1055,3436718,0.25,0.10060638453896073,10693.966358999998,True,False
4860,2730.0,1006,3437724,0.25,0.09170537252747823,10696.920607041,True,False
4861,2010.0,1296,3439020,0.25,0.097215016062061,10700.779870457991,True,False
4862,750.0,532,3439552,0.25,0.10539733241767363,10702.381779415999,True,False
4863,1940.0,911,3440463,0.25,0.11182703033483501,10705.080238208,True,False
4864,1100.0,693,3441156,0.25,0.10172619651360758,10707.169669915995,True,False
4865,1700.0,785,3441941,0.25,0.11567785705876898,10709.516416707993,True,False
4866,1610.0,694,3442635,0.25,0.10269897052146107,10711.588846915998,True,False
4867,1000.0,752,3443387,0.25,0.10267968855283045,10713.836142457993,True,False
4868,1340.0,900,3444287,0.25,0.08461612615320417,10716.516905375,True,False
4869,1130.0,684,3444971,0.25,0.10925072857467404,10718.560636082999,True,False
4870,610.0,535,3445506,0.25,0.0970816528980634,10720.169315332998,True,False
4871,1240.0,976,3446482,0.25,0.1081643057910756,10723.07497958299,True,False
4872,1390.0,814,3447296,0.25,0.10852140354394328,10725.496178457994,True,False
4873,1610.0,761,3448057,0.25,0.103670432918558,10727.928614999997,True,False
4874,2440.0,1024,3449081,0.25,0.10443336761090904,10730.965996249986,True,False
4875,850.0,642,3449723,0.25,0.11578534964937717,10732.941141457995,True,False
4876,1970.0,793,3450516,0.25,0.11875717748124995,10736.306420165987,True,False
4877,700.0,580,3451096,0.25,0.08121148248941734,10738.081265624991,True,False
4878,1780.0,890,3451986,0.25,0.1176107080888238,10740.893281749988,True,False
4879,690.0,610,3452596,0.25,0.10679032335824826,10743.277737375,True,False
4880,950.0,673,3453269,0.25,0.11062667131911785,10746.196069290992,True,False
4881,1520.0,1108,3454377,0.25,0.10760449540771087,10749.631333375,True,False
4882,1080.0,620,3454997,0.25,0.12287681507727792,10751.47329416599,True,False
4883,860.0,731,3455728,0.25,0.10801486956474722,10753.65818074999,True,False
4884,1670.0,806,3456534,0.25,0.11230186595400768,10756.106312749995,True,False
4885,630.0,607,3457141,0.25,0.11354658557837338,10757.937691665997,True,False
4886,530.0,513,3457654,0.25,0.09773307866998948,10759.468378124991,True,False
4887,1070.0,611,3458265,0.25,0.12915805945160733,10761.29409458299,True,False
4888,1260.0,809,3459074,0.25,0.11669214406410361,10763.696054290995,True,False
4889,840.0,614,3459688,0.25,0.12949417928209553,10765.533790540998,True,False
4890,1180.0,910,3460598,0.25,0.12143878899678785,10768.214425415994,True,False
4891,880.0,655,3461253,0.25,0.1325034056790173,10770.153928540996,True,False
4892,1270.0,671,3461924,0.25,0.10931257770529815,10772.144149457992,True,False
4893,1020.0,693,3462617,0.25,0.10698312322872912,10774.187990291,True,False
4894,700.0,538,3463155,0.25,0.0848462273603055,10775.778545790992,True,False
4895,750.0,477,3463632,0.25,0.10947266705334187,10777.221754582992,True,False
4896,990.0,747,3464379,0.25,0.11860585472075849,10779.423039415997,True,False
4897,1140.0,573,3464952,0.25,0.10745379156044994,10781.147158458,True,False
4898,1100.0,846,3465798,0.25,0.11157434077059489,10783.650076332997,True,False
4899,1150.0,710,3466508,0.25,0.10669632268588194,10785.746459457994,True,False
4900,1020.0,532,3467040,0.25,0.11750873682418264,10787.340482415995,True,False
4901,1210.0,693,3467733,0.25,0.10209189429663854,10790.347934165999,True,False
4902,1370.0,1021,3468754,0.25,0.11705655831040121,10793.36414854099,True,False
4903,2180.0,652,3469406,0.25,0.11313171322497488,10795.305229874997,True,False
4904,1450.0,961,3470367,0.25,0.12145754316976914,10798.145408332988,True,False
4905,810.0,716,3471083,0.25,0.11320673425645468,10800.277977957987,True,False
4906,1140.0,677,3471760,0.25,0.09069546957445496,10802.278001957995,True,False
4907,1550.0,891,3472651,0.25,0.11021304008894944,10805.003366582998,True,False
4908,1480.0,1105,3473756,0.25,0.10477281416285554,10808.27306254099,True,False
4909,1520.0,771,3474527,0.25,0.09859918628353626,10810.550719499995,True,False
4910,810.0,818,3475345,0.25,0.13447324492764182,10812.943684207989,True,False
4911,1450.0,967,3476312,0.25,0.09480184767672345,10815.793050332999,True,False
4912,1210.0,729,3477041,0.25,0.11183930612118034,10817.928101374986,True,False
4913,1380.0,615,3477656,0.25,0.11802635368491922,10819.764113540994,True,False
4914,750.0,535,3478191,0.25,0.1009978442207763,10821.344604290993,True,False
4915,1570.0,926,3479117,0.25,0.11654893670166874,10824.076277374988,True,False
4916,990.0,827,3479944,0.25,0.11233696451293673,10826.510472499998,True,False
4917,880.0,606,3480550,0.25,0.11599275271180055,10828.310363832992,True,False
4918,2840.0,1201,3481751,0.25,0.10037446465964119,10831.831668457991,True,False
4919,1020.0,616,3482367,0.25,0.11238557523624464,10833.685539582992,True,False
4920,1350.0,1185,3483552,0.25,0.11430329276932409,10837.185778707993,True,False
4921,950.0,729,3484281,0.25,0.11668998128888043,10839.351990790994,True,False
4922,1290.0,857,3485138,0.25,0.11601977795362473,10841.87526824999,True,False
4923,2430.0,871,3486009,0.25,0.11220841418199856,10844.454809332994,True,False
4924,1140.0,919,3486928,0.25,0.1061536450991812,10847.176957915988,True,False
4925,1640.0,932,3487860,0.25,0.11402700492080957,10849.930529291,True,False
4926,1130.0,830,3488690,0.25,0.10861203047460403,10853.169355457998,True,False
4927,890.0,725,3489415,0.25,0.09842320856797761,10855.32681662499,True,False
4928,1550.0,826,3490241,0.25,0.11507754008047247,10857.77885891599,True,False
4929,930.0,594,3490835,0.25,0.09060363004588194,10859.539631458,True,False
4930,1020.0,784,3491619,0.25,0.12630716560180394,10861.875969790999,True,False
4931,1280.0,1067,3492686,0.25,0.10070174611574702,10865.009816332997,True,False
4932,1050.0,804,3493490,0.25,0.11831713477566616,10867.377942166,True,False
4933,1240.0,793,3494283,0.25,0.11238031707365405,10869.784442624994,True,False
4934,1470.0,902,3495185,0.25,0.10313321700303164,10872.436979874998,True,False
4935,1170.0,734,3495919,0.25,0.09312401537890316,10874.60156258299,True,False
4936,880.0,690,3496609,0.25,0.10379093334164922,10876.648462207988,True,False
4937,770.0,593,3497202,0.25,0.1116325465484044,10878.391351290993,True,False
4938,1210.0,548,3497750,0.25,0.10611678752368384,10880.013514291,True,False
4939,970.0,676,3498426,0.25,0.10843567327546651,10881.996867665992,True,False
4940,1190.0,614,3499040,0.25,0.11185144103289425,10883.813271707986,True,False
4941,760.0,553,3499593,0.25,0.10960963870520177,10885.450371790997,True,False
4942,1000.0,670,3500263,0.25,0.11532738691050849,10887.417433124996,True,False
4943,910.0,658,3500921,0.25,0.10869499859258984,10889.348727290999,True,False
4944,1520.0,827,3501748,0.25,0.09844902929836426,10891.780761290996,True,False
4945,1130.0,815,3502563,0.25,0.1021070423549766,10894.176568915995,True,False
4946,940.0,707,3503270,0.25,0.1303308652240341,10896.437567332992,True,False
4947,1100.0,761,3504031,0.25,0.0981318583319846,10898.701911540993,True,False
4948,1530.0,617,3504648,0.25,0.1048307582856186,10900.529209124987,True,False
4949,1780.0,1020,3505668,0.25,0.12596255305643175,10903.675611957995,True,False
4950,1320.0,846,3506514,0.25,0.09437741992456652,10906.155081249992,True,False
4951,1170.0,813,3507327,0.25,0.09231677572495245,10909.456780290988,True,False
4952,1240.0,764,3508091,0.25,0.10789236494617936,10911.981844124995,True,False
4953,770.0,655,3508746,0.25,0.10498379008481051,10914.98452649999,True,False
4954,1160.0,714,3509460,0.25,0.11832907353657916,10917.578342290988,True,False
4955,990.0,651,3510111,0.25,0.10786307545631756,10919.506280040994,True,False
4956,1160.0,668,3510779,0.25,0.08920651599541753,10921.490241374995,True,False
4957,1590.0,722,3511501,0.25,0.10604035628969827,10923.660356875,True,False
4958,810.0,628,3512129,0.25,0.09978440917648707,10925.535815457988,True,False
4959,1490.0,990,3513119,0.25,0.08955094988951799,10928.470400291,True,False
4960,1190.0,680,3513799,0.25,0.10188807586536688,10930.639683957997,True,False
4961,1610.0,780,3514579,0.25,0.11698738989444116,10933.474615040992,True,False
4962,1340.0,506,3515085,0.25,0.10114847116289645,10935.208618332996,True,False
4963,910.0,640,3515725,0.25,0.108220232243184,10937.115493332996,True,False
4964,1620.0,702,3516427,0.25,0.115041400502835,10939.184381915999,True,False
4965,850.0,599,3517026,0.25,0.09162446551024914,10941.023019999993,True,False
4966,980.0,658,3517684,0.25,0.09790571988983587,10942.997379207998,True,False
4967,1120.0,625,3518309,0.25,0.10008378519127384,10944.86047408299,True,False
4968,940.0,693,3519002,0.25,0.11470098998074586,10946.933525249988,True,False
4969,1110.0,941,3519943,0.25,0.09287777646900491,10949.733940832986,True,False
4970,820.0,623,3520566,0.25,0.08779657227345385,10951.593867582997,True,False
4971,570.0,637,3521203,0.25,0.11394617358609191,10953.485370790993,True,False
4972,860.0,617,3521820,0.25,0.11408477262143166,10955.322257957989,True,False
4973,1190.0,802,3522622,0.25,0.11636375215835869,10957.696905207995,True,False
4974,1780.0,865,3523487,0.25,0.10555816205494382,10960.254381374994,True,False
4975,1100.0,697,3524184,0.25,0.10843836086136954,10962.339653707997,True,False
4976,1100.0,674,3524858,0.25,0.11898098770706426,10965.117092665998,True,False
4977,1530.0,797,3525655,0.25,0.10177241277941806,10967.496148540988,True,False
4978,1240.0,822,3526477,0.25,0.1258470943486951,10969.947514665997,True,False
4979,1240.0,763,3527240,0.25,0.11642559561195798,10972.190696165999,True,False
4980,700.0,534,3527774,0.25,0.14723562937986134,10973.784002124987,True,False
4981,1110.0,817,3528591,0.25,0.08709611592120399,10976.19192225,True,False
4982,1240.0,742,3529333,0.25,0.09941009690444316,10978.385378374995,True,False
4983,1200.0,691,3530024,0.25,0.09300916343712048,10980.448994499995,True,False
4984,1020.0,795,3530819,0.25,0.10136463848704641,10982.771063332999,True,False
4985,930.0,727,3531546,0.25,0.0971640306576104,10984.917149207991,True,False
4986,810.0,592,3532138,0.25,0.08660063503712818,10986.69387987499,True,False
4987,1200.0,767,3532905,0.25,0.11424972685441996,10989.371881165993,True,False
4988,1000.0,709,3533614,0.25,0.12207716354037408,10991.749066582997,True,False
4989,1000.0,709,3534323,0.25,0.10509439731427168,10993.831694415989,True,False
4990,1720.0,812,3535135,0.25,0.10206895815254433,10996.341972999988,True,False
4991,930.0,641,3535776,0.25,0.09007514337575213,10998.245570499988,True,False
4992,1510.0,1126,3536902,0.25,0.10938257686263514,11001.552955166,True,False
4993,2010.0,932,3537834,0.25,0.09188001901470924,11004.294224207988,True,False
4994,810.0,615,3538449,0.25,0.08952360969133578,11006.106806083,True,False
4995,1070.0,709,3539158,0.25,0.11072995914619858,11008.195122999998,True,False
4996,1270.0,843,3540001,0.25,0.10658219798304741,11010.690266957987,True,False
4997,1880.0,929,3540930,0.25,0.10938777106589284,11013.426537041,True,False
4998,910.0,711,3541641,0.25,0.10145474775704776,11015.540565582996,True,False
4999,2920.0,1384,3543025,0.25,0.09988180001002515,11019.60093624999,True,False
5000,1860.0,805,3543830,0.25,0.09402845217498826,11021.987805707991,True,False
5001,880.0,665,3544495,0.25,0.100732199264219,11024.860479999988,True,False
5002,550.0,511,3545006,0.25,0.09287241844867822,11026.390477207999,True,False
5003,1990.0,860,3545866,0.25,0.13059194014342718,11028.954684082986,True,False
5004,2470.0,911,3546777,0.25,0.10465013589546607,11031.619491957987,True,False
5005,1130.0,642,3547419,0.25,0.11170338490046561,11033.526385124991,True,False
5006,1330.0,994,3548413,0.25,0.09605603570859116,11036.45500987499,True,False
5007,760.0,674,3549087,0.25,0.09448780071744252,11038.441466416,True,False
5008,870.0,696,3549783,0.25,0.07824511136645558,11040.509007707995,True,False
5009,1480.0,617,3550400,0.25,0.08886244967579841,11042.338134582998,True,False
5010,1480.0,736,3551136,0.25,0.11398389092241616,11044.534939999998,True,False
5011,1200.0,670,3551806,0.25,0.09242446456260667,11046.509126249992,True,False
5012,1400.0,719,3552525,0.25,0.11852417341950867,11048.64519779099,True,False
5013,1270.0,779,3553304,0.25,0.1037484391234242,11050.958174457992,True,False
5014,2170.0,1082,3554386,0.25,0.10829013234211339,11054.572048040995,True,False
5015,1190.0,876,3555262,0.25,0.09995869872028425,11057.466727583,True,False
5016,2570.0,855,3556117,0.25,0.10988628506991212,11060.008673290999,True,False
5017,1420.0,976,3557093,0.25,0.1167340420614012,11062.913911749987,True,False
5018,1090.0,679,3557772,0.25,0.09151525895166046,11064.907076999996,True,False
5019,2300.0,637,3558409,0.25,0.09832569700226469,11066.783078832988,True,False
5020,1450.0,780,3559189,0.25,0.09198604792547532,11069.079027582993,True,False
5021,1270.0,707,3559896,0.25,0.10962245865898618,11071.226867124991,True,False
5022,1000.0,632,3560528,0.25,0.11495946156733398,11073.083895999996,True,False
5023,950.0,674,3561202,0.25,0.1240326005056323,11075.10265770799,True,False
5024,2510.0,841,3562043,0.25,0.09594919458031655,11077.619535874997,True,False
5025,2180.0,573,3562616,0.25,0.1120731284091663,11079.314517457999,True,False
5026,1410.0,1114,3563730,0.25,0.10789788285900148,11083.590597415998,True,False
5027,700.0,539,3564269,0.25,0.10231116011186882,11085.233762832999,True,False
5028,540.0,559,3564828,0.25,0.08249289372137615,11086.894683665989,True,False
5029,880.0,631,3565459,0.25,0.09722621802976177,11088.778396665992,True,False
5030,820.0,644,3566103,0.25,0.09105437584452747,11090.704294207986,True,False
5031,1390.0,716,3566819,0.25,0.10095974422117185,11092.826764915997,True,False
5032,1110.0,699,3567518,0.25,0.1037539981518473,11094.917137790995,True,False
5033,1710.0,851,3568369,0.25,0.1141036670007896,11097.425347749988,True,False
5034,960.0,611,3568980,0.25,0.09505687711236913,11099.26089387499,True,False
5035,870.0,535,3569515,0.25,0.09819671233653798,11100.860895291,True,False
5036,770.0,603,3570118,0.25,0.10706255277803797,11102.64016625,True,False
5037,1100.0,652,3570770,0.25,0.10214192531088744,11104.573542790997,True,False
5038,1270.0,742,3571512,0.25,0.11937739470753297,11106.785265832994,True,False
5039,2730.0,1140,3572652,0.25,0.1223871967771597,11110.139649790988,True,False
5040,1150.0,609,3573261,0.25,0.08626276426213353,11111.948352458,True,False
5041,1700.0,822,3574083,0.25,0.08984696578870459,11114.386700749994,True,False
5042,1890.0,815,3574898,0.25,0.09209667024768743,11116.817719082988,True,False
5043,970.0,520,3575418,0.25,0.08956617827598866,11118.366950374999,True,False
5044,1490.0,836,3576254,0.25,0.0942303720843849,11120.840881790995,True,False
5045,1010.0,858,3577112,0.25,0.09162203021520791,11123.374947374992,True,False
5046,1850.0,1035,3578147,0.25,0.10079018161596023,11126.51711824999,True,False
5047,850.0,589,3578736,0.25,0.09501975744559958,11128.283776249998,True,False
5048,1100.0,700,3579436,0.25,0.10499047368764877,11130.369813540994,True,False
5049,1430.0,926,3580362,0.25,0.10527941076996135,11133.092118832996,True,False
5050,1400.0,857,3581219,0.25,0.10101660126907246,11135.66025249999,True,False
5051,1280.0,731,3581950,0.25,0.09472311849965424,11138.606711665998,True,False
5052,2160.0,672,3582622,0.25,0.11493675982291322,11140.612263499992,True,False
5053,900.0,572,3583194,0.25,0.0934734669728921,11142.33419054099,True,False
5054,750.0,635,3583829,0.25,0.10281766912425463,11144.195317708,True,False
5055,1740.0,772,3584601,0.25,0.1161815670314076,11146.476165707994,True,False
5056,1700.0,1165,3585766,0.25,0.10696285612292306,11149.912271457986,True,False
5057,2290.0,624,3586390,0.25,0.11493779494403264,11151.744971290987,True,False
5058,1140.0,721,3587111,0.25,0.09869841368248065,11153.880181374989,True,False
5059,1150.0,667,3587778,0.25,0.13221684571154818,11155.866469707995,True,False
5060,1160.0,741,3588519,0.25,0.09336419162919392,11158.044876957996,True,False
5061,1500.0,843,3589362,0.25,0.1091269067448886,11160.537782415995,True,False
5062,1150.0,939,3590301,0.25,0.09108489813639763,11163.308701082991,True,False
5063,1450.0,892,3591193,0.25,0.10051950489509133,11165.952302833,True,False
5064,1010.0,793,3591986,0.25,0.09385967635163905,11168.298312165993,True,False
5065,1050.0,817,3592803,0.25,0.09588195757903889,11170.718807957994,True,False
5066,970.0,650,3593453,0.25,0.10776362041342843,11172.680744375,True,False
5067,2790.0,885,3594338,0.25,0.09767944538519123,11175.28995895799,True,False
5068,1840.0,1006,3595344,0.25,0.1034598487266709,11178.254617624989,True,False
5069,870.0,682,3596026,0.25,0.09903708468465244,11180.281460582992,True,False
5070,1540.0,853,3596879,0.25,0.10786522154482038,11182.799181082999,True,False
5071,930.0,593,3597472,0.25,0.1202195395759288,11184.587387415988,True,False
5072,930.0,570,3598042,0.25,0.0849550577457732,11186.292321540997,True,False
5073,1070.0,716,3598758,0.25,0.0845850504851541,11188.537325499987,True,False
5074,1460.0,942,3599700,0.25,0.10093429584403411,11191.331538125,True,False
5075,1650.0,718,3600418,0.25,0.09447307051185456,11193.46793975,True,False
5076,820.0,1024,3601442,0.25,0.10357716203725431,11197.387521957993,True,False
5077,1540.0,778,3602220,0.25,0.11597900853898281,11199.743122415995,True,False
5078,1220.0,723,3602943,0.25,0.11117025927330057,11201.860655375,True,False
5079,1300.0,1004,3603947,0.25,0.11348389828970945,11204.824322290995,True,False
5080,1100.0,706,3604653,0.25,0.10140710264065508,11206.934794415996,True,False
5081,770.0,587,3605240,0.25,0.10647217786180324,11208.706183207993,True,False
5082,830.0,750,3605990,0.25,0.12183182250289994,11210.964764833,True,False
5083,1260.0,800,3606790,0.25,0.09299431232735515,11213.333702040996,True,False
5084,2530.0,965,3607755,0.25,0.12931883986652887,11216.198503624997,True,False
5085,1980.0,840,3608595,0.25,0.0987374925897235,11218.698148332987,True,False
5086,1140.0,726,3609321,0.25,0.10122421224202428,11220.871067374988,True,False
5087,1110.0,781,3610102,0.25,0.12029172752339107,11223.192859999996,True,False
5088,1680.0,1214,3611316,0.25,0.11637159988382145,11226.785099582994,True,False
5089,1320.0,968,3612284,0.25,0.10534646558336729,11229.645987790995,True,False
5090,1080.0,870,3613154,0.25,0.09838934130279973,11232.240221916,True,False
5091,990.0,746,3613900,0.25,0.11496476144753995,11234.461606665995,True,False
5092,690.0,505,3614405,0.25,0.14430876404401802,11235.969501457992,True,False
5093,1310.0,861,3615266,0.25,0.10994292676102284,11238.513091207991,True,False
5094,1120.0,708,3615974,0.25,0.10211739967982311,11240.622365832998,True,False
5095,940.0,715,3616689,0.25,0.0973919778750096,11242.742953915993,True,False
5096,990.0,712,3617401,0.25,0.1233533431639832,11244.872612290987,True,False
5097,1110.0,687,3618088,0.25,0.1129002366648164,11246.919192707996,True,False
5098,970.0,729,3618817,0.25,0.09468868410644624,11249.079632082998,True,False
5099,870.0,525,3619342,0.25,0.09897868534308353,11250.649555124997,True,False
5100,1240.0,760,3620102,0.25,0.11097586254932379,11252.945371457987,True,False
5101,1030.0,685,3620787,0.25,0.12718630107174142,11256.000596374986,True,False
5102,1160.0,750,3621537,0.25,0.0799605445242784,11258.60544354099,True,False
5103,1570.0,890,3622427,0.25,0.09775940979923214,11261.465140916,True,False
5104,960.0,704,3623131,0.25,0.10998751446393064,11263.513976082992,True,False
5105,1110.0,702,3623833,0.25,0.11025875707326288,11265.589168583,True,False
5106,840.0,723,3624556,0.25,0.11920857015811936,11267.753723457994,True,False
5107,1380.0,822,3625378,0.25,0.1178062121043118,11270.181603749996,True,False
5108,940.0,632,3626010,0.25,0.11849977436793756,11272.043178957989,True,False
5109,1140.0,740,3626750,0.25,0.07887720540165902,11274.234534541,True,False
5110,1050.0,707,3627457,0.25,0.10897481613555703,11276.355366874996,True,False
5111,980.0,647,3628104,0.25,0.11224332638084888,11278.293025832987,True,False
5112,1460.0,1120,3629224,0.25,0.10089402083706643,11281.582738124998,True,False
5113,970.0,681,3629905,0.25,0.09488492200479788,11283.6093655,True,False
5114,1320.0,882,3630787,0.25,0.11400677687911824,11286.201050332995,True,False
5115,1330.0,1195,3631982,0.25,0.10822128384906711,11289.732522166,True,False
5116,1100.0,732,3632714,0.25,0.1042483685833346,11291.89263933299,True,False
5117,1160.0,742,3633456,0.25,0.10363564885632005,11294.386873415991,True,False
5118,1070.0,705,3634161,0.25,0.08592073448975994,11296.771546207994,True,False
5119,1540.0,1027,3635188,0.25,0.10288205494241724,11300.05777437499,True,False
5120,1360.0,878,3636066,0.25,0.10806786350599706,11302.654301165996,True,False
5121,1360.0,678,3636744,0.25,0.08973472000044935,11304.745824540994,True,False
5122,2350.0,1165,3637909,0.25,0.10972204559268206,11308.219086290992,True,False
5123,1180.0,722,3638631,0.25,0.09770726345272528,11310.388240957996,True,False
5124,680.0,538,3639169,0.25,0.09737610799018984,11312.003660499991,True,False
5125,1250.0,724,3639893,0.25,0.09987612425745851,11315.562393332992,True,False
5126,910.0,627,3640520,0.25,0.10854481509441782,11319.202647957994,True,False
5127,1870.0,843,3641363,0.25,0.09933474627101706,11322.219385582997,True,False
5128,1880.0,974,3642337,0.25,0.1031436263125573,11325.196808082997,True,False
5129,720.0,601,3642938,0.25,0.09082011241465807,11327.150855916,True,False
5130,1010.0,651,3643589,0.25,0.1374012549333503,11329.104826874987,True,False
5131,1880.0,985,3644574,0.25,0.09618323514374291,11332.06996470799,True,False
5132,1010.0,710,3645284,0.25,0.11249893429699574,11334.222621790992,True,False
5133,930.0,815,3646099,0.25,0.10625309876069941,11336.678827249998,True,False
5134,1450.0,686,3646785,0.25,0.07801067917391138,11338.75937395799,True,False
5135,1160.0,721,3647506,0.25,0.08805757726853093,11340.925545082995,True,False
5136,1000.0,654,3648160,0.25,0.12369604442813774,11342.889930416,True,False
5137,1230.0,770,3648930,0.25,0.08919520198833197,11345.191041290993,True,False
5138,1400.0,1047,3649977,0.25,0.08356343642701856,11348.315157332996,True,False
5139,1310.0,756,3650733,0.25,0.1015127391194698,11350.567098040992,True,False
5140,890.0,587,3651320,0.25,0.10001650075016379,11352.332535374997,True,False
5141,1880.0,953,3652273,0.25,0.0996954695110311,11355.163399499987,True,False
5142,1240.0,685,3652958,0.25,0.11216100580903174,11357.202191790988,True,False
5143,880.0,612,3653570,0.25,0.09265590636850962,11359.094573625,True,False
5144,870.0,703,3654273,0.25,0.08482506516685878,11361.56338349999,True,False
5145,940.0,736,3655009,0.25,0.10823640061299437,11364.057413874994,True,False
5146,1290.0,830,3655839,0.25,0.1035998921463455,11366.51925620799,True,False
5147,1260.0,606,3656445,0.25,0.09074769115173503,11368.33156675,True,False
5148,1250.0,754,3657199,0.25,0.12090224037541354,11370.581390624997,True,False
5149,1300.0,740,3657939,0.25,0.10592053330226524,11372.784309582988,True,False
5150,1640.0,962,3658901,0.25,0.10212029601713929,11376.637265165991,True,False
5151,840.0,598,3659499,0.25,0.10575750650175465,11379.939379665986,True,False
5152,1090.0,602,3660101,0.25,0.08248738954398806,11381.712164499986,True,False
5153,1180.0,800,3660901,0.25,0.09451246453914791,11384.171396291,True,False
5154,1160.0,870,3661771,0.25,0.08561770335560845,11386.772182957997,True,False
5155,940.0,661,3662432,0.25,0.10928813371448273,11388.761489915996,True,False
5156,900.0,650,3663082,0.25,0.11425669138308292,11390.708010082992,True,False
5157,910.0,609,3663691,0.25,0.08670428598691758,11392.535301915996,True,False
5158,890.0,659,3664350,0.25,0.1060296067121354,11394.504140874997,True,False
5159,1550.0,791,3665141,0.25,0.10296907762742856,11396.891954249993,True,False
5160,4210.0,944,3666085,0.25,0.11695205396577968,11399.697743540994,True,False
5161,1140.0,709,3666794,0.25,0.104484748384668,11401.803057832993,True,False
5162,1130.0,835,3667629,0.25,0.0837126721463135,11404.295683790988,True,False
5163,1280.0,987,3668616,0.25,0.11420408980958616,11407.237077957994,True,False
5164,1440.0,832,3669448,0.25,0.10533377904301652,11409.721275958,True,False
5165,1190.0,904,3670352,0.25,0.09219803696959815,11412.416623124998,True,False
5166,1010.0,598,3670950,0.25,0.11203658942058183,11414.206887624998,True,False
5167,1870.0,970,3671920,0.25,0.10258914291889334,11417.101477374992,True,False
5168,1310.0,846,3672766,0.25,0.10833309613768523,11419.608435040995,True,False
5169,1310.0,734,3673500,0.25,0.0912685847092096,11421.817274665998,True,False
5170,820.0,719,3674219,0.25,0.11624186618159936,11423.960256040999,True,False
5171,2000.0,766,3674985,0.25,0.10498852130452481,11426.250351124996,True,False
5172,1070.0,676,3675661,0.25,0.11019188755318611,11428.298661458,True,False
5173,1100.0,870,3676531,0.25,0.09586476985244982,11430.878320874996,True,False
5174,1130.0,706,3677237,0.25,0.11185120261868851,11433.069602165997,True,False
5175,1000.0,645,3677882,0.25,0.08832185066403439,11435.214243208,True,False
5176,940.0,855,3678737,0.25,0.10800298805583582,11439.57272004099,True,False
5177,1760.0,740,3679477,0.25,0.10652562712092657,11441.750073415998,True,False
5178,1400.0,627,3680104,0.25,0.08571581892479377,11443.76259608299,True,False
5179,900.0,628,3680732,0.25,0.09321732419264164,11445.644174874993,True,False
5180,780.0,508,3681240,0.25,0.11138718097111372,11447.178100416,True,False
5181,4130.0,802,3682042,0.25,0.09514374698512257,11449.558502415995,True,False
5182,1610.0,949,3682991,0.25,0.10688807652626611,11452.359088290992,True,False
5183,3220.0,1067,3684058,0.25,0.1238346237982257,11455.509783832997,True,False
5184,850.0,517,3684575,0.25,0.10143372022308582,11457.048730332986,True,False
5185,290.0,423,3684998,0.25,0.09690118900869253,11458.339210415987,True,False
5186,730.0,509,3685507,0.25,0.11208876175439264,11459.872375082996,True,False
5187,1080.0,651,3686158,0.25,0.12205960279319183,11461.83263345799,True,False
5188,1140.0,723,3686881,0.25,0.12076005584030355,11463.97081074999,True,False
5189,880.0,614,3687495,0.25,0.09017129953390633,11465.812065291,True,False
5190,1250.0,738,3688233,0.25,0.1097219334361521,11468.00849724999,True,False
5191,1290.0,951,3689184,0.25,0.09812614106095764,11470.843156415998,True,False
5192,1340.0,774,3689958,0.25,0.11901840776533197,11473.133455207993,True,False
5193,1980.0,920,3690878,0.25,0.11645860866360043,11475.878143457987,True,False
5194,1620.0,664,3691542,0.25,0.11198577186070292,11477.841809540987,True,False
5195,1480.0,1016,3692558,0.25,0.10398952532412968,11480.854798790999,True,False
5196,1770.0,963,3693521,0.25,0.11102561028944753,11483.738343374993,True,False
5197,940.0,528,3694049,0.25,0.11481537549954021,11485.321956832995,True,False
5198,1420.0,841,3694890,0.25,0.10367546529464779,11487.798151083,True,False
5199,740.0,654,3695544,0.25,0.12034176100363456,11489.747955249986,True,False
5200,1660.0,937,3696481,0.25,0.10994970449047466,11492.513845915993,True,False
5201,1130.0,750,3697231,0.25,0.10957407607711891,11495.777362165987,True,False
5202,1120.0,813,3698044,0.25,0.1287418612936402,11498.25272908299,True,False
5203,850.0,639,3698683,0.25,0.10562836702139873,11500.169515415997,True,False
5204,990.0,714,3699397,0.25,0.1068686070180805,11502.293949249986,True,False
5205,1430.0,756,3700153,0.25,0.12332886513618249,11504.545613374998,True,False
5206,1990.0,855,3701008,0.25,0.12539644039749542,11508.454443040988,True,False
5207,990.0,750,3701758,0.25,0.11008641206445222,11511.333298082987,True,False
5208,2460.0,1071,3702829,0.25,0.09907123493030667,11515.127589457989,True,False
5209,2670.0,934,3703763,0.25,0.11815376601345805,11517.875432374989,True,False
5210,1490.0,704,3704467,0.25,0.10918323806783353,11520.00902954099,True,False
5211,920.0,681,3705148,0.25,0.09903872429191718,11522.048664207992,True,False
5212,2330.0,965,3706113,0.25,0.10810609182721599,11524.897685082993,True,False
5213,1150.0,843,3706956,0.25,0.11372774246179662,11527.410191415998,True,False
5214,1090.0,765,3707721,0.25,0.1192408919100362,11529.702257124998,True,False
5215,1950.0,896,3708617,0.25,0.1082371907707836,11532.377991249989,True,False
5216,1420.0,916,3709533,0.25,0.09395936182720432,11535.122646082993,True,False
5217,930.0,798,3710331,0.25,0.11426065577634016,11537.506358915998,True,False
5218,920.0,747,3711078,0.25,0.09546359568674934,11539.745463165993,True,False
5219,1450.0,588,3711666,0.25,0.10235166613037894,11541.504351249998,True,False
5220,1070.0,728,3712394,0.25,0.11212627861935359,11543.702592624992,True,False
5221,1370.0,736,3713130,0.25,0.11805455717663078,11545.898328083,True,False
5222,830.0,630,3713760,0.25,0.11832060596516615,11547.79723433299,True,False
5223,1090.0,697,3714457,0.25,0.1259856372804049,11549.884010999987,True,False
5224,2180.0,768,3715225,0.25,0.14049744020060947,11552.15550537499,True,False
5225,1000.0,725,3715950,0.25,0.123836782375011,11554.311705124986,True,False
5226,1800.0,1133,3717083,0.25,0.11442191692154736,11558.685736040992,True,False
5227,1440.0,679,3717762,0.25,0.09567035295288352,11560.787315040987,True,False
5228,1860.0,889,3718651,0.25,0.11662940470384317,11563.401379582996,True,False
5229,970.0,585,3719236,0.25,0.12178637942641365,11565.162315374997,True,False
5230,1300.0,961,3720197,0.25,0.12056289939209819,11569.049927040993,True,False
5231,1230.0,694,3720891,0.25,0.1225715460783312,11571.90182541599,True,False
5232,1240.0,772,3721663,0.25,0.12168056797718754,11574.347553790998,True,False
5233,2880.0,1059,3722722,0.25,0.10939103890702409,11577.748002582986,True,False
5234,1460.0,738,3723460,0.25,0.09367578697164317,11579.939463957999,True,False
5235,900.0,798,3724258,0.25,0.1200692377348042,11582.343181332995,True,False
5236,1230.0,635,3724893,0.25,0.1167485366967864,11584.244173249986,True,False
5237,1460.0,816,3725709,0.25,0.12900546974703378,11586.673984457986,True,False
5238,1030.0,669,3726378,0.25,0.1366268231527891,11588.698049790997,True,False
5239,1500.0,848,3727226,0.25,0.10693985432878418,11591.242805832997,True,False
5240,1350.0,784,3728010,0.25,0.1191630077415279,11593.593734707989,True,False
5241,650.0,470,3728480,0.25,0.11565151379712052,11595.024659540999,True,False
5242,810.0,570,3729050,0.25,0.12775435431165175,11596.745431040996,True,False
5243,1680.0,937,3729987,0.25,0.1176833932280031,11599.536360665996,True,False
5244,1080.0,895,3730882,0.25,0.12125892448239028,11602.21060520799,True,False
5245,960.0,679,3731561,0.25,0.09949806429555311,11604.269973082992,True,False
5246,1360.0,967,3732528,0.25,0.11600418622059024,11607.154063082999,True,False
5247,1000.0,680,3733208,0.25,0.11420012415551087,11609.198466791,True,False
5248,1050.0,681,3733889,0.25,0.1409970006741145,11611.244223791,True,False
5249,870.0,609,3734498,0.25,0.10781624543137457,11613.063943665999,True,False
5250,1130.0,696,3735194,0.25,0.10461515845495394,11615.163077124991,True,False
5251,1380.0,847,3736041,0.25,0.12353669991716743,11618.904345082992,True,False
5252,2460.0,916,3736957,0.25,0.10901863745303914,11621.651449499986,True,False
5253,1010.0,678,3737635,0.25,0.13026776251840522,11623.669877624998,True,False
5254,1170.0,788,3738423,0.25,0.11220236774061235,11626.292527165991,True,False
5255,1180.0,895,3739318,0.25,0.11583615843639043,11630.243507874999,True,False
5256,610.0,578,3739896,0.25,0.14676915766863988,11632.570649540998,True,False
5257,1080.0,659,3740555,0.25,0.11531513073004601,11634.669368457995,True,False
5258,1180.0,624,3741179,0.25,0.11340483476240666,11636.968461624987,True,False
5259,1700.0,1074,3742253,0.25,0.10946505638635734,11640.151369832995,True,False
5260,1070.0,729,3742982,0.25,0.13180890677312573,11642.33821558299,True,False
5261,1220.0,678,3743660,0.25,0.09212687432985095,11644.588297332986,True,False
5262,1120.0,767,3744427,0.25,0.10701357602527005,11647.356887957998,True,False
5263,950.0,652,3745079,0.25,0.1097543646518621,11649.627039790998,True,False
5264,1330.0,729,3745808,0.25,0.12710781666180476,11651.824604499998,True,False
5265,1540.0,997,3746805,0.25,0.10558731634783218,11654.93622545799,True,False
5266,1920.0,943,3747748,0.25,0.10224965196576412,11657.794904540991,True,False
5267,1030.0,651,3748399,0.25,0.10370486535499861,11659.741519666,True,False
5268,850.0,634,3749033,0.25,0.11692660505174653,11661.678816332991,True,False
5269,1930.0,862,3749895,0.25,0.11261587381189646,11664.26589112499,True,False
5270,2320.0,884,3750779,0.25,0.0966362650527269,11666.92157374999,True,False
5271,1800.0,1401,3752180,0.25,0.12227845467637662,11671.519491999992,True,False
5272,1280.0,856,3753036,0.25,0.08774037280546448,11674.43323458299,True,False
5273,1140.0,728,3753764,0.25,0.12017545797913284,11676.59966441599,True,False
5274,1170.0,874,3754638,0.25,0.11067882620669696,11679.218278249988,True,False
5275,870.0,544,3755182,0.25,0.08810802006765324,11680.8909785,True,False
5276,1150.0,775,3755957,0.25,0.11091913203180757,11684.125679999997,True,False
5277,1410.0,802,3756759,0.25,0.13043335293419658,11686.561486332997,True,False
5278,970.0,725,3757484,0.25,0.10872961738361762,11688.740272457988,True,False
5279,980.0,614,3758098,0.25,0.09770080220757746,11691.589409290988,True,False
5280,1600.0,1006,3759104,0.25,0.10101877373184949,11695.031093415993,True,False
5281,1010.0,602,3759706,0.25,0.10953860260546207,11696.826802457988,True,False
5282,1110.0,817,3760523,0.25,0.08785396487470351,11699.307471749999,True,False
5283,1090.0,734,3761257,0.25,0.11401425303040963,11701.611291875,True,False
5284,1410.0,1032,3762289,0.25,0.10671124709120323,11704.706856165998,True,False
5285,1010.0,728,3763017,0.25,0.09166907982716521,11706.89534891599,True,False
5286,1360.0,631,3763648,0.25,0.11143737681257197,11708.796845582998,True,False
5287,1190.0,753,3764401,0.25,0.09852992809635211,11711.069527957996,True,False
5288,1450.0,1011,3765412,0.25,0.10376180701046121,11714.10320274999,True,False
5289,1190.0,805,3766217,0.25,0.09251986897147413,11716.514706040994,True,False
5290,1400.0,542,3766759,0.25,0.1129568329701821,11718.153492415993,True,False
5291,1600.0,762,3767521,0.25,0.10181000030536146,11720.469857832999,True,False
5292,1370.0,852,3768373,0.25,0.11391762628311843,11723.050994665988,True,False
5293,900.0,706,3769079,0.25,0.10347952142315493,11725.168465749986,True,False
5294,1010.0,699,3769778,0.25,0.10600955677883965,11727.287427374991,True,False
5295,1720.0,892,3770670,0.25,0.1390571080883255,11729.95533954099,True,False
5296,2640.0,1525,3772195,0.25,0.10236174196219976,11734.532764082993,True,False
5297,1190.0,758,3772953,0.25,0.10236795917153359,11736.827110207989,True,False
5298,1380.0,819,3773772,0.25,0.1154536045133704,11739.297132624997,True,False
5299,2980.0,1205,3774977,0.25,0.09681377648391398,11742.897594665992,True,False
5300,900.0,712,3775689,0.25,0.1469429616575663,11745.02584370799,True,False
5301,1010.0,722,3776411,0.25,0.12230461864835686,11748.292320875,True,False
5302,570.0,502,3776913,0.25,0.11128852380410073,11750.032526249997,True,False
5303,2810.0,1118,3778031,0.25,0.11029528971347544,11754.441750624988,True,False
5304,960.0,756,3778787,0.25,0.09171614500265272,11756.677974082995,True,False
5305,1170.0,738,3779525,0.25,0.10655430883571908,11758.939985874997,True,False
5306,1050.0,726,3780251,0.25,0.13041168872205264,11761.136270541,True,False
5307,950.0,821,3781072,0.25,0.11642834554127987,11763.645016915994,True,False
5308,1830.0,803,3781875,0.25,0.10149650010745973,11766.080643707988,True,False
5309,1310.0,805,3782680,0.25,0.09570924380775725,11768.496579707993,True,False
5310,1930.0,852,3783532,0.25,0.09584942611345383,11771.05648179099,True,False
5311,620.0,609,3784141,0.25,0.09879389666265954,11772.885988082999,True,False
5312,520.0,461,3784602,0.25,0.10201285504128622,11774.28503354099,True,False
5313,900.0,564,3785166,0.25,0.14157370717020323,11775.981545957999,True,False
5314,990.0,903,3786069,0.25,0.12969534085915152,11778.69066816599,True,False
5315,1200.0,894,3786963,0.25,0.09977368351422886,11781.368175874988,True,False
5316,1530.0,846,3787809,0.25,0.11250917360028427,11783.930023707988,True,False
5317,1320.0,1087,3788896,0.25,0.09950049596783869,11787.274161790992,True,False
5318,720.0,529,3789425,0.25,0.09548428362574089,11788.873776582986,True,False
5319,930.0,651,3790076,0.25,0.12604346137745248,11790.84034270799,True,False
5320,1140.0,815,3790891,0.25,0.11821346930021723,11793.27807824999,True,False
5321,950.0,604,3791495,0.25,0.08924395737811824,11795.108064916,True,False
5322,920.0,615,3792110,0.25,0.10806773808579166,11796.968097291,True,False
5323,970.0,675,3792785,0.25,0.11936666859457126,11799.017175457993,True,False
5324,1310.0,749,3793534,0.25,0.08021235816618975,11801.258984374988,True,False
5325,1500.0,1061,3794595,0.25,0.12766674418213234,11804.478551374996,True,False
5326,1280.0,773,3795368,0.25,0.11354339045001981,11808.025892207996,True,False
5327,1300.0,762,3796130,0.25,0.10361008023549068,11810.329003124993,True,False
5328,1040.0,651,3796781,0.25,0.10798438500178738,11812.341121416,True,False
5329,1320.0,821,3797602,0.25,0.09410702528931746,11814.78592075,True,False
5330,660.0,462,3798064,0.25,0.08749351692225399,11816.202126582997,True,False
5331,1570.0,712,3798776,0.25,0.08683190858933364,11818.363025499988,True,False
5332,1060.0,952,3799728,0.25,0.10057864416421962,11821.224443,True,False
5333,960.0,835,3800563,0.25,0.11147271436997332,11823.716184249992,True,False
5334,1650.0,685,3801248,0.25,0.15470238387324783,11825.831989374987,True,False
5335,810.0,716,3801964,0.25,0.09556488610554341,11828.864561249997,True,False
5336,290.0,431,3802395,0.25,0.11943095664833193,11830.698121874986,True,False
5337,1270.0,851,3803246,0.25,0.12181435699439105,11834.655798124993,True,False
5338,1020.0,684,3803930,0.25,0.1273300200918613,11838.5969205,True,False
5339,830.0,592,3804522,0.25,0.09548576347328522,11840.442209374989,True,False
5340,1160.0,1009,3805531,0.25,0.13062230389683493,11843.46971387499,True,False
5341,1040.0,899,3806430,0.25,0.10486475793023904,11846.219361665993,True,False
5342,1210.0,709,3807139,0.25,0.11603824980556965,11848.338466249988,True,False
5343,940.0,658,3807797,0.25,0.11285348822447387,11850.356758582988,True,False
5344,1970.0,1060,3808857,0.25,0.13193745203316212,11853.560794124991,True,False
5345,990.0,813,3809670,0.25,0.09855085246613607,11856.01055133299,True,False
5346,1110.0,622,3810292,0.25,0.12877803817630196,11857.921378665997,True,False
5347,1260.0,936,3811228,0.25,0.11553970331119166,11860.746750207996,True,False
5348,890.0,646,3811874,0.25,0.1351529618389673,11862.729869499992,True,False
5349,970.0,653,3812527,0.25,0.11032309855100202,11864.707918040993,True,False
5350,1610.0,868,3813395,0.25,0.11982385227070426,11867.310191915996,True,False
5351,1130.0,647,3814042,0.25,0.10307198773241705,11870.106007540991,True,False
5352,860.0,574,3814616,0.25,0.10287679584386449,11871.857255208,True,False
5353,1100.0,694,3815310,0.25,0.09407256875251759,11873.989168707994,True,False
5354,1910.0,868,3816178,0.25,0.11138220278177119,11876.591283457994,True,False
5355,1100.0,623,3816801,0.25,0.1492353671660217,11878.518895207992,True,False
5356,1740.0,864,3817665,0.25,0.1040023777599412,11881.111950708,True,False
5357,1100.0,933,3818598,0.25,0.1185137599890516,11883.905259540988,True,False
5358,1110.0,718,3819316,0.25,0.11619975701388385,11886.056297207993,True,False
5359,1230.0,756,3820072,0.25,0.09836672721479936,11888.337763624993,True,False
5360,1640.0,1092,3821164,0.25,0.09340791504202417,11891.722526290992,True,False
5361,690.0,491,3821655,0.25,0.11741013765396154,11893.214887208,True,False
5362,1290.0,642,3822297,0.25,0.09086528847352689,11895.132229957992,True,False
5363,920.0,635,3822932,0.25,0.09820963988232913,11897.081090415988,True,False
5364,1110.0,684,3823616,0.25,0.1139044508839037,11899.122504374987,True,False
5365,1110.0,792,3824408,0.25,0.13576864723040902,11901.504468832994,True,False
5366,1220.0,640,3825048,0.25,0.09647818146040663,11903.439499165994,True,False
5367,1730.0,1050,3826098,0.25,0.12908984240826987,11906.633546624988,True,False
5368,2370.0,990,3827088,0.25,0.12138616489697128,11909.625183624987,True,False
5369,1410.0,882,3827970,0.25,0.10355111935429952,11912.250476749992,True,False
5370,1030.0,757,3828727,0.25,0.10191149748467579,11914.532351999995,True,False
5371,1150.0,974,3829701,0.25,0.1152292568328195,11917.447774540997,True,False
5372,1460.0,1032,3830733,0.25,0.12861600939126672,11920.529094165991,True,False
5373,1190.0,833,3831566,0.25,0.13004518234923196,11923.010124165987,True,False
5374,1630.0,774,3832340,0.25,0.1182818252343646,11925.327886082989,True,False
5375,980.0,715,3833055,0.25,0.12820833045570704,11927.48156929099,True,False
5376,1590.0,839,3833894,0.25,0.11881639321467706,11930.98395658299,True,False
5377,1250.0,802,3834696,0.25,0.13213082707825288,11933.44196779099,True,False
5378,860.0,535,3835231,0.25,0.13576995308293885,11935.040930874995,True,False
5379,970.0,662,3835893,0.25,0.12918978794870606,11937.03732891599,True,False
5380,690.0,634,3836527,0.25,0.12860308189086522,11938.952294165996,True,False
5381,1580.0,761,3837288,0.25,0.12863760959376527,11941.534000874992,True,False
5382,980.0,656,3837944,0.25,0.12005250260415601,11943.793387707992,True,False
5383,1090.0,698,3838642,0.25,0.10792877063711827,11946.03799591599,True,False
5384,1700.0,754,3839396,0.25,0.12159562241975908,11948.294096749989,True,False
5385,1550.0,556,3839952,0.25,0.11603053608279434,11949.967161707988,True,False
5386,2580.0,830,3840782,0.25,0.110103244771776,11952.43800075,True,False
5387,1870.0,1219,3842001,0.25,0.12239738340626975,11956.216441874989,True,False
5388,960.0,676,3842677,0.25,0.10428050698260584,11958.227220916,True,False
5389,850.0,677,3843354,0.25,0.09692144784084439,11960.256621790992,True,False
5390,900.0,718,3844072,0.25,0.11646428698052963,11962.407334874995,True,False
5391,2430.0,943,3845015,0.25,0.09883304101989625,11965.187821415995,True,False
5392,1570.0,901,3845916,0.25,0.11673019357454197,11967.866388249997,True,False
5393,1090.0,725,3846641,0.25,0.10595163481711353,11970.080126415996,True,False
5394,1300.0,835,3847476,0.25,0.11364167282562793,11972.615238165992,True,False
5395,2330.0,754,3848230,0.25,0.1134757733249918,11974.84049224999,True,False
5396,1210.0,781,3849011,0.25,0.11757292724572695,11977.176731290994,True,False
5397,970.0,661,3849672,0.25,0.09507598285843809,11979.283221540987,True,False
5398,1680.0,838,3850510,0.25,0.10642501151269418,11982.208032957991,True,False
5399,1050.0,728,3851238,0.25,0.1142230030394845,11984.623198624991,True,False
5400,1430.0,984,3852222,0.25,0.10086164734046149,11987.489931582997,True,False
5401,1190.0,786,3853008,0.25,0.09084168250488146,11990.771129916,True,False
5402,1460.0,629,3853637,0.25,0.11607735490153549,11992.641904624994,True,False
5403,870.0,656,3854293,0.25,0.10714463942979531,11994.58966649999,True,False
5404,1970.0,1143,3855436,0.25,0.1066058808546904,11997.952477499988,True,False
5405,390.0,412,3855848,0.25,0.0816893001602402,11999.208869040987,True,False
5406,1260.0,721,3856569,0.25,0.0746350502802266,12001.353646958,True,False
5407,1680.0,934,3857503,0.25,0.11623053112798751,12004.122599374998,True,False
5408,2460.0,843,3858346,0.25,0.11155396145525702,12006.634428165999,True,False
5409,1120.0,561,3858907,0.25,0.10397192729370934,12008.306012957997,True,False
5410,1180.0,835,3859742,0.25,0.09518780940296975,12010.799438957998,True,False
5411,1010.0,665,3860407,0.25,0.11233306345137128,12012.781348624994,True,False
5412,980.0,900,3861307,0.25,0.11512813634342617,12015.442422915992,True,False
5413,1200.0,704,3862011,0.25,0.10228686743754555,12017.540223499993,True,False
5414,2060.0,921,3862932,0.25,0.10510257206599176,12020.381007374992,True,False
5415,1100.0,537,3863469,0.25,0.12224934151423957,12021.98342012499,True,False
5416,1280.0,743,3864212,0.25,0.08478749424259188,12024.20076495799,True,False
5417,380.0,405,3864617,0.25,0.12996625583065619,12025.474342915986,True,False
5418,1190.0,878,3865495,0.25,0.11850325665415422,12028.053169499995,True,False
5419,1180.0,746,3866241,0.25,0.08468813756929043,12030.264068707998,True,False
5420,2010.0,840,3867081,0.25,0.10169883635604665,12032.82821266599,True,False
5421,1430.0,993,3868074,0.25,0.10993993351416241,12035.731399124998,True,False
5422,510.0,516,3868590,0.25,0.14834129694820375,12037.299074457987,True,False
5423,960.0,695,3869285,0.25,0.08824943283294466,12039.473551332994,True,False
5424,1470.0,897,3870182,0.25,0.10321029275239978,12042.158093249993,True,False
5425,1120.0,746,3870928,0.25,0.12414878798041114,12044.374702791,True,False
5426,940.0,700,3871628,0.25,0.10946591097329345,12047.280972915993,True,False
5427,830.0,676,3872304,0.25,0.11509123002592275,12049.296717374993,True,False
5428,860.0,626,3872930,0.25,0.11632936354726553,12051.178229124998,True,False
5429,760.0,605,3873535,0.25,0.13621926268204948,12052.976425040993,True,False
5430,830.0,645,3874180,0.25,0.0953260555886376,12054.911186707992,True,False
5431,1190.0,689,3874869,0.25,0.07798810380099472,12056.966097832992,True,False
5432,860.0,814,3875683,0.25,0.11609959713380619,12059.369730832987,True,False
5433,940.0,704,3876387,0.25,0.13121941858182914,12061.461171374991,True,False
5434,1430.0,924,3877311,0.25,0.10352322339882582,12064.175387832991,True,False
5435,1680.0,756,3878067,0.25,0.135463269289445,12066.475078749994,True,False
5436,1050.0,691,3878758,0.25,0.1613356549120535,12068.580054665988,True,False
5437,1040.0,639,3879397,0.25,0.1257275152252987,12070.492688499988,True,False
5438,960.0,699,3880096,0.25,0.09898232126874583,12072.56129025,True,False
5439,1590.0,709,3880805,0.25,0.09951886451555847,12074.669284999996,True,False
5440,1320.0,901,3881706,0.25,0.10995239709814389,12077.427670624995,True,False
5441,1100.0,690,3882396,0.25,0.12228785749158763,12079.460491374994,True,False
5442,1250.0,742,3883138,0.25,0.10063813445535866,12081.665245124997,True,False
5443,1090.0,617,3883755,0.25,0.10554770925747496,12083.50582749999,True,False
5444,1130.0,806,3884561,0.25,0.13041618831529475,12085.969315374998,True,False
5445,900.0,700,3885261,0.25,0.09828848617417471,12088.057195040994,True,False
5446,1590.0,792,3886053,0.25,0.12362939902026245,12090.40018954099,True,False
5447,1110.0,654,3886707,0.25,0.11560465649136005,12092.337168957994,True,False
5448,800.0,700,3887407,0.25,0.12121616442288671,12094.403719540991,True,False
5449,810.0,655,3888062,0.25,0.10797369605066573,12096.359954707994,True,False
5450,1890.0,1359,3889421,0.25,0.12761934226488367,12100.32248504099,True,False
5451,1080.0,710,3890131,0.25,0.12218000747179245,12103.26402974999,True,False
5452,2380.0,1104,3891235,0.25,0.09426786724572489,12106.543128374993,True,False
5453,1050.0,575,3891810,0.25,0.0941104385484424,12108.261613999988,True,False
5454,2370.0,1169,3892979,0.25,0.1020235208194856,12111.682910832998,True,False
5455,920.0,735,3893714,0.25,0.0834588707809377,12113.867798290987,True,False
5456,1160.0,895,3894609,0.25,0.09670156543143094,12116.507414540989,True,False
5457,1290.0,782,3895391,0.25,0.08718757659005813,12118.826134290997,True,False
5458,410.0,496,3895887,0.25,0.13343550353461214,12120.304086374992,True,False
5459,1410.0,778,3896665,0.25,0.10838110128847453,12122.600146415993,True,False
5460,1240.0,819,3897484,0.25,0.10685284980913488,12125.025534,True,False
5461,1260.0,726,3898210,0.25,0.11410262943013927,12127.166311875,True,False
5462,1130.0,666,3898876,0.25,0.1164306926089311,12129.158296249996,True,False
5463,1360.0,952,3899828,0.25,0.10047243338297396,12131.977658707998,True,False
5464,1310.0,701,3900529,0.25,0.10930156311818531,12134.080105665998,True,False
5465,1200.0,996,3901525,0.25,0.11291149704451542,12137.045769624994,True,False
5466,1050.0,697,3902222,0.25,0.12736812190034952,12139.121159415998,True,False
5467,2190.0,1137,3903359,0.25,0.11848655724766809,12142.547088207997,True,False
5468,2380.0,1224,3904583,0.25,0.11260172065493523,12146.178226707998,True,False
5469,840.0,572,3905155,0.25,0.1201803666519952,12148.021766249993,True,False
5470,1450.0,621,3905776,0.25,0.11003000071893136,12149.850062832993,True,False
5471,1370.0,895,3906671,0.25,0.12048422683013661,12152.787578499992,True,False
5472,1160.0,662,3907333,0.25,0.07264843420406063,12155.916075332992,True,False
5473,1160.0,867,3908200,0.25,0.11110367978738475,12158.875880374995,True,False
5474,2150.0,1121,3909321,0.25,0.09380812657597874,12162.177169915987,True,False
5475,1270.0,727,3910048,0.25,0.08604531450156164,12164.384008165987,True,False
5476,2170.0,615,3910663,0.25,0.09191517412565113,12167.133986374989,True,False
5477,870.0,922,3911585,0.25,0.11110933395142937,12169.909146540987,True,False
5478,1260.0,786,3912371,0.25,0.09875864512762245,12172.269307957991,True,False
5479,1480.0,714,3913085,0.25,0.12244170946823485,12174.390716915994,True,False
5480,1210.0,940,3914025,0.25,0.10044894470892687,12177.209454415992,True,False
5481,820.0,518,3914543,0.25,0.129036060382807,12178.782930832996,True,False
5482,1500.0,994,3915537,0.25,0.11474367871461623,12181.73938795799,True,False
5483,3180.0,1185,3916722,0.25,0.10222262246660083,12185.260332582999,True,False
5484,1580.0,948,3917670,0.25,0.12360167992988971,12188.065315874992,True,False
5485,1250.0,704,3918374,0.25,0.08827426783020863,12190.257944207988,True,False
5486,1190.0,705,3919079,0.25,0.09126155898609961,12192.338282749988,True,False
5487,4920.0,1065,3920144,0.25,0.10768328699168195,12195.502531874998,True,False
5488,1240.0,940,3921084,0.25,0.11376053624330683,12198.36091412499,True,False
5489,1190.0,744,3921828,0.25,0.13063846844979513,12200.584480833,True,False
5490,910.0,587,3922415,0.25,0.10668149146519296,12202.317192457995,True,False
5491,970.0,854,3923269,0.25,0.09744074315737898,12204.874853540998,True,False
5492,1160.0,834,3924103,0.25,0.09970852037748465,12207.329771707999,True,False
5493,1430.0,842,3924945,0.25,0.10330591824841442,12209.829958874994,True,False
5494,2240.0,1002,3925947,0.25,0.10075452867150307,12212.917414124997,True,False
5495,1460.0,897,3926844,0.25,0.10951236514581575,12215.597956082987,True,False
5496,1780.0,886,3927730,0.25,0.08795187040758888,12218.224816499991,True,False
5497,900.0,660,3928390,0.25,0.1168576441140789,12220.184966374989,True,False
5498,560.0,498,3928888,0.25,0.10321689850091934,12221.684599999993,True,False
5499,980.0,722,3929610,0.25,0.10029653119337227,12223.867587415996,True,False
5500,1240.0,870,3930480,0.25,0.10136230569332838,12226.73678937499,True,False
5501,1920.0,904,3931384,0.25,0.10449965163010412,12230.504264415998,True,False
5502,870.0,611,3931995,0.25,0.09862388925332773,12232.43539741599,True,False
5503,2280.0,1103,3933098,0.25,0.10195907401730833,12235.75568558299,True,False
5504,490.0,459,3933557,0.25,0.11663850277014401,12237.147733165999,True,False
5505,1590.0,820,3934377,0.25,0.08823889167752208,12239.577875499992,True,False
5506,950.0,768,3935145,0.25,0.08920179898753607,12241.852221249996,True,False
5507,1170.0,901,3936046,0.25,0.09732970695114798,12245.938300249996,True,False
5508,1050.0,810,3936856,0.25,0.0830304654764718,12249.12259166599,True,False
5509,1190.0,647,3937503,0.25,0.09196636704323084,12251.261003749998,True,False
5510,1270.0,803,3938306,0.25,0.09074914275636127,12253.645886165992,True,False
5511,1240.0,929,3939235,0.25,0.09350029568605382,12256.474277165995,True,False
5512,860.0,608,3939843,0.25,0.10371976267350347,12258.268568999993,True,False
5513,1050.0,881,3940724,0.25,0.0879531672468822,12260.880510332994,True,False
5514,1260.0,575,3941299,0.25,0.09923881812711487,12262.576351874988,True,False
5515,1200.0,707,3942006,0.25,0.09309493753490812,12264.658957499996,True,False
5516,1070.0,560,3942566,0.25,0.10666413243327821,12266.317156540987,True,False
5517,2370.0,1010,3943576,0.25,0.11277559881094887,12269.300820374992,True,False
5518,790.0,621,3944197,0.25,0.0986782795719562,12271.142128749998,True,False
5519,1060.0,756,3944953,0.25,0.10223928493048463,12273.360239582995,True,False
5520,1690.0,718,3945671,0.25,0.1031796762293111,12275.482962124996,True,False
5521,1790.0,739,3946410,0.25,0.09607082456350327,12277.7515805,True,False
5522,1390.0,749,3947159,0.25,0.11315027210004827,12279.969439790992,True,False
5523,1300.0,879,3948038,0.25,0.08947222303091125,12282.593722457998,True,False
5524,1730.0,745,3948783,0.25,0.10270615830336527,12284.807906415997,True,False
5525,1100.0,717,3949500,0.25,0.09781483472842309,12287.204165957999,True,False
5526,1900.0,1001,3950501,0.25,0.10438686481118202,12291.665728124994,True,False
5527,1690.0,784,3951285,0.25,0.1022694304167312,12293.958413040993,True,False
5528,2480.0,913,3952198,0.25,0.08593103072295587,12296.988969040991,True,False
5529,1480.0,873,3953071,0.25,0.10145148295704104,12299.960266707989,True,False
5530,1200.0,836,3953907,0.25,0.10201115799292423,12302.480829832988,True,False
5531,990.0,711,3954618,0.25,0.10272197956951816,12304.586975082988,True,False
5532,690.0,531,3955149,0.25,0.10076145004285009,12306.186545332996,True,False
5533,1170.0,714,3955863,0.25,0.10433435315538324,12308.282810499994,True,False
5534,1270.0,761,3956624,0.25,0.10107201251020918,12310.550954874998,True,False
5535,1460.0,660,3957284,0.25,0.10578686426760572,12312.517667915992,True,False
5536,1580.0,940,3958224,0.25,0.12431736218326904,12315.298006499987,True,False
5537,1250.0,881,3959105,0.25,0.08585935992781411,12317.917601124995,True,False
5538,810.0,605,3959710,0.25,0.09541846160462361,12319.719546124994,True,False
5539,1510.0,1098,3960808,0.25,0.10598206209865484,12322.969266665998,True,False
5540,1310.0,667,3961475,0.25,0.10895867623299,12324.96579704099,True,False
5541,2700.0,801,3962276,0.25,0.08736991331870876,12327.338498082987,True,False
5542,800.0,610,3962886,0.25,0.10419655957651373,12329.139309832986,True,False
5543,2170.0,867,3963753,0.25,0.0953614001638741,12331.693565082998,True,False
5544,1070.0,700,3964453,0.25,0.09858500727585384,12333.779343540999,True,False
5545,1150.0,646,3965099,0.25,0.11360665362166322,12335.702681999988,True,False
5546,1180.0,674,3965773,0.25,0.09597819784556973,12337.701610416,True,False
5547,2440.0,1315,3967088,0.25,0.1021689073066581,12341.69104708299,True,False
5548,1620.0,778,3967866,0.25,0.1140621489288343,12344.016853624998,True,False
5549,1620.0,838,3968704,0.25,0.11665943533714329,12346.475828083,True,False
5550,740.0,550,3969254,0.25,0.09952088372006904,12348.104168540987,True,False
5551,2740.0,905,3970159,0.25,0.1024983341484207,12351.646203415992,True,False
5552,790.0,515,3970674,0.25,0.10889788308404674,12353.200189332987,True,False
5553,1930.0,1024,3971698,0.25,0.12452865833620308,12356.200111207989,True,False
5554,1040.0,800,3972498,0.25,0.10985927736386657,12358.563147040986,True,False
5555,1030.0,761,3973259,0.25,0.12603922097110434,12360.817839374999,True,False
5556,1700.0,1044,3974303,0.25,0.11500891031147877,12363.90112041599,True,False
5557,1880.0,807,3975110,0.25,0.10193454086005983,12366.294017707987,True,False
5558,1670.0,641,3975751,0.25,0.13942741438513623,12368.199778499999,True,False
5559,790.0,670,3976421,0.25,0.11364797160162457,12370.206257374986,True,False
5560,1050.0,744,3977165,0.25,0.10184822100344845,12372.395874290989,True,False
5561,900.0,691,3977856,0.25,0.10724829795172794,12374.474331207995,True,False
5562,1070.0,950,3978806,0.25,0.11157703432667104,12377.281028332989,True,False
5563,1300.0,955,3979761,0.25,0.10260481556885287,12380.108870124997,True,False
5564,1070.0,702,3980463,0.25,0.1207782535467829,12382.19751849999,True,False
5565,1650.0,1091,3981554,0.25,0.08995284325692243,12385.428925290995,True,False
5566,850.0,627,3982181,0.25,0.09503925560860876,12387.320786415992,True,False
5567,1110.0,787,3982968,0.25,0.10511590188681172,12389.636694165994,True,False
5568,1680.0,877,3983845,0.25,0.10701630283232148,12392.229259249987,True,False
5569,1750.0,809,3984654,0.25,0.09230991248225812,12394.621147707992,True,False
5570,1220.0,844,3985498,0.25,0.08779371492741232,12397.126554124989,True,False
5571,950.0,596,3986094,0.25,0.11561314005329705,12398.901103540993,True,False
5572,1150.0,828,3986922,0.25,0.13376218722998232,12401.35736270799,True,False
5573,950.0,624,3987546,0.25,0.11282276500685093,12403.245254040987,True,False
5574,1080.0,756,3988302,0.25,0.09610132209798962,12405.561693083,True,False
5575,1500.0,851,3989153,0.25,0.10037844927168228,12408.075584665989,True,False
5576,920.0,684,3989837,0.25,0.10150364258092398,12411.097680540988,True,False
5577,450.0,444,3990281,0.25,0.0908200956444751,12412.411969915993,True,False
5578,920.0,600,3990881,0.25,0.10546570957948764,12414.237610457989,True,False
5579,800.0,629,3991510,0.25,0.07787436179247252,12416.09808966599,True,False
5580,550.0,444,3991954,0.25,0.11326294107077357,12417.409847457995,True,False
5581,550.0,714,3992668,0.25,0.11026082893406879,12419.532452874992,True,False
5582,1510.0,756,3993424,0.25,0.12090204911375488,12421.782141999996,True,False
5583,1120.0,682,3994106,0.25,0.13276927016456339,12423.784006040994,True,False
5584,1430.0,1002,3995108,0.25,0.10744612440615299,12426.749378582987,True,False
5585,2860.0,1089,3996197,0.25,0.10295370818280122,12429.963649375,True,False
5586,1100.0,769,3996966,0.25,0.13681829270596305,12432.244922582991,True,False
5587,2130.0,1120,3998086,0.25,0.10430942459164985,12435.55050025,True,False
5588,1600.0,1055,3999141,0.25,0.09726029605548264,12438.666745665992,True,False
5589,500.0,498,3999639,0.25,0.10999706178723324,12440.158277374998,True,False
5590,1640.0,1032,4000671,0.25,0.09829698934746806,12443.469179749998,True,False
5591,1660.0,875,4001546,0.25,0.10228817079845628,12446.059577915992,True,False
5592,1240.0,819,4002365,0.25,0.10208826412151499,12450.344805916,True,False
5593,1620.0,1068,4003433,0.25,0.08395852463159445,12454.680037832994,True,False
5594,1030.0,745,4004178,0.25,0.09446707280773309,12456.942235124996,True,False
5595,1240.0,857,4005035,0.25,0.0706545131663992,12460.973756624997,True,False
5596,1090.0,705,4005740,0.25,0.08341206039833483,12463.18379216599,True,False
5597,1190.0,576,4006316,0.25,0.09353145296012776,12464.913814540996,True,False
5598,1320.0,941,4007257,0.25,0.08040823619812727,12467.891545665989,True,False
5599,920.0,794,4008051,0.25,0.1096187766848339,12470.25405358299,True,False
5600,1160.0,786,4008837,0.25,0.09926592656954895,12472.637675665988,True,False
5601,930.0,718,4009555,0.25,0.08713750844020084,12476.024794415993,True,False
5602,1650.0,991,4010546,0.25,0.082149681443679,12479.026414041,True,False
5603,1340.0,893,4011439,0.25,0.10034681421458187,12481.674570040996,True,False
5604,970.0,715,4012154,0.25,0.08637987815010148,12483.827539332997,True,False
5605,1060.0,762,4012916,0.25,0.08917271498961286,12486.135634040998,True,False
5606,1660.0,1224,4014140,0.25,0.09247210899404451,12489.77154412499,True,False
5607,1850.0,906,4015046,0.25,0.08444260784416599,12492.496138415998,True,False
5608,1080.0,657,4015703,0.25,0.09502882054984206,12494.452704832991,True,False
5609,1030.0,827,4016530,0.25,0.10195294818908408,12496.929550540997,True,False
5610,1100.0,657,4017187,0.25,0.09558115678089785,12498.901506707989,True,False
5611,2830.0,1119,4018306,0.25,0.10321829154023103,12502.251316790993,True,False
5612,1190.0,707,4019013,0.25,0.08692915402458044,12504.377776374997,True,False
5613,1250.0,746,4019759,0.25,0.09148219784581534,12506.601556874986,True,False
5614,2540.0,821,4020580,0.25,0.09691854166680748,12509.063410290997,True,False
5615,1260.0,705,4021285,0.25,0.08523253458340398,12511.199662125,True,False
5616,1420.0,870,4022155,0.25,0.09525877485386512,12513.79898149999,True,False
5617,1180.0,774,4022929,0.25,0.10173767160854696,12516.102573874989,True,False
5618,1190.0,744,4023673,0.25,0.07571337529287864,12519.00265470799,True,False
5619,1320.0,658,4024331,0.25,0.1027407400741628,12521.474874290987,True,False
5620,1670.0,664,4024995,0.25,0.09607336969193385,12523.412241707993,True,False
5621,1200.0,953,4025948,0.25,0.10637705572822354,12526.487745166,True,False
5622,1330.0,768,4026716,0.25,0.12679215743749714,12528.758856832996,True,False
5623,1730.0,978,4027694,0.25,0.09548834168550666,12531.776931290995,True,False
5624,1290.0,778,4028472,0.25,0.10663858149678279,12534.123105457998,True,False
5625,1050.0,532,4029004,0.25,0.1390277497274311,12535.723034208,True,False
5626,850.0,671,4029675,0.25,0.08260406979811406,12538.660322457989,True,False
5627,1280.0,866,4030541,0.25,0.09726316565089786,12541.250199707996,True,False
5628,830.0,671,4031212,0.25,0.091678488988518,12543.257639290998,True,False
5629,810.0,565,4031777,0.25,0.07768829109424606,12544.949630749994,True,False
5630,1210.0,931,4032708,0.25,0.10618261232684355,12547.719614665999,True,False
5631,260.0,415,4033123,0.25,0.12309253203131042,12548.983260790992,True,False
5632,1330.0,888,4034011,0.25,0.11342442649844531,12551.614117499994,True,False
5633,940.0,711,4034722,0.25,0.10755970129178147,12554.094700749993,True,False
5634,1490.0,607,4035329,0.25,0.09244489628135373,12556.177665874988,True,False
5635,590.0,585,4035914,0.25,0.08098154388087457,12558.044906625,True,False
5636,1100.0,1062,4036976,0.25,0.09932445967219826,12561.175403540998,True,False
5637,1260.0,910,4037886,0.25,0.11595479195469802,12563.88539216599,True,False
5638,850.0,693,4038579,0.25,0.0902371981498823,12565.946485458,True,False
5639,950.0,566,4039145,0.25,0.12441089431899534,12567.642739332994,True,False
5640,1530.0,699,4039844,0.25,0.1102009859255382,12569.744671875,True,False
5641,2120.0,1173,4041017,0.25,0.10774312020238146,12573.212461749994,True,False
5642,990.0,673,4041690,0.25,0.10696687613658253,12575.214229624995,True,False
5643,990.0,851,4042541,0.25,0.11335092108749167,12577.74142666599,True,False
5644,1700.0,760,4043301,0.25,0.11115915102786139,12580.054063332995,True,False
5645,880.0,907,4044208,0.25,0.10466866977184618,12582.724528749997,True,False
5646,1990.0,832,4045040,0.25,0.10432983636676979,12585.180958375,True,False
5647,1240.0,870,4045910,0.25,0.10662418156690587,12587.746393374997,True,False
5648,960.0,784,4046694,0.25,0.11301556486180242,12591.38029383299,True,False
5649,230.0,323,4047017,0.25,0.10158079690127461,12592.726888582998,True,False
5650,590.0,616,4047633,0.25,0.09913768816449038,12595.401726957993,True,False
5651,1110.0,720,4048353,0.25,0.11025885845431023,12598.983033207987,True,False
5652,1070.0,763,4049116,0.25,0.12727023692343248,12601.258020624999,True,False
5653,700.0,581,4049697,0.25,0.1054361614045398,12603.029756874996,True,False
5654,1120.0,647,4050344,0.25,0.12325440797908807,12604.95737866599,True,False
5655,1250.0,738,4051082,0.25,0.11470152851720543,12607.146934582997,True,False
5656,980.0,799,4051881,0.25,0.09884509378112853,12609.553727249993,True,False
5657,1100.0,805,4052686,0.25,0.11431333759048981,12611.956900790989,True,False
5658,1690.0,732,4053418,0.25,0.10909586734662616,12614.150945665999,True,False
5659,760.0,554,4053972,0.25,0.10664391537739647,12615.833306124987,True,False
5660,840.0,512,4054484,0.25,0.11572387166961562,12617.376325707999,True,False
5661,1330.0,768,4055252,0.25,0.10191516404544625,12619.653320957994,True,False
5662,1330.0,857,4056109,0.25,0.11283717251374065,12622.5328095,True,False
5663,2140.0,891,4057000,0.25,0.120136390477753,12625.554213957992,True,False
5664,1380.0,896,4057896,0.25,0.09073952046622123,12628.213067749995,True,False
5665,1290.0,754,4058650,0.25,0.10644445600027734,12630.455101915999,True,False
5666,440.0,570,4059220,0.25,0.10699993732769589,12632.178370457987,True,False
5667,2250.0,847,4060067,0.25,0.11459653466163089,12634.684039790998,True,False
5668,880.0,677,4060744,0.25,0.13608066018889933,12636.699048999988,True,False
5669,1430.0,891,4061635,0.25,0.10559321416390909,12639.343986790991,True,False
5670,1050.0,733,4062368,0.25,0.0981183711986017,12641.539086957986,True,False
5671,970.0,706,4063074,0.25,0.1057990167120641,12643.639178665995,True,False
5672,1000.0,514,4063588,0.25,0.10993537103194137,12645.194090082994,True,False
5673,1200.0,860,4064448,0.25,0.10731281661536804,12647.732673583,True,False
5674,2560.0,934,4065382,0.25,0.11542163349592123,12651.457574249987,True,False
5675,1460.0,872,4066254,0.25,0.08491271941008371,12654.66089033299,True,False
5676,1640.0,657,4066911,0.25,0.1031616229518521,12657.892976332994,True,False
5677,2090.0,975,4067886,0.25,0.10626494140196287,12660.927878457995,True,False
5678,2700.0,1016,4068902,0.25,0.1063933370004254,12663.900861540998,True,False
5679,1930.0,834,4069736,0.25,0.10465938831416614,12666.407421540993,True,False
5680,960.0,626,4070362,0.25,0.09292030978637437,12668.254239499991,True,False
5681,1410.0,914,4071276,0.25,0.10491170246951184,12670.967644707998,True,False
5682,1480.0,875,4072151,0.25,0.11394722879343076,12673.570502999995,True,False
5683,1030.0,802,4072953,0.25,0.10993212078748947,12675.952262583,True,False
5684,1300.0,704,4073657,0.25,0.11734671622980386,12678.054343540993,True,False
5685,1430.0,811,4074468,0.25,0.08337551168179864,12680.473943790988,True,False
5686,2800.0,895,4075363,0.25,0.07655981460360668,12683.12255970799,True,False
5687,900.0,580,4075943,0.25,0.10839406797855065,12684.87633354099,True,False
5688,470.0,460,4076403,0.25,0.11527070158525654,12686.270755291,True,False
5689,2240.0,894,4077297,0.25,0.12243001210403495,12688.921736665987,True,False
5690,1390.0,1089,4078386,0.25,0.09308500574244295,12692.135764832987,True,False
5691,1530.0,596,4078982,0.25,0.11419546172872885,12693.92670779099,True,False
5692,1340.0,735,4079717,0.25,0.09369583147496957,12696.113683874995,True,False
5693,840.0,564,4080281,0.25,0.10532542602126058,12697.812978165995,True,False
5694,770.0,555,4080836,0.25,0.10338169763789332,12699.469993957988,True,False
5695,1050.0,805,4081641,0.25,0.11653913015416309,12701.857661499991,True,False
5696,2050.0,976,4082617,0.25,0.12688792764102338,12704.755580207988,True,False
5697,1990.0,959,4083576,0.25,0.11368630582777163,12707.598016624994,True,False
5698,700.0,503,4084079,0.25,0.09190950766205788,12709.103377290987,True,False
5699,830.0,554,4084633,0.25,0.0968419830683324,12710.835853624987,True,False
5700,800.0,639,4085272,0.25,0.10138923310441897,12713.893982999987,True,False
5701,790.0,658,4085930,0.25,0.11161730957512812,12717.052158665989,True,False
5702,1240.0,887,4086817,0.25,0.10561807019854183,12719.624089249992,True,False
5703,1810.0,884,4087701,0.25,0.10711973423466963,12722.326523207987,True,False
5704,1130.0,748,4088449,0.25,0.10813399441141815,12724.557119040997,True,False
5705,1060.0,663,4089112,0.25,0.09257488198443709,12726.52786412499,True,False
5706,1120.0,689,4089801,0.25,0.09247841772645018,12728.574988875,True,False
5707,1020.0,660,4090461,0.25,0.09445585517607855,12730.528281915991,True,False
5708,880.0,743,4091204,0.25,0.08016430012761586,12732.730714999998,True,False
5709,1470.0,941,4092145,0.25,0.10226096286577113,12735.51075624999,True,False
5710,2270.0,1064,4093209,0.25,0.11270392199460053,12738.652751582995,True,False
5711,850.0,682,4093891,0.25,0.10015651360154151,12740.685323957994,True,False
5712,1020.0,642,4094533,0.25,0.07795435403652998,12742.59296029099,True,False
5713,890.0,774,4095307,0.25,0.08883076155355557,12744.891305707992,True,False
5714,890.0,586,4095893,0.25,0.07543557801214205,12746.641338874993,True,False
5715,1350.0,715,4096608,0.25,0.09198734523239416,12748.771726082996,True,False
5716,1340.0,841,4097449,0.25,0.07824666543109786,12751.478918832989,True,False
5717,1070.0,677,4098126,0.25,0.121928577592387,12753.457199375,True,False
5718,1230.0,895,4099021,0.25,0.12296002534484225,12756.15325599999,True,False
5719,1130.0,872,4099893,0.25,0.10671954736147725,12758.845947999987,True,False
5720,1570.0,1021,4100914,0.25,0.1138176905064314,12761.858493041,True,False
5721,1510.0,630,4101544,0.25,0.11142564626245559,12763.76463133299,True,False
5722,1100.0,763,4102307,0.25,0.1127809712467225,12766.010408832997,True,False
5723,2120.0,972,4103279,0.25,0.09996642326407226,12768.898165540988,True,False
5724,1070.0,747,4104026,0.25,0.11651385743868224,12771.263134249995,True,False
5725,1220.0,753,4104779,0.25,0.09815493403398927,12774.568180666,True,False
5726,1510.0,1074,4105853,0.25,0.10423162202852809,12778.735828707999,True,False
5727,2010.0,814,4106667,0.25,0.08978564722527718,12781.209694707999,True,False
5728,1480.0,907,4107574,0.25,0.1055289877964274,12783.917729458,True,False
5729,1530.0,929,4108503,0.25,0.09128991545354627,12786.682300207991,True,False
5730,1130.0,663,4109166,0.25,0.08890293426362865,12788.812785874994,True,False
5731,1460.0,719,4109885,0.25,0.08252098298528128,12790.952797374994,True,False
5732,1490.0,1094,4110979,0.25,0.09751378078927923,12794.187067374995,True,False
5733,1090.0,685,4111664,0.25,0.08601355697786392,12796.259091665997,True,False
5734,1540.0,796,4112460,0.25,0.09185225307829116,12798.641954166,True,False
5735,1090.0,678,4113138,0.25,0.08701862575563453,12800.668188332987,True,False
5736,1170.0,842,4113980,0.25,0.10363920512322283,12803.163303790992,True,False
5737,1030.0,750,4114730,0.25,0.10393696407822364,12805.408358540997,True,False
5738,1100.0,1104,4115834,0.25,0.09259073988305054,12808.671862207993,True,False
5739,1710.0,864,4116698,0.25,0.09227037613487078,12811.228796665993,True,False
5740,900.0,714,4117412,0.25,0.10498050600290298,12813.375066499997,True,False
5741,1010.0,558,4117970,0.25,0.10852860304252278,12815.051377540993,True,False
5742,1090.0,667,4118637,0.25,0.10649485567105031,12817.040911290998,True,False
5743,1120.0,719,4119356,0.25,0.10481643485836685,12819.188849540995,True,False
5744,1550.0,665,4120021,0.25,0.11609204021473248,12821.167746082996,True,False
5745,1180.0,866,4120887,0.25,0.08389465891997572,12823.751407541,True,False
5746,1040.0,698,4121585,0.25,0.09965196623333863,12825.839499874986,True,False
5747,900.0,778,4122363,0.25,0.11410461407462039,12828.352942707992,True,False
5748,1440.0,909,4123272,0.25,0.09715448170410175,12831.019691124995,True,False
5749,1160.0,747,4124019,0.25,0.09924427494006131,12833.348285040993,True,False
5750,1180.0,637,4124656,0.25,0.08198888220940717,12835.311134541,True,False
5751,410.0,554,4125210,0.25,0.10689334074656169,12837.890237582993,True,False
5752,1150.0,746,4125956,0.25,0.09027496301992373,12840.134158124987,True,False
5753,1300.0,902,4126858,0.25,0.08700157955288887,12842.884267624991,True,False
5754,1050.0,840,4127698,0.25,0.09604206651094414,12846.771598290987,True,False
5755,1170.0,688,4128386,0.25,0.07949039014056325,12849.190162165993,True,False
5756,1160.0,704,4129090,0.25,0.08891592862677168,12851.279867665988,True,False
5757,1130.0,838,4129928,0.25,0.11114631164819003,12853.919787708,True,False
5758,1710.0,1023,4130951,0.25,0.09613536632090222,12857.00827120799,True,False
5759,480.0,576,4131527,0.25,0.07349678351440364,12858.963046790988,True,False
5760,1050.0,599,4132126,0.25,0.0956332091242075,12861.065226583,True,False
5761,1100.0,788,4132914,0.25,0.09976418418478845,12863.68548624999,True,False
5762,850.0,813,4133727,0.25,0.10126047630982446,12866.09223083299,True,False
5763,1220.0,745,4134472,0.25,0.07278816957763809,12868.361085915996,True,False
5764,350.0,496,4134968,0.25,0.09212347743431887,12869.890112374997,True,False
5765,850.0,640,4135608,0.25,0.10799175248248502,12871.814689499995,True,False
5766,1190.0,595,4136203,0.25,0.0850071985324895,12873.595581457994,True,False
5767,990.0,719,4136922,0.25,0.09892470004657904,12875.77558716599,True,False
5768,1530.0,644,4137566,0.25,0.08621387356047674,12877.72458283299,True,False
5769,450.0,561,4138127,0.25,0.12165711099015815,12879.424063790997,True,False
5770,1300.0,786,4138913,0.25,0.08737302806020388,12881.810531915995,True,False
5771,1310.0,884,4139797,0.25,0.0923137710138953,12884.468040290987,True,False
5772,1060.0,722,4140519,0.25,0.1134130348968837,12886.639784999992,True,False
5773,1490.0,876,4141395,0.25,0.1076395058298492,12889.266574915993,True,False
5774,1350.0,845,4142240,0.25,0.11985917155683604,12891.809399291,True,False
5775,1850.0,934,4143174,0.25,0.12279699334291173,12894.61102674999,True,False
5776,1390.0,770,4143944,0.25,0.10099915274143836,12898.139850624997,True,False
5777,1290.0,889,4144833,0.25,0.0915983248300649,12900.820247457988,True,False
5778,930.0,711,4145544,0.25,0.110021502365557,12902.948380207992,True,False
5779,1430.0,930,4146474,0.25,0.1200969928618649,12905.71390612499,True,False
5780,1220.0,624,4147098,0.25,0.11296320528699419,12907.647364207995,True,False
5781,600.0,513,4147611,0.25,0.09877142764162272,12909.467881582998,True,False
5782,1280.0,690,4148301,0.25,0.09585768433363107,12911.831952124994,True,False
5783,1060.0,689,4148990,0.25,0.07908819231941083,12913.990321124991,True,False
5784,1280.0,1153,4150143,0.25,0.09176696327954738,12917.462744790988,True,False
5785,1530.0,932,4151075,0.25,0.09921681292578897,12920.271149207998,True,False
5786,1470.0,728,4151803,0.25,0.09838385493136369,12922.432416124997,True,False
5787,1030.0,737,4152540,0.25,0.08257703052179234,12924.650260665992,True,False
5788,630.0,530,4153070,0.25,0.10997070810955131,12926.25668120799,True,False
5789,1630.0,730,4153800,0.25,0.13116124764980513,12928.428663957995,True,False
5790,1290.0,724,4154524,0.25,0.10008487389397226,12930.57927141599,True,False
5791,440.0,454,4154978,0.25,0.08463270576522414,12931.96919199999,True,False
5792,860.0,678,4155656,0.25,0.10044998022563317,12934.029973332988,True,False
5793,1030.0,629,4156285,0.25,0.13255549924578636,12935.951076290992,True,False
5794,1880.0,920,4157205,0.25,0.11161073204129934,12938.69512920799,True,False
5795,2330.0,627,4157832,0.25,0.11380166027718669,12940.593185708,True,False
5796,1010.0,832,4158664,0.25,0.08970867767661381,12943.089140249998,True,False
5797,1560.0,725,4159389,0.25,0.1051051026488042,12945.390112040986,True,False
5798,1040.0,550,4159939,0.25,0.10684320085892712,12947.325141249996,True,False
5799,1690.0,704,4160643,0.25,0.1329488872804425,12949.762517915995,True,False
5800,1120.0,1110,4161753,0.25,0.11941936088846528,12953.243841624993,True,False
5801,2050.0,959,4162712,0.25,0.09680614999961108,12957.16411862499,True,False
5802,1400.0,747,4163459,0.25,0.09602432959382573,12959.410566124992,True,False
5803,1330.0,824,4164283,0.25,0.1065891639338535,12961.857627833,True,False
5804,1000.0,662,4164945,0.25,0.1040190659261432,12963.841963457991,True,False
5805,990.0,769,4165714,0.25,0.09389555072993971,12966.149423165989,True,False
5806,1010.0,743,4166457,0.25,0.0997507905046786,12968.372302082993,True,False
5807,1150.0,708,4167165,0.25,0.1179554674690221,12970.494985624988,True,False
5808,2470.0,930,4168095,0.25,0.09083081708803516,12973.268991582998,True,False
5809,1270.0,768,4168863,0.25,0.13199955853633583,12975.558977415989,True,False
5810,1800.0,978,4169841,0.25,0.10962009161558686,12978.479271915989,True,False
5811,1050.0,683,4170524,0.25,0.10462478768320112,12980.647188790987,True,False
5812,2350.0,637,4171161,0.25,0.10847007713438768,12982.548576749992,True,False
5813,1060.0,686,4171847,0.25,0.11693020928542168,12984.609238707999,True,False
5814,1170.0,830,4172677,0.25,0.09945854627025816,12987.08285133299,True,False
5815,1340.0,758,4173435,0.25,0.10934038817015275,12989.321983082991,True,False
5816,1310.0,774,4174209,0.25,0.09198109488742254,12991.630925582998,True,False
5817,1260.0,1023,4175232,0.25,0.10170696725981543,12994.663582207999,True,False
5818,1100.0,829,4176061,0.25,0.10822348483806647,12997.126563999991,True,False
5819,680.0,661,4176722,0.25,0.1255110984837467,12999.112806291,True,False
5820,1110.0,632,4177354,0.25,0.10816477236774148,13000.99950479099,True,False
5821,1480.0,1033,4178387,0.25,0.12468580410693043,13004.091069832997,True,False
5822,1100.0,1162,4179549,0.25,0.11091212343258136,13007.551580374988,True,False
5823,1280.0,714,4180263,0.25,0.0930525085187695,13009.702460790999,True,False
5824,1460.0,922,4181185,0.25,0.10665014170077972,13012.486315957998,True,False
5825,1030.0,815,4182000,0.25,0.10609806833021782,13014.924961624987,True,False
5826,1080.0,771,4182771,0.25,0.09581937904780109,13018.097097332997,True,False
5827,1070.0,585,4183356,0.25,0.13633826135524682,13019.907027999987,True,False
5828,1070.0,727,4184083,0.25,0.12143771497543016,13022.076922790991,True,False
5829,680.0,609,4184692,0.25,0.10285879021473959,13023.906840207987,True,False
5830,930.0,615,4185307,0.25,0.09445529859634785,13025.763219916,True,False
5831,1370.0,603,4185910,0.25,0.10831233472964227,13027.58139066599,True,False
5832,1450.0,899,4186809,0.25,0.1281231376611524,13030.300864874996,True,False
5833,1220.0,656,4187465,0.25,0.09782095204629912,13032.283734915996,True,False
5834,1850.0,852,4188317,0.25,0.0891356809248387,13034.834545207996,True,False
5835,1400.0,622,4188939,0.25,0.14857049344047424,13036.715876290997,True,False
5836,1220.0,750,4189689,0.25,0.13056873374598774,13038.964248541,True,False
5837,1440.0,1095,4190784,0.25,0.104461423862372,13042.207663124995,True,False
5838,670.0,642,4191426,0.25,0.10207036497304216,13044.159999915995,True,False
5839,1250.0,944,4192370,0.25,0.10557444238151281,13046.961610040991,True,False
5840,720.0,639,4193009,0.25,0.12587973520858214,13048.884925957987,True,False
5841,1070.0,754,4193763,0.25,0.1138196101194208,13051.117374208,True,False
5842,1690.0,827,4194590,0.25,0.09496325312929164,13053.602889915986,True,False
5843,1350.0,735,4195325,0.25,0.12287106156430166,13055.791906457991,True,False
5844,410.0,406,4195731,0.25,0.0985405623709949,13057.032602457999,True,False
5845,1130.0,714,4196445,0.25,0.11556826943958272,13059.175125374997,True,False
5846,1300.0,902,4197347,0.25,0.11910223977433311,13061.854953082991,True,False
5847,690.0,631,4197978,0.25,0.1043520593850673,13063.75768458299,True,False
5848,780.0,663,4198641,0.25,0.08031333345605667,13065.736869290995,True,False
5849,1500.0,1048,4199689,0.25,0.10789004683437693,13068.88645549999,True,False
5850,1040.0,709,4200398,0.25,0.10546104097475777,13071.042686999994,True,False
5851,1400.0,828,4201226,0.25,0.1302404565565684,13074.282028290996,True,False
5852,1170.0,654,4201880,0.25,0.13160253311620979,13076.310048249987,True,False
5853,2690.0,865,4202745,0.25,0.12325442478026229,13078.928173749999,True,False
5854,1230.0,737,4203482,0.25,0.10039010706722089,13081.118650249991,True,False
5855,1040.0,793,4204275,0.25,0.10325239091697666,13083.507724540992,True,False
5856,2230.0,555,4204830,0.25,0.10579962162769956,13085.198588165993,True,False
5857,1770.0,883,4205713,0.25,0.09956236203449749,13087.837119541,True,False
5858,1700.0,1051,4206764,0.25,0.10953394951787512,13090.982176165999,True,False
5859,1100.0,854,4207618,0.25,0.11529109927830002,13093.52066512499,True,False
5860,1980.0,888,4208506,0.25,0.09471750350853612,13096.17041308299,True,False
5861,690.0,556,4209062,0.25,0.12007393260493124,13097.858087916,True,False
5862,2530.0,1181,4210243,0.25,0.11619958709609711,13101.34079704099,True,False
5863,1180.0,656,4210899,0.25,0.0868919349230099,13103.317514999988,True,False
5864,910.0,634,4211533,0.25,0.10302235050208913,13105.228581457995,True,False
5865,2090.0,846,4212379,0.25,0.09049093405499843,13107.796095082987,True,False
5866,1340.0,781,4213160,0.25,0.09439763601641266,13110.142025915993,True,False
5867,1640.0,860,4214020,0.25,0.08062859639352145,13112.691326040993,True,False
5868,1230.0,758,4214778,0.25,0.0886094296676299,13114.946918165995,True,False
5869,2350.0,636,4215414,0.25,0.11197569046708399,13116.851631707992,True,False
5870,1110.0,620,4216034,0.25,0.0995402596650585,13118.700131833,True,False
5871,960.0,699,4216733,0.25,0.12095736345010144,13120.77542841599,True,False
5872,1330.0,722,4217455,0.25,0.10915951635688544,13122.934546915989,True,False
5873,1240.0,970,4218425,0.25,0.10317332092902542,13125.810780665997,True,False
5874,1260.0,748,4219173,0.25,0.10703857243061066,13128.034679999997,True,False
5875,2370.0,693,4219866,0.25,0.10377867032122405,13130.124209791,True,False
5876,1100.0,641,4220507,0.25,0.09753184890141711,13133.196999583,True,False
5877,1590.0,764,4221271,0.25,0.10584059831593673,13135.561734165996,True,False
5878,830.0,679,4221950,0.25,0.09272561629905421,13137.615960083,True,False
5879,1120.0,709,4222659,0.25,0.09497523274125352,13139.697503624993,True,False
5880,1090.0,746,4223405,0.25,0.09073218785943513,13141.955269125,True,False
5881,1690.0,913,4224318,0.25,0.09401689544973667,13144.687589915993,True,False
5882,1470.0,988,4225306,0.25,0.10285091965726996,13147.681893874993,True,False
5883,2140.0,993,4226299,0.25,0.09981211343960415,13150.63215291599,True,False
5884,1970.0,853,4227152,0.25,0.09860345536721087,13153.204841707993,True,False
5885,1040.0,730,4227882,0.25,0.09746616360332284,13155.387640124987,True,False
5886,1370.0,1000,4228882,0.25,0.09162977217137813,13158.37652133299,True,False
5887,900.0,727,4229609,0.25,0.08118303734195101,13160.571977290994,True,False
5888,870.0,703,4230312,0.25,0.09026786416176368,13162.696909874998,True,False
5889,1020.0,619,4230931,0.25,0.10097773442069044,13164.856747290993,True,False
5890,980.0,632,4231563,0.25,0.10361450026401237,13167.031498124998,True,False
5891,1020.0,710,4232273,0.25,0.10542791258292587,13169.359752582997,True,False
5892,1470.0,646,4232919,0.25,0.09102742224700333,13171.262512791,True,False
5893,1260.0,756,4233675,0.25,0.12013616630679401,13173.64454241599,True,False
5894,1540.0,734,4234409,0.25,0.10364806611576806,13175.867169957986,True,False
5895,1220.0,756,4235165,0.25,0.0950334739215948,13178.123176624998,True,False
5896,1040.0,646,4235811,0.25,0.1199356288481388,13180.056735166,True,False
5897,1230.0,870,4236681,0.25,0.0741192391313134,13182.674091999987,True,False
5898,780.0,606,4237287,0.25,0.10585907300231077,13184.485627624992,True,False
5899,1380.0,654,4237941,0.25,0.11390196502481292,13186.433461624998,True,False
5900,1030.0,737,4238678,0.25,0.09991681444175217,13188.646911749995,True,False
5901,980.0,651,4239329,0.25,0.08604600781037763,13191.632634124995,True,False
5902,1180.0,725,4240054,0.25,0.10558015964307838,13193.830488124993,True,False
5903,1400.0,786,4240840,0.25,0.10566372579426934,13196.210948124994,True,False
5904,1250.0,767,4241607,0.25,0.10211271944782496,13198.487329374999,True,False
5905,2100.0,541,4242148,0.25,0.09083086104296587,13200.127532290993,True,False
5906,1190.0,770,4242918,0.25,0.09902511066563117,13202.440895458,True,False
5907,910.0,709,4243627,0.25,0.11431900272935124,13204.576697832992,True,False
5908,1310.0,839,4244466,0.25,0.0915765644272878,13207.103980290995,True,False
5909,2130.0,901,4245367,0.25,0.1036426001538833,13209.813114374992,True,False
5910,1020.0,830,4246197,0.25,0.10379076742817862,13212.299787790995,True,False
5911,2470.0,894,4247091,0.25,0.0976143983931953,13215.159418249998,True,False
5912,1300.0,724,4247815,0.25,0.13104897482289793,13217.494499374996,True,False
5913,950.0,694,4248509,0.25,0.08715992023761587,13219.993241290998,True,False
5914,1600.0,1156,4249665,0.25,0.1185838835165678,13223.817036333,True,False
5915,720.0,466,4250131,0.25,0.11955444548471734,13225.201167832987,True,False
5916,1460.0,1337,4251468,0.25,0.10728375322894373,13229.244634332994,True,False
5917,1230.0,732,4252200,0.25,0.07746536141169853,13232.431001874997,True,False
5918,2350.0,1040,4253240,0.25,0.10261013060808181,13236.597813,True,False
5919,1090.0,748,4253988,0.25,0.0838489384156338,13238.852961749988,True,False
5920,760.0,566,4254554,0.25,0.13173276282424198,13240.577116290995,True,False
5921,1560.0,689,4255243,0.25,0.11466192736745227,13242.709920207999,True,False
5922,960.0,697,4255940,0.25,0.10399071535893849,13244.818214249986,True,False
5923,920.0,632,4256572,0.25,0.1050170954033921,13246.726808415988,True,False
5924,750.0,614,4257186,0.25,0.11730185059794024,13248.59763491599,True,False
5925,1260.0,811,4257997,0.25,0.11544621108200749,13251.045321665995,True,False
5926,1410.0,853,4258850,0.25,0.10807520040953664,13254.591671832997,True,False
5927,1480.0,665,4259515,0.25,0.10025081136656633,13256.642094040988,True,False
5928,1400.0,779,4260294,0.25,0.09961115386432562,13259.01157612499,True,False
5929,1730.0,784,4261078,0.25,0.09622319710764046,13261.385660999993,True,False
5930,1590.0,853,4261931,0.25,0.09305546389883952,13263.974030499987,True,False
5931,1600.0,708,4262639,0.25,0.11304102573901584,13266.115887332999,True,False
5932,920.0,750,4263389,0.25,0.11248292989949597,13268.397663957992,True,False
5933,1030.0,535,4263924,0.25,0.12461654793248693,13270.030680249998,True,False
5934,690.0,520,4264444,0.25,0.1250341446353839,13271.67752966599,True,False
5935,1460.0,785,4265229,0.25,0.10129002753493128,13274.473595207994,True,False
5936,2210.0,869,4266098,0.25,0.11936606190377666,13277.382581707992,True,False
5937,940.0,758,4266856,0.25,0.10864032452043734,13279.629948082991,True,False
5938,1350.0,790,4267646,0.25,0.10040870451647316,13282.011242582987,True,False
5939,1040.0,640,4268286,0.25,0.09934362850617617,13283.994197207998,True,False
5940,1000.0,832,4269118,0.25,0.09684534866559821,13286.50567220799,True,False
5941,1320.0,1076,4270194,0.25,0.1256561892169448,13289.747146290989,True,False
5942,1240.0,877,4271071,0.25,0.10204055236831103,13292.379496707988,True,False
5943,980.0,604,4271675,0.25,0.13122068102539375,13294.192704665998,True,False
5944,1070.0,822,4272497,0.25,0.11927552895566214,13296.65174183299,True,False
5945,1040.0,727,4273224,0.25,0.11128835879511885,13298.846934582994,True,False
5946,1420.0,1129,4274353,0.25,0.1041756799537028,13302.33567770799,True,False
5947,1330.0,933,4275286,0.25,0.10992654391800258,13305.15519104099,True,False
5948,670.0,508,4275794,0.25,0.1252367705928059,13306.695273416,True,False
5949,980.0,678,4276472,0.25,0.11926764527007061,13308.736246457993,True,False
5950,1630.0,709,4277181,0.25,0.11295249441501784,13310.864667624992,True,False
5951,1000.0,707,4277888,0.25,0.10348955860182558,13314.493211249996,True,False
5952,1490.0,960,4278848,0.25,0.1349994817748666,13317.543643665995,True,False
5953,1200.0,675,4279523,0.25,0.11518669075199536,13319.5769955,True,False
5954,1230.0,882,4280405,0.25,0.10970598907627131,13322.261804333,True,False
5955,2400.0,848,4281253,0.25,0.10174365233594798,13324.826680415994,True,False
5956,1640.0,653,4281906,0.25,0.09102316462417688,13326.79649108299,True,False
5957,790.0,662,4282568,0.25,0.11246113572269678,13328.803971540998,True,False
5958,1060.0,873,4283441,0.25,0.08829514416566955,13331.449269207995,True,False
5959,1790.0,1245,4284686,0.25,0.10704368624800271,13335.174522957997,True,False
5960,860.0,615,4285301,0.25,0.10193585523392086,13337.038535665997,True,False
5961,1280.0,769,4286070,0.25,0.1267019655109228,13339.367478790999,True,False
5962,1320.0,895,4286965,0.25,0.10291486821785968,13342.067028874997,True,False
5963,2530.0,730,4287695,0.25,0.10100727572341214,13344.27291008299,True,False
5964,870.0,560,4288255,0.25,0.13300229283049703,13345.978547624996,True,False
5965,1100.0,697,4288952,0.25,0.10892528431756156,13348.095346832997,True,False
5966,1550.0,748,4289700,0.25,0.11631860673666637,13350.463417499996,True,False
5967,1130.0,811,4290511,0.25,0.13071196566861454,13353.0056185,True,False
5968,1310.0,757,4291268,0.25,0.10432570487456887,13355.270075124994,True,False
5969,1100.0,674,4291942,0.25,0.1272966873699001,13357.37299879099,True,False
5970,1170.0,737,4292679,0.25,0.10263794205030022,13359.684825749995,True,False
5971,2380.0,1155,4293834,0.25,0.11167366024119631,13363.172280082988,True,False
5972,980.0,674,4294508,0.25,0.11594606220678112,13365.35754204099,True,False
5973,800.0,608,4295116,0.25,0.10622811487777845,13368.579330790992,True,False
5974,1690.0,966,4296082,0.25,0.11867456371544308,13371.997815457988,True,False
5975,2550.0,925,4297007,0.25,0.11027652363885533,13374.78448212499,True,False
5976,2590.0,902,4297909,0.25,0.1191564574343177,13378.444118957996,True,False
5977,1060.0,788,4298697,0.25,0.11542649312786342,13380.896869374992,True,False
5978,920.0,748,4299445,0.25,0.13369144837964664,13383.16887899999,True,False
5979,1040.0,737,4300182,0.25,0.09618070568767903,13385.414087749989,True,False
5980,2640.0,910,4301092,0.25,0.11965363173696555,13388.2289455,True,False
5981,1650.0,990,4302082,0.25,0.12361002571669667,13391.265484707998,True,False
5982,2400.0,680,4302762,0.25,0.11210685558617114,13393.550714707992,True,False
5983,990.0,707,4303469,0.25,0.11124629800939291,13395.67713862499,True,False
5984,1010.0,616,4304085,0.25,0.12458776291943603,13397.566743374991,True,False
5985,1090.0,716,4304801,0.25,0.11195797703161253,13399.75859099999,True,False
5986,1300.0,1103,4305904,0.25,0.1251480596382981,13403.085079082986,True,False
5987,1030.0,880,4306784,0.25,0.12049184017391368,13405.755191040997,True,False
5988,1210.0,665,4307449,0.25,0.1270051842039249,13407.814318040997,True,False
5989,1840.0,831,4308280,0.25,0.12113036770516863,13410.34467466599,True,False
5990,1040.0,732,4309012,0.25,0.11216852217505538,13412.565351082987,True,False
5991,840.0,566,4309578,0.25,0.11834032233830885,13414.302653207997,True,False
5992,960.0,826,4310404,0.25,0.1166054577463203,13416.813649958,True,False
5993,850.0,618,4311022,0.25,0.13207788488452699,13418.690214832997,True,False
5994,1280.0,781,4311803,0.25,0.10932224642198819,13421.109529333,True,False
5995,2050.0,856,4312659,0.25,0.12431331381863245,13423.780377165996,True,False
5996,1390.0,1169,4313828,0.25,0.11020819552293613,13427.25457720799,True,False
5997,840.0,698,4314526,0.25,0.1436713608731141,13429.454725874995,True,False
5998,1370.0,879,4315405,0.25,0.10821631882678379,13432.077148957993,True,False
5999,710.0,417,4315822,0.25,0.11129197326058951,13433.363386957993,True,False
6000,900.0,718,4316540,0.25,0.11639419736133681,13435.574033832992,True,False
6001,780.0,581,4317121,0.25,0.12039636120457074,13438.474956415987,True,False
6002,1100.0,799,4317920,0.25,0.10833174544386566,13440.993862165997,True,False
6003,1920.0,1013,4318933,0.25,0.12053082798692313,13444.185019332988,True,False
6004,1110.0,674,4319607,0.25,0.14367549744479002,13446.21889774999,True,False
6005,1610.0,706,4320313,0.25,0.1051246329910506,13448.353216958,True,False
6006,1050.0,729,4321042,0.25,0.09495517528605657,13450.55779308299,True,False
6007,1220.0,1206,4322248,0.25,0.10593283490358008,13454.171758332988,True,False
6008,1030.0,662,4322910,0.25,0.13896105711658796,13456.261116499998,True,False
6009,940.0,624,4323534,0.25,0.10517703556121351,13458.146480040989,True,False
6010,1890.0,820,4324354,0.25,0.13290411178476927,13460.635143583,True,False
6011,1010.0,606,4324960,0.25,0.13479046206186085,13462.476535124995,True,False
6012,840.0,671,4325631,0.25,0.11490242478777905,13464.499452165997,True,False
6013,1560.0,602,4326233,0.25,0.12856370716398915,13466.343375665994,True,False
6014,1430.0,867,4327100,0.25,0.11095798105722474,13468.971266499997,True,False
6015,1430.0,767,4327867,0.25,0.10152547516864945,13471.255012290989,True,False
6016,1710.0,786,4328653,0.25,0.1191821775214775,13473.610964290987,True,False
6017,980.0,671,4329324,0.25,0.103790323715657,13475.654326749995,True,False
6018,950.0,705,4330029,0.25,0.11980804079212248,13477.77789391599,True,False
6019,1230.0,770,4330799,0.25,0.11149996188275206,13480.069230499998,True,False
6020,530.0,512,4331311,0.25,0.112526813391014,13481.607661874994,True,False
6021,1200.0,652,4331963,0.25,0.11090797472722326,13483.588682957998,True,False
6022,1000.0,861,4332824,0.25,0.10887685368113496,13486.19581866599,True,False
6023,1080.0,695,4333519,0.25,0.13979563043813484,13488.260028624994,True,False
6024,1530.0,1095,4334614,0.25,0.12312824819508912,13491.569071832986,True,False
6025,1020.0,658,4335272,0.25,0.10270995212097962,13493.660317332993,True,False
6026,1110.0,765,4336037,0.25,0.1116145237383106,13496.854134999987,True,False
6027,1020.0,667,4336704,0.25,0.10454426935600664,13498.86858825,True,False
6028,1120.0,899,4337603,0.25,0.10190146830531635,13501.580290624988,True,False
6029,1420.0,726,4338329,0.25,0.1368019405220236,13503.744179707995,True,False
6030,1060.0,774,4339103,0.25,0.1286613418783394,13506.081230749987,True,False
6031,1160.0,714,4339817,0.25,0.10312984949342033,13508.23275404099,True,False
6032,1290.0,865,4340682,0.25,0.12325681964176949,13510.824924457993,True,False
6033,930.0,578,4341260,0.25,0.12973762861099736,13512.588724249988,True,False
6034,1460.0,620,4341880,0.25,0.11616250783685715,13514.46730012499,True,False
6035,1730.0,962,4342842,0.25,0.10436489034909754,13517.326625415997,True,False
6036,1080.0,834,4343676,0.25,0.13168168609346928,13519.836777540986,True,False
6037,950.0,1028,4344704,0.25,0.12522097527690898,13522.957514582988,True,False
6038,1560.0,1081,4345785,0.25,0.1289588990172854,13526.21501154099,True,False
6039,1000.0,659,4346444,0.25,0.12370353114198554,13528.178820749992,True,False
6040,1320.0,813,4347257,0.25,0.11840568459019285,13530.62817070799,True,False
6041,890.0,618,4347875,0.25,0.13806153100903157,13532.482355249987,True,False
6042,1400.0,761,4348636,0.25,0.09850198614620725,13534.749934166,True,False
6043,1200.0,675,4349311,0.25,0.10162388012256651,13536.813759915996,True,False
6044,540.0,522,4349833,0.25,0.089515031009685,13538.687751540987,True,False
6045,1790.0,1015,4350848,0.25,0.11542582322704041,13542.125609625,True,False
6046,2380.0,815,4351663,0.25,0.14277894605923755,13544.514025290991,True,False
6047,1440.0,724,4352387,0.25,0.12225232726137941,13546.676987374987,True,False
6048,2050.0,1015,4353402,0.25,0.1300793906057796,13549.709858540999,True,False
6049,2710.0,840,4354242,0.25,0.1233117804108631,13552.208141874988,True,False
6050,2140.0,901,4355143,0.25,0.11312077865832382,13554.879129207999,True,False
6051,1180.0,859,4356002,0.25,0.11649735665252042,13558.409968415988,True,False
6052,940.0,745,4356747,0.25,0.13628288414529574,13560.632300665995,True,False
6053,940.0,653,4357400,0.25,0.09434171350354828,13562.588266207997,True,False
6054,1090.0,682,4358082,0.25,0.12471448163337567,13564.616895707994,True,False
6055,1000.0,691,4358773,0.25,0.12788632028666191,13566.665449915992,True,False
6056,1410.0,796,4359569,0.25,0.09285232744848908,13569.030895832999,True,False
6057,1410.0,609,4360178,0.25,0.11020647888807089,13570.859767624992,True,False
6058,1230.0,714,4360892,0.25,0.12446974720493709,13572.977664415987,True,False
6059,870.0,866,4361758,0.25,0.1103099864407408,13575.545117040994,True,False
6060,1270.0,764,4362522,0.25,0.11645499866514306,13577.826298040993,True,False
6061,1010.0,671,4363193,0.25,0.09840275838394605,13579.824615665988,True,False
6062,1380.0,855,4364048,0.25,0.10349740671150595,13582.373287249997,True,False
6063,1210.0,694,4364742,0.25,0.14705478953402165,13584.590101499998,True,False
6064,2350.0,926,4365668,0.25,0.11773190037989668,13587.466656582998,True,False
6065,1290.0,840,4366508,0.25,0.13422053113047566,13590.013196124986,True,False
6066,1150.0,819,4367327,0.25,0.1034567679881173,13592.48655624999,True,False
6067,1800.0,990,4368317,0.25,0.11827498371712863,13595.457670040996,True,False
6068,890.0,653,4368970,0.25,0.1141737296468824,13597.558120749993,True,False
6069,1300.0,658,4369628,0.25,0.11889115986273144,13599.963509624999,True,False
6070,2510.0,847,4370475,0.25,0.10615015368008218,13603.991771290996,True,False
6071,1010.0,660,4371135,0.25,0.12559109336950564,13606.370087207993,True,False
6072,1850.0,707,4371842,0.25,0.11093271252209858,13608.496889207992,True,False
6073,510.0,563,4372405,0.25,0.08197402213006577,13610.189004749991,True,False
6074,1680.0,746,4373151,0.25,0.10620859433566371,13612.460243499998,True,False
6075,680.0,502,4373653,0.25,0.14393184233515982,13614.025427165994,True,False
6076,1230.0,778,4374431,0.25,0.11232747750107161,13617.606730665997,True,False
6077,1110.0,668,4375099,0.25,0.15510494949039585,13619.707558499998,True,False
6078,1140.0,916,4376015,0.25,0.12191735622046035,13622.509797832987,True,False
6079,1050.0,700,4376715,0.25,0.10578853770026139,13624.643843374986,True,False
6080,760.0,588,4377303,0.25,0.09863134600272795,13626.449729874992,True,False
6081,1400.0,707,4378010,0.25,0.09187298989986296,13628.591843749993,True,False
6082,2000.0,835,4378845,0.25,0.1189527279612693,13631.090061999988,True,False
6083,1220.0,868,4379713,0.25,0.10704326221058445,13633.715098207991,True,False
6084,420.0,408,4380121,0.25,0.1011427045416306,13634.979163957993,True,False
6085,950.0,650,4380771,0.25,0.13319204088852363,13636.929115040999,True,False
6086,1250.0,800,4381571,0.25,0.12709486167877912,13639.313116040998,True,False
6087,2080.0,984,4382555,0.25,0.129043533671193,13642.240412707994,True,False
6088,1270.0,765,4383320,0.25,0.10755290468417418,13644.548145040986,True,False
6089,1270.0,755,4384075,0.25,0.11796181726249609,13646.804044332996,True,False
6090,1070.0,741,4384816,0.25,0.11972538832454913,13649.007259040998,True,False
6091,750.0,637,4385453,0.25,0.11569053547327998,13650.922477832995,True,False
6092,1570.0,733,4386186,0.25,0.13279217648538735,13653.102031207993,True,False
6093,1080.0,722,4386908,0.25,0.09290583164158447,13655.258178416,True,False
6094,1790.0,778,4387686,0.25,0.10668506026844081,13657.586943832997,True,False
6095,870.0,707,4388393,0.25,0.11331230988147231,13659.695165375,True,False
6096,1220.0,736,4389129,0.25,0.11528892976069904,13661.938406916,True,False
6097,1180.0,742,4389871,0.25,0.11788889056927448,13664.138126708,True,False
6098,1120.0,984,4390855,0.25,0.10999851249824695,13667.056243374987,True,False
6099,1340.0,852,4391707,0.25,0.0991925072851875,13669.675255790993,True,False
6100,830.0,625,4392332,0.25,0.11012870517031402,13671.531653915998,True,False
6101,1080.0,654,4392986,0.25,0.08636291019984184,13675.879816249988,True,False
6102,1210.0,695,4393681,0.25,0.09135536936208091,13677.972285332988,True,False
6103,910.0,635,4394316,0.25,0.08667375946288589,13679.914992665988,True,False
6104,1420.0,1037,4395353,0.25,0.09817972079523511,13683.010051457997,True,False
6105,1090.0,620,4395973,0.25,0.11499308900487039,13684.968833749997,True,False
6106,890.0,704,4396677,0.25,0.1247067111544311,13687.101965208,True,False
6107,710.0,545,4397222,0.25,0.11473842533579205,13688.76793570799,True,False
6108,520.0,586,4397808,0.25,0.09672225550526664,13690.534786915989,True,False
6109,1780.0,912,4398720,0.25,0.10993893616097539,13693.274487082992,True,False
6110,1350.0,754,4399474,0.25,0.10432059826091566,13695.518624290999,True,False
6111,1050.0,690,4400164,0.25,0.11909141434582672,13697.594769832998,True,False
6112,1460.0,738,4400902,0.25,0.12544882369389676,13699.79280029099,True,False
6113,1190.0,819,4401721,0.25,0.09805605724090483,13702.228667040996,True,False
6114,1780.0,795,4402516,0.25,0.12774442173727793,13704.588625082994,True,False
6115,880.0,731,4403247,0.25,0.10155758554381984,13706.768435291,True,False
6116,960.0,668,4403915,0.25,0.09945288957459127,13708.770658790992,True,False
6117,1280.0,725,4404640,0.25,0.10720158885181932,13710.94991487499,True,False
6118,1070.0,611,4405251,0.25,0.10092333667470436,13712.767748207989,True,False
6119,1660.0,1173,4406424,0.25,0.09840277674272149,13716.229109875,True,False
6120,1210.0,757,4407181,0.25,0.12094392369269694,13718.483877708,True,False
6121,820.0,670,4407851,0.25,0.10401972729021204,13720.488184624992,True,False
6122,1040.0,730,4408581,0.25,0.11039293256125164,13722.672324125,True,False
6123,1080.0,692,4409273,0.25,0.12262120137174178,13724.732834165989,True,False
6124,1270.0,876,4410149,0.25,0.09091463607638121,13727.334159540987,True,False
6125,1320.0,790,4410939,0.25,0.1263232873894539,13729.680287249997,True,False
6126,1090.0,777,4411716,0.25,0.10229623119036356,13732.855993540987,True,False
6127,830.0,672,4412388,0.25,0.10539595363661647,13734.859127207994,True,False
6128,940.0,787,4413175,0.25,0.11774274552887191,13737.172852541,True,False
6129,1140.0,824,4413999,0.25,0.1349443220397801,13739.62412254099,True,False
6130,1320.0,653,4414652,0.25,0.10367359570795442,13741.582124915993,True,False
6131,1180.0,840,4415492,0.25,0.10693458447765027,13744.037472249998,True,False
6132,1350.0,757,4416249,0.25,0.11106162472928642,13746.282048207999,True,False
6133,1900.0,968,4417217,0.25,0.10375138685830738,13749.220704540989,True,False
6134,950.0,653,4417870,0.25,0.09310462885747658,13751.162797749988,True,False
6135,580.0,462,4418332,0.25,0.08994367673736194,13752.546103374989,True,False
6136,1040.0,738,4419070,0.25,0.10593039530288914,13754.76128641599,True,False
6137,1370.0,1065,4420135,0.25,0.0938154377351354,13757.906837582996,True,False
6138,1300.0,796,4420931,0.25,0.09285855911971636,13760.259959499992,True,False
6139,710.0,801,4421732,0.25,0.11173506284049198,13762.63444670799,True,False
6140,1470.0,785,4422517,0.25,0.11762116332443392,13764.977327832996,True,False
6141,1250.0,810,4423327,0.25,0.13169838972205278,13767.358176082998,True,False
6142,1270.0,877,4424204,0.25,0.112044467065822,13769.941098540992,True,False
6143,870.0,601,4424805,0.25,0.0920448154086868,13771.71801820799,True,False
6144,1230.0,757,4425562,0.25,0.09777552088495915,13773.951627082992,True,False
6145,1640.0,929,4426491,0.25,0.10997838508498309,13776.693362124992,True,False
6146,810.0,651,4427142,0.25,0.11385116731873685,13778.626168082992,True,False
6147,1150.0,872,4428014,0.25,0.10251870423281959,13781.227717290996,True,False
6148,850.0,614,4428628,0.25,0.11957861813293262,13783.060409165992,True,False
6149,1550.0,594,4429222,0.25,0.09325998602434993,13784.821621249997,True,False
6150,1320.0,940,4430162,0.25,0.08095772146703081,13787.803138624993,True,False
6151,780.0,581,4430743,0.25,0.1060717208889024,13790.50738791599,True,False
6152,900.0,573,4431316,0.25,0.10110016892819355,13792.205392457996,True,False
6153,1160.0,895,4432211,0.25,0.0925037502123235,13795.001394040999,True,False
6154,1120.0,732,4432943,0.25,0.1135253953477724,13797.181683082992,True,False
6155,1570.0,683,4433626,0.25,0.10532439797463124,13799.222437165998,True,False
6156,980.0,691,4434317,0.25,0.0800836239806834,13801.281487332992,True,False
6157,1360.0,1034,4435351,0.25,0.10371550297465666,13805.696935707994,True,False
6158,1240.0,805,4436156,0.25,0.10778697574566497,13808.528826874986,True,False
6159,4150.0,910,4437066,0.25,0.07802271852803125,13811.188542790987,True,False
6160,2330.0,1108,4438174,0.25,0.10382776032286001,13814.615946749997,True,False
6161,1110.0,658,4438832,0.25,0.11289479646718863,13816.61989129099,True,False
6162,1350.0,774,4439606,0.25,0.08567163259408635,13818.921399957995,True,False
6163,1190.0,652,4440258,0.25,0.09113379675277904,13820.914283166,True,False
6164,920.0,610,4440868,0.25,0.10970346187697906,13822.752598415987,True,False
6165,1020.0,750,4441618,0.25,0.1031726695258509,13824.997964707989,True,False
6166,1780.0,940,4442558,0.25,0.11436663342124605,13827.779282874995,True,False
6167,2320.0,1124,4443682,0.25,0.11085018727371596,13831.120032374994,True,False
6168,1280.0,995,4444677,0.25,0.1029159251720192,13834.069327374993,True,False
6169,1390.0,923,4445600,0.25,0.11077075912032551,13836.814961957993,True,False
6170,1810.0,951,4446551,0.25,0.09930070575310962,13839.62641433299,True,False
6171,1110.0,794,4447345,0.25,0.08250894257096789,13841.995784457991,True,False
6172,1090.0,707,4448052,0.25,0.10674752015094299,13844.409933124989,True,False
6173,2130.0,942,4448994,0.25,0.11333420061050577,13847.592649499988,True,False
6174,1050.0,750,4449744,0.25,0.10620288563733722,13849.88920762499,True,False
6175,700.0,628,4450372,0.25,0.10363855793075577,13852.093783749995,True,False
6176,2310.0,596,4450968,0.25,0.12357625875297008,13855.56810333299,True,False
6177,1830.0,853,4451821,0.25,0.09410783791031356,13858.093964124986,True,False
6178,3050.0,931,4452752,0.25,0.11911208708590704,13860.872014458,True,False
6179,920.0,786,4453538,0.25,0.09726769206285173,13863.20433095799,True,False
6180,930.0,626,4454164,0.25,0.09417336612085628,13865.070128207997,True,False
6181,1920.0,865,4455029,0.25,0.11609482799691183,13867.627131457994,True,False
6182,980.0,697,4455726,0.25,0.11920123674703398,13869.70657070799,True,False
6183,1680.0,852,4456578,0.25,0.10764689219704536,13872.233607582995,True,False
6184,2110.0,895,4457473,0.25,0.11052021051623992,13874.887179915997,True,False
6185,240.0,384,4457857,0.25,0.10945657506817952,13876.148830124992,True,False
6186,990.0,692,4458549,0.25,0.09983608198777444,13878.199330499992,True,False
6187,1470.0,964,4459513,0.25,0.10590105246814331,13881.040802290998,True,False
6188,2180.0,766,4460279,0.25,0.11386951324359285,13883.302727582995,True,False
6189,810.0,714,4460993,0.25,0.09241126058363049,13885.441484957992,True,False
6190,1030.0,731,4461724,0.25,0.11132003232592443,13887.621076124997,True,False
6191,1180.0,736,4462460,0.25,0.1150228108542607,13889.794424458,True,False
6192,990.0,792,4463252,0.25,0.10372244846075773,13892.164252499992,True,False
6193,1200.0,1033,4464285,0.25,0.10763341908942359,13895.204461165995,True,False
6194,1120.0,615,4464900,0.25,0.11394219799571997,13897.033779207995,True,False
6195,1210.0,710,4465610,0.25,0.0967228179639679,13899.143183915992,True,False
6196,1430.0,1064,4466674,0.25,0.11568440646773442,13902.327100040988,True,False
6197,1120.0,783,4467457,0.25,0.1030834295064667,13904.643363374998,True,False
6198,1660.0,682,4468139,0.25,0.12893777024000883,13906.672651999994,True,False
6199,2220.0,929,4469068,0.25,0.10312947320707878,13909.433186665992,True,False
6200,1250.0,818,4469886,0.25,0.11343095111021516,13911.860801165996,True,False
6201,1440.0,667,4470553,0.25,0.1108776923536719,13914.771240957998,True,False
6202,1640.0,960,4471513,0.25,0.10475661207456141,13917.609369582991,True,False
6203,1030.0,630,4472143,0.25,0.10330832977393631,13919.473699665992,True,False
6204,1140.0,710,4472853,0.25,0.11732374051104436,13921.556838207995,True,False
6205,940.0,698,4473551,0.25,0.09595467534515707,13923.615214416,True,False
6206,2230.0,1024,4474575,0.25,0.08453352608921705,13926.750985415987,True,False
6207,1020.0,745,4475320,0.25,0.11391603827655794,13929.322318332997,True,False
6208,1010.0,626,4475946,0.25,0.12592448404011053,13931.403690207997,True,False
6209,1960.0,790,4476736,0.25,0.1054577168378264,13933.739885874995,True,False
6210,1210.0,700,4477436,0.25,0.10545511176543576,13935.879589665987,True,False
6211,1000.0,810,4478246,0.25,0.08325979862325263,13938.355250082997,True,False
6212,1460.0,867,4479113,0.25,0.11117487666862351,13940.987053999997,True,False
6213,780.0,565,4479678,0.25,0.08155407146253485,13942.690669749994,True,False
6214,1490.0,1288,4480966,0.25,0.09143650788605584,13946.484087624995,True,False
6215,4080.0,718,4481684,0.25,0.10481965755008989,13948.635300040987,True,False
6216,570.0,588,4482272,0.25,0.10041794445061562,13950.394212457992,True,False
6217,1160.0,643,4482915,0.25,0.08197151070926338,13952.288916207995,True,False
6218,1350.0,740,4483655,0.25,0.07490499116278984,13954.486769915995,True,False
6219,980.0,832,4484487,0.25,0.09699026535068137,13956.955598124987,True,False
6220,1120.0,650,4485137,0.25,0.08854396905224382,13958.895170749995,True,False
6221,1380.0,1076,4486213,0.25,0.10622792677836125,13962.05511570799,True,False
6222,2730.0,948,4487161,0.25,0.09351697367643505,13964.858221582996,True,False
6223,1590.0,976,4488137,0.25,0.09552740536966041,13967.731474790999,True,False
6224,1220.0,732,4488869,0.25,0.10980379367705251,13969.905156665991,True,False
6225,1260.0,795,4489664,0.25,0.09645999327826141,13972.255282207989,True,False
6226,1120.0,716,4490380,0.25,0.09924740625243614,13975.420368832987,True,False
6227,1810.0,997,4491377,0.25,0.08742169234677251,13978.381693082993,True,False
6228,1330.0,780,4492157,0.25,0.07808563608007553,13980.709730332994,True,False
6229,1340.0,887,4493044,0.25,0.09299613693980752,13983.347179833,True,False
6230,850.0,614,4493658,0.25,0.09477883725871447,13985.165973415991,True,False
6231,1880.0,982,4494640,0.25,0.11170747751233781,13988.076078582992,True,False
6232,990.0,632,4495272,0.25,0.09822665446119595,13989.961429749994,True,False
6233,1170.0,658,4495930,0.25,0.0845145891284252,13991.894633958,True,False
6234,1160.0,835,4496765,0.25,0.07492460260105333,13994.37998608299,True,False
6235,1300.0,751,4497516,0.25,0.09250016800781831,13996.623850499993,True,False
6236,1470.0,812,4498328,0.25,0.09090572593302415,13999.025030790988,True,False
6237,1460.0,670,4498998,0.25,0.092495428565555,14001.014406040995,True,False
6238,1310.0,843,4499841,0.25,0.10237058907994444,14003.50745533299,True,False
6239,980.0,620,4500461,0.25,0.09541885053678867,14005.454683249991,True,False
6240,890.0,643,4501104,0.25,0.09019520779296478,14007.393889457991,True,False
6241,1200.0,733,4501837,0.25,0.11512754371013147,14009.551857040991,True,False
6242,1760.0,838,4502675,0.25,0.09453680530261765,14012.045609832989,True,False
6243,870.0,550,4503225,0.25,0.0913317270738923,14013.696821332996,True,False
6244,1860.0,897,4504122,0.25,0.0997521266856763,14016.34943987499,True,False
6245,1290.0,762,4504884,0.25,0.09415494510172549,14018.611525290995,True,False
6246,1950.0,938,4505822,0.25,0.09720749311292401,14021.395114415995,True,False
6247,1140.0,884,4506706,0.25,0.1004182687239949,14024.018409082986,True,False
6248,1470.0,1004,4507710,0.25,0.10945819173958078,14027.156676249986,True,False
6249,1030.0,715,4508425,0.25,0.10359772443563245,14029.307563082999,True,False
6250,1120.0,778,4509203,0.25,0.10608809161931276,14031.688338249995,True,False
6251,840.0,558,4509761,0.25,0.07452763801972781,14034.777732707997,True,False
6252,1180.0,716,4510477,0.25,0.10234562532362325,14037.15592962499,True,False
6253,1010.0,765,4511242,0.25,0.08915109071802563,14039.400562165989,True,False
6254,840.0,762,4512004,0.25,0.10094174959194598,14041.674865832989,True,False
6255,1910.0,863,4512867,0.25,0.09668657833407092,14045.032922415994,True,False
6256,1050.0,806,4513673,0.25,0.10196424032201862,14048.353795457995,True,False
6257,970.0,899,4514572,0.25,0.0822283706565698,14051.175186458,True,False
6258,1470.0,870,4515442,0.25,0.0785192062365844,14053.786599540996,True,False
6259,1550.0,795,4516237,0.25,0.1003408742759695,14056.149908374995,True,False
6260,1530.0,1001,4517238,0.25,0.09252888004854322,14059.112908625,True,False
6261,1000.0,832,4518070,0.25,0.10966656252276152,14061.60040458299,True,False
6262,970.0,747,4518817,0.25,0.09764363876678409,14063.820491374994,True,False
6263,2030.0,959,4519776,0.25,0.1031059550276647,14066.653382540986,True,False
6264,1450.0,1002,4520778,0.25,0.11345607729256153,14069.788922832988,True,False
6265,910.0,626,4521404,0.25,0.12578475902414626,14071.720250832994,True,False
6266,1610.0,740,4522144,0.25,0.09382538460698482,14073.940749415997,True,False
6267,1200.0,887,4523031,0.25,0.09720897329001944,14076.556155415994,True,False
6268,340.0,420,4523451,0.25,0.1025176687432187,14077.85185654099,True,False
6269,560.0,564,4524015,0.25,0.09260308194297848,14079.543005874992,True,False
6270,1030.0,689,4524704,0.25,0.1032473495865316,14081.60810608299,True,False
6271,2090.0,987,4525691,0.25,0.1029348022842068,14084.536443624995,True,False
6272,1620.0,867,4526558,0.25,0.09488984942007038,14087.105210457987,True,False
6273,380.0,440,4526998,0.25,0.08316670100797306,14088.445394082999,True,False
6274,1690.0,783,4527781,0.25,0.1207056456929719,14090.777160165992,True,False
6275,1810.0,1215,4528996,0.25,0.10545378343790378,14094.358503540992,True,False
6276,1050.0,668,4529664,0.25,0.10250361529206801,14097.25393279099,True,False
6277,1130.0,568,4530232,0.25,0.10554989731647599,14098.934467374987,True,False
6278,1480.0,703,4530935,0.25,0.1028577167327915,14101.046469499997,True,False
6279,1130.0,865,4531800,0.25,0.08748639144930422,14103.606636290991,True,False
6280,850.0,573,4532373,0.25,0.0809646025300026,14105.317593332991,True,False
6281,1090.0,691,4533064,0.25,0.114079839070839,14107.372338791,True,False
6282,1000.0,710,4533774,0.25,0.1146576872758441,14109.487811665997,True,False
6283,820.0,983,4534757,0.25,0.10478123611338981,14112.39839787499,True,False
6284,1380.0,1386,4536143,0.25,0.10115614280406106,14116.453323208,True,False
6285,880.0,660,4536803,0.25,0.12671357674354858,14118.419145082997,True,False
6286,2040.0,824,4537627,0.25,0.10053532901536492,14120.872343374998,True,False
6287,890.0,611,4538238,0.25,0.0936796904778948,14122.699854832987,True,False
6288,1170.0,973,4539211,0.25,0.10055809062541513,14125.639257707997,True,False
6289,840.0,559,4539770,0.25,0.08213980926999025,14127.355540833,True,False
6290,1430.0,746,4540516,0.25,0.08388564599687881,14129.543053957997,True,False
6291,1060.0,797,4541313,0.25,0.10392306939740877,14132.008562499992,True,False
6292,940.0,656,4541969,0.25,0.106929326600327,14133.938560165989,True,False
6293,830.0,724,4542693,0.25,0.09560756694052101,14136.094288249995,True,False
6294,1260.0,888,4543581,0.25,0.10703388565882772,14138.724736874996,True,False
6295,810.0,595,4544176,0.25,0.1199822909629985,14140.518437415987,True,False
6296,1340.0,846,4545022,0.25,0.13617530661101024,14143.00446287499,True,False
6297,900.0,651,4545673,0.25,0.08637144002903459,14144.936251124993,True,False
6298,790.0,600,4546273,0.25,0.08982126423468192,14146.711177165998,True,False
6299,860.0,585,4546858,0.25,0.12011472977799913,14148.463540624987,True,False
6300,1140.0,671,4547529,0.25,0.09861696452745014,14150.826302999994,True,False
6301,690.0,492,4548021,0.25,0.10591483275156195,14153.716285207993,True,False
6302,1310.0,738,4548759,0.25,0.10900879358751295,14155.944817040989,True,False
6303,1480.0,712,4549471,0.25,0.11955768293753434,14158.041656415997,True,False
6304,1010.0,751,4550222,0.25,0.08394466260289575,14160.410316082998,True,False
6305,1080.0,712,4550934,0.25,0.10692671284058623,14162.859990832992,True,False
6306,1940.0,781,4551715,0.25,0.10203000310903941,14165.400487874998,True,False
6307,650.0,498,4552213,0.25,0.12138756665587425,14166.88566624999,True,False
6308,710.0,484,4552697,0.25,0.10931626327859223,14168.375689707987,True,False
6309,940.0,638,4553335,0.25,0.08338058127219197,14170.37060899999,True,False
6310,1090.0,660,4553995,0.25,0.10252547713391709,14172.296469333,True,False
6311,860.0,560,4554555,0.25,0.09669278753655297,14173.993337332999,True,False
6312,1180.0,691,4555246,0.25,0.12556805766343726,14176.079311333,True,False
6313,1500.0,1008,4556254,0.25,0.12977539710257024,14179.070197999987,True,False
6314,1420.0,800,4557054,0.25,0.12659935746341944,14181.466700540986,True,False
6315,870.0,707,4557761,0.25,0.10740395019746433,14183.565940124987,True,False
6316,1070.0,855,4558616,0.25,0.11121017129865483,14187.527076999992,True,False
6317,1020.0,772,4559388,0.25,0.12466295800832887,14190.228643124996,True,False
6318,1640.0,1384,4560772,0.25,0.12188967326494483,14194.271812249994,True,False
6319,1350.0,634,4561406,0.25,0.11239545998646866,14196.324610790994,True,False
6320,1050.0,763,4562169,0.25,0.12114015135777559,14198.604850415999,True,False
6321,1300.0,906,4563075,0.25,0.1047461214022035,14201.308291915993,True,False
6322,1180.0,930,4564005,0.25,0.14472885794394005,14204.100744249998,True,False
6323,980.0,686,4564691,0.25,0.07739942403216112,14206.142431707995,True,False
6324,1060.0,713,4565404,0.25,0.08447436499279305,14208.274119040987,True,False
6325,1760.0,931,4566335,0.25,0.09650425400167446,14211.031104124995,True,False
6326,1860.0,1015,4567350,0.25,0.1219024894993723,14215.267476875,True,False
6327,1660.0,852,4568202,0.25,0.09735882327730107,14217.841691582988,True,False
6328,1230.0,735,4568937,0.25,0.12036738732991659,14220.035660082998,True,False
6329,2360.0,678,4569615,0.25,0.0931544242834551,14222.055099999998,True,False
6330,950.0,672,4570287,0.25,0.1249475887355705,14224.058762582994,True,False
6331,1460.0,900,4571187,0.25,0.1235440675003661,14226.736462207991,True,False
6332,1040.0,580,4571767,0.25,0.0921009741081246,14228.474005332988,True,False
6333,1020.0,716,4572483,0.25,0.09705336847701553,14230.590099582987,True,False
6334,1060.0,947,4573430,0.25,0.10618899533140005,14233.400897790998,True,False
6335,1440.0,960,4574390,0.25,0.10845509498224905,14236.238226707996,True,False
6336,270.0,309,4574699,0.25,0.09898836966362093,14237.187894540999,True,False
6337,1700.0,975,4575674,0.25,0.08402062956335359,14240.058782624998,True,False
6338,1080.0,940,4576614,0.25,0.08900975260804309,14242.836531040986,True,False
6339,1420.0,811,4577425,0.25,0.09991028974649355,14245.25001962499,True,False
6340,1590.0,873,4578298,0.25,0.09828200285246066,14247.829401040988,True,False
6341,1010.0,1058,4579356,0.25,0.11909936459840469,14250.956952499997,True,False
6342,1220.0,733,4580089,0.25,0.09762569257348287,14253.463571749991,True,False
6343,1370.0,694,4580783,0.25,0.13874867263470772,14255.813853499989,True,False
6344,1080.0,727,4581510,0.25,0.12060174593640553,14258.074544415998,True,False
6345,1790.0,1005,4582515,0.25,0.11631311036171428,14261.125330374998,True,False
6346,1030.0,664,4583179,0.25,0.13607766480375844,14263.08133424999,True,False
6347,990.0,758,4583937,0.25,0.1351370002584238,14265.38029758299,True,False
6348,1450.0,1125,4585062,0.25,0.12973811605355282,14268.687759458,True,False
6349,1050.0,648,4585710,0.25,0.10352247833837698,14270.628017208,True,False
6350,1270.0,958,4586668,0.25,0.14124628177766377,14273.441497499996,True,False
6351,1780.0,876,4587544,0.25,0.12064205171310738,14277.07601533299,True,False
6352,1980.0,814,4588358,0.25,0.10938177360542889,14279.50082758299,True,False
6353,1110.0,792,4589150,0.25,0.13513393876980048,14281.839427790997,True,False
6354,1740.0,874,4590024,0.25,0.11901596005682803,14284.416969540995,True,False
6355,1640.0,961,4590985,0.25,0.09922733574640005,14287.224384749992,True,False
6356,820.0,661,4591646,0.25,0.11455538848584348,14289.175533040994,True,False
6357,1710.0,1076,4592722,0.25,0.10384758637324806,14292.328299832996,True,False
6358,1100.0,929,4593651,0.25,0.09411579927686474,14295.066901040991,True,False
6359,1510.0,846,4594497,0.25,0.09883281002524046,14297.56095366599,True,False
6360,1100.0,706,4595203,0.25,0.1100146001289514,14299.651663415993,True,False
6361,1790.0,810,4596013,0.25,0.0917410786571027,14302.047693207991,True,False
6362,920.0,623,4596636,0.25,0.09672626413595982,14303.901410499995,True,False
6363,1960.0,996,4597632,0.25,0.09696617095645173,14306.822735707989,True,False
6364,1430.0,696,4598328,0.25,0.09470211845105407,14308.892476290988,True,False
6365,1290.0,873,4599201,0.25,0.10922117920917108,14311.458445540993,True,False
6366,2740.0,944,4600145,0.25,0.0943034419995117,14314.251600290998,True,False
6367,1740.0,948,4601093,0.25,0.08107095581129634,14317.044383665998,True,False
6368,1690.0,1181,4602274,0.25,0.11351068571083626,14320.508757749994,True,False
6369,1370.0,880,4603154,0.25,0.09505594928156245,14323.122184790991,True,False
6370,1930.0,894,4604048,0.25,0.1221816017142763,14325.834694416,True,False
6371,1000.0,699,4604747,0.25,0.08405370919312212,14327.905438415997,True,False
6372,1480.0,650,4605397,0.25,0.09060692579194081,14329.828597124986,True,False
6373,1220.0,654,4606051,0.25,0.09338855597139137,14331.761975957997,True,False
6374,1810.0,940,4606991,0.25,0.11155160811353237,14334.51936187499,True,False
6375,1560.0,693,4607684,0.25,0.09286627682974968,14336.579123040996,True,False
6376,1350.0,931,4608615,0.25,0.08389587176899457,14340.398306999996,True,False
6377,1280.0,970,4609585,0.25,0.08607333470825795,14343.288866499992,True,False
6378,1140.0,824,4610409,0.25,0.09525586547131099,14345.72288237499,True,False
6379,1160.0,951,4611360,0.25,0.10133367680607974,14348.535541040997,True,False
6380,1000.0,830,4612190,0.25,0.11564998156818503,14350.988773874997,True,False
6381,870.0,561,4612751,0.25,0.10551759210814322,14352.649089832994,True,False
6382,1500.0,809,4613560,0.25,0.09142170762964363,14355.08299604099,True,False
6383,1420.0,1066,4614626,0.25,0.11277492629028016,14358.188946457987,True,False
6384,680.0,640,4615266,0.25,0.09285764213418587,14360.088209665992,True,False
6385,1610.0,888,4616154,0.25,0.08227426030983527,14362.697822165996,True,False
6386,1750.0,908,4617062,0.25,0.10493168295545725,14365.355518249999,True,False
6387,1260.0,676,4617738,0.25,0.10597352086175123,14367.34783754099,True,False
6388,1540.0,871,4618609,0.25,0.11528395099240706,14369.905359707991,True,False
6389,1110.0,835,4619444,0.25,0.10185058302642626,14372.364474832997,True,False
6390,1110.0,699,4620143,0.25,0.10198984710478234,14374.428934124997,True,False
6391,2000.0,844,4620987,0.25,0.0898920440013516,14376.9211565,True,False
6392,1820.0,837,4621824,0.25,0.09138678353989409,14379.394717624993,True,False
6393,1170.0,812,4622636,0.25,0.1104565772315111,14381.802272582994,True,False
6394,940.0,635,4623271,0.25,0.07995876195970215,14383.67922937499,True,False
6395,760.0,643,4623914,0.25,0.10768847374581032,14385.57649066599,True,False
6396,1070.0,778,4624692,0.25,0.10248459073213431,14388.016339333,True,False
6397,1220.0,773,4625465,0.25,0.1052619591451834,14390.255691624989,True,False
6398,1460.0,890,4626355,0.25,0.10293968083957832,14392.890057082986,True,False
6399,460.0,479,4626834,0.25,0.08114674367631475,14394.327315165996,True,False
6400,1120.0,828,4627662,0.25,0.11025717715476302,14396.778157499997,True,False
6401,1260.0,683,4628345,0.25,0.09302828309523781,14399.890332124996,True,False
6402,1550.0,1087,4629432,0.25,0.09275946251513875,14403.080557457986,True,False
6403,1650.0,666,4630098,0.25,0.11482339305242142,14405.080862540999,True,False
6404,1290.0,718,4630816,0.25,0.10010324358526203,14407.18487662499,True,False
6405,2170.0,926,4631742,0.25,0.10660115202880784,14409.911272375,True,False
6406,940.0,702,4632444,0.25,0.13254547760483215,14411.982323624994,True,False
6407,1060.0,692,4633136,0.25,0.10082695880807893,14414.02297133299,True,False
6408,1870.0,784,4633920,0.25,0.10724066536189342,14416.320860875,True,False
6409,1450.0,561,4634481,0.25,0.11416901126503945,14417.98007133299,True,False
6410,850.0,592,4635073,0.25,0.09659232213036031,14419.749389540986,True,False
6411,1170.0,721,4635794,0.25,0.11932030170121127,14421.87870329099,True,False
6412,2240.0,1005,4636799,0.25,0.1136215460965358,14424.820364874991,True,False
6413,1470.0,859,4637658,0.25,0.12287830324020496,14427.34199970799,True,False
6414,1120.0,738,4638396,0.25,0.09581706039607525,14429.523363957996,True,False
6415,960.0,764,4639160,0.25,0.10059020542466515,14431.773573582992,True,False
6416,990.0,729,4639889,0.25,0.11136554015779888,14433.921068040989,True,False
6417,330.0,491,4640380,0.25,0.11188064904777499,14435.386099915995,True,False
6418,1360.0,771,4641151,0.25,0.10147876261423032,14437.649638499992,True,False
6419,1120.0,717,4641868,0.25,0.11633571752657493,14439.870001666,True,False
6420,480.0,471,4642339,0.25,0.11199309716685715,14441.262239749994,True,False
6421,920.0,643,4642982,0.25,0.11353488851870809,14443.1433235,True,False
6422,4250.0,981,4643963,0.25,0.11223106094617016,14446.062586999993,True,False
6423,1700.0,707,4644670,0.25,0.11715495459061895,14448.148909790994,True,False
6424,920.0,717,4645387,0.25,0.11240680013164128,14450.271866582989,True,False
6425,420.0,526,4645913,0.25,0.10890382899422989,14451.955996833,True,False
6426,760.0,551,4646464,0.25,0.12375648670654366,14454.405824415997,True,False
6427,2510.0,871,4647335,0.25,0.11332540627792134,14457.430651957999,True,False
6428,1850.0,859,4648194,0.25,0.09842304085749526,14460.26410575,True,False
6429,2000.0,910,4649104,0.25,0.09482492150314022,14462.925252040994,True,False
6430,1560.0,889,4649993,0.25,0.11283170965475005,14465.533237624986,True,False
6431,270.0,421,4650414,0.25,0.11801282144373372,14466.822051915995,True,False
6432,2200.0,612,4651026,0.25,0.11265589276121722,14468.650579832989,True,False
6433,850.0,1041,4652067,0.25,0.1072846034899927,14471.71487016599,True,False
6434,1520.0,829,4652896,0.25,0.10343622241634876,14474.17501120799,True,False
6435,1600.0,853,4653749,0.25,0.11120346438646876,14476.706441791,True,False
6436,960.0,665,4654414,0.25,0.10182980987725847,14478.685446665986,True,False
6437,1020.0,797,4655211,0.25,0.11301967715984912,14481.027124790999,True,False
6438,1560.0,787,4655998,0.25,0.128880465734126,14483.43873512499,True,False
6439,1490.0,811,4656809,0.25,0.14129376120571727,14485.82917087499,True,False
6440,980.0,930,4657739,0.25,0.11542427402535646,14488.624286499995,True,False
6441,1330.0,1012,4658751,0.25,0.12006553662241448,14491.599563124997,True,False
6442,1110.0,790,4659541,0.25,0.12076176206270854,14493.941720707997,True,False
6443,2530.0,886,4660427,0.25,0.1148033466493517,14496.541488707997,True,False
6444,960.0,602,4661029,0.25,0.14548909286690864,14498.32076558299,True,False
6445,740.0,613,4661642,0.25,0.1156301261138877,14500.149918665993,True,False
6446,1110.0,624,4662266,0.25,0.11176593697223908,14501.986728290998,True,False
6447,440.0,550,4662816,0.25,0.1022070876552143,14503.62433737499,True,False
6448,1650.0,716,4663532,0.25,0.13777065344737563,14505.736303082987,True,False
6449,2120.0,1112,4664644,0.25,0.13795611684431705,14508.993470207992,True,False
6450,1690.0,732,4665376,0.25,0.12683764422729693,14511.158843082987,True,False
6451,1460.0,810,4666186,0.25,0.11782679438480351,14514.500462915996,True,False
6452,820.0,841,4667027,0.25,0.11265966522374324,14517.08200216599,True,False
6453,1100.0,633,4667660,0.25,0.13356168480273686,14518.96320608299,True,False
6454,1000.0,816,4668476,0.25,0.1203399619416279,14521.364619290995,True,False
6455,970.0,629,4669105,0.25,0.09301143137227957,14523.231901749998,True,False
6456,650.0,606,4669711,0.25,0.12632779197286295,14525.041506874986,True,False
6457,1250.0,618,4670329,0.25,0.12451517360825692,14526.871324957989,True,False
6458,360.0,480,4670809,0.25,0.1153007494751364,14528.312687624988,True,False
6459,1470.0,1001,4671810,0.25,0.12861906304955484,14531.284077165998,True,False
6460,910.0,701,4672511,0.25,0.14996202384786947,14533.381695249991,True,False
6461,2340.0,936,4673447,0.25,0.11799536107314958,14536.143664999996,True,False
6462,1570.0,1056,4674503,0.25,0.1404616034053492,14539.404596999986,True,False
6463,1640.0,753,4675256,0.25,0.10479129855792044,14541.639429290997,True,False
6464,1100.0,731,4675987,0.25,0.13063596010945,14543.795755707994,True,False
6465,910.0,587,4676574,0.25,0.10718960164203531,14545.603309082988,True,False
6466,820.0,783,4677357,0.25,0.10810282115577435,14547.97506591599,True,False
6467,2040.0,1023,4678380,0.25,0.12115967621502932,14551.001191415999,True,False
6468,1070.0,754,4679134,0.25,0.14324496585400182,14553.233258707987,True,False
6469,1270.0,757,4679891,0.25,0.11100349886707528,14557.139448207992,True,False
6470,1290.0,827,4680718,0.25,0.11856439185063332,14560.154407124995,True,False
6471,1130.0,689,4681407,0.25,0.12988047797752675,14562.532171165993,True,False
6472,1660.0,1043,4682450,0.25,0.11636239503620913,14565.623713333,True,False
6473,1680.0,667,4683117,0.25,0.12133728650337208,14567.630409540987,True,False
6474,1010.0,811,4683928,0.25,0.10511713036395647,14570.074553832994,True,False
6475,930.0,703,4684631,0.25,0.10476331288261073,14572.161452249988,True,False
6476,1090.0,605,4685236,0.25,0.11449409326489426,14574.864513041,True,False
6477,1070.0,744,4685980,0.25,0.11212589801038786,14577.139852915992,True,False
6478,1850.0,964,4686944,0.25,0.11372468315250399,14580.601064957998,True,False
6479,1450.0,714,4687658,0.25,0.08403338291002123,14582.95148745799,True,False
6480,840.0,644,4688302,0.25,0.11489426255550074,14584.848845207991,True,False
6481,1320.0,789,4689091,0.25,0.0983499902286354,14587.212209040998,True,False
6482,960.0,825,4689916,0.25,0.12960579107708978,14589.702362207987,True,False
6483,1640.0,776,4690692,0.25,0.12012076722073954,14592.012881624993,True,False
6484,1750.0,851,4691543,0.25,0.10865782581726616,14594.534253374994,True,False
6485,1760.0,1016,4692559,0.25,0.12138079194806692,14597.53454724999,True,False
6486,1680.0,948,4693507,0.25,0.10415982657784148,14600.344221957988,True,False
6487,1180.0,823,4694330,0.25,0.09827728533339732,14602.77916362499,True,False
6488,1280.0,878,4695208,0.25,0.10488891988484697,14605.387990666,True,False
6489,1220.0,748,4695956,0.25,0.10776176230912221,14607.621836166,True,False
6490,1290.0,619,4696575,0.25,0.11517467601345731,14609.456880540994,True,False
6491,1500.0,987,4697562,0.25,0.11483880285520544,14612.366921124994,True,False
6492,1090.0,838,4698400,0.25,0.12885054739280827,14614.990050875,True,False
6493,1350.0,1035,4699435,0.25,0.09336196379952652,14619.608841333,True,False
6494,850.0,626,4700061,0.25,0.12791016987364762,14621.68357054099,True,False
6495,1610.0,666,4700727,0.25,0.1080421237611627,14623.903713832988,True,False
6496,2270.0,930,4701657,0.25,0.12870194590270775,14626.729188165991,True,False
6497,1310.0,1037,4702694,0.25,0.1148380548998886,14629.831780249995,True,False
6498,1470.0,929,4703623,0.25,0.12434851004870544,14632.596589582987,True,False
6499,1050.0,720,4704343,0.25,0.12943132864311338,14634.775844749995,True,False
6500,940.0,655,4704998,0.25,0.12376935757333185,14636.771144290993,True,False
6501,1290.0,953,4705951,0.25,0.09480360362428326,14640.733110457993,True,False
6502,960.0,742,4706693,0.25,0.13147271638836272,14642.954635791,True,False
6503,950.0,730,4707423,0.25,0.16276444576598786,14645.210150165993,True,False
6504,1030.0,777,4708200,0.25,0.08854935867473102,14647.516166707996,True,False
6505,820.0,610,4708810,0.25,0.10601671397882073,14649.349231540997,True,False
6506,1640.0,711,4709521,0.25,0.10769490776269623,14651.482238082986,True,False
6507,1650.0,869,4710390,0.25,0.10097945988830608,14654.068904332991,True,False
6508,940.0,813,4711203,0.25,0.10533021397778554,14656.469636707989,True,False
6509,970.0,806,4712009,0.25,0.13345456242303153,14658.872604999997,True,False
6510,910.0,605,4712614,0.25,0.11148685383431564,14660.708414499997,True,False
6511,2030.0,1279,4713893,0.25,0.11042594512691721,14664.497270875,True,False
6512,1000.0,707,4714600,0.25,0.11117101266012017,14666.60912324999,True,False
6513,340.0,528,4715128,0.25,0.11959752937157948,14668.190133915996,True,False
6514,1720.0,834,4715962,0.25,0.09962882088998762,14670.661852457997,True,False
6515,1560.0,890,4716852,0.25,0.10533859959966399,14673.303611540992,True,False
6516,1300.0,799,4717651,0.25,0.09983936774932858,14675.820022665997,True,False
6517,1390.0,766,4718417,0.25,0.12444679491454735,14679.06655920799,True,False
6518,870.0,996,4719413,0.25,0.12823778827745752,14682.25406320799,True,False
6519,1120.0,886,4720299,0.25,0.11487674606938707,14685.212048040994,True,False
6520,920.0,666,4720965,0.25,0.10833010497965856,14687.184678457998,True,False
6521,1980.0,1181,4722146,0.25,0.11461655488711292,14690.648499082992,True,False
6522,2160.0,1110,4723256,0.25,0.1131249336700002,14693.959845957987,True,False
6523,1090.0,594,4723850,0.25,0.12432773428893573,14695.734765874993,True,False
6524,960.0,685,4724535,0.25,0.09700999191107108,14697.766304874996,True,False
6525,1410.0,754,4725289,0.25,0.08865016421904325,14700.019387707987,True,False
6526,1070.0,902,4726191,0.25,0.11075085873405138,14703.534772790998,True,False
6527,1950.0,737,4726928,0.25,0.1050340921290823,14705.72268562499,True,False
6528,510.0,577,4727505,0.25,0.12529995302773184,14707.475427290992,True,False
6529,1660.0,970,4728475,0.25,0.11807531956198418,14710.472836207991,True,False
6530,2600.0,1611,4730086,0.25,0.1097423799483859,14715.243305665994,True,False
6531,1940.0,906,4730992,0.25,0.0929046610600032,14717.940464915999,True,False
6532,1940.0,781,4731773,0.25,0.10257600152339691,14720.264545624988,True,False
6533,1190.0,814,4732587,0.25,0.10929651037684363,14722.674760625,True,False
6534,1340.0,1039,4733626,0.25,0.09785060784421289,14725.757501582993,True,False
6535,1160.0,582,4734208,0.25,0.11644273270431856,14727.501625374993,True,False
6536,1480.0,943,4735151,0.25,0.11139828542921137,14730.288768374987,True,False
6537,1300.0,778,4735929,0.25,0.11120718586712311,14732.605343082992,True,False
6538,1150.0,706,4736635,0.25,0.09990447291850367,14734.740871624992,True,False
6539,1640.0,940,4737575,0.25,0.10688687047742783,14738.533976624996,True,False
6540,1570.0,913,4738488,0.25,0.11142458328285852,14741.829209624993,True,False
6541,1020.0,765,4739253,0.25,0.11176125304432127,14744.404537957991,True,False
6542,2070.0,958,4740211,0.25,0.1071127361255585,14747.322828457996,True,False
6543,1510.0,718,4740929,0.25,0.12270682942536142,14749.454747040989,True,False
6544,950.0,609,4741538,0.25,0.10986277995336997,14751.309052249999,True,False
6545,1100.0,929,4742467,0.25,0.11781962747396581,14754.066767415992,True,False
6546,3270.0,861,4743328,0.25,0.11553993102818451,14756.644432832996,True,False
6547,820.0,625,4743953,0.25,0.09445027475699018,14758.518814999989,True,False
6548,960.0,674,4744627,0.25,0.10983167910238817,14760.527277665999,True,False
6549,440.0,459,4745086,0.25,0.10415048749874467,14761.914744124995,True,False
6550,500.0,443,4745529,0.25,0.09759127860469324,14763.35837529099,True,False
6551,920.0,630,4746159,0.25,0.08556468712438824,14767.123963540987,True,False
6552,1180.0,657,4746816,0.25,0.09541858803819527,14769.236305415994,True,False
6553,2060.0,848,4747664,0.25,0.10200521957902413,14771.761151290993,True,False
6554,890.0,774,4748438,0.25,0.10375904228171537,14774.102231375,True,False
6555,1190.0,792,4749230,0.25,0.10879305799990291,14776.463928624988,True,False
6556,1840.0,823,4750053,0.25,0.1039770750184227,14778.933131290993,True,False
6557,1170.0,696,4750749,0.25,0.09391569321568327,14781.264125124988,True,False
6558,1080.0,670,4751419,0.25,0.10134075200575554,14783.579224791,True,False
6559,1500.0,853,4752272,0.25,0.11212029161854326,14786.315178332996,True,False
6560,1370.0,874,4753146,0.25,0.12703288068841084,14788.894366082997,True,False
6561,1570.0,883,4754029,0.25,0.11804732231094557,14791.51608195799,True,False
6562,1010.0,633,4754662,0.25,0.10930529914654885,14793.374026749996,True,False
6563,810.0,537,4755199,0.25,0.1184475949701311,14794.98059066599,True,False
6564,1170.0,729,4755928,0.25,0.08756506216045612,14797.148494333,True,False
6565,1260.0,735,4756663,0.25,0.1198275812234872,14800.75545425,True,False
6566,1620.0,889,4757552,0.25,0.11126058716577532,14803.735092415998,True,False
6567,1410.0,815,4758367,0.25,0.11514126324998628,14806.553983291,True,False
6568,1910.0,880,4759247,0.25,0.10104284059594978,14809.157058832992,True,False
6569,690.0,671,4759918,0.25,0.11539735897843327,14811.221384082994,True,False
6570,1690.0,994,4760912,0.25,0.11730792878352735,14814.200747124996,True,False
6571,1120.0,706,4761618,0.25,0.10256588393928144,14816.299483457988,True,False
6572,1400.0,823,4762441,0.25,0.11855553033607967,14818.76284112499,True,False
6573,970.0,677,4763118,0.25,0.13061786114552318,14820.794571207996,True,False
6574,1110.0,923,4764041,0.25,0.10325298848606292,14823.556818375,True,False
6575,840.0,629,4764670,0.25,0.10442066473803323,14825.441814749996,True,False
6576,1220.0,631,4765301,0.25,0.1050029604966882,14828.402791332992,True,False
6577,510.0,479,4765780,0.25,0.13618864192006488,14829.8772895,True,False
6578,1130.0,834,4766614,0.25,0.13924036955890748,14832.38289041599,True,False
6579,1340.0,854,4767468,0.25,0.11887562327156558,14834.931350582992,True,False
6580,1120.0,631,4768099,0.25,0.08382463382829906,14836.97466266599,True,False
6581,1180.0,725,4768824,0.25,0.12590644378624447,14839.177559332995,True,False
6582,1360.0,770,4769594,0.25,0.10826482300763018,14841.488329,True,False
6583,880.0,710,4770304,0.25,0.10750641492770964,14843.639929665995,True,False
6584,1960.0,831,4771135,0.25,0.11867004437687029,14846.122276040987,True,False
6585,1090.0,812,4771947,0.25,0.09958766229230488,14848.542156332987,True,False
6586,1370.0,723,4772670,0.25,0.1143230280288346,14850.725975499998,True,False
6587,1450.0,670,4773340,0.25,0.09998039603011594,14852.730953957987,True,False
6588,890.0,641,4773981,0.25,0.10322881810134277,14854.640958499993,True,False
6589,1490.0,984,4774965,0.25,0.09374525051987995,14857.558745874994,True,False
6590,750.0,825,4775790,0.25,0.14686800331528327,14861.06500691599,True,False
6591,1820.0,804,4776594,0.25,0.10765636440792783,14863.768482665997,True,False
6592,1920.0,854,4777448,0.25,0.11104480023104175,14866.28442979099,True,False
6593,1100.0,660,4778108,0.25,0.08206354395458193,14868.280700958,True,False
6594,840.0,637,4778745,0.25,0.09851835365260735,14870.196964040995,True,False
6595,910.0,675,4779420,0.25,0.11528195096896245,14872.225698625,True,False
6596,1600.0,694,4780114,0.25,0.10313188925256274,14874.369980290998,True,False
6597,1390.0,909,4781023,0.25,0.09573753812403668,14877.117980874988,True,False
6598,1250.0,898,4781921,0.25,0.09688527603530221,14879.801930124988,True,False
6599,860.0,706,4782627,0.25,0.13850276040929285,14881.898921,True,False
6600,1090.0,706,4783333,0.25,0.10096989082709207,14884.021233832987,True,False
6601,1340.0,602,4783935,0.25,0.12382447397957246,14887.00190345799,True,False
6602,1140.0,757,4784692,0.25,0.11432671122449009,14889.276609124994,True,False
6603,1070.0,744,4785436,0.25,0.09684260380804859,14891.520735707993,True,False
6604,1210.0,720,4786156,0.25,0.12177104746095008,14893.682425624997,True,False
6605,900.0,545,4786701,0.25,0.11200215788010288,14895.332999874998,True,False
6606,1000.0,783,4787484,0.25,0.11268727007150954,14897.669034290986,True,False
6607,200.0,330,4787814,0.25,0.10404500483376224,14898.671373582998,True,False
6608,830.0,661,4788475,0.25,0.11830763634520047,14900.831674040994,True,False
6609,720.0,574,4789049,0.25,0.11059786163322213,14902.643833665992,True,False
6610,850.0,676,4789725,0.25,0.1326394846563685,14905.061702332998,True,False
6611,1760.0,947,4790672,0.25,0.11183598705956453,14908.17005716599,True,False
6612,1110.0,865,4791537,0.25,0.1361552656593698,14910.700524957996,True,False
6613,1330.0,857,4792394,0.25,0.14269674555442044,14913.252272624988,True,False
6614,1190.0,835,4793229,0.25,0.10814689417953412,14915.766130499993,True,False
6615,1600.0,772,4794001,0.25,0.135263468076142,14918.049003290987,True,False
6616,1000.0,729,4794730,0.25,0.12837439314922788,14921.168135707994,True,False
6617,2180.0,934,4795664,0.25,0.12817000499807107,14924.193690457992,True,False
6618,1900.0,833,4796497,0.25,0.12292305646070208,14926.636174665997,True,False
6619,1210.0,710,4797207,0.25,0.13157536281998886,14928.778016790995,True,False
6620,990.0,702,4797909,0.25,0.09993900554466316,14930.881941040992,True,False
6621,1500.0,983,4798892,0.25,0.13437191828540185,14933.807757666,True,False
6622,890.0,732,4799624,0.25,0.1269894294196465,14936.014326082994,True,False
6623,930.0,737,4800361,0.25,0.11958145547617713,14938.216170040992,True,False
6624,750.0,586,4800947,0.25,0.12962042866912607,14939.973500415988,True,False
6625,1280.0,819,4801766,0.25,0.10931893945103738,14942.410726040995,True,False
6626,2750.0,813,4802579,0.25,0.10968632443711676,14945.800075540988,True,False
6627,1150.0,733,4803312,0.25,0.11387173115761708,14948.01664612499,True,False
6628,1520.0,767,4804079,0.25,0.11466598402494223,14950.286982249992,True,False
6629,910.0,647,4804726,0.25,0.12748102409144244,14952.209056041,True,False
6630,1490.0,738,4805464,0.25,0.10068438104479699,14954.402528415987,True,False
6631,1160.0,644,4806108,0.25,0.13696017861366272,14956.31994370799,True,False
6632,1170.0,1037,4807145,0.25,0.09783830761219084,14959.376256374991,True,False
6633,1110.0,716,4807861,0.25,0.12943247998102084,14961.49141758299,True,False
6634,1230.0,669,4808530,0.25,0.11786674959640839,14963.47431562499,True,False
6635,1240.0,806,4809336,0.25,0.14241979921255077,14965.960948290987,True,False
6636,990.0,629,4809965,0.25,0.132987455162368,14967.847163040991,True,False
6637,1020.0,743,4810708,0.25,0.1080776884831408,14970.058898207993,True,False
6638,1200.0,720,4811428,0.25,0.11370068258709377,14972.208854332988,True,False
6639,2070.0,947,4812375,0.25,0.1278654965177431,14974.994153290987,True,False
6640,1590.0,838,4813213,0.25,0.10689404365562258,14977.477076249997,True,False
6641,1590.0,1010,4814223,0.25,0.13747869683651343,14980.497635041,True,False
6642,890.0,649,4814872,0.25,0.10884245838170037,14982.445558832987,True,False
6643,2770.0,921,4815793,0.25,0.1288302468540876,14985.183723582988,True,False
6644,610.0,592,4816385,0.25,0.11718044577267121,14986.947180999996,True,False
6645,1210.0,953,4817338,0.25,0.11067601744899479,14989.788166540995,True,False
6646,2240.0,987,4818325,0.25,0.12102321911648459,14994.47986120799,True,False
6647,790.0,694,4819019,0.25,0.09988279156171517,14997.12834633299,True,False
6648,960.0,797,4819816,0.25,0.10288683768361807,14999.765336749988,True,False
6649,860.0,758,4820574,0.25,0.1242158320983724,15001.99179529099,True,False
6650,1650.0,728,4821302,0.25,0.130068879369851,15004.149973749998,True,False
6651,840.0,708,4822010,0.25,0.13294780063890133,15007.483933040989,True,False
6652,2800.0,996,4823006,0.25,0.09555837830685708,15010.459493082992,True,False
6653,1180.0,886,4823892,0.25,0.11956513937361338,15013.133086249989,True,False
6654,1130.0,1198,4825090,0.25,0.11215227717116326,15016.660078749992,True,False
6655,1070.0,693,4825783,0.25,0.10143184197818958,15018.727012707997,True,False
6656,2650.0,1102,4826885,0.25,0.11959255202605888,15022.001157499995,True,False
6657,2300.0,936,4827821,0.25,0.1083780894549484,15024.776576749995,True,False
6658,1520.0,842,4828663,0.25,0.1294659501828608,15027.276989207996,True,False
6659,1210.0,760,4829423,0.25,0.12106517805276733,15029.696062790987,True,False
6660,1460.0,638,4830061,0.25,0.11881188988918438,15031.61360204099,True,False
6661,1710.0,763,4830824,0.25,0.08604391173737523,15033.903306249995,True,False
6662,1780.0,921,4831745,0.25,0.11072185644475015,15036.635492791,True,False
6663,1550.0,914,4832659,0.25,0.11018335652586661,15039.351731915987,True,False
6664,1080.0,737,4833396,0.25,0.09778945584957664,15041.567394290993,True,False
6665,1530.0,891,4834287,0.25,0.1161767329332662,15044.211398040992,True,False
6666,1390.0,791,4835078,0.25,0.1044562298503488,15046.580206415994,True,False
6667,1210.0,751,4835829,0.25,0.09127404763700163,15048.812607790998,True,False
6668,840.0,658,4836487,0.25,0.11416159126135271,15050.776194832986,True,False
6669,1950.0,797,4837284,0.25,0.13958954189904035,15054.324909957999,True,False
6670,940.0,732,4838016,0.25,0.09738180164471676,15056.649390290986,True,False
6671,830.0,629,4838645,0.25,0.09335420905926804,15058.514939665998,True,False
6672,2250.0,879,4839524,0.25,0.08482105357741768,15061.167503790988,True,False
6673,2740.0,1135,4840659,0.25,0.09483730475099053,15064.786489665988,True,False
6674,2430.0,801,4841460,0.25,0.10797542414224859,15067.193389124994,True,False
6675,1580.0,1033,4842493,0.25,0.10284235217254753,15070.434585415991,True,False
6676,1360.0,847,4843340,0.25,0.09501776753766637,15074.88083887499,True,False
6677,1010.0,869,4844209,0.25,0.09938486272357576,15077.478200832993,True,False
6678,870.0,609,4844818,0.25,0.09230930173132372,15079.280670041,True,False
6679,1120.0,627,4845445,0.25,0.1129117245151169,15081.198581790988,True,False
6680,1220.0,815,4846260,0.25,0.09092245297506452,15083.63372808299,True,False
6681,1360.0,696,4846956,0.25,0.11184323245616651,15085.738424665993,True,False
6682,610.0,499,4847455,0.25,0.1262118879765753,15087.240515790996,True,False
6683,1230.0,809,4848264,0.25,0.10457918750755306,15089.958569040988,True,False
6684,1130.0,731,4848995,0.25,0.10592152746291933,15092.566733249987,True,False
6685,1990.0,885,4849880,0.25,0.09557476725328613,15095.327704625,True,False
6686,1390.0,812,4850692,0.25,0.102140258947213,15097.732128874995,True,False
6687,1720.0,967,4851659,0.25,0.107469124062551,15100.61809358299,True,False
6688,1260.0,815,4852474,0.25,0.08495996029609267,15103.049160999988,True,False
6689,1320.0,955,4853429,0.25,0.08492606543160383,15105.973811499993,True,False
6690,1200.0,637,4854066,0.25,0.13082364398353505,15108.034423124991,True,False
6691,1440.0,972,4855038,0.25,0.1419732357402152,15110.901734707993,True,False
6692,940.0,621,4855659,0.25,0.10915349455129715,15113.20097362499,True,False
6693,380.0,403,4856062,0.25,0.09692509950018756,15115.120159499987,True,False
6694,1840.0,916,4856978,0.25,0.12739338875874293,15117.997798375,True,False
6695,1540.0,956,4857934,0.25,0.11309105292679625,15120.849796124996,True,False
6696,1820.0,920,4858854,0.25,0.12739651924728052,15123.59690158299,True,False
6697,840.0,598,4859452,0.25,0.09765000782907009,15125.412905332996,True,False
6698,1020.0,658,4860110,0.25,0.1138138766627668,15127.378782790998,True,False
6699,1030.0,644,4860754,0.25,0.09335373144203461,15129.308198665996,True,False
6700,1330.0,776,4861530,0.25,0.12632773248190732,15131.646278165994,True,False
6701,1240.0,989,4862519,0.25,0.12214961461722851,15135.491324749994,True,False
6702,1310.0,870,4863389,0.25,0.09441850638580979,15138.105951624995,True,False
6703,1110.0,698,4864087,0.25,0.11944693149249444,15140.168521999993,True,False
6704,2320.0,1200,4865287,0.25,0.1127652123135825,15143.719058332994,True,False
6705,1720.0,892,4866179,0.25,0.12175653185778937,15146.356635457996,True,False
6706,1160.0,826,4867005,0.25,0.1015149367802241,15148.822157666,True,False
6707,1250.0,838,4867843,0.25,0.08603510871066146,15151.29849529099,True,False
6708,1670.0,873,4868716,0.25,0.09358098266909928,15153.89116741599,True,False
6709,1180.0,699,4869415,0.25,0.10667662850270669,15156.08063779099,True,False
6710,1200.0,842,4870257,0.25,0.0984864784360497,15158.579125749995,True,False
6711,1340.0,745,4871002,0.25,0.11344887657711904,15160.846350957989,True,False
6712,850.0,556,4871558,0.25,0.12630397845193636,15162.523908040996,True,False
6713,1490.0,845,4872403,0.25,0.11088537732889585,15165.045983958,True,False
6714,1230.0,659,4873062,0.25,0.08590655666634892,15167.025868124998,True,False
6715,1660.0,822,4873884,0.25,0.09497972677271922,15169.483105290987,True,False
6716,1780.0,774,4874658,0.25,0.09403254716160075,15171.81156129099,True,False
6717,1680.0,911,4875569,0.25,0.11736719305381964,15174.599487082989,True,False
6718,960.0,639,4876208,0.25,0.08831211299402639,15176.503650624989,True,False
6719,1150.0,721,4876929,0.25,0.10342988588122858,15178.664143666,True,False
6720,1270.0,852,4877781,0.25,0.10415630695790472,15181.19023349999,True,False
6721,600.0,589,4878370,0.25,0.09671951905146342,15182.941486249998,True,False
6722,1860.0,918,4879288,0.25,0.1137005019609047,15186.791527374997,True,False
6723,1920.0,782,4880070,0.25,0.09502629956755883,15189.828416624994,True,False
6724,630.0,556,4880626,0.25,0.10794549546599817,15191.51650608299,True,False
6725,1520.0,939,4881565,0.25,0.10061727277934551,15194.315102624998,True,False
6726,1660.0,1027,4882592,0.25,0.10501120063378422,15198.245472040988,True,False
6727,1860.0,854,4883446,0.25,0.10707136082677214,15200.811775332986,True,False
6728,1190.0,796,4884242,0.25,0.11773935016525451,15203.188809540996,True,False
6729,890.0,705,4884947,0.25,0.08020836833483455,15205.29355599999,True,False
6730,1120.0,862,4885809,0.25,0.0863282224163413,15207.869623040999,True,False
6731,3000.0,908,4886717,0.25,0.10409275047677992,15210.562709124992,True,False
6732,1440.0,550,4887267,0.25,0.12435637876717713,15212.225747082994,True,False
6733,1920.0,1126,4888393,0.25,0.1014780633032639,15215.577572374998,True,False
6734,1150.0,744,4889137,0.25,0.08126551412566695,15217.811128540998,True,False
6735,490.0,440,4889577,0.25,0.1148123867132447,15219.15603262499,True,False
6736,1250.0,867,4890444,0.25,0.09469528162362663,15221.878389665988,True,False
6737,1170.0,842,4891286,0.25,0.12444627863310632,15224.423449540991,True,False
6738,890.0,744,4892030,0.25,0.10688187100834423,15226.702124165997,True,False
6739,1370.0,884,4892914,0.25,0.13741712462224437,15229.666425999996,True,False
6740,1090.0,663,4893577,0.25,0.11829692158982696,15231.975190790996,True,False
6741,1300.0,718,4894295,0.25,0.11754361534876197,15234.285447749993,True,False
6742,1120.0,711,4895006,0.25,0.11316641306065106,15236.40513,True,False
6743,920.0,810,4895816,0.25,0.10117447182646232,15238.845388832997,True,False
6744,4060.0,820,4896636,0.25,0.09018116730560617,15241.306950707993,True,False
6745,1060.0,631,4897267,0.25,0.0970993590464068,15243.201778332994,True,False
6746,1900.0,888,4898155,0.25,0.1111360852531082,15245.977543540997,True,False
6747,1290.0,842,4898997,0.25,0.09162233131650782,15248.465621207986,True,False
6748,2260.0,1265,4900262,0.25,0.10533177048038644,15252.221817290992,True,False
6749,2620.0,990,4901252,0.25,0.10691340101672517,15255.215676374995,True,False
6750,1360.0,813,4902065,0.25,0.11286066058711172,15257.733890457996,True,False
6751,1220.0,827,4902892,0.25,0.09353153509254329,15261.271062332991,True,False
6752,910.0,742,4903634,0.25,0.09998076242973676,15263.51984429099,True,False
6753,1380.0,699,4904333,0.25,0.11899577799652304,15265.619219749991,True,False
6754,1660.0,951,4905284,0.25,0.10841130478573698,15268.518006665996,True,False
6755,970.0,828,4906112,0.25,0.12196175399537823,15271.009779374988,True,False
6756,1190.0,843,4906955,0.25,0.1184535751119256,15273.532022,True,False
6757,1420.0,911,4907866,0.25,0.11416699118062593,15276.388545124995,True,False
6758,2200.0,1051,4908917,0.25,0.12246059197861658,15279.522078040987,True,False
6759,1960.0,874,4909791,0.25,0.1048554408047861,15282.171186707987,True,False
6760,1110.0,863,4910654,0.25,0.09390407563532116,15284.970329624994,True,False
6761,1560.0,904,4911558,0.25,0.11106037923785965,15287.649339207986,True,False
6762,1190.0,786,4912344,0.25,0.10368171548896332,15290.049192583,True,False
6763,1010.0,735,4913079,0.25,0.10569042263583081,15292.232295625,True,False
6764,1470.0,910,4913989,0.25,0.0908471287162811,15294.96204983299,True,False
6765,2790.0,812,4914801,0.25,0.10009928966133759,15297.3861875,True,False
6766,1130.0,886,4915687,0.25,0.11307249996153747,15300.039612415989,True,False
6767,1130.0,910,4916597,0.25,0.07816993731090374,15302.762642040994,True,False
6768,1300.0,877,4917474,0.25,0.11291669017409897,15305.365941790995,True,False
6769,830.0,518,4917992,0.25,0.10714791010205563,15306.940086666,True,False
6770,2640.0,742,4918734,0.25,0.11821620414990025,15309.154789124994,True,False
6771,1080.0,777,4919511,0.25,0.10971322093043745,15311.483094374998,True,False
6772,980.0,724,4920235,0.25,0.10392402103222206,15313.656658499996,True,False
6773,1810.0,981,4921216,0.25,0.12381589034859969,15316.578050332988,True,False
6774,1000.0,576,4921792,0.25,0.09536720547152476,15318.30730729099,True,False
6775,1680.0,841,4922633,0.25,0.10907855896013123,15320.87925995799,True,False
6776,1740.0,794,4923427,0.25,0.11054901553863528,15324.678883374989,True,False
6777,1020.0,787,4924214,0.25,0.12381101740041965,15327.159990415996,True,False
6778,1070.0,686,4924900,0.25,0.09706423688290078,15329.18842883299,True,False
6779,950.0,680,4925580,0.25,0.10865514307995053,15331.26401795799,True,False
6780,1110.0,732,4926312,0.25,0.08979311964062393,15333.47912358299,True,False
6781,1150.0,887,4927199,0.25,0.10579973755918477,15336.132635832997,True,False
6782,1500.0,642,4927841,0.25,0.10659102180405804,15338.057837,True,False
6783,1160.0,691,4928532,0.25,0.10740917872615977,15340.140493125,True,False
6784,1010.0,608,4929140,0.25,0.09789320527526893,15341.986713708,True,False
6785,1020.0,691,4929831,0.25,0.08189682401500123,15344.049075624993,True,False
6786,1030.0,722,4930553,0.25,0.09737822266285262,15346.214168457998,True,False
6787,1370.0,987,4931540,0.25,0.12097190588954007,15349.330892957994,True,False
6788,770.0,587,4932127,0.25,0.0981572259676783,15351.094196999999,True,False
6789,1050.0,600,4932727,0.25,0.11666563488543033,15352.87773641599,True,False
6790,900.0,656,4933383,0.25,0.10236825071638678,15354.86318824999,True,False
6791,1420.0,750,4934133,0.25,0.13199336243238538,15357.117400290997,True,False
6792,1020.0,693,4934826,0.25,0.09513943421659786,15359.186456207986,True,False
6793,1180.0,695,4935521,0.25,0.10304431725379037,15361.269239415997,True,False
6794,1200.0,890,4936411,0.25,0.10949784247120758,15363.909751790998,True,False
6795,780.0,584,4936995,0.25,0.10435071713865211,15365.669378624996,True,False
6796,1520.0,915,4937910,0.25,0.11076276058811027,15368.392028290997,True,False
6797,1540.0,850,4938760,0.25,0.13322416952693125,15370.928393874987,True,False
6798,1120.0,745,4939505,0.25,0.10107403979586657,15373.140925249987,True,False
6799,1250.0,932,4940437,0.25,0.09554525222549366,15375.98791099999,True,False
6800,2430.0,721,4941158,0.25,0.09825819288897845,15378.510321249996,True,False
6801,1010.0,687,4941845,0.25,0.11332015774407705,15381.88594441599,True,False
6802,820.0,796,4942641,0.25,0.11490634338340568,15384.233267790987,True,False
6803,1110.0,771,4943412,0.25,0.09734604930398995,15386.674541,True,False
6804,2080.0,878,4944290,0.25,0.10553817345535374,15389.297463874987,True,False
6805,1110.0,966,4945256,0.25,0.10433417638717604,15392.18049783299,True,False
6806,2690.0,882,4946138,0.25,0.10077515619552949,15394.808500874991,True,False
6807,1000.0,658,4946796,0.25,0.1008797669952566,15396.788164540994,True,False
6808,1840.0,1000,4947796,0.25,0.09102331135421991,15399.831325249994,True,False
6809,1720.0,790,4948586,0.25,0.11255272866467836,15402.622020874987,True,False
6810,1280.0,847,4949433,0.25,0.11802358536998618,15405.40193537499,True,False
6811,1080.0,785,4950218,0.25,0.1012176415046715,15407.7159675,True,False
6812,2240.0,1053,4951271,0.25,0.10091427185292932,15410.86421249999,True,False
6813,2000.0,992,4952263,0.25,0.11252525458563,15413.928371749993,True,False
6814,1030.0,960,4953223,0.25,0.11045116482612988,15416.825252124996,True,False
6815,2640.0,1003,4954226,0.25,0.09241062095500084,15419.875242915994,True,False
6816,1820.0,749,4954975,0.25,0.1069898964129986,15422.194706374998,True,False
6817,1670.0,848,4955823,0.25,0.08663088478640003,15424.707290583,True,False
6818,1560.0,940,4956763,0.25,0.09550641902742234,15427.564024707986,True,False
6819,960.0,686,4957449,0.25,0.11991411033844532,15429.609241790997,True,False
6820,1390.0,957,4958406,0.25,0.09832544385545174,15432.462403749989,True,False
6821,1610.0,941,4959347,0.25,0.09732490379284037,15435.266871790998,True,False
6822,1440.0,908,4960255,0.25,0.1020363634657361,15437.952260457998,True,False
6823,1710.0,781,4961036,0.25,0.11028276907033002,15440.29613933299,True,False
6824,1130.0,684,4961720,0.25,0.08710777610322537,15442.327872082999,True,False
6825,1330.0,794,4962514,0.25,0.10407353659169842,15444.708028249996,True,False
6826,1010.0,681,4963195,0.25,0.09138231343206238,15447.994865582994,True,False
6827,1470.0,808,4964003,0.25,0.09695781176301217,15450.410596749993,True,False
6828,2070.0,945,4964948,0.25,0.08869075578664928,15453.210014082986,True,False
6829,1350.0,888,4965836,0.25,0.09681469378237789,15455.833912582995,True,False
6830,1860.0,864,4966700,0.25,0.09855274381805901,15458.397545,True,False
6831,1490.0,685,4967385,0.25,0.10316143701212448,15460.428848040989,True,False
6832,1260.0,772,4968157,0.25,0.08620936095405737,15462.719528582995,True,False
6833,900.0,738,4968895,0.25,0.11514316060904252,15464.908470665992,True,False
6834,970.0,659,4969554,0.25,0.10360656942833554,15466.873221290996,True,False
6835,1090.0,746,4970300,0.25,0.095997679679789,15469.082272332991,True,False
6836,1260.0,974,4971274,0.25,0.12087677057387898,15471.978475874988,True,False
6837,1290.0,899,4972173,0.25,0.09805754409896003,15474.655214040991,True,False
6838,3480.0,971,4973144,0.25,0.08647007459521662,15477.690472749993,True,False
6839,1320.0,984,4974128,0.25,0.11074763895353167,15480.66641508299,True,False
6840,1180.0,740,4974868,0.25,0.10793138694118809,15482.860100499995,True,False
6841,830.0,548,4975416,0.25,0.11984873127980825,15484.522099374997,True,False
6842,790.0,571,4975987,0.25,0.09535461606484064,15486.241687457994,True,False
6843,990.0,602,4976589,0.25,0.10492239036406113,15488.637241915989,True,False
6844,1170.0,558,4977147,0.25,0.09379586979425211,15491.044988290989,True,False
6845,1890.0,945,4978092,0.25,0.09490636526312254,15493.981101332989,True,False
6846,960.0,711,4978803,0.25,0.11137740680221785,15496.107958875,True,False
6847,1090.0,664,4979467,0.25,0.09977592879636998,15498.129831207989,True,False
6848,870.0,633,4980100,0.25,0.11733364661768922,15500.06070224999,True,False
6849,1110.0,642,4980742,0.25,0.09340291547123343,15501.98578116599,True,False
6850,1460.0,894,4981636,0.25,0.10914042858972348,15504.67842674999,True,False
6851,1670.0,1072,4982708,0.25,0.09798711641177313,15508.854707832987,True,False
6852,720.0,554,4983262,0.25,0.09945199233682259,15510.571678707987,True,False
6853,1390.0,923,4984185,0.25,0.09201757238121518,15513.339204749995,True,False
6854,1270.0,773,4984958,0.25,0.10175463935080434,15515.651835915996,True,False
6855,1110.0,794,4985752,0.25,0.08998027788334756,15518.057518791,True,False
6856,1390.0,1297,4987049,0.25,0.11902173864080307,15521.901298624987,True,False
6857,1240.0,1137,4988186,0.25,0.10195378306269332,15525.373370124988,True,False
6858,1490.0,793,4988979,0.25,0.08238106626415193,15527.723759249988,True,False
6859,1180.0,912,4989891,0.25,0.09975993091632661,15530.46606454099,True,False
6860,2000.0,1090,4990981,0.25,0.09763548785186076,15533.741028165998,True,False
6861,1860.0,819,4991800,0.25,0.10232149321676755,15536.195444665995,True,False
6862,1540.0,1059,4992859,0.25,0.12388845141553743,15539.374641624992,True,False
6863,1090.0,654,4993513,0.25,0.09099061557705082,15541.463238249999,True,False
6864,1940.0,819,4994332,0.25,0.11093968371065652,15543.939439040987,True,False
6865,1330.0,709,4995041,0.25,0.09956724921736003,15546.05509712499,True,False
6866,1940.0,778,4995819,0.25,0.12058227713767093,15548.401086957994,True,False
6867,1960.0,1146,4996965,0.25,0.09149900768017104,15551.828403874999,True,False
6868,2480.0,1292,4998257,0.25,0.10446583340665319,15556.159387165986,True,False
6869,2300.0,1176,4999433,0.25,0.11883176813776396,15559.97268737499,True,False
6870,1030.0,855,5000288,0.25,0.09814364899158756,15562.498961457997,True,False
6871,880.0,751,5001039,0.25,0.09827556137374059,15564.7617245,True,False
6872,880.0,720,5001759,0.25,0.12195921519564258,15566.920098874994,True,False
6873,810.0,668,5002427,0.25,0.10156244062958006,15568.919775666,True,False
6874,2060.0,895,5003322,0.25,0.10967125813476741,15571.605019999988,True,False
6875,1010.0,650,5003972,0.25,0.1053143883341112,15573.559115083,True,False
6876,800.0,655,5004627,0.25,0.12897048559199814,15576.548592332998,True,False
6877,2000.0,978,5005605,0.25,0.10585889471124629,15579.508309832992,True,False
6878,1790.0,1267,5006872,0.25,0.10239041706529514,15583.258810040992,True,False
6879,1260.0,941,5007813,0.25,0.08614906732468529,15586.055633083,True,False
6880,760.0,650,5008463,0.25,0.10735946647638892,15587.998820458,True,False
6881,2560.0,1050,5009513,0.25,0.11797697741552451,15591.100139582995,True,False
6882,1210.0,772,5010285,0.25,0.11057250649509034,15593.404111415992,True,False
6883,1560.0,857,5011142,0.25,0.09743455815712147,15595.977058665987,True,False
6884,1100.0,653,5011795,0.25,0.11830998829171702,15597.948635790992,True,False
6885,990.0,748,5012543,0.25,0.12679370427952413,15600.19484862499,True,False
6886,1230.0,792,5013335,0.25,0.10429866867836075,15602.563419165992,True,False
6887,1950.0,881,5014216,0.25,0.09981080138744003,15605.342141999994,True,False
6888,1050.0,794,5015010,0.25,0.08138527963874918,15607.70164554099,True,False
6889,1060.0,631,5015641,0.25,0.1052850393484099,15609.697481332987,True,False
6890,2520.0,928,5016569,0.25,0.10445960164712421,15612.580896374988,True,False
6891,1210.0,708,5017277,0.25,0.10527788956076076,15614.715134290993,True,False
6892,1430.0,877,5018154,0.25,0.09234487037408297,15617.409908040994,True,False
6893,1380.0,985,5019139,0.25,0.10511874679354875,15620.427332457999,True,False
6894,1320.0,733,5019872,0.25,0.09932056334598557,15622.651066457998,True,False
6895,1630.0,804,5020676,0.25,0.10180086027182157,15625.050318582988,True,False
6896,1480.0,966,5021642,0.25,0.09166905325663535,15629.787987040996,True,False
6897,1140.0,854,5022496,0.25,0.09897364660331578,15632.61218687499,True,False
6898,1200.0,681,5023177,0.25,0.10102751172859879,15634.879290832992,True,False
6899,1850.0,1048,5024225,0.25,0.08716186389810483,15637.984161749991,True,False
6900,1470.0,969,5025194,0.25,0.09440499751959458,15640.920628458,True,False
6901,1060.0,638,5025832,0.25,0.12392828910378739,15643.887837457994,True,False
6902,1080.0,789,5026621,0.25,0.08342126205677006,15646.306989749995,True,False
6903,860.0,501,5027122,0.25,0.0805934329032898,15647.860318624997,True,False
6904,1500.0,794,5027916,0.25,0.07778873841217415,15650.23287054099,True,False
6905,570.0,523,5028439,0.25,0.1070804456105599,15651.813175415999,True,False
6906,2380.0,1136,5029575,0.25,0.08127180031749984,15655.230717790997,True,False
6907,1620.0,745,5030320,0.25,0.09896334459915518,15657.465498708,True,False
6908,1900.0,1083,5031403,0.25,0.10568975456817835,15660.729761874987,True,False
6909,1170.0,704,5032107,0.25,0.09822248576992107,15662.845241207993,True,False
6910,1980.0,823,5032930,0.25,0.08798524691244063,15665.307773790992,True,False
6911,2380.0,694,5033624,0.25,0.08339732791157975,15667.400751582987,True,False
6912,1190.0,625,5034249,0.25,0.08449970942754777,15669.422231416,True,False
6913,990.0,719,5034968,0.25,0.09993245259134306,15671.616565457996,True,False
6914,970.0,488,5035456,0.25,0.06945792423774962,15673.144000540997,True,False
6915,1340.0,825,5036281,0.25,0.09007542536964694,15675.641700249995,True,False
6916,1560.0,756,5037037,0.25,0.1022854593518392,15677.938907665986,True,False
6917,1200.0,895,5037932,0.25,0.09806828513059632,15680.649577457996,True,False
6918,1470.0,676,5038608,0.25,0.08493000586357342,15682.937226790993,True,False
6919,1040.0,736,5039344,0.25,0.09590181086779288,15685.556914957997,True,False
6920,1200.0,890,5040234,0.25,0.08606126912038874,15689.54341045799,True,False
6921,1610.0,676,5040910,0.25,0.10756424832097172,15691.854826165989,True,False
6922,1070.0,586,5041496,0.25,0.07877873351835475,15693.62062516599,True,False
6923,900.0,661,5042157,0.25,0.1059302542866631,15695.646098332989,True,False
6924,2000.0,1211,5043368,0.25,0.10634458722184004,15699.305151374996,True,False
6925,960.0,669,5044037,0.25,0.10009917646958799,15701.360682082988,True,False
6926,1230.0,624,5044661,0.25,0.1060385066920366,15704.645113124992,True,False
6927,950.0,661,5045322,0.25,0.10947128057931409,15706.683969291,True,False
6928,990.0,822,5046144,0.25,0.08546591999497517,15709.61765729099,True,False
6929,1090.0,825,5046969,0.25,0.10447749573267201,15712.545539249986,True,False
6930,1210.0,654,5047623,0.25,0.11988302116836506,15714.755374,True,False
6931,2890.0,975,5048598,0.25,0.10121748334590773,15717.760230249987,True,False
6932,1580.0,675,5049273,0.25,0.11809474637610673,15719.909010541,True,False
6933,2810.0,986,5050259,0.25,0.08883958814165942,15722.887333082996,True,False
6934,1250.0,841,5051100,0.25,0.09360319570201268,15725.46571545799,True,False
6935,1340.0,946,5052046,0.25,0.10991710293406652,15728.326880124994,True,False
6936,810.0,745,5052791,0.25,0.12476564037503414,15730.60203991599,True,False
6937,1100.0,699,5053490,0.25,0.13626567932111877,15732.83389899999,True,False
6938,870.0,641,5054131,0.25,0.10998442663112655,15734.797689125,True,False
6939,1310.0,918,5055049,0.25,0.09786451232174169,15737.572730665997,True,False
6940,1130.0,680,5055729,0.25,0.11304900880136035,15739.630204540998,True,False
6941,1220.0,715,5056444,0.25,0.1067518048487895,15741.788592124998,True,False
6942,1010.0,706,5057150,0.25,0.11216425555969843,15743.920712332998,True,False
6943,1500.0,1091,5058241,0.25,0.10511441808535066,15747.610775999987,True,False
6944,1220.0,846,5059087,0.25,0.1082514380038632,15751.135001790986,True,False
6945,1840.0,1185,5060272,0.25,0.10673761644999588,15754.659191624989,True,False
6946,1290.0,845,5061117,0.25,0.08481867316562983,15757.248898415986,True,False
6947,2780.0,1049,5062166,0.25,0.10639287761718262,15760.379724165992,True,False
6948,2900.0,1154,5063320,0.25,0.12660796769530508,15763.861424457995,True,False
6949,940.0,708,5064028,0.25,0.09002491246677388,15765.998391332992,True,False
6950,910.0,685,5064713,0.25,0.10681024502026058,15768.053616040997,True,False
6951,900.0,1087,5065800,0.25,0.10978683141772361,15772.459274665991,True,False
6952,1010.0,589,5066389,0.25,0.10315934871481795,15774.301987040992,True,False
6953,1390.0,914,5067303,0.25,0.12839140575542524,15777.018969124998,True,False
6954,810.0,682,5067985,0.25,0.10940174229050938,15779.104414874993,True,False
6955,2210.0,972,5068957,0.25,0.10571553016947621,15782.038130707995,True,False
6956,910.0,635,5069592,0.25,0.12215447788999516,15783.958459124988,True,False
6957,1420.0,840,5070432,0.25,0.11802999039313623,15786.496354165996,True,False
6958,1260.0,832,5071264,0.25,0.11924812141268586,15789.003603749996,True,False
6959,1410.0,706,5071970,0.25,0.08355103797723794,15791.140325957997,True,False
6960,1590.0,759,5072729,0.25,0.11039729584008455,15793.43326574999,True,False
6961,970.0,791,5073520,0.25,0.0879228516773443,15796.003352165993,True,False
6962,1150.0,908,5074428,0.25,0.09680508173969349,15798.706353332993,True,False
6963,1430.0,765,5075193,0.25,0.13241360662261228,15801.058909374988,True,False
6964,1060.0,759,5075952,0.25,0.09481488705465668,15803.33359616599,True,False
6965,1730.0,1039,5076991,0.25,0.1203945117092846,15806.457992540993,True,False
6966,1190.0,746,5077737,0.25,0.09268762099551645,15808.76913049999,True,False
6967,2050.0,940,5078677,0.25,0.08560448840577552,15811.593391666,True,False
6968,1650.0,854,5079531,0.25,0.11008775743170524,15814.172698582988,True,False
6969,1440.0,1045,5080576,0.25,0.10195444874778276,15817.288617207989,True,False
6970,1080.0,767,5081343,0.25,0.10285650845129453,15820.994208999997,True,False
6971,2180.0,1092,5082435,0.25,0.10233278907562568,15825.459890999991,True,False
6972,2530.0,820,5083255,0.25,0.11151260328365535,15828.166909832988,True,False
6973,1210.0,764,5084019,0.25,0.11345016246378734,15830.4410775,True,False
6974,1470.0,648,5084667,0.25,0.11709962630023558,15832.424679582997,True,False
6975,1240.0,748,5085415,0.25,0.10234997673507999,15834.699481165997,True,False
6976,1230.0,775,5086190,0.25,0.12658850082493933,15838.220725540988,True,False
6977,1950.0,1095,5087285,0.25,0.10144484219868688,15841.560332875,True,False
6978,2720.0,950,5088235,0.25,0.11888434980771964,15844.38696158299,True,False
6979,870.0,732,5088967,0.25,0.11302036240371198,15846.609645249991,True,False
6980,1080.0,857,5089824,0.25,0.11515846832027268,15849.190561624986,True,False
6981,3280.0,1232,5091056,0.25,0.11466342149689407,15852.89241375,True,False
6982,1720.0,944,5092000,0.25,0.10420389189305952,15855.707128040987,True,False
6983,2250.0,1097,5093097,0.25,0.10969114283194942,15859.0674745,True,False
6984,1320.0,815,5093912,0.25,0.1188317412492253,15861.692184707994,True,False
6985,1540.0,763,5094675,0.25,0.112586767657807,15864.0787575,True,False
6986,1590.0,886,5095561,0.25,0.1039306953348018,15866.771074165998,True,False
6987,1560.0,915,5096476,0.25,0.11608682310932589,15869.575403874987,True,False
6988,2080.0,942,5097418,0.25,0.12224923466589857,15872.413584665992,True,False
6989,2170.0,990,5098408,0.25,0.10488565658940183,15875.398364624998,True,False
6990,1050.0,835,5099243,0.25,0.1180519450796195,15877.919984207998,True,False
6991,1690.0,888,5100131,0.25,0.09595091648500513,15881.68968645799,True,False
6992,1580.0,903,5101034,0.25,0.11021514732258773,15885.009066832994,True,False
6993,980.0,711,5101745,0.25,0.10088544868435083,15887.16576158299,True,False
6994,980.0,831,5102576,0.25,0.11066664770567933,15889.667748165986,True,False
6995,1640.0,969,5103545,0.25,0.09781877408650788,15892.608875665988,True,False
6996,860.0,762,5104307,0.25,0.1039760268342338,15894.909895290999,True,False
6997,1280.0,868,5105175,0.25,0.11371890636598735,15897.514895999993,True,False
6998,1590.0,764,5105939,0.25,0.09689755726079043,15899.842944624994,True,False
6999,1920.0,846,5106785,0.25,0.09677675613290015,15902.383947915994,True,False
7000,1550.0,935,5107720,0.25,0.10319444843623628,15905.19519975,True,False
7001,1790.0,870,5108590,0.25,0.10512339485131102,15908.861155832987,True,False
7002,1170.0,758,5109348,0.25,0.1049497545647778,15911.203654290992,True,False
7003,1080.0,663,5110011,0.25,0.12079888942341009,15913.189427374993,True,False
7004,2410.0,774,5110785,0.25,0.11776479970202926,15915.522042207987,True,False
7005,1430.0,807,5111592,0.25,0.10405288928990612,15917.994400083,True,False
7006,1080.0,1076,5112668,0.25,0.11880230231965341,15921.300907749988,True,False
7007,1650.0,895,5113563,0.25,0.10191223007781355,15924.135632249992,True,False
7008,680.0,752,5114315,0.25,0.10724125971938385,15926.412425540999,True,False
7009,1660.0,1048,5115363,0.25,0.10182847312957276,15929.594400624992,True,False
7010,850.0,660,5116023,0.25,0.1161801396332907,15931.589798207991,True,False
7011,1450.0,660,5116683,0.25,0.10129174600270661,15933.591532832987,True,False
7012,1350.0,634,5117317,0.25,0.11526396006064595,15935.778564374996,True,False
7013,1730.0,736,5118053,0.25,0.12150564931495034,15938.374710332995,True,False
7014,1820.0,657,5118710,0.25,0.12088835196251549,15941.15956583299,True,False
7015,2140.0,1079,5119789,0.25,0.136888721316225,15945.373982874997,True,False
7016,1940.0,968,5120757,0.25,0.10791960197754881,15948.281615749991,True,False
7017,1470.0,757,5121514,0.25,0.11289927737895773,15950.647084915996,True,False
7018,1680.0,866,5122380,0.25,0.10341585186322988,15953.277980249986,True,False
7019,1210.0,639,5123019,0.25,0.12893926074622936,15955.253500124993,True,False
7020,1270.0,848,5123867,0.25,0.10699803646618747,15957.850780207998,True,False
7021,980.0,636,5124503,0.25,0.09446376410998264,15959.81157574999,True,False
7022,1700.0,1030,5125533,0.25,0.10341232853342397,15963.17617320799,True,False
7023,1200.0,751,5126284,0.25,0.08894867113632883,15965.429661124988,True,False
7024,510.0,452,5126736,0.25,0.08877083045982681,15966.847054165992,True,False
7025,1520.0,598,5127334,0.25,0.09939866269244843,15968.713775207987,True,False
7026,920.0,700,5128034,0.25,0.09076020183307784,15972.00013541599,True,False
7027,330.0,368,5128402,0.25,0.13659202295315007,15973.202388708,True,False
7028,1610.0,1030,5129432,0.25,0.11196619266456412,15976.342307957995,True,False
7029,1200.0,933,5130365,0.25,0.10241007016643945,15979.136615083,True,False
7030,1330.0,707,5131072,0.25,0.09184799709562529,15981.301599665996,True,False
7031,930.0,798,5131870,0.25,0.10230085438108025,15983.729278915998,True,False
7032,1890.0,841,5132711,0.25,0.09447165377260673,15986.300111874996,True,False
7033,2350.0,1357,5134068,0.25,0.11454388243967996,15991.026125833,True,False
7034,1900.0,870,5134938,0.25,0.09369198365935258,15994.034491999992,True,False
7035,1950.0,1012,5135950,0.25,0.09694291361176921,15997.54701029099,True,False
7036,2360.0,1012,5136962,0.25,0.09804835224987961,16000.637975749996,True,False
7037,1120.0,988,5137950,0.25,0.1246524429257944,16003.672765832991,True,False
7038,1350.0,880,5138830,0.25,0.09670977285131813,16006.315240874988,True,False
7039,890.0,727,5139557,0.25,0.09600330510555388,16008.499090915997,True,False
7040,400.0,468,5140025,0.25,0.10038758124996963,16009.943339207995,True,False
7041,2220.0,877,5140902,0.25,0.09080336136598838,16013.985644457993,True,False
7042,1520.0,822,5141724,0.25,0.10903754351136175,16017.569716125,True,False
7043,1450.0,764,5142488,0.25,0.09384936586763534,16020.528497540989,True,False
7044,740.0,655,5143143,0.25,0.09695908843191123,16022.45402949999,True,False
7045,2170.0,814,5143957,0.25,0.10767354432712584,16024.937449540987,True,False
7046,1360.0,1010,5144967,0.25,0.10201186247702156,16028.029087666,True,False
7047,1310.0,721,5145688,0.25,0.08677782480558638,16030.237534165994,True,False
7048,1630.0,942,5146630,0.25,0.09600280233995712,16033.068181582988,True,False
7049,2120.0,1050,5147680,0.25,0.10463303732668039,16036.202638540999,True,False
7050,940.0,489,5148169,0.25,0.10213257494519969,16037.692644790994,True,False
7051,1650.0,813,5148982,0.25,0.10929248902231015,16041.113626332997,True,False
7052,810.0,674,5149656,0.25,0.12144259219030304,16043.238041499993,True,False
7053,1530.0,681,5150337,0.25,0.11804496893549667,16045.321914,True,False
7054,1710.0,940,5151277,0.25,0.1028081348918854,16048.134336499992,True,False
7055,970.0,771,5152048,0.25,0.12434779059315593,16050.555297707993,True,False
7056,1330.0,664,5152712,0.25,0.1209975550938622,16052.711822749989,True,False
7057,1000.0,651,5153363,0.25,0.11798420205804301,16054.655513040998,True,False
7058,1020.0,568,5153931,0.25,0.12254494773617512,16056.39234374999,True,False
7059,1510.0,667,5154598,0.25,0.11169146324792308,16058.431627540995,True,False
7060,1110.0,808,5155406,0.25,0.13067507180431398,16061.068747957994,True,False
7061,1190.0,900,5156306,0.25,0.12274824054704772,16063.796548374987,True,False
7062,1000.0,860,5157166,0.25,0.11441952541990336,16066.36490637499,True,False
7063,1250.0,730,5157896,0.25,0.11656800766419517,16068.58781954099,True,False
7064,950.0,671,5158567,0.25,0.1323377955593392,16070.606032040989,True,False
7065,1130.0,638,5159205,0.25,0.11424994473345577,16072.636442290997,True,False
7066,2330.0,1260,5160465,0.25,0.12266387081453725,16078.134311999995,True,False
7067,2250.0,900,5161365,0.25,0.10292658839788701,16081.190429582988,True,False
7068,850.0,642,5162007,0.25,0.13462237623753026,16083.118748165987,True,False
7069,1670.0,922,5162929,0.25,0.10783474165059272,16085.882879207988,True,False
7070,4480.0,902,5163831,0.25,0.11426736464103063,16088.613205207992,True,False
7071,1120.0,615,5164446,0.25,0.10244152771139686,16090.479321540988,True,False
7072,1510.0,741,5165187,0.25,0.10921585266855922,16092.696000832992,True,False
7073,1770.0,1088,5166275,0.25,0.11357434903381064,16095.940845457997,True,False
7074,2860.0,1020,5167295,0.25,0.11737322568455164,16098.965982499998,True,False
7075,1930.0,978,5168273,0.25,0.09551652771781902,16101.875147082988,True,False
7076,1680.0,1019,5169292,0.25,0.11418565267733499,16105.858866165989,True,False
7077,1040.0,652,5169944,0.25,0.11498807218679986,16107.853841332995,True,False
7078,2150.0,950,5170894,0.25,0.11739275529823474,16110.679037457987,True,False
7079,2520.0,711,5171605,0.25,0.09874135675431972,16112.830483915997,True,False
7080,1510.0,830,5172435,0.25,0.10280210511300011,16115.307449290995,True,False
7081,1300.0,896,5173331,0.25,0.11335234520291644,16118.100548582996,True,False
7082,1100.0,714,5174045,0.25,0.11110311433381541,16120.256779582996,True,False
7083,1380.0,970,5175015,0.25,0.10628218064469493,16123.148720749989,True,False
7084,1680.0,1144,5176159,0.25,0.11248414374731637,16126.560662582997,True,False
7085,1250.0,812,5176971,0.25,0.11710671823600242,16128.994191332997,True,False
7086,1420.0,820,5177791,0.25,0.10702310581577987,16131.444585332996,True,False
7087,1100.0,744,5178535,0.25,0.12146154655924728,16133.752880874992,True,False
7088,1310.0,948,5179483,0.25,0.11810425000131633,16137.938521249991,True,False
7089,900.0,703,5180186,0.25,0.12043245460584083,16140.032801707988,True,False
7090,1180.0,695,5180881,0.25,0.13310331291379943,16142.131661124993,True,False
7091,670.0,795,5181676,0.25,0.12062581059471447,16144.531426707996,True,False
7092,1290.0,823,5182499,0.25,0.11732751667136099,16146.991387540998,True,False
7093,1260.0,782,5183281,0.25,0.11850520764116426,16149.34794841599,True,False
7094,970.0,686,5183967,0.25,0.10199720521419368,16151.46127341599,True,False
7095,2030.0,820,5184787,0.25,0.11962167318092613,16153.945973374997,True,False
7096,660.0,557,5185344,0.25,0.09931671490360583,16155.627760457995,True,False
7097,1840.0,973,5186317,0.25,0.11787565611302853,16158.540327749986,True,False
7098,1200.0,684,5187001,0.25,0.10792826292546172,16160.606101624988,True,False
7099,1600.0,750,5187751,0.25,0.10737944092541774,16162.850551665993,True,False
7100,1140.0,570,5188321,0.25,0.10946833694002012,16164.677590874999,True,False
7101,2750.0,1125,5189446,0.25,0.10658980015121745,16169.046205999999,True,False
7102,1580.0,748,5190194,0.25,0.11943447450424897,16171.345127041,True,False
7103,2000.0,951,5191145,0.25,0.11949127350597322,16174.171283499993,True,False
7104,1020.0,673,5191818,0.25,0.10206770046525412,16176.19200991599,True,False
7105,860.0,690,5192508,0.25,0.13633696542180687,16178.276546832989,True,False
7106,2200.0,958,5193466,0.25,0.12454179744528428,16181.288122124999,True,False
7107,1160.0,637,5194103,0.25,0.1222966703111833,16183.271913958,True,False
7108,1400.0,830,5194933,0.25,0.12615884726759619,16185.830054749997,True,False
7109,1110.0,923,5195856,0.25,0.10249835023761311,16188.595347874987,True,False
7110,610.0,564,5196420,0.25,0.11729488532382545,16190.326339374995,True,False
7111,1370.0,943,5197363,0.25,0.11422783632544761,16193.15609545799,True,False
7112,1780.0,866,5198229,0.25,0.11798534592536325,16196.818850374999,True,False
7113,1880.0,1102,5199331,0.25,0.13045812401581894,16200.242424790995,True,False
7114,1030.0,717,5200048,0.25,0.1284505592659116,16202.386474249986,True,False
7115,1230.0,647,5200695,0.25,0.1277877646527305,16204.353665790986,True,False
7116,1100.0,902,5201597,0.25,0.11554880221827632,16207.076435874988,True,False
7117,1150.0,638,5202235,0.25,0.12407869891316262,16208.999847707993,True,False
7118,1190.0,879,5203114,0.25,0.11928170072761449,16211.61725299999,True,False
7119,860.0,710,5203824,0.25,0.0993201821791322,16213.752157374998,True,False
7120,1040.0,775,5204599,0.25,0.12533586491574894,16216.084481999991,True,False
7121,1270.0,963,5205562,0.25,0.10659848267977663,16219.033908624988,True,False
7122,970.0,613,5206175,0.25,0.11114126558299937,16220.99840404099,True,False
7123,1720.0,987,5207162,0.25,0.10756263499589343,16223.913704499995,True,False
7124,1460.0,1018,5208180,0.25,0.1047928833786179,16227.074918624989,True,False
7125,1700.0,931,5209111,0.25,0.12233739587927944,16229.887042957998,True,False
7126,1380.0,816,5209927,0.25,0.1017012329151233,16233.372689249998,True,False
7127,1230.0,694,5210621,0.25,0.10328953050547975,16235.577396499997,True,False
7128,1350.0,776,5211397,0.25,0.12739120196243844,16237.932174624992,True,False
7129,1480.0,1063,5212460,0.25,0.13137301138805269,16241.056479415987,True,False
7130,2790.0,1130,5213590,0.25,0.11717042820329995,16244.468519582995,True,False
7131,1680.0,888,5214478,0.25,0.14196612700182307,16247.089244915987,True,False
7132,2920.0,1479,5215957,0.25,0.12411755620426423,16251.47562808299,True,False
7133,1370.0,983,5216940,0.25,0.10554060300554687,16254.417511165986,True,False
7134,1390.0,814,5217754,0.25,0.11369377978402993,16256.893599624993,True,False
7135,1030.0,626,5218380,0.25,0.09114462493141745,16258.789039832991,True,False
7136,1820.0,1033,5219413,0.25,0.09065893106884504,16261.86124420799,True,False
7137,1460.0,737,5220150,0.25,0.1230993194444834,16264.04679066599,True,False
7138,1120.0,733,5220883,0.25,0.09222041052140173,16267.273427499997,True,False
7139,1390.0,835,5221718,0.25,0.11979297193827812,16270.269950082991,True,False
7140,1360.0,887,5222605,0.25,0.11626855679997453,16272.912501040992,True,False
7141,2320.0,590,5223195,0.25,0.07144125700503791,16274.711972707999,True,False
7142,1300.0,734,5223929,0.25,0.12147028417245526,16276.913277957996,True,False
7143,2040.0,997,5224926,0.25,0.10591741790433964,16279.872373124992,True,False
7144,1250.0,740,5225666,0.25,0.10604221247942061,16282.121589207993,True,False
7145,2020.0,1030,5226696,0.25,0.11023387624051913,16285.232209165988,True,False
7146,1120.0,860,5227556,0.25,0.1091287451254767,16287.781797457996,True,False
7147,1920.0,890,5228446,0.25,0.12710873702926948,16290.441278082988,True,False
7148,940.0,637,5229083,0.25,0.10558669140222687,16292.351494165996,True,False
7149,1780.0,1192,5230275,0.25,0.12620990907760873,16296.304260665987,True,False
7150,810.0,610,5230885,0.25,0.13649502371017838,16298.415190540996,True,False
7151,1890.0,909,5231794,0.25,0.08959313995709503,16302.830831040992,True,False
7152,1210.0,647,5232441,0.25,0.11627668816090365,16305.043878874989,True,False
7153,1110.0,780,5233221,0.25,0.12364371010126211,16307.396436083,True,False
7154,920.0,836,5234057,0.25,0.10255461538201599,16310.006946208,True,False
7155,1320.0,860,5234917,0.25,0.11834910688705222,16312.66677633299,True,False
7156,1060.0,713,5235630,0.25,0.10245202688939786,16314.818314749995,True,False
7157,1100.0,915,5236545,0.25,0.11250544449225003,16317.548562207987,True,False
7158,620.0,518,5237063,0.25,0.12065943294428577,16319.101761165992,True,False
7159,1220.0,827,5237890,0.25,0.12480745734511942,16321.585495749998,True,False
7160,1470.0,611,5238501,0.25,0.1081275325025024,16323.431578624994,True,False
7161,1520.0,1129,5239630,0.25,0.1079290092176368,16327.315921040994,True,False
7162,1400.0,840,5240470,0.25,0.10885674662533261,16330.138063249993,True,False
7163,1930.0,764,5241234,0.25,0.10658069062217368,16332.402157416,True,False
7164,1000.0,548,5241782,0.25,0.105506424771717,16334.067772790993,True,False
7165,1110.0,630,5242412,0.25,0.10625023535110906,16335.987227249992,True,False
7166,1770.0,878,5243290,0.25,0.09492998456233713,16339.675634165993,True,False
7167,2220.0,926,5244216,0.25,0.08915851652975483,16342.888901707993,True,False
7168,690.0,648,5244864,0.25,0.10172016993394972,16344.806496499994,True,False
7169,1340.0,877,5245741,0.25,0.10935989945922812,16347.440416124999,True,False
7170,1180.0,689,5246430,0.25,0.13348341285965817,16349.535165290989,True,False
7171,1820.0,849,5247279,0.25,0.1159283451402103,16352.059529540988,True,False
7172,1520.0,832,5248111,0.25,0.11264959554402874,16354.537652040992,True,False
7173,1530.0,950,5249061,0.25,0.10322959070727855,16357.38199083299,True,False
7174,650.0,694,5249755,0.25,0.10613940309496284,16359.445416040995,True,False
7175,1330.0,760,5250515,0.25,0.10891626918394315,16361.707778083,True,False
7176,1180.0,757,5251272,0.25,0.11830447081868586,16364.954638874988,True,False
7177,1070.0,730,5252002,0.25,0.12694631779955312,16367.147505957997,True,False
7178,1160.0,953,5252955,0.25,0.11881189532734517,16370.001535541,True,False
7179,330.0,408,5253363,0.25,0.0982980391412389,16371.364841540999,True,False
7180,2130.0,1049,5254412,0.25,0.10583762090100761,16374.489046040995,True,False
7181,990.0,640,5255052,0.25,0.13527095445315354,16376.413782457996,True,False
7182,2750.0,844,5255896,0.25,0.10623992221226906,16378.911360125,True,False
7183,1490.0,704,5256600,0.25,0.1027922576124018,16381.031450665992,True,False
7184,1380.0,818,5257418,0.25,0.09808835908587948,16383.4567255,True,False
7185,1310.0,888,5258306,0.25,0.09627451443088215,16386.109495749988,True,False
7186,1250.0,791,5259097,0.25,0.10067158708856865,16388.477994749992,True,False
7187,2540.0,984,5260081,0.25,0.10982418760687597,16391.395613582994,True,False
7188,1270.0,807,5260888,0.25,0.1193818384320429,16393.819047790996,True,False
7189,2590.0,1070,5261958,0.25,0.11331690486506577,16397.012273,True,False
7190,1690.0,877,5262835,0.25,0.12341940229477948,16399.635256999987,True,False
7191,1650.0,687,5263522,0.25,0.09962628891171757,16401.678157790986,True,False
7192,960.0,748,5264270,0.25,0.12572214032279297,16403.88772462499,True,False
7193,790.0,600,5264870,0.25,0.09094126962125301,16405.681910415995,True,False
7194,1170.0,803,5265673,0.25,0.11106999585432793,16408.072925582994,True,False
7195,1560.0,1001,5266674,0.25,0.11772884395718575,16411.023031999997,True,False
7196,1330.0,863,5267537,0.25,0.11537335495705958,16413.590318915987,True,False
7197,1540.0,681,5268218,0.25,0.11462201306267697,16415.61137975,True,False
7198,2820.0,982,5269200,0.25,0.10390380078669244,16418.523720207988,True,False
7199,1110.0,810,5270010,0.25,0.10181374354564612,16420.917254957996,True,False
7200,940.0,715,5270725,0.25,0.1131406095524074,16423.05940970799,True,False
7201,1780.0,1196,5271921,0.25,0.10979461200211359,16427.594696249987,True,False
7202,1260.0,849,5272770,0.25,0.126573584675086,16430.14156479099,True,False
7203,1240.0,863,5273633,0.25,0.09870601133270948,16432.714377082986,True,False
7204,1420.0,962,5274595,0.25,0.0926975339728718,16435.629557374996,True,False
7205,910.0,675,5275270,0.25,0.10578536288537217,16437.661397999997,True,False
7206,890.0,670,5275940,0.25,0.11038472115372618,16439.682691332986,True,False
7207,850.0,638,5276578,0.25,0.12038390659405,16441.65015799999,True,False
7208,340.0,404,5276982,0.25,0.10639495760349944,16442.896876957995,True,False
7209,640.0,726,5277708,0.25,0.11374995446057765,16445.047284249988,True,False
7210,1010.0,563,5278271,0.25,0.1253457082701581,16446.747151915988,True,False
7211,3200.0,1021,5279292,0.25,0.10750077130069258,16449.807441915997,True,False
7212,1570.0,764,5280056,0.25,0.10567463840801679,16452.076747665997,True,False
7213,1380.0,1003,5281059,0.25,0.1163592153713107,16455.04454599999,True,False
7214,1720.0,855,5281914,0.25,0.11446469648802113,16457.61061370799,True,False
7215,1210.0,600,5282514,0.25,0.15574813924729825,16459.415558458,True,False
7216,1260.0,1038,5283552,0.25,0.12101893796800421,16462.49777704099,True,False
7217,980.0,812,5284364,0.25,0.10057859384257511,16464.932204124998,True,False
7218,1080.0,801,5285165,0.25,0.154780389778316,16467.319378540997,True,False
7219,930.0,850,5286015,0.25,0.13538952539059915,16469.855483749998,True,False
7220,1170.0,813,5286828,0.25,0.1166461761675629,16472.277307665994,True,False
7221,1610.0,692,5287520,0.25,0.10537633621752951,16474.32767220799,True,False
7222,1260.0,771,5288291,0.25,0.09724633128886732,16476.636376040988,True,False
7223,1090.0,680,5288971,0.25,0.138168347232482,16478.679236749987,True,False
7224,1270.0,736,5289707,0.25,0.13975776965810877,16480.868458540994,True,False
7225,1480.0,829,5290536,0.25,0.11320281172923458,16483.343982499995,True,False
7226,1320.0,971,5291507,0.25,0.12672215600090087,16487.22914966599,True,False
7227,1120.0,794,5292301,0.25,0.12356305422832319,16489.613702332994,True,False
7228,1450.0,723,5293024,0.25,0.13183601131117312,16491.83377287499,True,False
7229,1060.0,667,5293691,0.25,0.09075929258153381,16493.806488582995,True,False
7230,580.0,573,5294264,0.25,0.09887853877929349,16495.519992290996,True,False
7231,970.0,786,5295050,0.25,0.12733382912238642,16497.856450707986,True,False
7232,1680.0,767,5295817,0.25,0.10887126779804628,16500.22998558299,True,False
7233,790.0,552,5296369,0.25,0.11020151115414026,16501.867510415992,True,False
7234,1440.0,920,5297289,0.25,0.11620873484922492,16504.589778915994,True,False
7235,1680.0,837,5298126,0.25,0.11327349858884321,16507.055715332986,True,False
7236,1640.0,897,5299023,0.25,0.096918275554864,16509.689921957994,True,False
7237,760.0,563,5299586,0.25,0.13806889605781075,16511.362527708,True,False
7238,2430.0,767,5300353,0.25,0.11709533219497341,16513.625537540996,True,False
7239,1740.0,877,5301230,0.25,0.11145051336553816,16516.19267145799,True,False
7240,2400.0,1258,5302488,0.25,0.13456525965224184,16519.89448725,True,False
7241,1690.0,827,5303315,0.25,0.11800512682321002,16522.321088665994,True,False
7242,1520.0,1275,5304590,0.25,0.11952641079651899,16526.085773790997,True,False
7243,1410.0,831,5305421,0.25,0.10975484530298182,16528.54685154099,True,False
7244,1780.0,848,5306269,0.25,0.12141127971369985,16531.044785041,True,False
7245,1450.0,808,5307077,0.25,0.10245125886458571,16533.486230457987,True,False
7246,940.0,650,5307727,0.25,0.08593046167336496,16535.45218695799,True,False
7247,1320.0,736,5308463,0.25,0.10785039291595636,16537.631102790998,True,False
7248,1550.0,630,5309093,0.25,0.10406815087351995,16539.537209624992,True,False
7249,2420.0,709,5309802,0.25,0.10359677332479739,16541.63355975,True,False
7250,840.0,555,5310357,0.25,0.12063264527874028,16543.289425749987,True,False
7251,1140.0,733,5311090,0.25,0.09882316085932359,16546.61377604099,True,False
7252,2410.0,1403,5312493,0.25,0.1192382945973649,16550.779286249992,True,False
7253,1730.0,931,5313424,0.25,0.09303576979674238,16553.52771016599,True,False
7254,1750.0,931,5314355,0.25,0.10444585867386696,16556.272437624997,True,False
7255,1620.0,994,5315349,0.25,0.11018544572394297,16559.196393207996,True,False
7256,1080.0,600,5315949,0.25,0.0936227996647358,16560.981179749986,True,False
7257,1340.0,809,5316758,0.25,0.115256535239739,16563.556270874993,True,False
7258,1510.0,896,5317654,0.25,0.11686055565119854,16566.23847416599,True,False
7259,840.0,559,5318213,0.25,0.11923600532380597,16567.955266499994,True,False
7260,1710.0,902,5319115,0.25,0.14607306788365046,16570.702728291,True,False
7261,1370.0,616,5319731,0.25,0.10493582017816507,16572.62220554099,True,False
7262,1820.0,872,5320603,0.25,0.09250905843229469,16575.249801290993,True,False
7263,1620.0,852,5321455,0.25,0.11894408876662244,16577.909646040993,True,False
7264,1730.0,1234,5322689,0.25,0.12126001852495191,16583.34138020799,True,False
7265,1020.0,620,5323309,0.25,0.11499845158428915,16585.460948707987,True,False
7266,1080.0,662,5323971,0.25,0.14355088783936068,16587.56478129099,True,False
7267,1290.0,926,5324897,0.25,0.11497183938928206,16590.301277832987,True,False
7268,860.0,637,5325534,0.25,0.10010177246148481,16592.237479790987,True,False
7269,1710.0,771,5326305,0.25,0.11605931998959168,16594.54893174999,True,False
7270,1410.0,907,5327212,0.25,0.10981590268797024,16597.272029540996,True,False
7271,2300.0,840,5328052,0.25,0.11291823916669402,16599.847908665994,True,False
7272,890.0,687,5328739,0.25,0.09528055142240914,16602.262421290987,True,False
7273,1510.0,614,5329353,0.25,0.11507447794466824,16604.37704091599,True,False
7274,880.0,617,5329970,0.25,0.10379934549186524,16606.28943145799,True,False
7275,1020.0,704,5330674,0.25,0.13538043117362328,16608.48960758299,True,False
7276,1430.0,959,5331633,0.25,0.12521419853437693,16613.46255112499,True,False
7277,1070.0,766,5332399,0.25,0.11769630464466767,16615.693670999986,True,False
7278,2070.0,903,5333302,0.25,0.11720282089097046,16618.380579999997,True,False
7279,1090.0,718,5334020,0.25,0.13476369453387127,16620.771149499997,True,False
7280,1160.0,692,5334712,0.25,0.1399484214755152,16622.799451916,True,False
7281,1000.0,683,5335395,0.25,0.1240133649943506,16624.798619374997,True,False
7282,1100.0,670,5336065,0.25,0.11083205331427355,16626.876612249995,True,False
7283,1360.0,582,5336647,0.25,0.11090266937068824,16628.780254624988,True,False
7284,2000.0,1012,5337659,0.25,0.11431287498150772,16631.782313582997,True,False
7285,1380.0,859,5338518,0.25,0.12424650698207146,16634.34954137499,True,False
7286,1420.0,1152,5339670,0.25,0.12617920698701507,16637.766785874992,True,False
7287,890.0,658,5340328,0.25,0.09836790295261326,16640.65320516599,True,False
7288,1210.0,849,5341177,0.25,0.09078765100852218,16643.82064479099,True,False
7289,1560.0,836,5342013,0.25,0.13587460559057563,16646.34974158299,True,False
7290,1660.0,884,5342897,0.25,0.12051568671690123,16648.95838045799,True,False
7291,1730.0,918,5343815,0.25,0.11298746252879825,16651.71368599999,True,False
7292,2360.0,1007,5344822,0.25,0.11899193131645756,16654.70818624999,True,False
7293,1370.0,573,5345395,0.25,0.12163341447867297,16656.41988541599,True,False
7294,1530.0,680,5346075,0.25,0.12676115720258915,16658.44413304099,True,False
7295,2120.0,980,5347055,0.25,0.13259254417249133,16661.357438458,True,False
7296,1410.0,942,5347997,0.25,0.1265354907787326,16664.14386604099,True,False
7297,1670.0,871,5348868,0.25,0.1275350359704243,16666.712727249993,True,False
7298,900.0,554,5349422,0.25,0.1182934093437549,16668.36070920799,True,False
7299,1820.0,934,5350356,0.25,0.11069352944325815,16671.11641974999,True,False
7300,1710.0,796,5351152,0.25,0.09587246356485178,16673.471396040986,True,False
7301,1550.0,1038,5352190,0.25,0.12196707849221801,16677.735561040987,True,False
7302,930.0,642,5352832,0.25,0.139861676055267,16679.67903754099,True,False
7303,1770.0,963,5353795,0.25,0.1105348472793897,16682.518700707995,True,False
7304,930.0,812,5354607,0.25,0.09506190816408454,16684.939539916,True,False
7305,2490.0,846,5355453,0.25,0.11913289156970831,16687.442750999995,True,False
7306,1180.0,890,5356343,0.25,0.14337293609876084,16690.08501058299,True,False
7307,1080.0,794,5357137,0.25,0.1041729873767001,16692.62451604099,True,False
7308,1740.0,888,5358025,0.25,0.11651614684242385,16695.233061499996,True,False
7309,1030.0,618,5358643,0.25,0.12544859004775424,16697.107980415996,True,False
7310,1410.0,786,5359429,0.25,0.13790699034967097,16699.69146170799,True,False
7311,1910.0,767,5360196,0.25,0.10612212837440893,16702.982800290993,True,False
7312,2900.0,842,5361038,0.25,0.1269131246333321,16705.454234374993,True,False
7313,1340.0,993,5362031,0.25,0.10280986110709849,16708.367446082993,True,False
7314,1180.0,645,5362676,0.25,0.09054274954775601,16710.32646791599,True,False
7315,1160.0,675,5363351,0.25,0.09904829950426661,16712.335022957996,True,False
7316,910.0,609,5363960,0.25,0.11764232509958199,16714.14799299999,True,False
7317,1070.0,690,5364650,0.25,0.11880341664952941,16716.19954208299,True,False
7318,1170.0,671,5365321,0.25,0.10301629906254155,16718.19423524999,True,False
7319,1480.0,711,5366032,0.25,0.1204778759248471,16720.321151665994,True,False
7320,1150.0,693,5366725,0.25,0.13893357925978356,16722.376948999998,True,False
7321,1440.0,1182,5367907,0.25,0.10730327950569532,16725.847760708,True,False
7322,950.0,638,5368545,0.25,0.11531885459553451,16727.745263665987,True,False
7323,1270.0,913,5369458,0.25,0.11427176078748807,16730.444905749988,True,False
7324,2340.0,1006,5370464,0.25,0.1022037256154276,16733.433076874993,True,False
7325,1730.0,780,5371244,0.25,0.12057824086111325,16735.740469124998,True,False
7326,1460.0,577,5371821,0.25,0.14608310266501373,16738.417695540993,True,False
7327,1130.0,838,5372659,0.25,0.09194272545357926,16740.860054207995,True,False
7328,1580.0,776,5373435,0.25,0.11646817633210077,16743.180880874992,True,False
7329,1430.0,965,5374400,0.25,0.0946828641828673,16746.010113415992,True,False
7330,950.0,788,5375188,0.25,0.11110687111197087,16748.336131082993,True,False
7331,1830.0,852,5376040,0.25,0.11866574922462864,16750.846630040993,True,False
7332,1080.0,851,5376891,0.25,0.10736742205390672,16753.341982790997,True,False
7333,1760.0,1269,5378160,0.25,0.1268121375052153,16757.19617887499,True,False
7334,1450.0,1028,5379188,0.25,0.12495708904783549,16760.237978665988,True,False
7335,1020.0,621,5379809,0.25,0.12405103327285859,16762.125677833,True,False
7336,1850.0,904,5380713,0.25,0.11419443630374375,16764.792010207995,True,False
7337,1620.0,785,5381498,0.25,0.12530710388507163,16767.127890665986,True,False
7338,1270.0,919,5382417,0.25,0.1153267537203172,16769.850970125,True,False
7339,1560.0,938,5383355,0.25,0.13314257199183488,16774.13460491599,True,False
7340,2120.0,888,5384243,0.25,0.10630436206387507,16777.541386499986,True,False
7341,2520.0,759,5385002,0.25,0.1260167400009538,16780.01283895799,True,False
7342,1280.0,675,5385677,0.25,0.1039537078309694,16781.992116082998,True,False
7343,1410.0,766,5386443,0.25,0.09010877593357057,16784.251416374987,True,False
7344,930.0,533,5386976,0.25,0.09719728432428926,16785.88850329099,True,False
7345,2950.0,1085,5388061,0.25,0.12007763327487721,16789.105141290987,True,False
7346,2710.0,795,5388856,0.25,0.11847200580690075,16791.47231462499,True,False
7347,1160.0,803,5389659,0.25,0.10635908893309534,16793.836030291,True,False
7348,850.0,795,5390454,0.25,0.12348862892793651,16796.205162540995,True,False
7349,870.0,770,5391224,0.25,0.11160462236736414,16798.517661583,True,False
7350,1880.0,1006,5392230,0.25,0.1202647625524328,16801.488783707988,True,False
7351,1280.0,729,5392959,0.25,0.13387618405273655,16804.592579707998,True,False
7352,910.0,638,5393597,0.25,0.1155567875946872,16806.472261165996,True,False
7353,670.0,656,5394253,0.25,0.13205740688277817,16808.437300540987,True,False
7354,320.0,402,5394655,0.25,0.10714115638285876,16809.630697832996,True,False
7355,980.0,689,5395344,0.25,0.14700782603740348,16811.65513375,True,False
7356,1400.0,970,5396314,0.25,0.12195413408046665,16814.494596624994,True,False
7357,670.0,555,5396869,0.25,0.11491254884615648,16816.141031749998,True,False
7358,430.0,508,5397377,0.25,0.1296463084121154,16817.655659540993,True,False
7359,770.0,667,5398044,0.25,0.1126533642768146,16819.686746458,True,False
7360,1590.0,928,5398972,0.25,0.10798303072405016,16822.454389332997,True,False
7361,750.0,652,5399624,0.25,0.09815277843707544,16824.394208082987,True,False
7362,1000.0,625,5400249,0.25,0.11262301544252878,16826.253052832995,True,False
7363,1320.0,886,5401135,0.25,0.142370046322904,16828.88017387499,True,False
7364,1140.0,746,5401881,0.25,0.13500736811183353,16831.083452166,True,False
7365,2000.0,922,5402803,0.25,0.1261776693975148,16835.300556582995,True,False
7366,1440.0,1091,5403894,0.25,0.10401107271921722,16838.807821208,True,False
7367,1390.0,874,5404768,0.25,0.11380140648380807,16841.651050874993,True,False
7368,1020.0,789,5405557,0.25,0.10671962399584085,16843.97137649999,True,False
7369,940.0,582,5406139,0.25,0.11395870564055854,16845.688394790996,True,False
7370,3880.0,694,5406833,0.25,0.1253917620934803,16847.773656540987,True,False
7371,1390.0,825,5407658,0.25,0.12501275225641947,16850.22619370799,True,False
7372,1830.0,734,5408392,0.25,0.10008866465448038,16852.422632874994,True,False
7373,1130.0,869,5409261,0.25,0.12950685653784033,16855.00753516599,True,False
7374,1560.0,843,5410104,0.25,0.11307710780810688,16857.533049249992,True,False
7375,1050.0,783,5410887,0.25,0.11193603154940483,16859.844160165987,True,False
7376,1880.0,854,5411741,0.25,0.12013306997054926,16863.346907125,True,False
7377,1460.0,784,5412525,0.25,0.14249830209288974,16865.636613749986,True,False
7378,1260.0,852,5413377,0.25,0.1420420544842879,16868.160997999992,True,False
7379,1510.0,1336,5414713,0.25,0.11509663908892942,16872.083731374994,True,False
7380,590.0,543,5415256,0.25,0.12309021404122605,16873.694087749987,True,False
7381,1470.0,868,5416124,0.25,0.1371599970479852,16876.25323812499,True,False
7382,850.0,599,5416723,0.25,0.14751362214302458,16878.037790582996,True,False
7383,560.0,677,5417400,0.25,0.12071406279197511,16880.061287790988,True,False
7384,1660.0,862,5418262,0.25,0.12488780337883983,16882.621765749995,True,False
7385,610.0,503,5418765,0.25,0.14251180478031672,16884.20618283299,True,False
7386,1280.0,972,5419737,0.25,0.1504663536363423,16887.072266666,True,False
7387,1570.0,922,5420659,0.25,0.13394302377558273,16889.77957087499,True,False
7388,1340.0,1021,5421680,0.25,0.12167920529464027,16893.22341883299,True,False
7389,1000.0,644,5422324,0.25,0.14619327368943588,16896.106912082992,True,False
7390,1350.0,959,5423283,0.25,0.15725825555529055,16899.252456415998,True,False
7391,560.0,512,5423795,0.25,0.12570156749279704,16901.030213207996,True,False
7392,1250.0,789,5424584,0.25,0.13368287389025543,16903.403364499987,True,False
7393,670.0,506,5425090,0.25,0.14860724217243612,16904.904564665994,True,False
7394,820.0,634,5425724,0.25,0.1347343653745059,16907.075344082987,True,False
7395,1330.0,841,5426565,0.25,0.12759871366655542,16909.911693666,True,False
7396,1710.0,921,5427486,0.25,0.13280953416681807,16912.745971375,True,False
7397,1250.0,689,5428175,0.25,0.1759582557823769,16914.76325974999,True,False
7398,1520.0,860,5429035,0.25,0.14170029463116512,16917.424786040996,True,False
7399,1020.0,810,5429845,0.25,0.16159934941403972,16920.22220358299,True,False
7400,1200.0,880,5430725,0.25,0.14507039627060295,16923.036187332997,True,False
7401,1250.0,947,5431672,0.25,0.10798008150503605,16926.879648040995,True,False
7402,1890.0,798,5432470,0.25,0.12596436847356995,16929.22038541599,True,False
7403,1770.0,847,5433317,0.25,0.14104381772988248,16931.751149541,True,False
7404,810.0,574,5433891,0.25,0.12928927325076991,16933.439474665996,True,False
7405,1170.0,717,5434608,0.25,0.1289205624204543,16935.563764624996,True,False
7406,1500.0,866,5435474,0.25,0.13467096082900684,16938.11288824999,True,False
7407,1050.0,757,5436231,0.25,0.1243259096074672,16940.344371374988,True,False
7408,920.0,648,5436879,0.25,0.14031215709990558,16942.260800707998,True,False
7409,1260.0,881,5437760,0.25,0.15696776035448276,16944.843757999988,True,False
7410,920.0,638,5438398,0.25,0.10474310487321338,16946.731853416,True,False
7411,1860.0,852,5439250,0.25,0.11585296924825006,16949.358670791,True,False
7412,1080.0,674,5439924,0.25,0.1647679020799476,16951.677263332997,True,False
7413,1470.0,1015,5440939,0.25,0.14600838444714725,16956.137640290995,True,False
7414,450.0,650,5441589,0.25,0.13463244368922125,16958.335303582993,True,False
7415,1200.0,748,5442337,0.25,0.13019225243379406,16960.754454999988,True,False
7416,2690.0,937,5443274,0.25,0.15933746417076924,16963.750841040994,True,False
7417,1610.0,1271,5444545,0.25,0.10442340955044488,16967.469982790994,True,False
7418,1010.0,612,5445157,0.25,0.12201668966098939,16969.29591383299,True,False
7419,1050.0,622,5445779,0.25,0.13329530704406,16971.156121458,True,False
7420,1460.0,860,5446639,0.25,0.1075666893273592,16973.702161082998,True,False
7421,1140.0,624,5447263,0.25,0.12283997386932755,16975.561904457994,True,False
7422,1570.0,714,5447977,0.25,0.12906140660315585,16977.683832625,True,False
7423,1000.0,739,5448716,0.25,0.1335289446284642,16979.893370957987,True,False
7424,1010.0,952,5449668,0.25,0.12672973550981334,16982.700037457995,True,False
7425,980.0,731,5450399,0.25,0.16081078257411718,16984.869485499992,True,False
7426,1050.0,825,5451224,0.25,0.12375299712634029,16988.284531415993,True,False
7427,840.0,515,5451739,0.25,0.12267210219579283,16989.822337374993,True,False
7428,4250.0,840,5452579,0.25,0.13458387405567226,16992.302074875,True,False
7429,1570.0,850,5453429,0.25,0.1535308183708661,16994.879912958,True,False
7430,1510.0,1138,5454567,0.25,0.10895522101454332,16998.354208582998,True,False
7431,2070.0,906,5455473,0.25,0.11191579149748786,17000.997352624996,True,False
7432,1510.0,946,5456419,0.25,0.11819352279811846,17003.827387790996,True,False
7433,930.0,761,5457180,0.25,0.10393659509133293,17006.139103040987,True,False
7434,1030.0,672,5457852,0.25,0.1287271968599054,17008.117066749997,True,False
7435,1970.0,843,5458695,0.25,0.11116903894359158,17010.604683624988,True,False
7436,1450.0,731,5459426,0.25,0.14067421595011254,17012.881899290995,True,False
7437,1020.0,686,5460112,0.25,0.08795180478198238,17015.405644125,True,False
7438,1530.0,1119,5461231,0.25,0.1262024078638323,17019.537551290996,True,False
7439,980.0,772,5462003,0.25,0.12897011848079726,17021.810477957988,True,False
7440,1610.0,1201,5463204,0.25,0.14509778368933454,17025.390906874993,True,False
7441,2490.0,777,5463981,0.25,0.13155923575431722,17027.883973165997,True,False
7442,1370.0,1009,5464990,0.25,0.13450503166735409,17030.837027415997,True,False
7443,1250.0,563,5465553,0.25,0.12013638275840603,17032.501563415994,True,False
7444,1530.0,1199,5466752,0.25,0.11102360292648275,17036.156066083,True,False
7445,1670.0,879,5467631,0.25,0.1273470901582203,17038.775462166,True,False
7446,1320.0,779,5468410,0.25,0.11299345189562211,17041.100415124994,True,False
7447,1600.0,826,5469236,0.25,0.15033538145539554,17043.56151366599,True,False
7448,1440.0,796,5470032,0.25,0.11627571226738805,17046.069545332997,True,False
7449,1480.0,935,5470967,0.25,0.11596829989373428,17048.833123374992,True,False
7450,1960.0,932,5471899,0.25,0.125538010358043,17051.594173957987,True,False
7451,1080.0,856,5472755,0.25,0.11438234813650634,17055.519012833,True,False
7452,1090.0,642,5473397,0.25,0.13515405673880754,17057.46539016599,True,False
7453,910.0,691,5474088,0.25,0.09988514971354104,17059.532884290995,True,False
7454,1050.0,776,5474864,0.25,0.11623438835604903,17061.82550762499,True,False
7455,1520.0,728,5475592,0.25,0.13207731324319655,17063.989842375,True,False
7456,1030.0,601,5476193,0.25,0.1090771808475256,17065.787047082995,True,False
7457,980.0,601,5476794,0.25,0.10325550321489572,17067.573363290998,True,False
7458,1800.0,810,5477604,0.25,0.12952071187898442,17069.98306583299,True,False
7459,1360.0,1039,5478643,0.25,0.11616647390929198,17073.038494249995,True,False
7460,1550.0,978,5479621,0.25,0.1191135079048726,17076.825914791,True,False
7461,1570.0,1025,5480646,0.25,0.10844837607146474,17080.242723749994,True,False
7462,1290.0,730,5481376,0.25,0.10322103359293743,17082.411640124992,True,False
7463,1230.0,896,5482272,0.25,0.11317388466393043,17085.081267791,True,False
7464,1990.0,949,5483221,0.25,0.09904558044162733,17087.914107958,True,False
7465,660.0,618,5483839,0.25,0.12335350498702231,17089.753512375,True,False
7466,1090.0,711,5484550,0.25,0.1339565051112617,17091.895166415998,True,False
7467,970.0,636,5485186,0.25,0.10734903708147178,17093.81594649999,True,False
7468,840.0,643,5485829,0.25,0.1236067376336696,17095.726487707987,True,False
7469,1150.0,968,5486797,0.25,0.10757982705465773,17098.597373415992,True,False
7470,1480.0,809,5487606,0.25,0.11968336937635547,17100.99239274999,True,False
7471,950.0,670,5488276,0.25,0.128220736326295,17102.99593691599,True,False
7472,930.0,747,5489023,0.25,0.13163556838508256,17105.19599483299,True,False
7473,2120.0,1148,5490171,0.25,0.12256896517885271,17108.655937165997,True,False
7474,1050.0,704,5490875,0.25,0.15574534190818667,17110.73264545799,True,False
7475,940.0,684,5491559,0.25,0.12135487073781895,17112.783702332992,True,False
7476,1170.0,672,5492231,0.25,0.11754002244699568,17115.745068416,True,False
7477,770.0,700,5492931,0.25,0.0996715422719717,17117.80542125,True,False
7478,2030.0,960,5493891,0.25,0.10388296050174782,17120.724476499992,True,False
7479,1120.0,904,5494795,0.25,0.1326591432407762,17123.415976499993,True,False
7480,1060.0,833,5495628,0.25,0.10219805280379417,17125.89043195799,True,False
7481,1500.0,741,5496369,0.25,0.12115644666592817,17128.10051012499,True,False
7482,1520.0,1068,5497437,0.25,0.10447934556626871,17131.27514225,True,False
7483,2010.0,954,5498391,0.25,0.1325841627608077,17134.099881541,True,False
7484,850.0,581,5498972,0.25,0.09954636865486838,17135.877283999987,True,False
7485,2120.0,1009,5499981,0.25,0.10258821748374473,17138.86444508299,True,False
7486,1140.0,1010,5500991,0.25,0.11018676402431632,17142.007111290994,True,False
7487,2500.0,924,5501915,0.25,0.10246852487003133,17144.749570540997,True,False
7488,1420.0,860,5502775,0.25,0.10826472990474728,17148.508050082994,True,False
7489,1170.0,716,5503491,0.25,0.125729445336834,17151.312787666,True,False
7490,330.0,358,5503849,0.25,0.12384763384858767,17152.568966124993,True,False
7491,1680.0,930,5504779,0.25,0.10479966510922231,17155.634217249986,True,False
7492,1460.0,851,5505630,0.25,0.13301817639053148,17158.168401832998,True,False
7493,2010.0,906,5506536,0.25,0.10817585406324412,17160.88352145799,True,False
7494,1030.0,723,5507259,0.25,0.09153964440855715,17163.069690541,True,False
7495,1240.0,839,5508098,0.25,0.11702311855873891,17165.602862040992,True,False
7496,1370.0,964,5509062,0.25,0.1285425451240228,17168.49169825,True,False
7497,1840.0,816,5509878,0.25,0.10804370512236275,17170.939598207988,True,False
7498,890.0,582,5510460,0.25,0.10593037556040369,17172.714533415987,True,False
7499,1810.0,806,5511266,0.25,0.10482654147387589,17175.106915540993,True,False
7500,1590.0,924,5512190,0.25,0.12183345783324469,17177.84091624999,True,False
7501,1360.0,954,5513144,0.25,0.10663971487261262,17181.55031333299,True,False
7502,1300.0,953,5514097,0.25,0.0922756476656479,17184.364769290987,True,False
7503,2410.0,1037,5515134,0.25,0.10189902083408879,17187.56254770799,True,False
7504,2210.0,1228,5516362,0.25,0.1139367073288958,17191.140280041,True,False
7505,1630.0,801,5517163,0.25,0.12804897455498576,17193.512824457997,True,False
7506,1700.0,871,5518034,0.25,0.1059483384132522,17196.102286040987,True,False
7507,1350.0,774,5518808,0.25,0.09958327835252911,17198.394095207987,True,False
7508,1810.0,1038,5519846,0.25,0.10418257279803395,17201.45466170799,True,False
7509,2150.0,1086,5520932,0.25,0.09357142145745456,17204.720286749987,True,False
7510,1560.0,828,5521760,0.25,0.10012445748212256,17207.196722124994,True,False
7511,1180.0,728,5522488,0.25,0.10565765216373481,17210.486374957996,True,False
7512,1530.0,658,5523146,0.25,0.0872936844257865,17212.695803083,True,False
7513,2440.0,811,5523957,0.25,0.08739664244093918,17215.507997707988,True,False
7514,1460.0,879,5524836,0.25,0.09943809850480069,17218.366793249996,True,False
7515,780.0,810,5525646,0.25,0.09162821178093995,17220.75170429099,True,False
7516,1420.0,1033,5526679,0.25,0.12243815323034692,17224.034622583,True,False
7517,1150.0,778,5527457,0.25,0.09329472249134993,17227.144517458,True,False
7518,760.0,674,5528131,0.25,0.08985265001233313,17229.870639957997,True,False
7519,1160.0,873,5529004,0.25,0.1114322465066224,17233.838553040987,True,False
7520,1020.0,652,5529656,0.25,0.09579718502615493,17237.16725637499,True,False
7521,850.0,592,5530248,0.25,0.12202621891943587,17239.442736665995,True,False
7522,2070.0,1070,5531318,0.25,0.11111348598135098,17242.559393790987,True,False
7523,800.0,548,5531866,0.25,0.11158442830354193,17244.188939999993,True,False
7524,1090.0,888,5532754,0.25,0.12155762647891098,17246.862029624986,True,False
7525,3360.0,1076,5533830,0.25,0.09131100078608467,17250.03434004099,True,False
7526,2350.0,1107,5534937,0.25,0.08592232568223124,17254.248685707993,True,False
7527,1750.0,856,5535793,0.25,0.09451749067858001,17256.801064790998,True,False
7528,1180.0,680,5536473,0.25,0.11083959969965851,17258.818914958,True,False
7529,1720.0,1077,5537550,0.25,0.10188655456576538,17261.993697790997,True,False
7530,230.0,325,5537875,0.25,0.09644266806634856,17262.982378040993,True,False
7531,940.0,624,5538499,0.25,0.10041745353299074,17264.838622749987,True,False
7532,1530.0,836,5539335,0.25,0.12377827824873217,17267.327443874994,True,False
7533,1900.0,856,5540191,0.25,0.09336151094741632,17271.19050979099,True,False
7534,1760.0,746,5540937,0.25,0.10054216629023699,17273.692220290992,True,False
7535,3470.0,1072,5542009,0.25,0.12070411771758278,17277.374978415988,True,False
7536,1530.0,862,5542871,0.25,0.12486519802275092,17279.958518249987,True,False
7537,920.0,755,5543626,0.25,0.12958170648999315,17282.20218737499,True,False
7538,1770.0,741,5544367,0.25,0.10536426274558983,17284.442798582997,True,False
7539,2080.0,987,5545354,0.25,0.12376846242620636,17287.396781207994,True,False
7540,1300.0,684,5546038,0.25,0.10955425708048176,17289.461750332994,True,False
7541,1000.0,672,5546710,0.25,0.11491387115702742,17291.484009249994,True,False
7542,1480.0,1079,5547789,0.25,0.09483748037644006,17294.685078249997,True,False
7543,1100.0,876,5548665,0.25,0.11143001673326372,17297.275649999996,True,False
7544,550.0,544,5549209,0.25,0.10252613434568048,17298.908670457997,True,False
7545,4230.0,1047,5550256,0.25,0.10608787063281727,17302.02839495799,True,False
7546,1990.0,850,5551106,0.25,0.10507780483062819,17304.53838970799,True,False
7547,860.0,509,5551615,0.25,0.10877240962517543,17306.073102374998,True,False
7548,760.0,672,5552287,0.25,0.11005499038756603,17308.091618249993,True,False
7549,1600.0,1036,5553323,0.25,0.10464016397026975,17311.146945040993,True,False
7550,2110.0,1009,5554332,0.25,0.11645793002614155,17314.126997040992,True,False
7551,1380.0,759,5555091,0.25,0.10070434461037318,17317.404220207987,True,False
7552,1110.0,700,5555791,0.25,0.10472247982663768,17319.459168999994,True,False
7553,1860.0,1021,5556812,0.25,0.10350566376291681,17322.500069707996,True,False
7554,440.0,460,5557272,0.25,0.0799671816761079,17323.87426820799,True,False
7555,1320.0,759,5558031,0.25,0.09562664443045539,17326.10601412499,True,False
7556,950.0,683,5558714,0.25,0.10766628379143818,17328.136123999997,True,False
7557,1510.0,859,5559573,0.25,0.12331526755940082,17330.692082582987,True,False
7558,2480.0,970,5560543,0.25,0.11724529375345254,17333.648996665986,True,False
7559,1290.0,1177,5561720,0.25,0.10119993189760183,17337.136204999988,True,False
7560,1150.0,820,5562540,0.25,0.12639793857205206,17339.563741708,True,False
7561,1850.0,1021,5563561,0.25,0.12924533923540046,17342.57757470799,True,False
7562,1280.0,637,5564198,0.25,0.11542549199840557,17344.459171625,True,False
7563,1230.0,705,5564903,0.25,0.1140158172506331,17346.575256207987,True,False
7564,1200.0,705,5565608,0.25,0.10797079624134605,17348.676688832988,True,False
7565,490.0,523,5566131,0.25,0.1203689768910408,17350.237346625,True,False
7566,2100.0,758,5566889,0.25,0.106251120969261,17352.501776874997,True,False
7567,830.0,647,5567536,0.25,0.10185207104609337,17354.43875062499,True,False
7568,1390.0,847,5568383,0.25,0.1061777332930062,17356.93739854099,True,False
7569,1630.0,801,5569184,0.25,0.11249338963360929,17359.309648665992,True,False
7570,1400.0,965,5570149,0.25,0.10787064399709345,17362.150934957986,True,False
7571,1410.0,825,5570974,0.25,0.11538416421203648,17364.58651041599,True,False
7572,1220.0,748,5571722,0.25,0.09574929090904043,17366.798846207996,True,False
7573,4410.0,1139,5572861,0.25,0.12226367839203592,17370.139375790997,True,False
7574,1710.0,975,5573836,0.25,0.13526441188926092,17373.009766165997,True,False
7575,1200.0,737,5574573,0.25,0.11454017946253651,17375.182629707997,True,False
7576,1300.0,903,5575476,0.25,0.12261124429977045,17378.87182375,True,False
7577,1300.0,819,5576295,0.25,0.11683909936497609,17381.266629874997,True,False
7578,1160.0,658,5576953,0.25,0.10033130141144449,17383.21985670799,True,False
7579,2080.0,990,5577943,0.25,0.15706133199968803,17386.119825707996,True,False
7580,1840.0,878,5578821,0.25,0.13246076154437933,17388.705101374988,True,False
7581,1780.0,822,5579643,0.25,0.12746473883346812,17391.111038165996,True,False
7582,1060.0,735,5580378,0.25,0.12513538841259383,17393.279131582996,True,False
7583,1120.0,736,5581114,0.25,0.1381475013255587,17395.44416849999,True,False
7584,960.0,731,5581845,0.25,0.10804444752999993,17397.771758624993,True,False
7585,1880.0,1046,5582891,0.25,0.12190078398020103,17400.81361608299,True,False
7586,1540.0,860,5583751,0.25,0.11372709394714167,17403.318335790987,True,False
7587,1560.0,860,5584611,0.25,0.12533163502812386,17405.849634415994,True,False
7588,1340.0,550,5585161,0.25,0.10818827505884827,17407.497107582996,True,False
7589,430.0,453,5585614,0.25,0.12584383574734748,17408.842350832987,True,False
7590,1460.0,787,5586401,0.25,0.12727324981336968,17411.151134415995,True,False
7591,2360.0,956,5587357,0.25,0.11216517616546554,17413.953831207997,True,False
7592,1620.0,1025,5588382,0.25,0.1259734182531247,17416.96187624999,True,False
7593,2330.0,751,5589133,0.25,0.12516476344713506,17419.187359874995,True,False
7594,810.0,747,5589880,0.25,0.11604076301190942,17421.38234887499,True,False
7595,2700.0,915,5590795,0.25,0.12447955965865076,17424.063752791,True,False
7596,1800.0,1014,5591809,0.25,0.16010567409492385,17427.155544333,True,False
7597,1480.0,1159,5592968,0.25,0.13815338757402937,17430.562437249988,True,False
7598,1140.0,714,5593682,0.25,0.1344101321098677,17432.645846457992,True,False
7599,1520.0,650,5594332,0.25,0.10463456037037212,17434.577140249996,True,False
7600,1360.0,775,5595107,0.25,0.1453787929865826,17436.904245915997,True,False
7601,790.0,680,5595787,0.25,0.11759189365102965,17439.990897665994,True,False
7602,1330.0,917,5596704,0.25,0.13195797118317823,17442.652859333,True,False
7603,1530.0,738,5597442,0.25,0.12235548598286898,17444.824407041,True,False
7604,740.0,512,5597954,0.25,0.13817780649696942,17446.362528624988,True,False
7605,980.0,630,5598584,0.25,0.10377299624106175,17448.224707124988,True,False
7606,1920.0,821,5599405,0.25,0.14619139322057004,17450.637777375,True,False
7607,1750.0,796,5600201,0.25,0.1670196966534883,17452.979269207994,True,False
7608,1370.0,890,5601091,0.25,0.13227864828900443,17455.58866416599,True,False
7609,1180.0,561,5601652,0.25,0.13681249064228213,17457.262938707994,True,False
7610,900.0,671,5602323,0.25,0.10436723338897357,17459.245323874988,True,False
7611,2910.0,959,5603282,0.25,0.14054996203631162,17462.191999624993,True,False
7612,2560.0,846,5604128,0.25,0.1484802604459648,17464.66250724999,True,False
7613,2870.0,1161,5605289,0.25,0.11754325331541998,17468.057027790986,True,False
7614,900.0,684,5605973,0.25,0.11597951334950171,17470.09246999999,True,False
7615,1810.0,928,5606901,0.25,0.14928065537442936,17472.783890290986,True,False
7616,1280.0,771,5607672,0.25,0.1345279103753017,17475.06824162499,True,False
7617,1540.0,849,5608521,0.25,0.13908254959673252,17477.601923208,True,False
7618,890.0,727,5609248,0.25,0.10798631747672846,17479.793180333,True,False
7619,1020.0,659,5609907,0.25,0.11012392822743916,17481.731767833,True,False
7620,1500.0,904,5610811,0.25,0.10730100573098238,17484.361489707997,True,False
7621,1170.0,697,5611508,0.25,0.12695048717515808,17486.423772249997,True,False
7622,1120.0,832,5612340,0.25,0.14795460544813138,17488.879199832998,True,False
7623,2970.0,1097,5613437,0.25,0.13261782065931246,17492.09193095799,True,False
7624,1840.0,878,5614315,0.25,0.13898693421455824,17494.665456624993,True,False
7625,1280.0,861,5615176,0.25,0.10797289376043612,17497.207608665994,True,False
7626,1060.0,843,5616019,0.25,0.11348225846886635,17500.490982165997,True,False
7627,1000.0,721,5616740,0.25,0.12004321128212286,17502.597835290988,True,False
7628,1360.0,716,5617456,0.25,0.14276911889582705,17504.73093120799,True,False
7629,1210.0,950,5618406,0.25,0.12362237815364001,17507.50621537499,True,False
7630,1490.0,781,5619187,0.25,0.13548309455315272,17509.83335745799,True,False
7631,1430.0,831,5620018,0.25,0.11175075728589526,17512.267008249997,True,False
7632,1650.0,950,5620968,0.25,0.13712613437982166,17515.078470124994,True,False
7633,1680.0,746,5621714,0.25,0.11123545355694268,17517.29011729099,True,False
7634,930.0,659,5622373,0.25,0.13304936138517928,17519.55370599999,True,False
7635,1300.0,973,5623346,0.25,0.1348085233044845,17522.78051791599,True,False
7636,2140.0,978,5624324,0.25,0.1208572163113526,17525.723939874995,True,False
7637,2010.0,933,5625257,0.25,0.09883511386204175,17528.432125290987,True,False
7638,820.0,620,5625877,0.25,0.11057944855382365,17530.247413082994,True,False
7639,1180.0,742,5626619,0.25,0.13832922626186062,17532.611435290994,True,False
7640,1310.0,767,5627386,0.25,0.13210577870874354,17535.32874099999,True,False
7641,1440.0,786,5628172,0.25,0.1277813731508358,17537.874840999997,True,False
7642,1430.0,849,5629021,0.25,0.11465371439655153,17540.33417758299,True,False
7643,1060.0,652,5629673,0.25,0.13201167281328535,17542.25204362499,True,False
7644,1730.0,1181,5630854,0.25,0.12496505134691627,17545.739157749995,True,False
7645,860.0,565,5631419,0.25,0.14338690944755753,17547.405224915987,True,False
7646,1200.0,779,5632198,0.25,0.1343214198946953,17549.713764290995,True,False
7647,800.0,623,5632821,0.25,0.12406527271303229,17551.546815165988,True,False
7648,1260.0,788,5633609,0.25,0.12323503733286398,17553.86533424999,True,False
7649,1210.0,825,5634434,0.25,0.13271285843972153,17556.29410649999,True,False
7650,2060.0,945,5635379,0.25,0.11785903352044397,17559.073305540995,True,False
7651,1620.0,952,5636331,0.25,0.14387522608104372,17562.934765290993,True,False
7652,2700.0,908,5637239,0.25,0.13097980140917626,17565.604993415996,True,False
7653,750.0,585,5637824,0.25,0.13803778448123105,17567.354274832993,True,False
7654,1660.0,677,5638501,0.25,0.1039187930325961,17569.35986124999,True,False
7655,1530.0,902,5639403,0.25,0.12994546276827654,17572.009772665988,True,False
7656,1930.0,1011,5640414,0.25,0.1272492779956269,17575.001497957986,True,False
7657,1150.0,762,5641176,0.25,0.10700746576901506,17577.26180524999,True,False
7658,1220.0,655,5641831,0.25,0.11692495431545322,17579.210684665988,True,False
7659,1400.0,810,5642641,0.25,0.10763779617478988,17581.592808999994,True,False
7660,1620.0,893,5643534,0.25,0.13374184099581476,17584.204751957994,True,False
7661,1950.0,983,5644517,0.25,0.12331980233633422,17587.099879332993,True,False
7662,1900.0,889,5645406,0.25,0.12569511107899048,17589.84377441599,True,False
7663,1310.0,633,5646039,0.25,0.1481500397306643,17591.73130970799,True,False
7664,1030.0,713,5646752,0.25,0.11307787697491699,17593.854187540986,True,False
7665,1480.0,709,5647461,0.25,0.12095974972945149,17596.00208537499,True,False
7666,890.0,661,5648122,0.25,0.11029324867960179,17597.955165207997,True,False
7667,2840.0,1080,5649202,0.25,0.11846091217464871,17601.11520570799,True,False
7668,970.0,730,5649932,0.25,0.15795170542239492,17603.412740957996,True,False
7669,1140.0,768,5650700,0.25,0.10420220726518892,17605.932140582998,True,False
7670,670.0,665,5651365,0.25,0.10969730239945004,17607.90219629099,True,False
7671,450.0,445,5651810,0.25,0.11249594140361559,17609.252176999988,True,False
7672,830.0,710,5652520,0.25,0.11461263019172999,17611.927261332996,True,False
7673,1050.0,844,5653364,0.25,0.11342559320525536,17614.633425165986,True,False
7674,950.0,601,5653965,0.25,0.1145519024382035,17616.393180957995,True,False
7675,1690.0,659,5654624,0.25,0.1304791868974765,17618.378891999993,True,False
7676,1260.0,775,5655399,0.25,0.12480820963458385,17621.747780166,True,False
7677,1720.0,704,5656103,0.25,0.14389299382243984,17623.834756415992,True,False
7678,2350.0,972,5657075,0.25,0.11988440405102178,17626.764444165994,True,False
7679,1620.0,1229,5658304,0.25,0.10765326269841813,17630.38111916599,True,False
7680,2260.0,1017,5659321,0.25,0.1261514031482259,17633.37805624999,True,False
7681,860.0,601,5659922,0.25,0.13369045982758204,17635.189437040986,True,False
7682,2170.0,1054,5660976,0.25,0.13281403330973152,17638.321547374988,True,False
7683,1910.0,1014,5661990,0.25,0.11643228900762415,17641.311485665996,True,False
7684,1750.0,864,5662854,0.25,0.11279151048856201,17643.865217249986,True,False
7685,1250.0,975,5663829,0.25,0.12600363452811955,17646.78602208299,True,False
7686,1580.0,788,5664617,0.25,0.10659589654373638,17649.105293707995,True,False
7687,1480.0,947,5665564,0.25,0.11691904114362811,17652.081701832998,True,False
7688,1560.0,1082,5666646,0.25,0.12273094370547268,17655.26228124999,True,False
7689,1950.0,899,5667545,0.25,0.17195704261461894,17657.952475832994,True,False
7690,1760.0,1008,5668553,0.25,0.11869725066104106,17661.062644332997,True,False
7691,1650.0,822,5669375,0.25,0.12858782764069918,17663.496376207986,True,False
7692,1310.0,876,5670251,0.25,0.10019510378848472,17666.705249415987,True,False
7693,950.0,800,5671051,0.25,0.12314200771972537,17669.19996058299,True,False
7694,1570.0,780,5671831,0.25,0.10290125148036541,17671.512353790997,True,False
7695,1160.0,684,5672515,0.25,0.09975053743617228,17673.536356207987,True,False
7696,1950.0,1079,5673594,0.25,0.09484118932375202,17676.728850582993,True,False
7697,2070.0,1025,5674619,0.25,0.10486562502774177,17679.75677295799,True,False
7698,1220.0,833,5675452,0.25,0.12317252065540786,17682.21842895799,True,False
7699,1120.0,661,5676113,0.25,0.09593702886592258,17684.191831207994,True,False
7700,1100.0,734,5676847,0.25,0.11486720922784727,17686.357325874997,True,False
7701,1540.0,1075,5677922,0.25,0.11195519862897334,17690.61758774999,True,False
7702,1400.0,894,5678816,0.25,0.11111430823802948,17693.252117375,True,False
7703,1540.0,650,5679466,0.25,0.10525853732991734,17695.169335707993,True,False
7704,1570.0,920,5680386,0.25,0.10597295540830363,17697.883397125,True,False
7705,1080.0,727,5681113,0.25,0.09972488054248331,17700.050083915994,True,False
7706,1690.0,1066,5682179,0.25,0.10261719107375782,17703.174714499997,True,False
7707,990.0,626,5682805,0.25,0.10025008466498107,17705.035961290996,True,False
7708,2180.0,1136,5683941,0.25,0.10214921903573501,17708.340627540994,True,False
7709,1530.0,758,5684699,0.25,0.11016356813962813,17710.601860749986,True,False
7710,1060.0,823,5685522,0.25,0.11255853911590519,17713.033508582987,True,False
7711,1040.0,688,5686210,0.25,0.1370320507585136,17715.061798790994,True,False
7712,1750.0,967,5687177,0.25,0.11028414406652047,17717.94890920799,True,False
7713,1530.0,789,5687966,0.25,0.11127538297344283,17720.278339540993,True,False
7714,1700.0,917,5688883,0.25,0.09853471813145943,17722.96900645799,True,False
7715,1130.0,794,5689677,0.25,0.09698282324489038,17725.31897254099,True,False
7716,940.0,750,5690427,0.25,0.12707021057526058,17727.52876037499,True,False
7717,1200.0,625,5691052,0.25,0.11734563192933987,17729.38587595799,True,False
7718,1440.0,736,5691788,0.25,0.11827354153375262,17731.557953207986,True,False
7719,810.0,886,5692674,0.25,0.12225310528035617,17734.142029332987,True,False
7720,1040.0,631,5693305,0.25,0.1123571802708733,17736.018152958,True,False
7721,1600.0,650,5693955,0.25,0.1022480110074451,17737.927286249993,True,False
7722,1890.0,876,5694831,0.25,0.1086407609913311,17740.51823612499,True,False
7723,1100.0,964,5695795,0.25,0.11068699668891945,17743.338788374997,True,False
7724,1640.0,797,5696592,0.25,0.1383899798616767,17745.683741040993,True,False
7725,550.0,488,5697080,0.25,0.13440656118461344,17747.136989207997,True,False
7726,1740.0,1136,5698216,0.25,0.14389930134901488,17751.744557957994,True,False
7727,1400.0,928,5699144,0.25,0.12975763641137245,17754.448141957997,True,False
7728,370.0,387,5699531,0.25,0.10770267467402543,17755.60480787499,True,False
7729,2670.0,892,5700423,0.25,0.11112588532101948,17758.225841832987,True,False
7730,1160.0,672,5701095,0.25,0.1101053707700755,17760.212954624993,True,False
7731,2420.0,1140,5702235,0.25,0.10995213610953407,17763.783478290992,True,False
7732,1120.0,728,5702963,0.25,0.11400970247584385,17765.912921457988,True,False
7733,1040.0,712,5703675,0.25,0.12579297919998342,17768.011902415994,True,False
7734,1340.0,744,5704419,0.25,0.0937714482687654,17770.36246908299,True,False
7735,1340.0,866,5705285,0.25,0.12766132420486845,17772.954587540997,True,False
7736,1710.0,939,5706224,0.25,0.1121993730518412,17775.734264165992,True,False
7737,1320.0,643,5706867,0.25,0.11444415397709236,17778.261132957996,True,False
7738,1410.0,907,5707774,0.25,0.10840706769294939,17782.239437915996,True,False
7739,890.0,684,5708458,0.25,0.12531187337392952,17784.423316040993,True,False
7740,1350.0,1034,5709492,0.25,0.10878673527375382,17787.777891082995,True,False
7741,1070.0,718,5710210,0.25,0.12316263746990505,17789.907893665993,True,False
7742,1290.0,1227,5711437,0.25,0.1156547537880437,17793.498878082988,True,False
7743,1550.0,1020,5712457,0.25,0.11784865426666596,17796.500535999992,True,False
7744,2240.0,917,5713374,0.25,0.12391419735570401,17799.21328991599,True,False
7745,1410.0,789,5714163,0.25,0.10474603927604438,17801.535745124987,True,False
7746,1980.0,907,5715070,0.25,0.11550249771465289,17804.208771249992,True,False
7747,1120.0,689,5715759,0.25,0.12189906822560831,17806.26013712499,True,False
7748,1290.0,1097,5716856,0.25,0.10120220873166215,17809.484216832992,True,False
7749,1320.0,869,5717725,0.25,0.11150776728781688,17812.23790454099,True,False
7750,1240.0,779,5718504,0.25,0.11509124111288634,17814.517477457994,True,False
7751,1980.0,1316,5719820,0.25,0.10673986682187098,17819.540145624997,True,False
7752,1170.0,761,5720581,0.25,0.11168177806233105,17821.833260457992,True,False
7753,2510.0,862,5721443,0.25,0.11292591814038365,17824.515444457997,True,False
7754,2080.0,889,5722332,0.25,0.10915961056413137,17827.527604707997,True,False
7755,1500.0,653,5722985,0.25,0.09831158152889986,17829.63858262499,True,False
7756,770.0,670,5723655,0.25,0.10774818202201834,17831.605930624995,True,False
7757,1210.0,746,5724401,0.25,0.10533682487028487,17833.797895665994,True,False
7758,1500.0,640,5725041,0.25,0.11600674662040547,17835.706930707995,True,False
7759,840.0,568,5725609,0.25,0.09545459317594347,17837.398291708,True,False
7760,1260.0,743,5726352,0.25,0.11072041897443674,17839.985101415994,True,False
7761,1230.0,924,5727276,0.25,0.11723653916511442,17843.671817208,True,False
7762,2140.0,933,5728209,0.25,0.11240756151949899,17846.437514040997,True,False
7763,340.0,469,5728678,0.25,0.11867962191756974,17847.85774924999,True,False
7764,1110.0,539,5729217,0.25,0.10153773449085376,17849.483233624997,True,False
7765,1570.0,1167,5730384,0.25,0.11394216474911122,17852.953855999993,True,False
7766,1990.0,939,5731323,0.25,0.13269489080223262,17855.722351416,True,False
7767,770.0,600,5731923,0.25,0.10370086821417014,17857.508752457987,True,False
7768,1810.0,1231,5733154,0.25,0.10571971083326,17861.147846290987,True,False
7769,1560.0,973,5734127,0.25,0.11011319792227735,17864.013173040992,True,False
7770,1220.0,942,5735069,0.25,0.12797346973191884,17866.78484324999,True,False
7771,1520.0,817,5735886,0.25,0.10616213335272144,17869.19591604099,True,False
7772,430.0,436,5736322,0.25,0.13206300156515674,17870.49592020799,True,False
7773,2750.0,1230,5737552,0.25,0.09852342565193192,17874.110425374995,True,False
7774,1060.0,668,5738220,0.25,0.1126448142225157,17876.090661083,True,False
7775,1760.0,852,5739072,0.25,0.11456902179114975,17878.591973082992,True,False
7776,770.0,671,5739743,0.25,0.1287854718613232,17881.578714207993,True,False
7777,1570.0,1217,5740960,0.25,0.10987960670570858,17885.111375208,True,False
7778,440.0,456,5741416,0.25,0.09717809616408327,17886.49841758299,True,False
7779,1780.0,875,5742291,0.25,0.11290798485791738,17889.074841165988,True,False
7780,990.0,840,5743131,0.25,0.10027042829564639,17891.548280832998,True,False
7781,1040.0,888,5744019,0.25,0.11181235172458596,17894.175728999995,True,False
7782,2020.0,1038,5745057,0.25,0.11684565231060752,17897.203372874996,True,False
7783,980.0,596,5745653,0.25,0.12958488083325775,17898.9659845,True,False
7784,2100.0,820,5746473,0.25,0.10060232427970665,17902.413886124996,True,False
7785,1920.0,855,5747328,0.25,0.10033839363082547,17905.05049858299,True,False
7786,1780.0,936,5748264,0.25,0.11533638243523674,17907.89495612499,True,False
7787,640.0,764,5749028,0.25,0.1600192923449877,17910.136783915994,True,False
7788,820.0,675,5749703,0.25,0.11986421116272963,17912.11793883299,True,False
7789,1470.0,897,5750600,0.25,0.11764360628194279,17914.750989915992,True,False
7790,800.0,643,5751243,0.25,0.0933036181028001,17916.654806749997,True,False
7791,1290.0,1008,5752251,0.25,0.11325615852154673,17919.607228165987,True,False
7792,1480.0,802,5753053,0.25,0.11030556015040151,17921.974876290988,True,False
7793,1310.0,817,5753870,0.25,0.12495793096319426,17924.41102175,True,False
7794,1650.0,691,5754561,0.25,0.10189956952037149,17926.42664104099,True,False
7795,1810.0,1098,5755659,0.25,0.1199742885999871,17929.6511835,True,False
7796,1960.0,1067,5756726,0.25,0.11098576741021,17932.875719499993,True,False
7797,2030.0,1348,5758074,0.25,0.11423572897358358,17936.890537790998,True,False
7798,1470.0,720,5758794,0.25,0.11506038709647126,17939.04194258299,True,False
7799,970.0,580,5759374,0.25,0.11811611932413331,17940.782566915994,True,False
7800,880.0,633,5760007,0.25,0.11218772108277565,17942.672774374994,True,False
7801,1730.0,1236,5761243,0.25,0.10324537729344128,17947.304748249997,True,False
7802,2180.0,981,5762224,0.25,0.11241907962953777,17950.27026562499,True,False
7803,1250.0,844,5763068,0.25,0.114854402884276,17952.75039224999,True,False
7804,1800.0,829,5763897,0.25,0.13431036600096213,17955.19905820799,True,False
7805,1900.0,1108,5765005,0.25,0.11876750038768626,17958.471289249996,True,False
7806,980.0,823,5765828,0.25,0.09916798452150474,17960.909954790986,True,False
7807,1340.0,819,5766647,0.25,0.10023977358222884,17963.32460079099,True,False
7808,1720.0,832,5767479,0.25,0.10276259334148982,17965.829295790987,True,False
7809,1170.0,674,5768153,0.25,0.1561217222406843,17967.833994916,True,False
7810,660.0,627,5768780,0.25,0.128669931677876,17969.677228124987,True,False
7811,1640.0,957,5769737,0.25,0.10673491476750524,17973.552326999998,True,False
7812,2730.0,972,5770709,0.25,0.13024632466397412,17977.17832454099,True,False
7813,1500.0,868,5771577,0.25,0.1101854212994125,17979.754721291,True,False
7814,1490.0,933,5772510,0.25,0.09725120355067335,17982.506855999993,True,False
7815,1880.0,741,5773251,0.25,0.11656865261092379,17984.695776124994,True,False
7816,1670.0,803,5774054,0.25,0.11513938903067242,17987.088610290986,True,False
7817,1570.0,1232,5775286,0.25,0.13061504898133217,17990.715616666,True,False
7818,1290.0,850,5776136,0.25,0.10193662808009996,17993.227729874998,True,False
7819,1280.0,916,5777052,0.25,0.12216401296183792,17995.93687879099,True,False
7820,2900.0,845,5777897,0.25,0.10896492450193489,17998.434301332993,True,False
7821,1110.0,835,5778732,0.25,0.12630311924625526,18000.912769415998,True,False
7822,900.0,695,5779427,0.25,0.11925041509759908,18002.959535124988,True,False
7823,810.0,563,5779990,0.25,0.096948791242449,18004.652308665987,True,False
7824,1580.0,1047,5781037,0.25,0.10995020068300362,18007.737927249997,True,False
7825,1550.0,877,5781914,0.25,0.1183247867053094,18010.313498582997,True,False
7826,1160.0,948,5782862,0.25,0.10840244863952514,18014.212817875,True,False
7827,1180.0,866,5783728,0.25,0.13034309554965265,18016.74386774999,True,False
7828,1230.0,871,5784599,0.25,0.12767349741494602,18019.260053082995,True,False
7829,1180.0,773,5785372,0.25,0.12584634337420622,18021.533508249995,True,False
7830,890.0,603,5785975,0.25,0.14079936981201172,18023.300376125,True,False
7831,1390.0,892,5786867,0.25,0.12938089974458442,18025.89960949999,True,False
7832,1810.0,966,5787833,0.25,0.11818231610689035,18028.727259707986,True,False
7833,1650.0,1251,5789084,0.25,0.11374456138489916,18032.400931749988,True,False
7834,1570.0,1048,5790132,0.25,0.10974723098529432,18035.459466540997,True,False
7835,1610.0,736,5790868,0.25,0.11779161812940045,18037.705305624986,True,False
7836,1590.0,792,5791660,0.25,0.09408865440072435,18040.028693165994,True,False
7837,1300.0,914,5792574,0.25,0.12594789481444055,18042.70106883299,True,False
7838,1640.0,843,5793417,0.25,0.12124026956045515,18045.158730915995,True,False
7839,1660.0,891,5794308,0.25,0.0976829682831807,18047.761801582994,True,False
7840,810.0,573,5794881,0.25,0.09834994293645129,18049.455395082987,True,False
7841,940.0,636,5795517,0.25,0.09122542761641103,18051.332483874998,True,False
7842,1420.0,906,5796423,0.25,0.11040431973153511,18053.990828040987,True,False
7843,1850.0,940,5797363,0.25,0.11564967066366622,18056.85418404099,True,False
7844,1590.0,682,5798045,0.25,0.10857130548976666,18059.10144662499,True,False
7845,1390.0,862,5798907,0.25,0.11012416428258252,18061.62305645799,True,False
7846,1560.0,1092,5799999,0.25,0.14215932323873698,18064.790855999992,True,False
7847,1550.0,943,5800942,0.25,0.09508384124107533,18067.583973749992,True,False
7848,1830.0,764,5801706,0.25,0.10006547291124367,18069.887145290995,True,False
7849,1740.0,970,5802676,0.25,0.11974023405171226,18072.707252124994,True,False
7850,1110.0,721,5803397,0.25,0.0956952826016479,18074.812626582992,True,False
7851,1650.0,838,5804235,0.25,0.10907601969735474,18078.219526874993,True,False
7852,1450.0,837,5805072,0.25,0.09832498736324764,18080.656665582996,True,False
7853,1620.0,871,5805943,0.25,0.08223586017909687,18083.17996683299,True,False
7854,1390.0,782,5806725,0.25,0.11403798419335971,18085.497642040995,True,False
7855,1320.0,1063,5807788,0.25,0.12076361300213669,18088.597589832993,True,False
7856,840.0,653,5808441,0.25,0.08853536112908206,18090.52225458299,True,False
7857,1570.0,917,5809358,0.25,0.13159914836124822,18093.222403915992,True,False
7858,690.0,665,5810023,0.25,0.10056582847273493,18095.17440725,True,False
7859,1380.0,792,5810815,0.25,0.12201245511044757,18097.495464374995,True,False
7860,850.0,727,5811542,0.25,0.10946354549889872,18099.746866415997,True,False
7861,2720.0,882,5812424,0.25,0.10880384972630852,18102.33940220799,True,False
7862,1330.0,753,5813177,0.25,0.09203542993859724,18104.567104832997,True,False
7863,2310.0,1360,5814537,0.25,0.10018056002719437,18108.67335004099,True,False
7864,1890.0,793,5815330,0.25,0.1137347352888548,18111.000183415992,True,False
7865,1450.0,807,5816137,0.25,0.09814009287551341,18113.377691832997,True,False
7866,1830.0,768,5816905,0.25,0.08468484014156274,18115.731805040996,True,False
7867,430.0,467,5817372,0.25,0.09899465293965788,18117.12384049999,True,False
7868,1920.0,765,5818137,0.25,0.11098119896392859,18119.377801040988,True,False
7869,580.0,652,5818789,0.25,0.14136891593825232,18121.332992665994,True,False
7870,1220.0,784,5819573,0.25,0.12502477757100547,18124.917801582997,True,False
7871,1700.0,1018,5820591,0.25,0.10641029557051855,18128.726826082988,True,False
7872,1260.0,777,5821368,0.25,0.12174978350790647,18131.459822874996,True,False
7873,1540.0,1046,5822414,0.25,0.09506802489602817,18134.904906249998,True,False
7874,2030.0,1006,5823420,0.25,0.11485286605440909,18138.259280540995,True,False
7875,2830.0,881,5824301,0.25,0.08911447630009868,18140.84896316599,True,False
7876,1430.0,809,5825110,0.25,0.10530352034596818,18144.200882166,True,False
7877,1520.0,856,5825966,0.25,0.10508463776313534,18146.729319041,True,False
7878,990.0,572,5826538,0.25,0.11182951856847409,18148.821315582987,True,False
7879,1210.0,892,5827430,0.25,0.10298570536177254,18151.804720665998,True,False
7880,2070.0,1215,5828645,0.25,0.1164378407901447,18155.368575540997,True,False
7881,1400.0,921,5829566,0.25,0.13135880034254946,18158.055937499987,True,False
7882,1260.0,804,5830370,0.25,0.08639419233583989,18160.466062583,True,False
7883,1030.0,803,5831173,0.25,0.10562609860775482,18162.828255124987,True,False
7884,1340.0,794,5831967,0.25,0.13300917702115544,18165.299171624996,True,False
7885,1290.0,713,5832680,0.25,0.1052091718864674,18167.400154666,True,False
7886,920.0,542,5833222,0.25,0.1147875777963135,18169.028330040994,True,False
7887,1260.0,981,5834203,0.25,0.10540971752940392,18171.941649707995,True,False
7888,2760.0,991,5835194,0.25,0.11818251345727232,18174.869019415986,True,False
7889,1550.0,711,5835905,0.25,0.1133971263685923,18176.98024720799,True,False
7890,880.0,713,5836618,0.25,0.11347987628384923,18179.107075082997,True,False
7891,1170.0,686,5837304,0.25,0.11794740241020918,18181.16733820799,True,False
7892,1360.0,750,5838054,0.25,0.0980327936078616,18183.392655999996,True,False
7893,1520.0,935,5838989,0.25,0.13333025542048052,18187.721617707997,True,False
7894,1130.0,754,5839743,0.25,0.14042881629528833,18190.120148290996,True,False
7895,1300.0,697,5840440,0.25,0.09269201556486743,18192.500360374994,True,False
7896,2080.0,878,5841318,0.25,0.09984956702991435,18195.123874207988,True,False
7897,1630.0,919,5842237,0.25,0.11988962802874005,18197.814955625,True,False
7898,1300.0,817,5843054,0.25,0.09854575892106868,18200.221861915998,True,False
7899,1690.0,873,5843927,0.25,0.11593563964915111,18202.78384125,True,False
7900,1490.0,762,5844689,0.25,0.11623149177946969,18205.05116291599,True,False
7901,1680.0,700,5845389,0.25,0.10420018367469311,18208.22291391599,True,False
7902,1460.0,1140,5846529,0.25,0.11254885073163007,18211.528502749992,True,False
7903,1700.0,965,5847494,0.25,0.11843377892778127,18214.376548249988,True,False
7904,1680.0,766,5848260,0.25,0.10035810477954026,18216.664679915993,True,False
7905,760.0,709,5848969,0.25,0.10588671491181446,18218.755172708,True,False
7906,1230.0,672,5849641,0.25,0.10802485002204776,18220.739735665993,True,False
7907,2320.0,1244,5850885,0.25,0.11881564567135078,18224.362078166,True,False
7908,1700.0,772,5851657,0.25,0.1331945881006245,18226.722045999995,True,False
7909,1510.0,1267,5852924,0.25,0.11032734266026915,18230.545895165997,True,False
7910,2390.0,862,5853786,0.25,0.10892407311083273,18233.058528625,True,False
7911,920.0,759,5854545,0.25,0.11312551689579299,18235.364428832996,True,False
7912,1140.0,726,5855271,0.25,0.15201725431033591,18237.53738991599,True,False
7913,1960.0,835,5856106,0.25,0.1201834965532904,18240.039401332993,True,False
7914,1390.0,944,5857050,0.25,0.10109546507503521,18242.83346804099,True,False
7915,1700.0,973,5858023,0.25,0.11093172434058209,18246.953291707992,True,False
7916,2080.0,996,5859019,0.25,0.088585553331727,18250.379164374986,True,False
7917,2030.0,1050,5860069,0.25,0.11543701877357163,18253.821075124986,True,False
7918,2560.0,866,5860935,0.25,0.10062973515165073,18256.356017540995,True,False
7919,1180.0,758,5861693,0.25,0.1036634135893301,18258.598104374993,True,False
7920,1540.0,1160,5862853,0.25,0.10247813250612596,18261.98594474999,True,False
7921,1240.0,768,5863621,0.25,0.08733620283116277,18264.275178083,True,False
7922,1080.0,654,5864275,0.25,0.11613613568200655,18266.24171725,True,False
7923,1040.0,621,5864896,0.25,0.09700470282815588,18268.103021832998,True,False
7924,490.0,445,5865341,0.25,0.1267133046881304,18269.444102625,True,False
7925,1170.0,628,5865969,0.25,0.11540529614753404,18271.313366707996,True,False
7926,1840.0,949,5866918,0.25,0.1057040426754373,18275.146309874995,True,False
7927,1270.0,661,5867579,0.25,0.09847327261937387,18277.112785499994,True,False
7928,1670.0,1067,5868646,0.25,0.10405344225131394,18280.77446341599,True,False
7929,1320.0,829,5869475,0.25,0.09880908530943347,18283.602358499993,True,False
7930,1820.0,1178,5870653,0.25,0.1015333966399401,18287.10550708299,True,False
7931,1020.0,898,5871551,0.25,0.11364242865238339,18289.74544449999,True,False
7932,1740.0,1204,5872755,0.25,0.10177250186049464,18293.385112541,True,False
7933,980.0,695,5873450,0.25,0.10610136240934846,18295.45869062499,True,False
7934,850.0,610,5874060,0.25,0.10620462655826332,18297.275468415988,True,False
7935,1070.0,745,5874805,0.25,0.10128316105974297,18299.610327582996,True,False
7936,1840.0,1022,5875827,0.25,0.10362906420932097,18302.58439854099,True,False
7937,900.0,681,5876508,0.25,0.10530296331870626,18304.60753241599,True,False
7938,1830.0,858,5877366,0.25,0.08792436705188494,18308.142732207998,True,False
7939,910.0,637,5878003,0.25,0.09979413194382715,18310.396602915993,True,False
7940,1220.0,784,5878787,0.25,0.08329132429267071,18312.723146749995,True,False
7941,870.0,655,5879442,0.25,0.11684561793397112,18314.682493165994,True,False
7942,1970.0,704,5880146,0.25,0.11391068172683431,18316.771022874993,True,False
7943,1550.0,719,5880865,0.25,0.10914708445262578,18318.933170624994,True,False
7944,2290.0,1033,5881898,0.25,0.10436341518088597,18321.994431040992,True,False
7945,1660.0,727,5882625,0.25,0.12829592875153809,18324.18730883299,True,False
7946,2220.0,1022,5883647,0.25,0.12101105615204456,18327.215227290988,True,False
7947,4950.0,1226,5884873,0.25,0.09894000500416329,18330.838859083,True,False
7948,2020.0,904,5885777,0.25,0.109076659994579,18333.52023295799,True,False
7949,1010.0,641,5886418,0.25,0.12072886028327048,18335.459927958,True,False
7950,1770.0,841,5887259,0.25,0.11514160542615823,18337.964541040987,True,False
7951,1070.0,862,5888121,0.25,0.1003390992646692,18341.413138082993,True,False
7952,1580.0,789,5888910,0.25,0.09534001109299019,18343.730229707988,True,False
7953,2670.0,1076,5889986,0.25,0.1281794693016319,18346.89180554099,True,False
7954,1230.0,884,5890870,0.25,0.10186204207192988,18349.518848124993,True,False
7955,1220.0,777,5891647,0.25,0.11886348979566823,18351.814035541,True,False
7956,1600.0,968,5892615,0.25,0.11900993086366861,18354.672191874997,True,False
7957,2010.0,917,5893532,0.25,0.10228492551199768,18357.45003149999,True,False
7958,960.0,676,5894208,0.25,0.09898867243184493,18359.461396499988,True,False
7959,1830.0,795,5895003,0.25,0.10403407002902693,18361.80987025,True,False
7960,980.0,684,5895687,0.25,0.08946300893804135,18363.84135383299,True,False
7961,1280.0,766,5896453,0.25,0.11814139104293038,18366.224074374986,True,False
7962,1400.0,837,5897290,0.25,0.10582192173521769,18369.80621858299,True,False
7963,530.0,562,5897852,0.25,0.09706728996590097,18371.526946915998,True,False
7964,1770.0,963,5898815,0.25,0.11306664852115016,18374.38271495799,True,False
7965,920.0,983,5899798,0.25,0.13936263366746224,18377.285311957996,True,False
7966,1720.0,1002,5900800,0.25,0.11821676737283805,18380.251577624993,True,False
7967,1200.0,626,5901426,0.25,0.1409028342877252,18382.152720415994,True,False
7968,1190.0,756,5902182,0.25,0.10348845990719618,18384.39682524999,True,False
7969,1400.0,744,5902926,0.25,0.10452121923807808,18386.625961290993,True,False
7970,1220.0,778,5903704,0.25,0.09361938709058823,18388.94649904099,True,False
7971,430.0,446,5904150,0.25,0.09945605307616093,18390.288055957993,True,False
7972,1470.0,937,5905087,0.25,0.12643161050688762,18393.062046957988,True,False
7973,1350.0,692,5905779,0.25,0.10174196377138182,18395.12673720799,True,False
7974,410.0,425,5906204,0.25,0.16105248178485956,18396.41619774999,True,False
7975,2010.0,1511,5907715,0.25,0.10440704756137231,18400.855031125,True,False
7976,2760.0,838,5908553,0.25,0.10672094247170857,18404.432220582996,True,False
7977,1060.0,894,5909447,0.25,0.13585789742223886,18407.041573874987,True,False
7978,1140.0,702,5910149,0.25,0.12691436885771426,18409.103770915986,True,False
7979,1590.0,812,5910961,0.25,0.09407844871576196,18411.535997957995,True,False
7980,2020.0,1015,5911976,0.25,0.11219662290770473,18414.519914790988,True,False
7981,590.0,684,5912660,0.25,0.09947542068466805,18416.54524912499,True,False
7982,1350.0,780,5913440,0.25,0.13062780127884485,18418.875523665993,True,False
7983,2790.0,894,5914334,0.25,0.12272418932696896,18421.62873058299,True,False
7984,600.0,508,5914842,0.25,0.11014281490480336,18423.141413291,True,False
7985,860.0,781,5915623,0.25,0.10939447845403964,18425.487458040996,True,False
7986,1270.0,821,5916444,0.25,0.11431905909360034,18427.964773916,True,False
7987,1270.0,679,5917123,0.25,0.09265506537576046,18429.99309799999,True,False
7988,1030.0,717,5917840,0.25,0.10834784633997414,18432.142651207992,True,False
7989,930.0,741,5918581,0.25,0.0970192528254277,18434.350904082996,True,False
7990,2200.0,678,5919259,0.25,0.1327151166903373,18436.379475374997,True,False
7991,880.0,672,5919931,0.25,0.13862099562815966,18438.90167066599,True,False
7992,2220.0,1053,5920984,0.25,0.10027353876185688,18443.4216495,True,False
7993,810.0,642,5921626,0.25,0.10529555671382695,18445.534158999988,True,False
7994,980.0,794,5922420,0.25,0.10289090466521793,18447.880054457986,True,False
7995,1140.0,760,5923180,0.25,0.10350431409713469,18450.124962874994,True,False
7996,1040.0,684,5923864,0.25,0.0760314009255833,18452.179515957992,True,False
7997,710.0,664,5924528,0.25,0.10881713388420372,18454.452926707992,True,False
7998,2200.0,874,5925402,0.25,0.10578105290668137,18457.411077749988,True,False
7999,880.0,661,5926063,0.25,0.12452832493140842,18459.44120141599,True,False
8000,1640.0,879,5926942,0.25,0.13994340209544381,18462.009419915994,True,False
8001,890.0,632,5927574,0.25,0.11143085158936962,18464.946085416,True,False
8002,1030.0,933,5928507,0.25,0.1205981145073288,18467.730010707994,True,False
8003,1170.0,765,5929272,0.25,0.1227048843090112,18470.006491124994,True,False
8004,1590.0,853,5930125,0.25,0.10233805773718536,18472.526385749996,True,False
8005,1700.0,1025,5931150,0.25,0.11840340145863593,18475.549173041,True,False
8006,2050.0,1057,5932207,0.25,0.13997211624783548,18478.673077374988,True,False
8007,1370.0,981,5933188,0.25,0.1027310231579392,18481.57298833299,True,False
8008,1570.0,1052,5934240,0.25,0.09817855520450117,18484.76903687499,True,False
8009,1020.0,844,5935084,0.25,0.11034935426796783,18487.285263915997,True,False
8010,1870.0,1064,5936148,0.25,0.11603211533082158,18490.459790707988,True,False
8011,800.0,675,5936823,0.25,0.10432144824326747,18492.501359332993,True,False
8012,1170.0,871,5937694,0.25,0.11226881339872649,18495.080808832994,True,False
8013,1540.0,825,5938519,0.25,0.09377861084434592,18497.523916624996,True,False
8014,850.0,674,5939193,0.25,0.11821297859255026,18499.547319166,True,False
8015,1310.0,866,5940059,0.25,0.09976000594044174,18502.095938415994,True,False
8016,850.0,658,5940717,0.25,0.08871182359077713,18504.058791499992,True,False
8017,980.0,730,5941447,0.25,0.12812467275576278,18506.199064,True,False
8018,1070.0,711,5942158,0.25,0.13063001920458642,18508.312068040992,True,False
8019,1040.0,680,5942838,0.25,0.09780000601621235,18510.330302874994,True,False
8020,1290.0,839,5943677,0.25,0.1309516318585901,18512.80397324999,True,False
8021,1670.0,920,5944597,0.25,0.10814744524819696,18515.530941957986,True,False
8022,1780.0,659,5945256,0.25,0.10242304867415718,18517.493040666,True,False
8023,1470.0,920,5946176,0.25,0.12004816996986452,18520.192918707995,True,False
8024,1160.0,1144,5947320,0.25,0.1419750744919781,18523.554465790992,True,False
8025,1010.0,669,5947989,0.25,0.1306654549800529,18525.532678457996,True,False
8026,1990.0,943,5948932,0.25,0.12828607562834682,18529.28581020799,True,False
8027,1100.0,591,5949523,0.25,0.10263279897674006,18531.024710290993,True,False
8028,1480.0,891,5950414,0.25,0.10467849857269916,18533.69327574999,True,False
8029,350.0,430,5950844,0.25,0.09113706712162604,18534.998109082997,True,False
8030,1020.0,564,5951408,0.25,0.12419679916813864,18536.659743540993,True,False
8031,830.0,540,5951948,0.25,0.12758318693549545,18538.24424037499,True,False
8032,1280.0,902,5952850,0.25,0.11818560447129939,18540.881716499993,True,False
8033,750.0,618,5953468,0.25,0.10797229794965636,18542.72959529099,True,False
8034,1490.0,638,5954106,0.25,0.13161749458350475,18544.615961040996,True,False
8035,1050.0,755,5954861,0.25,0.12674006277685443,18546.85141145799,True,False
8036,650.0,554,5955415,0.25,0.10879912489917183,18548.618174666,True,False
8037,450.0,533,5955948,0.25,0.10838888820483168,18550.20813929099,True,False
8038,1350.0,778,5956726,0.25,0.11012966953909274,18552.549807499992,True,False
8039,1380.0,612,5957338,0.25,0.09024362244150218,18554.383143374987,True,False
8040,880.0,619,5957957,0.25,0.0954475479500909,18556.23605441599,True,False
8041,1490.0,1014,5958971,0.25,0.13106696066914103,18559.230789249996,True,False
8042,930.0,776,5959747,0.25,0.11112805834212869,18561.52868187499,True,False
8043,1440.0,811,5960558,0.25,0.14120517387582457,18563.933633124994,True,False
8044,1770.0,903,5961461,0.25,0.12051793710386331,18566.631140665995,True,False
8045,1390.0,940,5962401,0.25,0.13579783336596285,18569.420677582995,True,False
8046,1100.0,925,5963326,0.25,0.12367161090014042,18572.150780375,True,False
8047,3770.0,1159,5964485,0.25,0.10787834141018061,18575.533972332996,True,False
8048,650.0,586,5965071,0.25,0.10696125406873962,18577.265153957997,True,False
8049,2220.0,915,5965986,0.25,0.12760492878677282,18579.959831707994,True,False
8050,2160.0,928,5966914,0.25,0.11299398663485873,18582.691747207995,True,False
8051,860.0,720,5967634,0.25,0.13204921175622278,18585.833678083,True,False
8052,1610.0,861,5968495,0.25,0.13105499184755393,18588.69887475,True,False
8053,1860.0,918,5969413,0.25,0.10401393593005512,18591.780478124987,True,False
8054,1220.0,838,5970251,0.25,0.12453795336721617,18594.273858957997,True,False
8055,1050.0,760,5971011,0.25,0.1311744376918987,18596.49282233299,True,False
8056,1790.0,1030,5972041,0.25,0.1220442733200368,18599.55224291599,True,False
8057,990.0,694,5972735,0.25,0.13609973560867972,18601.609446207993,True,False
8058,2190.0,1107,5973842,0.25,0.12452259598575559,18604.888341790996,True,False
8059,1420.0,889,5974731,0.25,0.08686857214113614,18607.500635332995,True,False
8060,1420.0,769,5975500,0.25,0.10674954603373078,18609.80446624999,True,False
8061,1100.0,578,5976078,0.25,0.11730872672827293,18611.546570332997,True,False
8062,1770.0,1064,5977142,0.25,0.12546765804991014,18614.77669408299,True,False
8063,1320.0,808,5977950,0.25,0.11702556855109807,18617.18185912499,True,False
8064,1500.0,914,5978864,0.25,0.12081495568351454,18619.926884415996,True,False
8065,1250.0,899,5979763,0.25,0.1093578649119341,18622.599530082996,True,False
8066,1560.0,990,5980753,0.25,0.11319722069968138,18625.54249283299,True,False
8067,1880.0,771,5981524,0.25,0.12655776475647879,18627.844258665995,True,False
8068,990.0,771,5982295,0.25,0.11410019551597846,18630.12740554099,True,False
8069,950.0,699,5982994,0.25,0.11076706155070237,18632.203705041,True,False
8070,1890.0,894,5983888,0.25,0.14158925144667073,18634.84799312499,True,False
8071,990.0,656,5984544,0.25,0.13628324848122714,18636.798027540994,True,False
8072,580.0,595,5985139,0.25,0.12194457627530839,18638.557347333,True,False
8073,1040.0,756,5985895,0.25,0.09697117900879926,18640.843811916,True,False
8074,890.0,683,5986578,0.25,0.13625402482803803,18642.874695749997,True,False
8075,880.0,727,5987305,0.25,0.1229075668789037,18645.031839958,True,False
8076,1810.0,856,5988161,0.25,0.13939807765081386,18648.50217137499,True,False
8077,950.0,693,5988854,0.25,0.1038333459224315,18650.531283958,True,False
8078,1940.0,865,5989719,0.25,0.12347523723211554,18653.11508024999,True,False
8079,1320.0,987,5990706,0.25,0.1147608917945551,18655.999941874994,True,False
8080,1200.0,668,5991374,0.25,0.1175231626089997,18657.977082125,True,False
8081,1910.0,828,5992202,0.25,0.1394499049472492,18660.42910070799,True,False
8082,1330.0,890,5993092,0.25,0.11869622113792885,18663.056165957998,True,False
8083,1490.0,684,5993776,0.25,0.12320003616051715,18665.078958707993,True,False
8084,1810.0,907,5994683,0.25,0.11869841049202776,18667.75065412499,True,False
8085,1210.0,921,5995604,0.25,0.10740951182586807,18670.463402040987,True,False
8086,1880.0,876,5996480,0.25,0.11635567116887058,18673.05682591599,True,False
8087,2650.0,818,5997298,0.25,0.11486119181648188,18675.460077915995,True,False
8088,1710.0,889,5998187,0.25,0.11473106436834142,18678.195535458,True,False
8089,1380.0,857,5999044,0.25,0.10979839604954388,18680.721240832994,True,False
8090,1520.0,723,5999767,0.25,0.09795134285878804,18682.878870665998,True,False
8091,940.0,731,6000498,0.25,0.11848044374072161,18685.053750749998,True,False
8092,800.0,629,6001127,0.25,0.1140766194220751,18686.934533875,True,False
8093,1040.0,657,6001784,0.25,0.11619352547056747,18688.891829832995,True,False
8094,690.0,551,6002335,0.25,0.08670255522767123,18690.535665541,True,False
8095,1430.0,960,6003295,0.25,0.10964609510265291,18693.37169449999,True,False
8096,1450.0,807,6004102,0.25,0.10600087043856925,18695.765663915998,True,False
8097,1930.0,1416,6005518,0.25,0.09463236017394705,18699.90048058299,True,False
8098,770.0,895,6006413,0.25,0.09415319754043594,18702.545640082986,True,False
8099,880.0,628,6007041,0.25,0.08479775488376617,18704.435587124986,True,False
8100,730.0,638,6007679,0.25,0.10287309728515973,18706.332177291,True,False
8101,1380.0,982,6008661,0.25,0.09546367104763423,18710.158111540994,True,False
8102,2380.0,833,6009494,0.25,0.08706376298617285,18712.60482454099,True,False
8103,1370.0,942,6010436,0.25,0.0861924971627482,18715.398107582994,True,False
8104,1500.0,1201,6011637,0.25,0.1068623855151236,18718.922761083,True,False
8105,750.0,651,6012288,0.25,0.11584069234736126,18720.853236915995,True,False
8106,1470.0,821,6013109,0.25,0.12456318553446269,18723.27031275,True,False
8107,1610.0,898,6014007,0.25,0.09982371413415032,18725.91601891599,True,False
8108,1990.0,1003,6015010,0.25,0.09901316457268489,18728.875063916,True,False
8109,1460.0,874,6015884,0.25,0.10640136781042298,18731.450155707993,True,False
8110,1890.0,951,6016835,0.25,0.09584435668109842,18734.255825457993,True,False
8111,1540.0,747,6017582,0.25,0.11989103527590234,18736.46947058299,True,False
8112,650.0,643,6018225,0.25,0.11942745368025318,18738.369566874986,True,False
8113,2170.0,1046,6019271,0.25,0.08379677057237689,18741.554172082993,True,False
8114,3330.0,894,6020165,0.25,0.09336603267417688,18744.220103999993,True,False
8115,1680.0,907,6021072,0.25,0.12435699094267406,18747.217428833,True,False
8116,3120.0,884,6021956,0.25,0.10245834062575485,18750.185414124993,True,False
8117,1020.0,719,6022675,0.25,0.102068855786207,18752.33534466599,True,False
8118,960.0,688,6023363,0.25,0.11260139217686861,18754.35943179099,True,False
8119,1450.0,650,6024013,0.25,0.1037987742367332,18756.27644208299,True,False
8120,1800.0,846,6024859,0.25,0.12108578766868296,18758.937709583,True,False
8121,660.0,557,6025416,0.25,0.12294641694586192,18760.88250683299,True,False
8122,1910.0,967,6026383,0.25,0.13067152603873325,18764.029601707996,True,False
8123,1520.0,805,6027188,0.25,0.0997679805253992,18766.393930207996,True,False
8124,1240.0,797,6027985,0.25,0.09596819445565717,18768.708303124993,True,False
8125,1040.0,668,6028653,0.25,0.07296509276740923,18770.70612958299,True,False
8126,1000.0,759,6029412,0.25,0.10733554546574228,18774.177516083,True,False
8127,1980.0,1042,6030454,0.25,0.1000353921419726,18777.217016249997,True,False
8128,1320.0,818,6031272,0.25,0.09405616411893833,18779.70453570799,True,False
8129,780.0,658,6031930,0.25,0.10739129601137304,18781.646190916,True,False
8130,920.0,640,6032570,0.25,0.09782987351063639,18783.544322540998,True,False
8131,1580.0,866,6033436,0.25,0.08637996166429486,18786.432356749996,True,False
8132,2680.0,940,6034376,0.25,0.1270964097786457,18789.22452412499,True,False
8133,2420.0,1038,6035414,0.25,0.10870568501011516,18792.361671583,True,False
8134,1560.0,806,6036220,0.25,0.11082717607553938,18794.784744540986,True,False
8135,2250.0,969,6037189,0.25,0.11481216289718782,18797.66749254099,True,False
8136,720.0,758,6037947,0.25,0.11315026153963079,18799.941673790992,True,False
8137,870.0,606,6038553,0.25,0.07631128710253458,18801.758766832994,True,False
8138,1270.0,909,6039462,0.25,0.09883091734139667,18804.59781520799,True,False
8139,1690.0,1009,6040471,0.25,0.10426881933762204,18807.574370915987,True,False
8140,1350.0,828,6041299,0.25,0.0918142113222736,18810.067672999998,True,False
8141,2580.0,826,6042125,0.25,0.09623485569648696,18812.527983915992,True,False
8142,3360.0,1092,6043217,0.25,0.10198720146120686,18815.761847832997,True,False
8143,1310.0,887,6044104,0.25,0.10826445131789188,18818.39289704099,True,False
8144,1660.0,838,6044942,0.25,0.13284541780583597,18820.898642791,True,False
8145,910.0,712,6045654,0.25,0.08954479365368907,18823.014641207992,True,False
8146,880.0,634,6046288,0.25,0.12096160292953441,18824.908739708,True,False
8147,1740.0,806,6047094,0.25,0.10382180602581643,18827.314115124987,True,False
8148,1680.0,1037,6048131,0.25,0.10017226805414242,18830.38324004099,True,False
8149,1650.0,894,6049025,0.25,0.11679940863229733,18833.037753375,True,False
8150,1380.0,820,6049845,0.25,0.10747690509732176,18835.501931207997,True,False
8151,1340.0,1077,6050922,0.25,0.12917021767939113,18839.709055832995,True,False
8152,2810.0,1304,6052226,0.25,0.1113464880986082,18843.86282241599,True,False
8153,720.0,599,6052825,0.25,0.11000100370496511,18845.746083082995,True,False
8154,1910.0,935,6053760,0.25,0.09797604996551815,18848.49302112499,True,False
8155,1670.0,1007,6054767,0.25,0.11235058573315818,18851.500270540986,True,False
8156,1370.0,815,6055582,0.25,0.12171302338623825,18853.95095554099,True,False
8157,1510.0,770,6056352,0.25,0.0988040349779197,18857.57036662499,True,False
8158,1220.0,820,6057172,0.25,0.09923281625094937,18860.58606024999,True,False
8159,650.0,738,6057910,0.25,0.10460621292156208,18862.798791333,True,False
8160,1080.0,747,6058657,0.25,0.1284029721556341,18865.015673124988,True,False
8161,1310.0,831,6059488,0.25,0.09383783391855943,18867.545601957987,True,False
8162,2420.0,918,6060406,0.25,0.10957166296328259,18870.362098790996,True,False
8163,2860.0,818,6061224,0.25,0.0912340477563259,18872.824015457998,True,False
8164,1320.0,833,6062057,0.25,0.10469077206037652,18875.325557582997,True,False
8165,1480.0,882,6062939,0.25,0.10384010648016226,18877.971272790994,True,False
8166,2560.0,1022,6063961,0.25,0.1185611018227064,18881.040328624993,True,False
8167,2800.0,958,6064919,0.25,0.10677418025467685,18883.91421774999,True,False
8168,340.0,398,6065317,0.25,0.10218821154907345,18885.13647579099,True,False
8169,1390.0,862,6066179,0.25,0.09425019490597553,18887.702430957987,True,False
8170,1000.0,643,6066822,0.25,0.12384538950618379,18889.616536207992,True,False
8171,740.0,622,6067444,0.25,0.1148613220295654,18891.498653541,True,False
8172,1740.0,1202,6068646,0.25,0.10177105644717813,18895.12839633299,True,False
8173,1340.0,752,6069398,0.25,0.11181873942111084,18897.756773749992,True,False
8174,1000.0,604,6070002,0.25,0.09968154924298754,18899.819477665995,True,False
8175,2190.0,1035,6071037,0.25,0.11892271410803307,18902.876440624997,True,False
8176,1950.0,944,6071981,0.25,0.11565200776114302,18906.882566415996,True,False
8177,1540.0,923,6072904,0.25,0.08492871399694707,18909.632806790993,True,False
8178,1880.0,1089,6073993,0.25,0.1151877262711744,18912.830513290988,True,False
8179,770.0,734,6074727,0.25,0.10138452881590916,18915.088143707995,True,False
8180,1350.0,835,6075562,0.25,0.09342509323650855,18917.54445020799,True,False
8181,2120.0,882,6076444,0.25,0.1254476100728927,18920.18452670799,True,False
8182,2140.0,994,6077438,0.25,0.101546315573937,18923.207955583,True,False
8183,810.0,680,6078118,0.25,0.1034591451725539,18925.234580332995,True,False
8184,1820.0,1021,6079139,0.25,0.10626728490141092,18928.306190874995,True,False
8185,1090.0,614,6079753,0.25,0.10571614746004343,18930.15948599999,True,False
8186,1830.0,895,6080648,0.25,0.10523833351908252,18932.882242165986,True,False
8187,2500.0,886,6081534,0.25,0.12817840429857305,18935.506497332986,True,False
8188,1480.0,1011,6082545,0.25,0.10502453515004263,18938.51017275,True,False
8189,1690.0,931,6083476,0.25,0.10711334578596983,18941.288788040998,True,False
8190,2300.0,1114,6084590,0.25,0.12680578987589844,18944.583832416,True,False
8191,920.0,656,6085246,0.25,0.10310794344944198,18946.552978915992,True,False
8192,940.0,654,6085900,0.25,0.1353234189801009,18948.511958582996,True,False
8193,2440.0,815,6086715,0.25,0.12452043737904192,18950.92848716599,True,False
8194,2660.0,906,6087621,0.25,0.11662849906979679,18953.619917457996,True,False
8195,1640.0,683,6088304,0.25,0.10997837925689262,18955.636755415995,True,False
8196,1060.0,718,6089022,0.25,0.12068856475281649,18957.766401832996,True,False
8197,1490.0,662,6089684,0.25,0.11838870480970805,18959.754968707988,True,False
8198,460.0,534,6090218,0.25,0.12218961004812018,18961.351725832996,True,False
8199,1910.0,912,6091130,0.25,0.1154365430569701,18964.04190379099,True,False
8200,1830.0,986,6092116,0.25,0.10819997606791465,18966.96197304099,True,False
8201,2770.0,930,6093046,0.25,0.1378318616429922,18970.79070579099,True,False
8202,1310.0,871,6093917,0.25,0.12512819878244347,18973.354627624998,True,False
8203,2820.0,1177,6095094,0.25,0.12122843404724991,18976.827521165993,True,False
8204,1910.0,867,6095961,0.25,0.0966082861483921,18979.38000145799,True,False
8205,1980.0,1024,6096985,0.25,0.10094176340498962,18982.49083991599,True,False
8206,1530.0,782,6097767,0.25,0.09899117200611493,18984.827242,True,False
8207,1360.0,806,6098573,0.25,0.11214381622353403,18987.38591608299,True,False
8208,1920.0,1039,6099612,0.25,0.1150734038092196,18990.462827332987,True,False
8209,1610.0,882,6100494,0.25,0.11883313297717409,18993.08090987499,True,False
8210,1700.0,987,6101481,0.25,0.11525387587666752,18996.091448707986,True,False
8211,1500.0,787,6102268,0.25,0.09902876463770716,18998.43207124999,True,False
8212,2020.0,1151,6103419,0.25,0.09080985633052807,19001.887797457995,True,False
8213,2060.0,938,6104357,0.25,0.0901096956289195,19004.695315957986,True,False
8214,1850.0,882,6105239,0.25,0.08519644814289429,19007.312252207994,True,False
8215,2570.0,1223,6106462,0.25,0.10258745341835653,19010.929668665995,True,False
8216,1510.0,1200,6107662,0.25,0.12356662201384704,19014.474505124992,True,False
8217,1870.0,1097,6108759,0.25,0.10238987686669956,19017.78985341599,True,False
8218,1940.0,755,6109514,0.25,0.11185022387357932,19020.077218291,True,False
8219,1540.0,861,6110375,0.25,0.12754326641213062,19022.606880290987,True,False
8220,1050.0,726,6111101,0.25,0.10327433773244803,19024.786374707997,True,False
8221,2140.0,951,6112052,0.25,0.12495414858699597,19027.61099424999,True,False
8222,1900.0,820,6112872,0.25,0.09816288221627474,19030.053742874996,True,False
8223,1560.0,957,6113829,0.25,0.10567766649329013,19032.89052375,True,False
8224,1270.0,753,6114582,0.25,0.11751105301478441,19035.133527957994,True,False
8225,2080.0,982,6115564,0.25,0.11158928451529605,19038.050291624997,True,False
8226,1930.0,905,6116469,0.25,0.09294245814888087,19041.851926833,True,False
8227,1780.0,785,6117254,0.25,0.08128053995267469,19044.157113499998,True,False
8228,1680.0,994,6118248,0.25,0.11764515512230167,19047.13634983299,True,False
8229,1470.0,687,6118935,0.25,0.10698408747843483,19049.170662291,True,False
8230,1260.0,661,6119596,0.25,0.09539536350821874,19051.16165470799,True,False
8231,1130.0,670,6120266,0.25,0.10245928981391612,19053.206313040995,True,False
8232,1760.0,901,6121167,0.25,0.10641957176228364,19055.88898520799,True,False
8233,2060.0,926,6122093,0.25,0.09871341830424579,19058.657388041,True,False
8234,2220.0,1014,6123107,0.25,0.10021913377752181,19061.87641274999,True,False
8235,1030.0,948,6124055,0.25,0.08207171943966095,19064.67780399999,True,False
8236,1430.0,858,6124913,0.25,0.11567745555278867,19067.255791332995,True,False
8237,770.0,692,6125605,0.25,0.09768429093838082,19069.41281512499,True,False
8238,1500.0,1281,6126886,0.25,0.09883299309876747,19073.262138415987,True,False
8239,1670.0,621,6127507,0.25,0.1064858506583879,19075.142245915995,True,False
8240,1880.0,1109,6128616,0.25,0.10636428239748633,19078.509687957994,True,False
8241,930.0,755,6129371,0.25,0.0939483625933211,19080.815112915996,True,False
8242,1290.0,665,6130036,0.25,0.11893642314536843,19082.847308915996,True,False
8243,1380.0,796,6130832,0.25,0.10038281602775631,19085.280936375,True,False
8244,1090.0,768,6131600,0.25,0.10014478298641431,19088.646453165988,True,False
8245,1070.0,682,6132282,0.25,0.08636630763683249,19091.024405207994,True,False
8246,1740.0,1061,6133343,0.25,0.11617115690320168,19094.158989416,True,False
8247,860.0,644,6133987,0.25,0.11297650231476526,19096.108122332997,True,False
8248,680.0,662,6134649,0.25,0.10025657675262675,19098.104279249994,True,False
8249,1590.0,858,6135507,0.25,0.127608726018709,19100.662746582995,True,False
8250,690.0,669,6136176,0.25,0.13611653203233368,19102.681573874986,True,False
8251,2610.0,744,6136920,0.25,0.09892449524974631,19105.997099916,True,False
8252,1500.0,758,6137678,0.25,0.11491103006142472,19108.266767457986,True,False
8253,1620.0,1162,6138840,0.25,0.1079557282254868,19111.761331791,True,False
8254,1080.0,615,6139455,0.25,0.1187063576836212,19113.59119875,True,False
8255,1350.0,684,6140139,0.25,0.1436696240122904,19115.64441429099,True,False
8256,1290.0,977,6141116,0.25,0.10973392692299522,19118.557473165987,True,False
8257,1960.0,821,6141937,0.25,0.10384256973317484,19121.017995915987,True,False
8258,1210.0,1119,6143056,0.25,0.12068473672760384,19124.5348025,True,False
8259,1870.0,1321,6144377,0.25,0.10230570505514289,19128.584008499995,True,False
8260,970.0,713,6145090,0.25,0.08794939073242164,19130.691010790993,True,False
8261,3030.0,1242,6146332,0.25,0.10730399962191221,19134.47901791599,True,False
8262,2320.0,915,6147247,0.25,0.10737795168697312,19137.186144082996,True,False
8263,1790.0,1009,6148256,0.25,0.09562422148883343,19140.189972041,True,False
8264,1100.0,700,6148956,0.25,0.1024104799010924,19142.263675790993,True,False
8265,1740.0,1041,6149997,0.25,0.11768209915249966,19145.333722207986,True,False
8266,1240.0,943,6150940,0.25,0.1216160958411835,19148.255614374997,True,False
8267,2070.0,795,6151735,0.25,0.10470596784631712,19150.66392562499,True,False
8268,2090.0,897,6152632,0.25,0.09604918200936582,19153.308002499994,True,False
8269,3110.0,1071,6153703,0.25,0.10528539322763124,19156.524939874987,True,False
8270,1040.0,716,6154419,0.25,0.09968345545690153,19159.804249582987,True,False
8271,1790.0,1039,6155458,0.25,0.10464440536900209,19164.124418749998,True,False
8272,1550.0,910,6156368,0.25,0.10440348502117813,19167.172176374996,True,False
8273,800.0,651,6157019,0.25,0.09758498451821966,19169.111752540994,True,False
8274,1180.0,835,6157854,0.25,0.09666293739167411,19171.59207249999,True,False
8275,1470.0,891,6158745,0.25,0.09973322713722563,19174.29620025,True,False
8276,1430.0,784,6159529,0.25,0.1079702198942553,19178.061149582994,True,False
8277,2210.0,975,6160504,0.25,0.0879859614842495,19181.013927458,True,False
8278,1940.0,740,6161244,0.25,0.11920355911794546,19183.63405629099,True,False
8279,1150.0,640,6161884,0.25,0.09332525539211929,19185.831035332987,True,False
8280,1020.0,727,6162611,0.25,0.10599568151760826,19188.201212665997,True,False
8281,2140.0,957,6163568,0.25,0.09192584790289401,19191.009632999994,True,False
8282,980.0,661,6164229,0.25,0.09903224887269917,19192.975861707993,True,False
8283,870.0,580,6164809,0.25,0.11906890374576223,19194.765433082997,True,False
8284,1230.0,778,6165587,0.25,0.11288405556385357,19197.092601790995,True,False
8285,2060.0,1115,6166702,0.25,0.10262971569026243,19200.419271124993,True,False
8286,780.0,579,6167281,0.25,0.12741854432327995,19202.163486957987,True,False
8287,1470.0,852,6168133,0.25,0.13146870294716997,19205.077740875,True,False
8288,1540.0,1104,6169237,0.25,0.12257906982837163,19208.714926791,True,False
8289,1620.0,814,6170051,0.25,0.13585510380162394,19211.106642374987,True,False
8290,1150.0,627,6170678,0.25,0.11087247263046966,19212.980566915998,True,False
8291,1600.0,754,6171432,0.25,0.09504061939303206,19215.241479040997,True,False
8292,1530.0,658,6172090,0.25,0.13440262665972114,19217.227391333,True,False
8293,2080.0,1265,6173355,0.25,0.11344463479575477,19221.01489866599,True,False
8294,1570.0,803,6174158,0.25,0.10124527813116116,19223.404422832988,True,False
8295,2060.0,1071,6175229,0.25,0.09841696801247882,19226.562797290986,True,False
8296,1760.0,864,6176093,0.25,0.08699684527150735,19229.136849874994,True,False
8297,1070.0,676,6176769,0.25,0.10362683352325443,19231.157339957994,True,False
8298,1380.0,1183,6177952,0.25,0.11635783098235324,19234.651370707987,True,False
8299,1040.0,583,6178535,0.25,0.10219827997016495,19236.387031624996,True,False
8300,1250.0,700,6179235,0.25,0.1048381073879344,19238.473240583,True,False
8301,1160.0,694,6179929,0.25,0.10489634028368297,19241.647436249987,True,False
8302,1370.0,763,6180692,0.25,0.1154443039436927,19243.896515832996,True,False
8303,870.0,577,6181269,0.25,0.09668396184376131,19245.63170487499,True,False
8304,2520.0,1197,6182466,0.25,0.09908161116421323,19249.151814124998,True,False
8305,1690.0,825,6183291,0.25,0.10576373919193606,19251.63222916599,True,False
8306,1180.0,655,6183946,0.25,0.11608118542311031,19253.65568604099,True,False
8307,2520.0,1087,6185033,0.25,0.10399158182553947,19256.890220457994,True,False
8308,2460.0,812,6185845,0.25,0.12381686045434968,19259.3253635,True,False
8309,1140.0,689,6186534,0.25,0.09641591989067058,19261.39224599999,True,False
8310,1430.0,588,6187122,0.25,0.09607497815574918,19263.151196540988,True,False
8311,2700.0,808,6187930,0.25,0.10720966675198905,19265.555461957993,True,False
8312,1430.0,866,6188796,0.25,0.09296061457370833,19268.142622249987,True,False
8313,430.0,633,6189429,0.25,0.10497845233052591,19270.040490249987,True,False
8314,1340.0,911,6190340,0.25,0.12480028436862324,19272.74681287499,True,False
8315,1430.0,901,6191241,0.25,0.10870753217488527,19275.432961915998,True,False
8316,1410.0,919,6192160,0.25,0.09485382151830456,19278.153466457996,True,False
8317,800.0,558,6192718,0.25,0.1173067566060977,19279.829490291,True,False
8318,1450.0,913,6193631,0.25,0.09853357686089319,19282.53164987499,True,False
8319,1260.0,668,6194299,0.25,0.09420579485595226,19284.513184957992,True,False
8320,1020.0,790,6195089,0.25,0.10006751559411335,19286.86787758299,True,False
8321,2360.0,1131,6196220,0.25,0.11281568865709718,19290.186107707996,True,False
8322,1020.0,743,6196963,0.25,0.11056101168128284,19292.378008249987,True,False
8323,1330.0,827,6197790,0.25,0.11114298622461333,19294.833506665993,True,False
8324,2640.0,1070,6198860,0.25,0.10631019565791114,19297.986291208,True,False
8325,850.0,601,6199461,0.25,0.10166334502398967,19299.781536915994,True,False
8326,1440.0,689,6200150,0.25,0.11658161174679219,19302.86256870799,True,False
8327,2240.0,947,6201097,0.25,0.13118986961459309,19305.663426374987,True,False
8328,1400.0,825,6201922,0.25,0.12029040589458445,19308.112460416,True,False
8329,950.0,559,6202481,0.25,0.13298132035083005,19309.791267290988,True,False
8330,1600.0,745,6203226,0.25,0.12429925050306063,19311.997214082992,True,False
8331,2060.0,980,6204206,0.25,0.13018261514299986,19314.89786070799,True,False
8332,990.0,742,6204948,0.25,0.126790054182532,19317.19938387499,True,False
8333,1650.0,1136,6206084,0.25,0.12169376702349581,19320.571055165987,True,False
8334,1860.0,929,6207013,0.25,0.11862701694641647,19323.314833415992,True,False
8335,1120.0,707,6207720,0.25,0.11599309359398266,19325.416631874992,True,False
8336,1780.0,1198,6208918,0.25,0.11265157901348677,19328.96017962499,True,False
8337,1260.0,752,6209670,0.25,0.11985925224391704,19331.206032832997,True,False
8338,2930.0,1003,6210673,0.25,0.1303227216309582,19334.189390415995,True,False
8339,1520.0,924,6211597,0.25,0.10954933657887436,19336.941915665986,True,False
8340,1430.0,831,6212428,0.25,0.10936859524092422,19339.43539983299,True,False
8341,860.0,613,6213041,0.25,0.11212211698780652,19341.280172125,True,False
8342,1220.0,661,6213702,0.25,0.11387934317868767,19343.28161875,True,False
8343,1030.0,596,6214298,0.25,0.12004276165026147,19345.088150540993,True,False
8344,960.0,581,6214879,0.25,0.12018259070042907,19346.83691287499,True,False
8345,1680.0,983,6215862,0.25,0.10391475938684572,19349.75497912499,True,False
8346,2330.0,775,6216637,0.25,0.11868281853529289,19352.07002074999,True,False
8347,1380.0,1052,6217689,0.25,0.11045291223085199,19355.17364241599,True,False
8348,880.0,895,6218584,0.25,0.12175620441225224,19357.835054207986,True,False
8349,980.0,736,6219320,0.25,0.1359417423626165,19360.021902333,True,False
8350,1870.0,1032,6220352,0.25,0.11542079572443122,19363.093831374994,True,False
8351,1190.0,783,6221135,0.25,0.09051337108398096,19366.507496041,True,False
8352,1180.0,745,6221880,0.25,0.1244470099794036,19368.706081540993,True,False
8353,850.0,669,6222549,0.25,0.13164219433095997,19370.727144708,True,False
8354,1470.0,761,6223310,0.25,0.1283536541324697,19372.965808165987,True,False
8355,970.0,807,6224117,0.25,0.11719504417390517,19375.33169737499,True,False
8356,950.0,626,6224743,0.25,0.12806449964260444,19377.197491832994,True,False
8357,2270.0,1234,6225977,0.25,0.1256172166938342,19380.98690145799,True,False
8358,1550.0,762,6226739,0.25,0.12144366188072844,19383.22500924999,True,False
8359,1140.0,756,6227495,0.25,0.11754271192919641,19385.485342457992,True,False
8360,1990.0,1121,6228616,0.25,0.11716188686598238,19388.807819208,True,False
8361,870.0,680,6229296,0.25,0.10434823962038055,19390.859518915997,True,False
8362,1770.0,888,6230184,0.25,0.12080798293925352,19393.494053165996,True,False
8363,1610.0,823,6231007,0.25,0.11040473424079941,19395.93193912499,True,False
8364,2050.0,849,6231856,0.25,0.11198823892034836,19398.514009499995,True,False
8365,1350.0,852,6232708,0.25,0.10878452048265318,19401.11039037499,True,False
8366,2160.0,716,6233424,0.25,0.10258802525990503,19403.246241832996,True,False
8367,1230.0,799,6234223,0.25,0.12161783625994196,19405.668485624992,True,False
8368,1220.0,786,6235009,0.25,0.12874594058482175,19408.079612915986,True,False
8369,1380.0,879,6235888,0.25,0.09076066790995273,19410.689305333,True,False
8370,1530.0,773,6236661,0.25,0.10726530366417966,19413.011561041,True,False
8371,1900.0,792,6237453,0.25,0.11933743332823117,19415.37542979099,True,False
8372,1410.0,1074,6238527,0.25,0.10475101775086637,19418.55771349999,True,False
8373,1620.0,943,6239470,0.25,0.1079327942787717,19421.359330458,True,False
8374,1440.0,836,6240306,0.25,0.1255354260063271,19423.844072207998,True,False
8375,730.0,571,6240877,0.25,0.1065871947659896,19425.555771540996,True,False
8376,1390.0,919,6241796,0.25,0.10997824322270311,19429.466104875,True,False
8377,840.0,707,6242503,0.25,0.12366438016761094,19431.57801837499,True,False
8378,2030.0,874,6243377,0.25,0.11647665362005637,19434.204465290997,True,False
8379,950.0,746,6244123,0.25,0.12501196255807273,19436.426835874998,True,False
8380,1140.0,617,6244740,0.25,0.1235950565025691,19438.31893095799,True,False
8381,2160.0,827,6245567,0.25,0.11308155730547546,19440.763264582987,True,False
8382,1480.0,1055,6246622,0.25,0.10270180350705756,19443.990873040995,True,False
8383,1740.0,939,6247561,0.25,0.10875090968577152,19446.774943832992,True,False
8384,1100.0,663,6248224,0.25,0.1133652064635093,19448.769537999993,True,False
8385,1150.0,731,6248955,0.25,0.10567944039396204,19450.933860166,True,False
8386,1500.0,831,6249786,0.25,0.10930540615047973,19453.527630499986,True,False
8387,1290.0,756,6250542,0.25,0.09624776988236046,19455.80907012499,True,False
8388,1630.0,862,6251404,0.25,0.09917446485444627,19458.32332687499,True,False
8389,2820.0,824,6252228,0.25,0.11460814877295668,19460.890989207997,True,False
8390,1120.0,782,6253010,0.25,0.11928675767893974,19463.333851457995,True,False
8391,1350.0,800,6253810,0.25,0.10697073346469552,19466.308229457994,True,False
8392,1400.0,634,6254444,0.25,0.11697027485513087,19468.484361040988,True,False
8393,1130.0,764,6255208,0.25,0.0993323755494431,19471.167990124988,True,False
8394,1120.0,688,6255896,0.25,0.1273129120100896,19473.347930833,True,False
8395,1600.0,899,6256795,0.25,0.12451117822534538,19475.99102154099,True,False
8396,1130.0,790,6257585,0.25,0.11081338658778354,19478.362510124993,True,False
8397,1450.0,825,6258410,0.25,0.13107203167763729,19480.842829832996,True,False
8398,3130.0,971,6259381,0.25,0.11076487262767774,19483.748898082995,True,False
8399,1660.0,1000,6260381,0.25,0.09885326825082302,19486.72253929099,True,False
8400,1170.0,606,6260987,0.25,0.11345990554781149,19488.538562832997,True,False
8401,2270.0,708,6261695,0.25,0.15175581320404669,19491.678819124994,True,False
8402,1820.0,862,6262557,0.25,0.11719254541417791,19494.261874833,True,False
8403,1990.0,1060,6263617,0.25,0.11110345486481235,19497.420540624997,True,False
8404,1590.0,902,6264519,0.25,0.11012589178151555,19500.111276083,True,False
8405,1350.0,864,6265383,0.25,0.1135349250053642,19502.69202170799,True,False
8406,1400.0,822,6266205,0.25,0.10135302720681845,19505.148684,True,False
8407,1210.0,689,6266894,0.25,0.10867403095674723,19507.352137625,True,False
8408,940.0,669,6267563,0.25,0.10778351094640658,19509.769831082987,True,False
8409,1860.0,952,6268515,0.25,0.11235255837252661,19512.87036837499,True,False
8410,1370.0,962,6269477,0.25,0.07833624698407175,19515.69516799999,True,False
8411,1090.0,727,6270204,0.25,0.09300251330689087,19517.885440082988,True,False
8412,960.0,646,6270850,0.25,0.13218268295113714,19519.836075165993,True,False
8413,2410.0,940,6271790,0.25,0.09716262451194703,19522.62854387499,True,False
8414,1660.0,1020,6272810,0.25,0.09674981071376333,19525.670277125,True,False
8415,970.0,663,6273473,0.25,0.10331151248460793,19527.64775574999,True,False
8416,2450.0,1030,6274503,0.25,0.1115597427934988,19530.685525582987,True,False
8417,1410.0,961,6275464,0.25,0.10592586568776997,19533.537847665997,True,False
8418,1240.0,868,6276332,0.25,0.1121198338744003,19536.156394708,True,False
8419,1240.0,998,6277330,0.25,0.10869886256365412,19539.14450429099,True,False
8420,1630.0,653,6277983,0.25,0.1068689399655977,19541.10495295799,True,False
8421,860.0,566,6278549,0.25,0.1059012952798479,19542.80214529099,True,False
8422,770.0,727,6279276,0.25,0.1261845961376861,19544.969157540996,True,False
8423,1430.0,711,6279987,0.25,0.12543564368733914,19547.087451040992,True,False
8424,1830.0,862,6280849,0.25,0.09872578716560922,19549.906617040993,True,False
8425,910.0,659,6281508,0.25,0.11599069596691565,19551.87801904099,True,False
8426,1120.0,688,6282196,0.25,0.10572060588530677,19555.050481957995,True,False
8427,1850.0,696,6282892,0.25,0.08377790454261262,19557.24457095799,True,False
8428,1320.0,900,6283792,0.25,0.08524779634757175,19559.930630290997,True,False
8429,1330.0,989,6284781,0.25,0.11198011052753279,19562.95824816599,True,False
8430,1470.0,1160,6285941,0.25,0.09465166997357176,19566.4601805,True,False
8431,1570.0,836,6286777,0.25,0.10899384596950985,19568.952084958,True,False
8432,1130.0,624,6287401,0.25,0.11834568111225963,19570.834086541,True,False
8433,2690.0,930,6288331,0.25,0.10767090170451536,19575.427740916,True,False
8434,890.0,550,6288881,0.25,0.11892150685299134,19577.743762790997,True,False
8435,560.0,503,6289384,0.25,0.09977046891100823,19579.876858082993,True,False
8436,1450.0,733,6290117,0.25,0.10407385460095979,19582.123652874987,True,False
8437,1240.0,803,6290920,0.25,0.08247441879997205,19585.038744999998,True,False
8438,1280.0,797,6291717,0.25,0.08649698783404863,19587.471652582986,True,False
8439,1160.0,708,6292425,0.25,0.10458354167850678,19589.633683082997,True,False
8440,1460.0,923,6293348,0.25,0.11125302813076354,19592.439162457988,True,False
8441,2430.0,1222,6294570,0.25,0.10391057251540364,19596.095325666,True,False
8442,1040.0,623,6295193,0.25,0.08812753169630201,19597.983891790995,True,False
8443,1540.0,684,6295877,0.25,0.10534800489961405,19600.025831290986,True,False
8444,1750.0,825,6296702,0.25,0.12172106077478638,19602.487957457997,True,False
8445,1450.0,865,6297567,0.25,0.10104598142896537,19605.05931487499,True,False
8446,3220.0,1044,6298611,0.25,0.08715560112391167,19608.192617499997,True,False
8447,890.0,699,6299310,0.25,0.10604529660727297,19610.26990812499,True,False
8448,1590.0,691,6300001,0.25,0.08239204914583637,19612.352863082997,True,False
8449,1310.0,822,6300823,0.25,0.11415683280949186,19614.895060665993,True,False
8450,960.0,581,6301404,0.25,0.11526513951894356,19616.63079041599,True,False
8451,990.0,742,6302146,0.25,0.09834864317766719,19620.08272174999,True,False
8452,760.0,636,6302782,0.25,0.1018942865021761,19621.990241749998,True,False
8453,790.0,587,6303369,0.25,0.12836027939860917,19623.756416165998,True,False
8454,1710.0,702,6304071,0.25,0.1302697306232793,19625.910355,True,False
8455,1330.0,836,6304907,0.25,0.10799021308608887,19630.29095687499,True,False
8456,1330.0,957,6305864,0.25,0.131387315535297,19634.235221375,True,False
8457,1390.0,814,6306678,0.25,0.08080255249377542,19637.730403999987,True,False
8458,1920.0,908,6307586,0.25,0.11027253493830759,19641.73978491599,True,False
8459,1860.0,752,6308338,0.25,0.10163301755575106,19644.713460125,True,False
8460,1140.0,791,6309129,0.25,0.10345657562103236,19647.349527915998,True,False
8461,1380.0,880,6310009,0.25,0.12167441602372987,19650.033574124987,True,False
8462,1790.0,911,6310920,0.25,0.10539712330424472,19652.782531291,True,False
8463,1780.0,789,6311709,0.25,0.10889233021907092,19655.160520082994,True,False
8464,990.0,740,6312449,0.25,0.09136821984036549,19657.422500791,True,False
8465,1770.0,1052,6313501,0.25,0.12622115860902083,19660.768534749994,True,False
8466,1250.0,661,6314162,0.25,0.08472984376730341,19663.115395707995,True,False
8467,900.0,669,6314831,0.25,0.1171637084836999,19665.171761291,True,False
8468,2470.0,878,6315709,0.25,0.09946739289232276,19667.81917758299,True,False
8469,1850.0,877,6316586,0.25,0.07648952335935749,19670.49382725,True,False
8470,1230.0,764,6317350,0.25,0.11991581875655352,19672.797211832993,True,False
8471,1380.0,843,6318193,0.25,0.10502289896786778,19675.347508041,True,False
8472,1610.0,1107,6319300,0.25,0.10688090910092803,19678.65373466599,True,False
8473,1620.0,1154,6320454,0.25,0.09202733646897185,19682.153672665998,True,False
8474,800.0,637,6321091,0.25,0.12056522592667888,19684.06497133299,True,False
8475,1490.0,692,6321783,0.25,0.11791127554081768,19686.153212999998,True,False
8476,1230.0,712,6322495,0.25,0.12342503026462673,19689.39190504099,True,False
8477,2080.0,826,6323321,0.25,0.11637237783215472,19691.895615415997,True,False
8478,1790.0,936,6324257,0.25,0.10841211983058442,19695.515944832994,True,False
8479,1930.0,825,6325082,0.25,0.10716885850918524,19698.494977332986,True,False
8480,1280.0,884,6325966,0.25,0.10934518075366904,19701.335752415995,True,False
8481,1180.0,834,6326800,0.25,0.08415521572580177,19703.868727374997,True,False
8482,1180.0,821,6327621,0.25,0.1147460003179021,19706.354726874997,True,False
8483,510.0,451,6328072,0.25,0.14537557230982107,19707.72874683299,True,False
8484,1680.0,865,6328937,0.25,0.09753995532756327,19710.321926416,True,False
8485,1580.0,950,6329887,0.25,0.10218283402014382,19713.135343915987,True,False
8486,2170.0,1046,6330933,0.25,0.11690933915665587,19716.256395416,True,False
8487,3050.0,944,6331877,0.25,0.09703056519787948,19719.09419504099,True,False
8488,810.0,715,6332592,0.25,0.08158007084116256,19721.212509999998,True,False
8489,1540.0,916,6333508,0.25,0.12350733826286668,19723.91252741599,True,False
8490,1920.0,878,6334386,0.25,0.1210858907686657,19726.493859040987,True,False
8491,950.0,657,6335043,0.25,0.11231441204095395,19728.430527207995,True,False
8492,1190.0,799,6335842,0.25,0.10851064579561352,19730.803226582997,True,False
8493,1830.0,856,6336698,0.25,0.1343990134719376,19733.331860374994,True,False
8494,1520.0,694,6337392,0.25,0.0912735228608737,19735.394126832995,True,False
8495,1120.0,1004,6338396,0.25,0.12328807560660213,19738.348763207992,True,False
8496,1580.0,1127,6339523,0.25,0.09646452804265074,19741.647653333,True,False
8497,1560.0,841,6340364,0.25,0.1137310668596583,19744.141554666,True,False
8498,1570.0,1116,6341480,0.25,0.11881339811723292,19747.511831540993,True,False
8499,1220.0,768,6342248,0.25,0.11823610303690657,19749.774785832997,True,False
8500,1940.0,1037,6343285,0.25,0.1092684158271459,19752.824988207998,True,False
8501,1160.0,882,6344167,0.25,0.12579150990667667,19757.61727129099,True,False
8502,1420.0,1119,6345286,0.25,0.12018742483508374,19760.901951249994,True,False
8503,2860.0,1016,6346302,0.25,0.10679647381468786,19763.952968290992,True,False
8504,800.0,585,6346887,0.25,0.12803932838141918,19765.774901915996,True,False
8505,2000.0,878,6347765,0.25,0.11827914144166492,19768.47307162499,True,False
8506,1090.0,860,6348625,0.25,0.08335131432774455,19771.02551275,True,False
8507,1010.0,747,6349372,0.25,0.10768340437369232,19773.294292583,True,False
8508,1990.0,790,6350162,0.25,0.1063459476049479,19775.643308499988,True,False
8509,2240.0,933,6351095,0.25,0.08983991478965518,19778.437141624992,True,False
8510,460.0,441,6351536,0.25,0.10022665081998787,19779.775371249998,True,False
8511,1850.0,876,6352412,0.25,0.11099500755979318,19782.391043375,True,False
8512,1460.0,878,6353290,0.25,0.10983472119285363,19785.020733125,True,False
8513,1400.0,876,6354166,0.25,0.11729083291880071,19787.60425949999,True,False
8514,1010.0,631,6354797,0.25,0.10090692542917744,19789.502454666,True,False
8515,3340.0,807,6355604,0.25,0.12333841449442771,19791.905740749993,True,False
8516,1620.0,888,6356492,0.25,0.119507552099389,19794.607966332987,True,False
8517,1990.0,854,6357346,0.25,0.11288525361760121,19797.25512599999,True,False
8518,1240.0,1055,6358401,0.25,0.1040199574040757,19800.372268583,True,False
8519,1590.0,971,6359372,0.25,0.08750851253821772,19803.297923041,True,False
8520,1380.0,921,6360293,0.25,0.09122833510779817,19806.03371545799,True,False
8521,810.0,725,6361018,0.25,0.11427317339494743,19808.204439875,True,False
8522,1760.0,909,6361927,0.25,0.09138732859741748,19810.899656874986,True,False
8523,1180.0,754,6362681,0.25,0.10486505479211845,19813.14278845799,True,False
8524,2940.0,908,6363589,0.25,0.12984404359259008,19815.880644291,True,False
8525,1630.0,644,6364233,0.25,0.10904847430238812,19817.80325791599,True,False
8526,950.0,741,6364974,0.25,0.092798557917814,19821.031562749995,True,False
8527,2930.0,1447,6366421,0.25,0.13244504279338687,19825.344794582998,True,False
8528,1230.0,950,6367371,0.25,0.10008120467642692,19829.82691920799,True,False
8529,2230.0,1084,6368455,0.25,0.11675578056803708,19833.336203,True,False
8530,860.0,627,6369082,0.25,0.11104225287818985,19835.373330707997,True,False
8531,1270.0,888,6369970,0.25,0.10040515766957321,19838.000694040995,True,False
8532,4760.0,1013,6370983,0.25,0.13930559809882886,19841.031770165995,True,False
8533,1850.0,789,6371772,0.25,0.11681013878886447,19843.398001040987,True,False
8534,2480.0,1078,6372850,0.25,0.09793856492106799,19846.57984133299,True,False
8535,1120.0,570,6373420,0.25,0.12203124435162628,19848.294871332997,True,False
8536,1590.0,688,6374108,0.25,0.093704252233079,19850.341219915994,True,False
8537,1420.0,800,6374908,0.25,0.1259476425498724,19852.714404290993,True,False
8538,1610.0,953,6375861,0.25,0.08435430466940924,19855.53406883299,True,False
8539,1650.0,972,6376833,0.25,0.10440502002252718,19858.420023125,True,False
8540,1070.0,757,6377590,0.25,0.09054601065341443,19860.665826124998,True,False
8541,1720.0,1075,6378665,0.25,0.11302134143292461,19863.836140540996,True,False
8542,1620.0,1059,6379724,0.25,0.10581588498404566,19866.97184929099,True,False
8543,1720.0,926,6380650,0.25,0.09652339499363136,19869.713775790995,True,False
8544,1260.0,804,6381454,0.25,0.09617047790271133,19872.087213124993,True,False
8545,2510.0,836,6382290,0.25,0.10060765796550439,19874.566456040993,True,False
8546,1140.0,627,6382917,0.25,0.10122780672683837,19876.436556707995,True,False
8547,970.0,969,6383886,0.25,0.09595633986259787,19879.286516041,True,False
8548,1890.0,791,6384677,0.25,0.11709569592141744,19881.63384283299,True,False
8549,1930.0,1173,6385850,0.25,0.10900593398348667,19885.451459790987,True,False
8550,2160.0,822,6386672,0.25,0.13032779810064046,19889.171668375,True,False
8551,1660.0,813,6387485,0.25,0.11440921920292042,19893.238377707996,True,False
8552,1980.0,908,6388393,0.25,0.08665569328460924,19896.336994624988,True,False
8553,1570.0,801,6389194,0.25,0.0847054850962013,19898.696167541,True,False
8554,1500.0,918,6390112,0.25,0.10825446875280012,19901.41239941599,True,False
8555,1760.0,721,6390833,0.25,0.0949778608770834,19903.78252699999,True,False
8556,1980.0,850,6391683,0.25,0.08139658406517415,19906.674640082987,True,False
8557,1440.0,1202,6392885,0.25,0.09534613788746718,19910.37776866599,True,False
8558,1960.0,890,6393775,0.25,0.07941938742894579,19913.039142124995,True,False
8559,1610.0,717,6394492,0.25,0.09332226859405637,19915.283420290987,True,False
8560,1700.0,812,6395304,0.25,0.1152517794691063,19917.689219124994,True,False
8561,1830.0,1028,6396332,0.25,0.10338200697247736,19920.803183124997,True,False
8562,2220.0,967,6397299,0.25,0.10093986415362209,19923.653592040995,True,False
8563,1750.0,847,6398146,0.25,0.11242876929353993,19926.211111790995,True,False
8564,840.0,661,6398807,0.25,0.10276834885730887,19928.17315945799,True,False
8565,4880.0,898,6399705,0.25,0.1024666321857108,19930.84070904099,True,False
8566,390.0,526,6400231,0.25,0.11570016873417464,19932.43527599999,True,False
8567,1150.0,682,6400913,0.25,0.10412891870310083,19934.46554325,True,False
8568,1120.0,710,6401623,0.25,0.115270980439112,19936.565274333,True,False
8569,1810.0,1006,6402629,0.25,0.10906976192361778,19939.56303749999,True,False
8570,1940.0,903,6403532,0.25,0.10083527844069543,19942.223492957986,True,False
8571,1370.0,832,6404364,0.25,0.11565138494524245,19944.686690749993,True,False
8572,1720.0,688,6405052,0.25,0.09143791362903146,19946.733731957996,True,False
8573,1570.0,847,6405899,0.25,0.11779344121603322,19950.774807333,True,False
8574,900.0,733,6406632,0.25,0.1039579990927292,19953.144260165995,True,False
8575,970.0,796,6407428,0.25,0.11913477522718846,19955.95377712499,True,False
8576,950.0,744,6408172,0.25,0.11584556734650045,19959.620061874986,True,False
8577,1540.0,828,6409000,0.25,0.11010797822101105,19962.07879366599,True,False
8578,1460.0,870,6409870,0.25,0.11660719420846706,19964.676956375,True,False
8579,2210.0,1023,6410893,0.25,0.10480973132507643,19967.732564874997,True,False
8580,1500.0,1058,6411951,0.25,0.0931798982095312,19970.852347374996,True,False
8581,840.0,614,6412565,0.25,0.08226560100961428,19972.717147666,True,False
8582,1310.0,954,6413519,0.25,0.09728806523778358,19975.535339249996,True,False
8583,1080.0,602,6414121,0.25,0.11007772149234418,19977.335303540996,True,False
8584,2440.0,1051,6415172,0.25,0.11688257173808582,19980.494910124995,True,False
8585,2230.0,1096,6416268,0.25,0.09167821025543839,19983.724610457997,True,False
8586,750.0,616,6416884,0.25,0.11064856184356205,19985.554105207993,True,False
8587,810.0,683,6417567,0.25,0.08970911117161022,19987.576984582993,True,False
8588,1290.0,610,6418177,0.25,0.11704827064733489,19989.393909832987,True,False
8589,1140.0,806,6418983,0.25,0.10113910011094601,19991.789858999997,True,False
8590,1650.0,1000,6419983,0.25,0.09207630865275859,19994.73902229099,True,False
8591,1200.0,690,6420673,0.25,0.0960867747319916,19996.793716,True,False
8592,1100.0,783,6421456,0.25,0.0952732418378701,19999.113347499995,True,False
8593,1840.0,1015,6422471,0.25,0.09945239182635258,20002.104709249994,True,False
8594,1650.0,959,6423430,0.25,0.09705751104047522,20004.937254291,True,False
8595,1650.0,835,6424265,0.25,0.08560990690115536,20007.416444832998,True,False
8596,950.0,676,6424941,0.25,0.09330847172738885,20010.65697687499,True,False
8597,1470.0,944,6425885,0.25,0.09216343330503521,20013.902431124996,True,False
8598,1510.0,942,6426827,0.25,0.10387456054858704,20017.07370524999,True,False
8599,1080.0,697,6427524,0.25,0.08921852336398192,20019.185230832998,True,False
8600,2610.0,802,6428326,0.25,0.07946899662725627,20021.671780457997,True,False
8601,2090.0,1011,6429337,0.25,0.11654133895198583,20025.745898249996,True,False
8602,1440.0,837,6430174,0.25,0.0839235601973448,20028.261323916,True,False
8603,1800.0,894,6431068,0.25,0.0885677552931676,20030.92342454099,True,False
8604,1420.0,845,6431913,0.25,0.11019402653226072,20033.450154624996,True,False
8605,2240.0,934,6432847,0.25,0.1139355145650616,20036.230410749995,True,False
8606,1400.0,754,6433601,0.25,0.1085262365796894,20038.491441749997,True,False
8607,2000.0,946,6434547,0.25,0.10739851109999216,20041.30352599999,True,False
8608,1190.0,991,6435538,0.25,0.0811714695526227,20044.222390208,True,False
8609,1710.0,982,6436520,0.25,0.08700491842336772,20047.131504749996,True,False
8610,930.0,608,6437128,0.25,0.10900247500180021,20048.95830020799,True,False
8611,1790.0,899,6438027,0.25,0.11553758686308616,20051.609796291,True,False
8612,990.0,652,6438679,0.25,0.11141928056814919,20053.57493412499,True,False
8613,1410.0,871,6439550,0.25,0.10316163450992162,20056.133912582998,True,False
8614,1740.0,826,6440376,0.25,0.09125910558994266,20058.575582499994,True,False
8615,1870.0,909,6441285,0.25,0.116727919970118,20061.252880665998,True,False
8616,1140.0,619,6441904,0.25,0.1205508962874451,20063.08659337499,True,False
8617,2190.0,980,6442884,0.25,0.10059774768899898,20065.964028290997,True,False
8618,1030.0,689,6443573,0.25,0.10690141686909767,20068.007574790987,True,False
8619,1030.0,656,6444229,0.25,0.11140588393843756,20070.470479083,True,False
8620,1500.0,940,6445169,0.25,0.10393904243853498,20073.998019749997,True,False
8621,1230.0,829,6445998,0.25,0.10320388714688411,20076.439976083,True,False
8622,1940.0,831,6446829,0.25,0.11853142377759258,20078.891385749987,True,False
8623,1370.0,860,6447689,0.25,0.09306437711036483,20081.484726249997,True,False
8624,1530.0,992,6448681,0.25,0.11552751867190725,20084.52573604099,True,False
8625,1670.0,1061,6449742,0.25,0.10911516186623078,20087.658299666,True,False
8626,2040.0,999,6450741,0.25,0.09222466601803898,20091.744695165995,True,False
8627,2240.0,1011,6451752,0.25,0.07962682137906316,20094.735498457987,True,False
8628,1130.0,802,6452554,0.25,0.1035112268012017,20097.134241124993,True,False
8629,1210.0,832,6453386,0.25,0.08350153786775011,20099.604293124998,True,False
8630,2040.0,968,6454354,0.25,0.10213133609615081,20102.519352999996,True,False
8631,1260.0,853,6455207,0.25,0.11396301662365735,20105.48275216599,True,False
8632,970.0,608,6455815,0.25,0.11189829498088281,20107.461227832988,True,False
8633,1400.0,694,6456509,0.25,0.11042371381545203,20109.526958874994,True,False
8634,1270.0,620,6457129,0.25,0.09492493408822245,20111.41910262499,True,False
8635,1510.0,902,6458031,0.25,0.09816278497378031,20114.140717415998,True,False
8636,1150.0,989,6459020,0.25,0.13026461983850646,20117.144639166,True,False
8637,320.0,410,6459430,0.25,0.09272741420450163,20118.451278499997,True,False
8638,1330.0,767,6460197,0.25,0.1289590305823367,20120.739624333,True,False
8639,1030.0,709,6460906,0.25,0.09309529382630256,20122.856230957987,True,False
8640,2930.0,964,6461870,0.25,0.10784627746837021,20125.747476708,True,False
8641,920.0,608,6462478,0.25,0.1009366913012376,20127.563865416,True,False
8642,1630.0,972,6463450,0.25,0.11821061396519097,20131.081117874986,True,False
8643,1390.0,928,6464378,0.25,0.1047027356890512,20134.498435540998,True,False
8644,1760.0,733,6465111,0.25,0.09097068695748439,20136.706289165988,True,False
8645,1100.0,773,6465884,0.25,0.12659843377384944,20139.054954583,True,False
8646,1540.0,861,6466745,0.25,0.11308518218439678,20141.65370112499,True,False
8647,1640.0,1078,6467823,0.25,0.10015509743589672,20144.89182358299,True,False
8648,1940.0,924,6468747,0.25,0.09965251434546013,20147.773160124998,True,False
8649,1970.0,1032,6469779,0.25,0.11437229947150909,20150.838241291,True,False
8650,1870.0,815,6470594,0.25,0.09823881096991838,20153.272563458,True,False
8651,890.0,724,6471318,0.25,0.09947425535576448,20156.519925707995,True,False
8652,1340.0,1084,6472402,0.25,0.10885772791887012,20159.75641958299,True,False
8653,1600.0,973,6473375,0.25,0.1046883342289385,20162.628411290993,True,False
8654,1770.0,956,6474331,0.25,0.11719917147478798,20165.545948999992,True,False
8655,1590.0,898,6475229,0.25,0.09250394402278794,20168.21078825,True,False
8656,2080.0,878,6476107,0.25,0.07950324679992787,20170.83601916599,True,False
8657,1050.0,613,6476720,0.25,0.12012877647898026,20172.688462332997,True,False
8658,1950.0,1094,6477814,0.25,0.09871152604182998,20175.930772249994,True,False
8659,770.0,552,6478366,0.25,0.1073859091848135,20177.598292332987,True,False
8660,1880.0,898,6479264,0.25,0.11826189920306206,20180.272873040987,True,False
8661,2150.0,995,6480259,0.25,0.13989703656895267,20183.199007040996,True,False
8662,2310.0,971,6481230,0.25,0.12083673573754451,20186.087612416,True,False
8663,1560.0,884,6482114,0.25,0.09530734628169245,20188.697754040986,True,False
8664,1880.0,908,6483022,0.25,0.10250969114610803,20191.427513541,True,False
8665,700.0,572,6483594,0.25,0.11159110006752547,20193.151389082996,True,False
8666,730.0,634,6484228,0.25,0.10829440949472992,20195.051480999988,True,False
8667,1080.0,895,6485123,0.25,0.10259106853818145,20197.698817957993,True,False
8668,1560.0,1036,6486159,0.25,0.13285513428259196,20201.483682415987,True,False
8669,1810.0,1050,6487209,0.25,0.11976634867545996,20205.79120854099,True,False
8670,1440.0,907,6488116,0.25,0.11057428303400325,20208.46989441599,True,False
8671,4530.0,984,6489100,0.25,0.10007406063983595,20211.425356583,True,False
8672,2730.0,1030,6490130,0.25,0.11443067217383403,20214.670553707998,True,False
8673,1530.0,866,6490996,0.25,0.1157011279947884,20217.26877820799,True,False
8674,1350.0,841,6491837,0.25,0.12682614965098246,20219.794459540994,True,False
8675,1500.0,1043,6492880,0.25,0.11872858970186947,20222.903967957987,True,False
8676,1170.0,608,6493488,0.25,0.10664818712853287,20225.965000540993,True,False
8677,1440.0,928,6494416,0.25,0.10437726174031609,20228.951938165992,True,False
8678,1200.0,723,6495139,0.25,0.1385389178370436,20231.479288457995,True,False
8679,1290.0,854,6495993,0.25,0.10581817949695566,20234.306587957995,True,False
8680,1690.0,947,6496940,0.25,0.10400255738054147,20237.106618957987,True,False
8681,1580.0,836,6497776,0.25,0.10124949738383293,20239.568705624988,True,False
8682,930.0,824,6498600,0.25,0.0934075932515767,20242.060796874997,True,False
8683,1400.0,761,6499361,0.25,0.1057862455809587,20244.321998374988,True,False
8684,820.0,774,6500135,0.25,0.12317624694904206,20246.633401790998,True,False
8685,1440.0,801,6500936,0.25,0.11825262750522118,20249.034337416,True,False
8686,1770.0,824,6501760,0.25,0.10607548154782033,20251.480893957996,True,False
8687,2640.0,1038,6502798,0.25,0.09641043930296501,20254.539315040995,True,False
8688,1490.0,1145,6503943,0.25,0.09069006916109498,20257.992872457995,True,False
8689,1150.0,663,6504606,0.25,0.07760147861463118,20260.015063832994,True,False
8690,1320.0,918,6505524,0.25,0.12043870297139106,20262.851069624987,True,False
8691,1020.0,708,6506232,0.25,0.08837200277142943,20265.031814999995,True,False
8692,1420.0,731,6506963,0.25,0.09406512857998138,20267.18746166599,True,False
8693,2120.0,1069,6508032,0.25,0.09671445001861942,20270.419314832994,True,False
8694,1210.0,754,6508786,0.25,0.13652543614598664,20272.709041915994,True,False
8695,1340.0,820,6509606,0.25,0.09358348812817073,20275.171443040992,True,False
8696,3250.0,880,6510486,0.25,0.10534667410803113,20278.003910790998,True,False
8697,1490.0,1069,6511555,0.25,0.1032688706513313,20282.79715020799,True,False
8698,1720.0,885,6512440,0.25,0.07335200467826547,20285.658770374997,True,False
8699,2660.0,927,6513367,0.25,0.08615287399782247,20288.398677499994,True,False
8700,990.0,737,6514104,0.25,0.08721189319684698,20290.63082537499,True,False
8701,910.0,536,6514640,0.25,0.10600338771994879,20293.261443332987,True,False
8702,1520.0,862,6515502,0.25,0.09751220804227646,20295.82443054099,True,False
8703,1640.0,860,6516362,0.25,0.07006832398474216,20298.415953332995,True,False
8704,3350.0,1016,6517378,0.25,0.08591926074403478,20301.486023957987,True,False
8705,800.0,572,6517950,0.25,0.08736201433035043,20303.209674665995,True,False
8706,1230.0,910,6518860,0.25,0.09775246983688128,20305.953317458,True,False
8707,1190.0,884,6519744,0.25,0.10929225169425637,20308.583601207996,True,False
8708,1710.0,850,6520594,0.25,0.08498378997703768,20311.107233666,True,False
8709,350.0,486,6521080,0.25,0.0945180635288602,20312.590671290993,True,False
8710,1270.0,946,6522026,0.25,0.09133006671790854,20315.406344165996,True,False
8711,770.0,673,6522699,0.25,0.10681039929789092,20317.426178083,True,False
8712,1960.0,1019,6523718,0.25,0.10021750859039671,20320.45754316599,True,False
8713,1440.0,823,6524541,0.25,0.08580080147615625,20322.913495124987,True,False
8714,1290.0,861,6525402,0.25,0.11147418494314648,20325.463367082993,True,False
8715,2170.0,1084,6526486,0.25,0.11314907163464055,20328.838863499986,True,False
8716,2470.0,1146,6527632,0.25,0.10469028822272912,20332.178190957988,True,False
8717,1560.0,1261,6528893,0.25,0.08653054409438656,20335.95310087499,True,False
8718,1430.0,847,6529740,0.25,0.08664814471970049,20338.483069665992,True,False
8719,1390.0,958,6530698,0.25,0.09296787599545892,20341.548048832992,True,False
8720,980.0,613,6531311,0.25,0.1246221395318999,20343.404344625,True,False
8721,1070.0,851,6532162,0.25,0.07972644551049375,20345.936202540994,True,False
8722,1520.0,846,6533008,0.25,0.08479641066899277,20348.466927165995,True,False
8723,1640.0,872,6533880,0.25,0.10902224241866978,20351.974768165994,True,False
8724,2210.0,917,6534797,0.25,0.10546075407919925,20355.478263082987,True,False
8725,2140.0,863,6535660,0.25,0.1348874866358798,20358.049318957987,True,False
8726,1690.0,684,6536344,0.25,0.0910511015756437,20361.069828290987,True,False
8727,1840.0,901,6537245,0.25,0.08887477988998095,20363.74752587499,True,False
8728,1450.0,865,6538110,0.25,0.08812832571048704,20366.32083379099,True,False
8729,1540.0,979,6539089,0.25,0.08004883409154659,20369.220854582993,True,False
8730,1070.0,603,6539692,0.25,0.09809305713764879,20371.032265457994,True,False
8731,940.0,657,6540349,0.25,0.09610715773092901,20372.993065999995,True,False
8732,1410.0,832,6541181,0.25,0.09201995478584789,20375.45236499999,True,False
8733,1640.0,1045,6542226,0.25,0.100146084474364,20378.532672415997,True,False
8734,2150.0,1132,6543358,0.25,0.09950598511621092,20381.88282554099,True,False
8735,1660.0,1104,6544462,0.25,0.09524586154282957,20385.128658332993,True,False
8736,930.0,729,6545191,0.25,0.11480574193666433,20387.290593957994,True,False
8737,2660.0,925,6546116,0.25,0.1042807175585165,20390.036398957993,True,False
8738,1930.0,872,6546988,0.25,0.10048535520877314,20392.618230207998,True,False
8739,1610.0,941,6547929,0.25,0.09942976633443477,20395.391528165987,True,False
8740,1450.0,911,6548840,0.25,0.08843788948204172,20398.11343366599,True,False
8741,1580.0,762,6549602,0.25,0.09375410250535136,20400.38137516599,True,False
8742,1310.0,1037,6550639,0.25,0.09146229992530751,20403.431573374997,True,False
8743,1420.0,741,6551380,0.25,0.0898230398594532,20405.787713499987,True,False
8744,1210.0,749,6552129,0.25,0.1076179903877132,20407.99581083299,True,False
8745,1710.0,932,6553061,0.25,0.1074275283039,20410.809868124998,True,False
8746,1280.0,860,6553921,0.25,0.10330596148621204,20413.374013082997,True,False
8747,1370.0,914,6554835,0.25,0.10560660139379795,20416.080971082993,True,False
8748,430.0,437,6555272,0.25,0.10764558821577917,20417.418007665998,True,False
8749,1100.0,834,6556106,0.25,0.1086614943252733,20419.88610091599,True,False
8750,1100.0,909,6557015,0.25,0.08597812456969123,20422.577761249995,True,False
8751,920.0,682,6557697,0.25,0.1427853497736461,20425.511666249993,True,False
8752,1210.0,747,6558444,0.25,0.09526383271191848,20427.698445791,True,False
8753,1430.0,1019,6559463,0.25,0.10218328794127139,20430.71105637499,True,False
8754,1230.0,804,6560267,0.25,0.10655829646805329,20433.102996666,True,False
8755,1480.0,889,6561156,0.25,0.12797173112630844,20435.744638040997,True,False
8756,2040.0,952,6562108,0.25,0.1035347213232968,20438.551086249994,True,False
8757,1920.0,909,6563017,0.25,0.10811536037055407,20441.241716165998,True,False
8758,1250.0,682,6563699,0.25,0.08380709955578342,20443.267297125,True,False
8759,1170.0,734,6564433,0.25,0.09208005595871288,20445.441680624994,True,False
8760,2080.0,848,6565281,0.25,0.09145795371172563,20447.957885790995,True,False
8761,1640.0,865,6566146,0.25,0.07564955168507165,20450.49979412499,True,False
8762,2170.0,945,6567091,0.25,0.08323435576127494,20453.304895499998,True,False
8763,1730.0,970,6568061,0.25,0.08402335686693466,20456.171283290998,True,False
8764,1630.0,901,6568962,0.25,0.07702030569314956,20458.842181707994,True,False
8765,840.0,659,6569621,0.25,0.09762264846852331,20460.817771791,True,False
8766,1010.0,544,6570165,0.25,0.08786956393433844,20462.443215082996,True,False
8767,1890.0,871,6571036,0.25,0.11055004246396209,20465.060898915995,True,False
8768,1540.0,886,6571922,0.25,0.07523051449582317,20467.687112957996,True,False
8769,1300.0,803,6572725,0.25,0.09086667389993495,20470.11119604099,True,False
8770,940.0,694,6573419,0.25,0.09607192113284947,20472.16271545799,True,False
8771,1840.0,783,6574202,0.25,0.07725534360969857,20474.507553582996,True,False
8772,2020.0,1002,6575204,0.25,0.1022399588046499,20477.482726290997,True,False
8773,1140.0,796,6576000,0.25,0.08791610305595338,20479.856481749986,True,False
8774,1430.0,875,6576875,0.25,0.09890007892401394,20482.445669040986,True,False
8775,2440.0,929,6577804,0.25,0.10566710827016779,20485.214254082995,True,False
8776,980.0,732,6578536,0.25,0.10206611021905324,20488.703547790996,True,False
8777,750.0,601,6579137,0.25,0.09063427073260148,20490.460002374995,True,False
8778,940.0,575,6579712,0.25,0.08420942106749862,20492.169647999996,True,False
8779,620.0,460,6580172,0.25,0.09125235496979693,20493.545052791,True,False
8780,1790.0,929,6581101,0.25,0.08690603938885033,20496.27810899999,True,False
8781,810.0,740,6581841,0.25,0.11182644538380004,20498.489255624998,True,False
8782,1210.0,752,6582593,0.25,0.12232773625192807,20500.816036790988,True,False
8783,1850.0,781,6583374,0.25,0.10809675201964684,20503.285934040992,True,False
8784,1640.0,861,6584235,0.25,0.0966576857275741,20505.838866583,True,False
8785,860.0,613,6584848,0.25,0.09055663644057976,20507.973956832997,True,False
8786,1100.0,1259,6586107,0.25,0.1113883517860512,20512.289357540998,True,False
8787,1240.0,853,6586960,0.25,0.09751056493303487,20514.958601082995,True,False
8788,1560.0,624,6587584,0.25,0.10322074558681403,20516.841326083,True,False
8789,1540.0,802,6588386,0.25,0.1082134709879756,20519.72715654099,True,False
8790,960.0,831,6589217,0.25,0.10605450050654606,20522.489938249986,True,False
8791,1000.0,583,6589800,0.25,0.10837027096278863,20524.233986041,True,False
8792,1460.0,773,6590573,0.25,0.10006025237624819,20526.50382766599,True,False
8793,1320.0,775,6591348,0.25,0.09205570479989358,20528.80735183299,True,False
8794,1230.0,665,6592013,0.25,0.09627860675689327,20530.828881374997,True,False
8795,1220.0,838,6592851,0.25,0.10137596472420475,20533.47248087499,True,False
8796,1700.0,882,6593733,0.25,0.10248485733481015,20536.096327374995,True,False
8797,2000.0,972,6594705,0.25,0.10581679583178381,20539.030965374986,True,False
8798,1720.0,947,6595652,0.25,0.12421730423212554,20541.88241749999,True,False
8799,2000.0,986,6596638,0.25,0.112448894168909,20544.80614166599,True,False
8800,140.0,295,6596933,0.25,0.12451715404922897,20545.72095424999,True,False
8801,1460.0,919,6597852,0.25,0.11846217082246491,20549.496874165998,True,False
8802,3110.0,983,6598835,0.25,0.11292939758574476,20552.381541332987,True,False
8803,1960.0,848,6599683,0.25,0.10383092487266041,20555.16842812499,True,False
8804,1190.0,762,6600445,0.25,0.09978584736507601,20557.75791741599,True,False
8805,1620.0,740,6601185,0.25,0.12069481621320183,20560.099999790997,True,False
8806,1290.0,723,6601908,0.25,0.10351787367578369,20562.22607479099,True,False
8807,1980.0,1003,6602911,0.25,0.09604797983169555,20565.157229624994,True,False
8808,2140.0,895,6603806,0.25,0.13161147381677957,20567.818294832992,True,False
8809,960.0,901,6604707,0.25,0.12184749286207888,20570.47059833299,True,False
8810,460.0,558,6605265,0.25,0.11478391735415373,20572.14564558299,True,False
8811,1150.0,630,6605895,0.25,0.11996158383264663,20574.11145379099,True,False
8812,850.0,780,6606675,0.25,0.12550494390993547,20576.414688833,True,False
8813,1180.0,718,6607393,0.25,0.09891715891038379,20578.536649957998,True,False
8814,1760.0,978,6608371,0.25,0.12877511876619985,20581.433688249992,True,False
8815,1370.0,844,6609215,0.25,0.1362948520153196,20583.92251412499,True,False
8816,700.0,515,6609730,0.25,0.1005792170257647,20585.471483582995,True,False
8817,1800.0,1084,6610814,0.25,0.11085286044354148,20588.675620332986,True,False
8818,1390.0,788,6611602,0.25,0.16067933643397492,20591.02177666599,True,False
8819,1580.0,884,6612486,0.25,0.1146299639017199,20593.778803082998,True,False
8820,1610.0,737,6613223,0.25,0.11082129865763304,20596.051325999986,True,False
8821,2870.0,924,6614147,0.25,0.11283406509626738,20598.786070874994,True,False
8822,1760.0,786,6614933,0.25,0.09386477466237726,20601.131018040993,True,False
8823,1120.0,789,6615722,0.25,0.1287792217043148,20603.48471333299,True,False
8824,1790.0,837,6616559,0.25,0.11542576180690783,20605.966232290986,True,False
8825,1470.0,784,6617343,0.25,0.1118359367496201,20608.29911279099,True,False
8826,1430.0,903,6618246,0.25,0.11875293063477868,20611.83597783299,True,False
8827,1000.0,681,6618927,0.25,0.1069073105669197,20613.845417332996,True,False
8828,1230.0,796,6619723,0.25,0.10722194612026215,20616.219433874998,True,False
8829,990.0,625,6620348,0.25,0.13766389133728993,20618.111896165996,True,False
8830,1550.0,995,6621343,0.25,0.12160254622839632,20621.024779999992,True,False
8831,1850.0,909,6622252,0.25,0.11502168095556267,20623.73638158299,True,False
8832,1720.0,847,6623099,0.25,0.1175945320594791,20626.242693249995,True,False
8833,1040.0,762,6623861,0.25,0.09695134719550921,20628.517504624993,True,False
8834,1500.0,775,6624636,0.25,0.13962086312203986,20630.823209332986,True,False
8835,930.0,695,6625331,0.25,0.12098868396886855,20632.880838540994,True,False
8836,2150.0,952,6626283,0.25,0.11416127042797934,20635.694451582996,True,False
8837,1710.0,936,6627219,0.25,0.11443827340267917,20638.489923540998,True,False
8838,1990.0,1060,6628279,0.25,0.1180765587414773,20641.622054749998,True,False
8839,510.0,730,6629009,0.25,0.09674173648484417,20643.958434582994,True,False
8840,1470.0,879,6629888,0.25,0.11102960748936642,20646.56194462499,True,False
8841,2380.0,1039,6630927,0.25,0.13398295963851872,20649.767513374987,True,False
8842,810.0,834,6631761,0.25,0.12521912841545196,20652.285398333,True,False
8843,1060.0,617,6632378,0.25,0.1401032398321799,20654.12663595799,True,False
8844,1040.0,723,6633101,0.25,0.10558934842148868,20656.43523574999,True,False
8845,940.0,715,6633816,0.25,0.12611782571623445,20658.649908124993,True,False
8846,1500.0,818,6634634,0.25,0.13185185215472445,20661.261064124992,True,False
8847,1440.0,738,6635372,0.25,0.12073896843436602,20663.531646040996,True,False
8848,250.0,362,6635734,0.25,0.08973794074522125,20664.72609845799,True,False
8849,1450.0,818,6636552,0.25,0.09595843615328394,20668.483451124994,True,False
8850,1980.0,944,6637496,0.25,0.1292416947593881,20671.642579624997,True,False
8851,1840.0,833,6638329,0.25,0.09511518998680493,20674.996047082997,True,False
8852,1630.0,887,6639216,0.25,0.12714084708928927,20677.617410583,True,False
8853,1000.0,786,6640002,0.25,0.13489185539739473,20679.97445845799,True,False
8854,1690.0,884,6640886,0.25,0.12665324370751824,20682.628567458,True,False
8855,2750.0,1100,6641986,0.25,0.12846156263215974,20685.902298040994,True,False
8856,1010.0,703,6642689,0.25,0.1237160327251662,20688.023417332995,True,False
8857,1390.0,789,6643478,0.25,0.10389743299048564,20690.405433207998,True,False
8858,930.0,758,6644236,0.25,0.13285852720666874,20692.692003707998,True,False
8859,1000.0,695,6644931,0.25,0.1290415377178461,20694.77248999999,True,False
8860,450.0,480,6645411,0.25,0.13258573409790794,20696.245478915997,True,False
8861,1070.0,918,6646329,0.25,0.1291895583676903,20698.983165957994,True,False
8862,410.0,453,6646782,0.25,0.0925346507765023,20700.35382333299,True,False
8863,2140.0,926,6647708,0.25,0.12393478443846107,20703.11427666599,True,False
8864,1290.0,689,6648397,0.25,0.10945582148337434,20705.163931666,True,False
8865,1400.0,1004,6649401,0.25,0.11990487266821691,20708.132246582987,True,False
8866,1200.0,1177,6650578,0.25,0.10463640770437765,20711.610212790998,True,False
8867,1180.0,765,6651343,0.25,0.1086553041652547,20713.890379374992,True,False
8868,1590.0,801,6652144,0.25,0.12548927764468526,20716.263989165993,True,False
8869,2060.0,842,6652986,0.25,0.12383672326271022,20718.766343124997,True,False
8870,1700.0,1082,6654068,0.25,0.12091470964775314,20722.144099957994,True,False
8871,620.0,569,6654637,0.25,0.14195866430256987,20724.049479374997,True,False
8872,1860.0,785,6655422,0.25,0.1543009496788133,20726.400984124994,True,False
8873,1030.0,679,6656101,0.25,0.1374843393726384,20728.453482915997,True,False
8874,410.0,484,6656585,0.25,0.11848107973221413,20729.942126874987,True,False
8875,3270.0,952,6657537,0.25,0.12406506002763239,20732.797307582994,True,False
8876,950.0,687,6658224,0.25,0.1159826630704798,20735.943047374996,True,False
8877,1690.0,801,6659025,0.25,0.11222461428493262,20738.30916774999,True,False
8878,1760.0,878,6659903,0.25,0.10546760858125882,20740.905626082997,True,False
8879,1360.0,915,6660818,0.25,0.13191386823863702,20743.646287790994,True,False
8880,1440.0,666,6661484,0.25,0.12729485512538227,20745.63610170799,True,False
8881,1370.0,871,6662355,0.25,0.14579984011806651,20748.211706582995,True,False
8882,1660.0,1175,6663530,0.25,0.12604224916268775,20751.674828165997,True,False
8883,1580.0,1078,6664608,0.25,0.11192964219522697,20754.914108499986,True,False
8884,2250.0,1133,6665741,0.25,0.12084235994691563,20758.241882040995,True,False
8885,1600.0,896,6666637,0.25,0.1199882642997961,20760.88849775,True,False
8886,1650.0,1042,6667679,0.25,0.13208693995212134,20763.952878957993,True,False
8887,2310.0,979,6668658,0.25,0.09487312042287417,20766.843779082992,True,False
8888,2900.0,1055,6669713,0.25,0.12228022384541956,20769.944168290996,True,False
8889,1340.0,969,6670682,0.25,0.0960246770496457,20772.844027540996,True,False
8890,1860.0,1081,6671763,0.25,0.11626567883348024,20776.037228916,True,False
8891,1240.0,889,6672652,0.25,0.11039447031848366,20778.681694540996,True,False
8892,1980.0,764,6673416,0.25,0.10680215286958904,20780.958168207988,True,False
8893,2500.0,946,6674362,0.25,0.09686170465912733,20783.75416862499,True,False
8894,920.0,865,6675227,0.25,0.11591512223498689,20786.538037749997,True,False
8895,1090.0,1186,6676413,0.25,0.12350744985495553,20790.149212082993,True,False
8896,950.0,639,6677052,0.25,0.11182260544737802,20792.07827779099,True,False
8897,1420.0,777,6677829,0.25,0.10203765654341154,20794.44761129099,True,False
8898,1200.0,853,6678682,0.25,0.14536457076808657,20797.000755749992,True,False
8899,1300.0,1023,6679705,0.25,0.1459697157915798,20800.04341262499,True,False
8900,880.0,582,6680287,0.25,0.11169735644141147,20801.809445707986,True,False
8901,1600.0,916,6681203,0.25,0.12143677031808414,20806.183209374998,True,False
8902,1450.0,935,6682138,0.25,0.12474768534780313,20809.0003,True,False
8903,1910.0,942,6683080,0.25,0.09816569244583785,20811.86711883299,True,False
8904,1240.0,769,6683849,0.25,0.11168249907010856,20814.202174415987,True,False
8905,1460.0,950,6684799,0.25,0.11532350947082294,20817.587903624997,True,False
8906,3430.0,1059,6685858,0.25,0.11616533625660078,20821.124796958,True,False
8907,1720.0,764,6686622,0.25,0.12718925471003142,20823.425922999988,True,False
8908,980.0,672,6687294,0.25,0.10608309994096912,20825.48720012499,True,False
8909,860.0,608,6687902,0.25,0.13285539039459668,20827.357889875,True,False
8910,840.0,555,6688457,0.25,0.1080581942747394,20829.262915957996,True,False
8911,2540.0,1015,6689472,0.25,0.11708572328706661,20834.008705665998,True,False
8912,2870.0,1143,6690615,0.25,0.09433590457366224,20837.840093832987,True,False
8913,2430.0,958,6691573,0.25,0.10375463421611736,20840.92833283299,True,False
8914,1540.0,898,6692471,0.25,0.12579815171193331,20843.589355082993,True,False
8915,1670.0,846,6693317,0.25,0.09939530607804938,20846.144654290998,True,False
8916,1240.0,690,6694007,0.25,0.10451448596147604,20848.293697415997,True,False
8917,1710.0,782,6694789,0.25,0.08879750013845611,20850.62713816599,True,False
8918,2000.0,805,6695594,0.25,0.09701318542162578,20853.165519165996,True,False
8919,1870.0,945,6696539,0.25,0.09842675546247323,20855.977094749993,True,False
8920,1160.0,690,6697229,0.25,0.11884004012223957,20858.058714957995,True,False
8921,1370.0,1201,6698430,0.25,0.1241975121665746,20861.624550458,True,False
8922,1650.0,925,6699355,0.25,0.0884450241455655,20864.374852915993,True,False
8923,1600.0,904,6700259,0.25,0.09416146542613221,20867.053598125,True,False
8924,1380.0,889,6701148,0.25,0.1150132311850519,20869.692937040993,True,False
8925,1840.0,1152,6702300,0.25,0.12479472854950775,20873.09787299999,True,False
8926,1680.0,942,6703242,0.25,0.10227518581805077,20877.086737540987,True,False
8927,1590.0,1135,6704377,0.25,0.11543169213642537,20880.817790957997,True,False
8928,2040.0,1086,6705463,0.25,0.08888855975162499,20884.48239279099,True,False
8929,1900.0,859,6706322,0.25,0.09470077690690062,20887.034035207995,True,False
8930,890.0,570,6706892,0.25,0.10771202332489974,20888.749280958,True,False
8931,1790.0,1170,6708062,0.25,0.07746584962874856,20893.12678454099,True,False
8932,1070.0,709,6708771,0.25,0.09814030394526356,20896.191585333,True,False
8933,1440.0,828,6709599,0.25,0.1115685341708758,20898.86403941599,True,False
8934,1640.0,985,6710584,0.25,0.09084438997120993,20902.11755312499,True,False
8935,1660.0,953,6711537,0.25,0.08306750534258846,20904.91850758299,True,False
8936,1270.0,837,6712374,0.25,0.11867813013814853,20907.377505957993,True,False
8937,1160.0,587,6712961,0.25,0.11135199767391697,20909.179761207997,True,False
8938,770.0,528,6713489,0.25,0.12546966852140473,20910.802662332993,True,False
8939,1220.0,759,6714248,0.25,0.10797336245641896,20913.02388241599,True,False
8940,1290.0,855,6715103,0.25,0.09133816789398451,20915.58665179099,True,False
8941,1350.0,828,6715931,0.25,0.08591850044358755,20918.114208790998,True,False
8942,1890.0,994,6716925,0.25,0.08560777994538527,20921.06066962499,True,False
8943,1340.0,935,6717860,0.25,0.10204159382444161,20923.836482832994,True,False
8944,1690.0,823,6718683,0.25,0.09281146218773069,20926.288689082998,True,False
8945,2030.0,926,6719609,0.25,0.10559908281369455,20929.156762790997,True,False
8946,1790.0,862,6720471,0.25,0.08801677797076314,20931.684783999997,True,False
8947,1630.0,1068,6721539,0.25,0.1027097220180298,20934.84075304099,True,False
8948,1910.0,1034,6722573,0.25,0.10061001466968345,20937.986767040988,True,False
8949,1140.0,606,6723179,0.25,0.11137126164128448,20939.824727582993,True,False
8950,1020.0,682,6723861,0.25,0.11372734007714262,20941.862609790987,True,False
8951,1270.0,1002,6724863,0.25,0.09222514711320401,20945.87601858299,True,False
8952,1300.0,835,6725698,0.25,0.10056352280258563,20948.33473212499,True,False
8953,1880.0,931,6726629,0.25,0.09905488932177488,20951.143379832996,True,False
8954,1570.0,862,6727491,0.25,0.13649983832742585,20954.166710665988,True,False
8955,1850.0,747,6728238,0.25,0.08777611826192887,20957.261510790995,True,False
8956,1830.0,1134,6729372,0.25,0.08856593341317395,20960.62757862499,True,False
8957,1800.0,1021,6730393,0.25,0.13375546980430097,20963.67352608299,True,False
8958,1580.0,844,6731237,0.25,0.10268874884852301,20966.21871316599,True,False
8959,1800.0,935,6732172,0.25,0.09763755636592196,20969.004939374994,True,False
8960,1440.0,856,6733028,0.25,0.12065966359435398,20971.551137582996,True,False
8961,400.0,436,6733464,0.25,0.10844252900211909,20972.87930983299,True,False
8962,1500.0,1043,6734507,0.25,0.09850525731364122,20975.958866290996,True,False
8963,2640.0,924,6735431,0.25,0.1090494760138777,20978.718482749988,True,False
8964,2010.0,941,6736372,0.25,0.09604153217021692,20981.615359457996,True,False
8965,1810.0,1082,6737454,0.25,0.08680252940566452,20984.860370915994,True,False
8966,2150.0,862,6738316,0.25,0.09604339496474024,20987.432788166,True,False
8967,1620.0,925,6739241,0.25,0.09840238317685984,20990.15945724999,True,False
8968,2370.0,608,6739849,0.25,0.07843659181564458,20991.977648040993,True,False
8969,1030.0,827,6740676,0.25,0.09627318960852957,20994.438579999987,True,False
8970,1390.0,852,6741528,0.25,0.10696537078231433,20996.970523124997,True,False
8971,1410.0,778,6742306,0.25,0.10980237428022106,20999.30716699999,True,False
8972,2020.0,1144,6743450,0.25,0.10735115831574568,21002.688260208,True,False
8973,2440.0,809,6744259,0.25,0.0914367771532276,21005.097995999997,True,False
8974,1090.0,686,6744945,0.25,0.12300680817083218,21007.144179124996,True,False
8975,990.0,718,6745663,0.25,0.08318006115127875,21009.272124749987,True,False
8976,1840.0,1064,6746727,0.25,0.10864487955262675,21013.392832290992,True,False
8977,2810.0,847,6747574,0.25,0.10635343715460654,21017.119018499987,True,False
8978,1460.0,1055,6748629,0.25,0.09549152463759211,21020.30757691599,True,False
8979,1280.0,795,6749424,0.25,0.11587631841887482,21022.704287040993,True,False
8980,2050.0,942,6750366,0.25,0.09239543078348357,21025.536541082998,True,False
8981,1830.0,995,6751361,0.25,0.09478066112831175,21028.563637249987,True,False
8982,1020.0,745,6752106,0.25,0.08405151693851397,21030.796965999994,True,False
8983,1740.0,942,6753048,0.25,0.08024273384599236,21033.64290320799,True,False
8984,2080.0,805,6753853,0.25,0.11847562973030765,21036.054919290997,True,False
8985,1910.0,912,6754765,0.25,0.0795950410691531,21038.77139658299,True,False
8986,1370.0,776,6755541,0.25,0.10329127155205946,21041.096140915994,True,False
8987,2500.0,936,6756477,0.25,0.0912049248153901,21044.015016082994,True,False
8988,1890.0,888,6757365,0.25,0.09336589674910044,21046.637669082993,True,False
8989,440.0,570,6757935,0.25,0.10954816946366304,21048.342343665994,True,False
8990,360.0,391,6758326,0.25,0.11449424061468061,21049.54727137499,True,False
8991,1210.0,629,6758955,0.25,0.09660791277078687,21051.42372720799,True,False
8992,2620.0,1081,6760036,0.25,0.10248612741015274,21054.661698375,True,False
8993,3720.0,1272,6761308,0.25,0.10095722565087695,21058.423872165993,True,False
8994,1840.0,939,6762247,0.25,0.09563075000436133,21061.20659370799,True,False
8995,1100.0,755,6763002,0.25,0.1056170273256838,21063.44992341599,True,False
8996,1250.0,910,6763912,0.25,0.09234319952022481,21066.139557915987,True,False
8997,950.0,704,6764616,0.25,0.1058909218673679,21068.231327749992,True,False
8998,2540.0,896,6765512,0.25,0.0981250562472269,21070.90249683299,True,False
8999,1560.0,1018,6766530,0.25,0.10287328662101443,21074.005552040995,True,False
9000,1140.0,593,6767123,0.25,0.10605330443689348,21075.811705832995,True,False
9001,930.0,633,6767756,0.25,0.1055894764901707,21078.85564149999,True,False
9002,1290.0,693,6768449,0.25,0.09683412787197643,21080.92052637499,True,False
9003,2100.0,1073,6769522,0.25,0.1239058709835439,21084.131609207994,True,False
9004,950.0,789,6770311,0.25,0.08953517097696133,21087.788283457994,True,False
9005,2030.0,761,6771072,0.25,0.09718687440322332,21090.753289665998,True,False
9006,1130.0,606,6771678,0.25,0.13203804372556951,21092.965628457998,True,False
9007,2080.0,1158,6772836,0.25,0.11109880986784039,21096.541363915996,True,False
9008,2410.0,986,6773822,0.25,0.1257485577049173,21099.47112758299,True,False
9009,330.0,423,6774245,0.25,0.10021890640996818,21100.785956499996,True,False
9010,920.0,597,6774842,0.25,0.0822322300991556,21102.588540790995,True,False
9011,1820.0,916,6775758,0.25,0.1262193820540952,21105.33481570799,True,False
9012,1460.0,983,6776741,0.25,0.10342870103725331,21108.435412749997,True,False
9013,1640.0,981,6777722,0.25,0.09175779486493188,21111.33980437499,True,False
9014,1220.0,735,6778457,0.25,0.09036930673755705,21113.55997116599,True,False
9015,1200.0,768,6779225,0.25,0.09196335016167723,21115.882020749996,True,False
9016,2420.0,1017,6780242,0.25,0.10929385980767176,21118.901308999993,True,False
9017,1980.0,773,6781015,0.25,0.1275997473496384,21121.311235666,True,False
9018,1320.0,755,6781770,0.25,0.10568339521528552,21123.955413457996,True,False
9019,2370.0,982,6782752,0.25,0.0809222004202202,21127.122767208,True,False
9020,2710.0,962,6783714,0.25,0.10486411203164607,21129.959350874997,True,False
9021,1290.0,820,6784534,0.25,0.10101560617728932,21132.560131957987,True,False
9022,1100.0,834,6785368,0.25,0.12240864368574471,21135.154593415995,True,False
9023,2130.0,941,6786309,0.25,0.09954992140385699,21137.948057666,True,False
9024,1750.0,900,6787209,0.25,0.09138436139457756,21140.67196149999,True,False
9025,2050.0,1232,6788441,0.25,0.11273303668486415,21144.343492665997,True,False
9026,1950.0,1277,6789718,0.25,0.10392478312771522,21150.976546457998,True,False
9027,440.0,429,6790147,0.25,0.11896603989684693,21152.54523183299,True,False
9028,1890.0,759,6790906,0.25,0.09024211459450032,21155.138144832992,True,False
9029,1000.0,883,6791789,0.25,0.09814978805602406,21157.81511416599,True,False
9030,1560.0,829,6792618,0.25,0.09913289196033409,21160.28738687499,True,False
9031,1550.0,991,6793609,0.25,0.09263767637011985,21163.237405583,True,False
9032,2020.0,1002,6794611,0.25,0.08463753233477474,21166.246904916,True,False
9033,1210.0,670,6795281,0.25,0.10247981546091892,21168.238509082992,True,False
9034,1860.0,849,6796130,0.25,0.09906083889270448,21170.776221249995,True,False
9035,1060.0,643,6796773,0.25,0.08768154384556764,21172.847141499995,True,False
9036,1380.0,824,6797597,0.25,0.10143455481427965,21175.286485374992,True,False
9037,1960.0,853,6798450,0.25,0.08654322379876471,21177.80939324999,True,False
9038,1470.0,1134,6799584,0.25,0.0885083038248384,21181.195688165986,True,False
9039,1580.0,818,6800402,0.25,0.1195519403463193,21183.86342712499,True,False
9040,1520.0,852,6801254,0.25,0.08596087648082927,21186.529611040998,True,False
9041,2220.0,1107,6802361,0.25,0.1034353198920669,21189.83863983299,True,False
9042,2050.0,935,6803296,0.25,0.09680851374187657,21192.74395933299,True,False
9043,1600.0,879,6804175,0.25,0.08851654977286787,21195.368658290987,True,False
9044,2130.0,902,6805077,0.25,0.10042433665686212,21198.080757749995,True,False
9045,2090.0,1176,6806253,0.25,0.09207611364711608,21201.571239957993,True,False
9046,1700.0,820,6807073,0.25,0.10286665030005501,21204.019094958,True,False
9047,2270.0,1061,6808134,0.25,0.08154399685983388,21207.97403408299,True,False
9048,1900.0,1260,6809394,0.25,0.09323055442008707,21212.501485415996,True,False
9049,1770.0,869,6810263,0.25,0.08477668153456829,21215.068486165997,True,False
9050,1310.0,748,6811011,0.25,0.09645909472383599,21217.288108374996,True,False
9051,1530.0,580,6811591,0.25,0.09664159117844598,21220.358619082996,True,False
9052,1760.0,1009,6812600,0.25,0.11015147367941415,21223.37420508299,True,False
9053,1950.0,841,6813441,0.25,0.08219129085718166,21225.950391874998,True,False
9054,2400.0,1008,6814449,0.25,0.08609626197906596,21229.086561499993,True,False
9055,2260.0,627,6815076,0.25,0.10923531621836932,21230.959554999994,True,False
9056,1340.0,822,6815898,0.25,0.10165781313326301,21233.370539249998,True,False
9057,1840.0,795,6816693,0.25,0.07471296068599176,21235.991743583,True,False
9058,1090.0,727,6817420,0.25,0.09492082222989136,21238.158962124988,True,False
9059,1280.0,650,6818070,0.25,0.08462005883547259,21240.14874320799,True,False
9060,920.0,806,6818876,0.25,0.08287053547873355,21242.560448874996,True,False
9061,1790.0,760,6819636,0.25,0.09974557150547442,21244.857492915995,True,False
9062,1960.0,865,6820501,0.25,0.0922595600563067,21247.422030791,True,False
9063,1780.0,1025,6821526,0.25,0.09539809676789446,21250.558116249988,True,False
9064,460.0,567,6822093,0.25,0.10828071945464947,21252.250791165992,True,False
9065,2880.0,1055,6823148,0.25,0.11251526650492892,21255.362033082987,True,False
9066,860.0,542,6823690,0.25,0.0772250033363148,21256.99930045799,True,False
9067,2490.0,1009,6824699,0.25,0.09501800404876352,21260.065809374995,True,False
9068,1470.0,836,6825535,0.25,0.11320016268444688,21262.623412249988,True,False
9069,1610.0,930,6826465,0.25,0.08995011981272902,21265.429354832988,True,False
9070,1520.0,1053,6827518,0.25,0.0854225093144711,21269.239800874988,True,False
9071,2140.0,1047,6828565,0.25,0.09476957810715637,21272.804823290993,True,False
9072,930.0,695,6829260,0.25,0.08608849981435757,21274.866449249996,True,False
9073,1720.0,1182,6830442,0.25,0.0926872558986484,21278.33008154099,True,False
9074,1300.0,836,6831278,0.25,0.1183739774125187,21280.85577874999,True,False
9075,850.0,747,6832025,0.25,0.08400535058568824,21283.079476916,True,False
9076,1650.0,886,6832911,0.25,0.10636826540549955,21286.740202540997,True,False
9077,1700.0,856,6833767,0.25,0.10804704030122712,21289.440019749993,True,False
9078,1410.0,811,6834578,0.25,0.08581413744301924,21291.865283374995,True,False
9079,1420.0,935,6835513,0.25,0.11705051263810223,21294.611102249997,True,False
9080,1400.0,888,6836401,0.25,0.08208526649118007,21297.221694041,True,False
9081,1420.0,993,6837394,0.25,0.0941449922449406,21300.273820165996,True,False
9082,2680.0,803,6838197,0.25,0.08653259487702182,21302.72453854099,True,False
9083,1990.0,884,6839081,0.25,0.07771774427754577,21305.343934874996,True,False
9084,1760.0,920,6840001,0.25,0.12239666748791933,21308.043120832997,True,False
9085,1530.0,874,6840875,0.25,0.09182513925597208,21310.63738716599,True,False
9086,1400.0,750,6841625,0.25,0.10360779438881164,21312.902946290997,True,False
9087,1420.0,798,6842423,0.25,0.08899748116619323,21315.26097116599,True,False
9088,1450.0,678,6843101,0.25,0.09945246371276238,21317.258253624997,True,False
9089,1140.0,630,6843731,0.25,0.09327866008896736,21319.14654570799,True,False
9090,880.0,624,6844355,0.25,0.11317800448682064,21321.015002957996,True,False
9091,990.0,779,6845134,0.25,0.08611353404628924,21323.330610999998,True,False
9092,1740.0,938,6846072,0.25,0.08677547473777482,21326.117908916,True,False
9093,3520.0,1155,6847227,0.25,0.11345365630566245,21329.545473874998,True,False
9094,2300.0,1251,6848478,0.25,0.09233489238058988,21333.229755458,True,False
9095,1310.0,764,6849242,0.25,0.09001668748392172,21335.50136499999,True,False
9096,2600.0,895,6850137,0.25,0.09833976137451828,21338.141535290997,True,False
9097,2740.0,855,6850992,0.25,0.09453206795276464,21341.635227415987,True,False
9098,630.0,640,6851632,0.25,0.09174468155251816,21343.973669582992,True,False
9099,1800.0,1083,6852715,0.25,0.0886259733526795,21347.172892207993,True,False
9100,1000.0,863,6853578,0.25,0.09713063426143317,21349.745826582992,True,False
9101,1760.0,1035,6854613,0.25,0.11275875134012414,21353.809369665993,True,False
9102,1160.0,771,6855384,0.25,0.08386224959952844,21356.111602708,True,False
9103,1430.0,786,6856170,0.25,0.08477812661428233,21358.461195790995,True,False
9104,1280.0,827,6856997,0.25,0.09442969562782758,21360.937501624998,True,False
9105,1250.0,906,6857903,0.25,0.09500105019691771,21363.745378875,True,False
9106,1480.0,860,6858763,0.25,0.10031392154998557,21366.288467249993,True,False
9107,1790.0,854,6859617,0.25,0.10860123303849424,21368.85217287499,True,False
9108,380.0,451,6860068,0.25,0.1186188413407159,21370.22919608299,True,False
9109,1230.0,795,6860863,0.25,0.09338799472710099,21372.581840125,True,False
9110,1560.0,924,6861787,0.25,0.10088481665367172,21375.300680874992,True,False
9111,1510.0,1131,6862918,0.25,0.09282252892799175,21378.650800582996,True,False
9112,1200.0,782,6863700,0.25,0.0987171789878333,21380.970895832987,True,False
9113,1980.0,963,6864663,0.25,0.1090307284068937,21383.810279290992,True,False
9114,910.0,636,6865299,0.25,0.11732522180339075,21385.704728957993,True,False
9115,1450.0,786,6866085,0.25,0.10293730598907483,21388.040307165997,True,False
9116,1510.0,872,6866957,0.25,0.10277021892471325,21390.626096707987,True,False
9117,830.0,804,6867761,0.25,0.0896239668612753,21393.01107924999,True,False
9118,750.0,513,6868274,0.25,0.08994149057252798,21394.555602333,True,False
9119,1920.0,1009,6869283,0.25,0.10720812587717933,21397.535591333,True,False
9120,2950.0,970,6870253,0.25,0.10503165996461003,21400.394861290988,True,False
9121,2200.0,984,6871237,0.25,0.10894003861803349,21403.285480124992,True,False
9122,1810.0,1232,6872469,0.25,0.11312500894214812,21406.901109165992,True,False
9123,1240.0,1129,6873598,0.25,0.09861202241443362,21410.19500841599,True,False
9124,1530.0,891,6874489,0.25,0.12180249632707893,21412.813118583,True,False
9125,1170.0,733,6875222,0.25,0.08113918242762323,21414.985254665997,True,False
9126,1660.0,1101,6876323,0.25,0.10194826686246829,21419.428919290993,True,False
9127,2750.0,922,6877245,0.25,0.10021047348970975,21422.11680704099,True,False
9128,1830.0,891,6878136,0.25,0.09660680643011368,21424.757419999994,True,False
9129,1110.0,784,6878920,0.25,0.1199656768359852,21427.137961957997,True,False
9130,3030.0,932,6879852,0.25,0.11819973750271766,21430.45503975,True,False
9131,1540.0,808,6880660,0.25,0.12389353369500967,21433.06544387499,True,False
9132,1510.0,893,6881553,0.25,0.10253173244006163,21435.710275957987,True,False
9133,2050.0,877,6882430,0.25,0.0843402306340873,21438.302885290992,True,False
9134,2240.0,933,6883363,0.25,0.0890327097943988,21441.074640708,True,False
9135,2790.0,833,6884196,0.25,0.12190196454150683,21443.547779665998,True,False
9136,860.0,675,6884871,0.25,0.10724568943537417,21445.537691999998,True,False
9137,2430.0,1137,6886008,0.25,0.09242912729581197,21448.988131374994,True,False
9138,1020.0,661,6886669,0.25,0.1163196016441692,21450.994931915993,True,False
9139,1970.0,1045,6887714,0.25,0.11233537447892158,21454.084075332998,True,False
9140,2320.0,722,6888436,0.25,0.10679321995426937,21456.238577665994,True,False
9141,1060.0,579,6889015,0.25,0.11581357749592927,21457.97293879099,True,False
9142,1580.0,1092,6890107,0.25,0.11234570761303325,21461.219732624988,True,False
9143,1230.0,900,6891007,0.25,0.09247323260539107,21463.86483066599,True,False
9144,1960.0,1055,6892062,0.25,0.11240665141888188,21467.240076957998,True,False
9145,1960.0,1211,6893273,0.25,0.09129535658869019,21471.27534858299,True,False
9146,2040.0,985,6894258,0.25,0.10848094803864151,21474.182856415995,True,False
9147,1470.0,1028,6895286,0.25,0.1119505900686701,21477.194951790996,True,False
9148,2360.0,1010,6896296,0.25,0.10078358436702739,21480.166767457995,True,False
9149,1620.0,900,6897196,0.25,0.09044644289546543,21482.808806457993,True,False
9150,1560.0,857,6898053,0.25,0.1089428635140028,21485.330836707988,True,False
9151,1610.0,979,6899032,0.25,0.10430194429140918,21489.282586582995,True,False
9152,1720.0,1276,6900308,0.25,0.10840779762177911,21493.141470624993,True,False
9153,2180.0,994,6901302,0.25,0.10713614032964312,21496.073910749998,True,False
9154,1460.0,963,6902265,0.25,0.09032197372361832,21498.928754374996,True,False
9155,2310.0,1045,6903310,0.25,0.09929159149470457,21502.107091540995,True,False
9156,690.0,636,6903946,0.25,0.10264181322271719,21504.014194332995,True,False
9157,1190.0,892,6904838,0.25,0.10530418026440615,21506.62466691599,True,False
9158,1600.0,1029,6905867,0.25,0.0977375760297599,21509.695108874992,True,False
9159,1180.0,693,6906560,0.25,0.1259031479418192,21511.752262874987,True,False
9160,1160.0,913,6907473,0.25,0.08715696920019884,21514.437383415992,True,False
9161,1180.0,654,6908127,0.25,0.1222097707878044,21516.368653957994,True,False
9162,850.0,547,6908674,0.25,0.09291355920969134,21518.031831665998,True,False
9163,1460.0,851,6909525,0.25,0.08419888259344538,21520.586139249994,True,False
9164,1460.0,747,6910272,0.25,0.08804715881472762,21522.80759099999,True,False
9165,1870.0,1058,6911330,0.25,0.10193648595701564,21525.927576332993,True,False
9166,1310.0,950,6912280,0.25,0.09040056420255359,21528.75907649999,True,False
9167,2660.0,975,6913255,0.25,0.09063359218124499,21531.625398707998,True,False
9168,1730.0,904,6914159,0.25,0.07708338960444769,21534.48432333299,True,False
9169,1630.0,812,6914971,0.25,0.11992865697173356,21537.249721874992,True,False
9170,2140.0,1022,6915993,0.25,0.12544460912249633,21540.488216540994,True,False
9171,1400.0,792,6916785,0.25,0.09783302946956922,21542.823802832994,True,False
9172,1380.0,775,6917560,0.25,0.10332694497996385,21545.119200540998,True,False
9173,1000.0,727,6918287,0.25,0.10457014086661418,21547.259470874997,True,False
9174,2090.0,858,6919145,0.25,0.10800054414674293,21549.820128374995,True,False
9175,1300.0,856,6920001,0.25,0.1093734949174398,21552.36065933299,True,False
9176,2860.0,1274,6921275,0.25,0.10295853472707218,21557.392271332996,True,False
9177,3290.0,872,6922147,0.25,0.09850388827280851,21559.961217665987,True,False
9178,1370.0,900,6923047,0.25,0.10623894352465868,21562.618075458,True,False
9179,1960.0,866,6923913,0.25,0.11303662229329348,21565.491665083,True,False
9180,420.0,620,6924533,0.25,0.0858660887205793,21567.491025540992,True,False
9181,1680.0,1334,6925867,0.25,0.09593143472979376,21572.164280665995,True,False
9182,1210.0,773,6926640,0.25,0.0950722737602659,21574.490080790987,True,False
9183,1850.0,1034,6927674,0.25,0.09305919990549948,21577.62395629099,True,False
9184,2080.0,915,6928589,0.25,0.0881983889063503,21580.38550412499,True,False
9185,1430.0,1040,6929629,0.25,0.09681524842834244,21583.538334957993,True,False
9186,1010.0,821,6930450,0.25,0.0958376016013506,21586.092213415992,True,False
9187,1460.0,873,6931323,0.25,0.07755068149588523,21588.76207112499,True,False
9188,1670.0,1082,6932405,0.25,0.0736278197161056,21592.033550290987,True,False
