episode,score,steps,total_steps,exploration,mean_loss,elapsed_seconds,terminated,truncated
1,130.0,385,385,1.0,nan,0.15940837499999816,True,False
2,500.0,718,1103,0.15,0.025121678804190688,0.7565700830000424,True,False
3,860.0,652,1755,0.15,0.030187124842806418,2.9398334999999634,True,False
4,350.0,372,2127,0.15,0.033279620576024016,4.107266624999966,True,False
5,840.0,877,3004,0.15,0.03475042635903016,6.7483343330000025,True,False
6,1060.0,686,3690,0.15,0.035339010061937175,8.814677625000058,True,False
7,550.0,694,4384,0.15,0.03147548087906017,10.844715749999978,True,False
8,440.0,613,4997,0.15,0.032088352433478864,12.712740124999982,True,False
9,330.0,459,5456,0.15,0.032303439213327415,14.120627125000055,True,False
10,400.0,518,5974,0.15,0.033215451625522315,15.93682375000003,True,False
11,310.0,375,6349,0.15,0.031742011539965,17.040313500000025,True,False
12,570.0,605,6954,0.15,0.03568496966822418,19.158605917000045,True,False
13,1010.0,704,7658,0.15,0.03736680574762762,21.32755608299999,True,False
14,690.0,946,8604,0.15,0.0363963395239243,24.10533504199998,True,False
15,400.0,440,9044,0.15,0.03564014333003963,25.402324333000024,True,False
16,1160.0,611,9655,0.15,0.03401893282486861,27.157443833000002,True,False
17,970.0,844,10499,0.15,0.03812106708186056,29.596629667000002,True,False
18,390.0,654,11153,0.15,0.03649756371003871,31.70035900000005,True,False
19,830.0,633,11786,0.15,0.03737662600270838,33.542417624999985,True,False
20,710.0,727,12513,0.15,0.039729100916851924,36.246158082999955,True,False
21,490.0,503,13016,0.15,0.04009338533542755,37.751329166999994,True,False
22,1400.0,673,13689,0.15,0.04224653900711842,40.20323074999999,True,False
23,250.0,303,13992,0.15,0.04402269358979538,41.676085167,True,False
24,1400.0,782,14774,0.15,0.04260253148416105,44.59281429199996,True,False
25,430.0,494,15268,0.15,0.044370566372714575,46.366593833000024,True,False
26,2080.0,973,16241,0.15,0.042492685886483195,50.54797579199999,True,False
27,700.0,630,16871,0.15,0.043921705528168355,52.60294254200005,True,False
28,960.0,748,17619,0.15,0.04815834976687908,55.26746187499998,True,False
29,290.0,406,18025,0.15,0.04438286316672377,56.93577575000006,True,False
30,900.0,945,18970,0.15,0.04619028962560598,60.02402625000002,True,False
31,440.0,384,19354,0.15,0.05277517729458244,61.435044791999985,True,False
32,350.0,451,19805,0.15,0.047990252745988886,62.95027516699997,True,False
33,580.0,530,20335,0.15,0.05195577622560615,64.71308241700001,True,False
34,580.0,529,20864,0.15,0.05030013610349786,66.50175091699998,True,False
35,370.0,464,21328,0.15,0.0500510523882534,68.350995958,True,False
36,1400.0,951,22279,0.15,0.054871898184762284,71.749918375,True,False
37,1050.0,688,22967,0.15,0.05043797755375678,74.30677854199996,True,False
38,420.0,442,23409,0.15,0.0573248301909582,75.88907237499996,True,False
39,380.0,392,23801,0.15,0.05661725002455012,77.26439325000001,True,False
40,910.0,665,24466,0.15,0.05417812783102763,79.50225083300006,True,False
41,220.0,282,24748,0.15,0.055844288876831114,80.50183604200004,True,False
42,650.0,736,25484,0.15,0.05987680450071702,83.08094937500005,True,False
43,970.0,656,26140,0.15,0.05478726322024425,85.328813792,True,False
44,550.0,606,26746,0.15,0.05664168382741955,87.51463408300003,True,False
45,1260.0,627,27373,0.15,0.06295940138779249,89.89791524999998,True,False
46,400.0,584,27957,0.15,0.0608249365364852,91.88674600000002,True,False
47,400.0,411,28368,0.15,0.06084375417095075,93.25434579199998,True,False
48,2370.0,771,29139,0.15,0.05833732567649955,95.73678125000004,True,False
49,240.0,324,29463,0.15,0.06861450939358753,96.73827104199995,True,False
50,1400.0,1095,30558,0.15,0.06683490006593022,100.21257345799995,True,False
51,730.0,473,31031,0.15,0.06349253991492472,103.18398937500001,True,False
52,430.0,482,31513,0.15,0.06412549747523567,105.63233924999997,True,False
53,480.0,442,31955,0.15,0.062096376742490314,107.135915458,True,False
54,750.0,689,32644,0.15,0.07298233642140566,109.76372904200002,True,False
55,880.0,676,33320,0.15,0.060892703105315305,112.06166004199997,True,False
56,410.0,516,33836,0.15,0.06642582354879425,113.91399358299998,True,False
57,620.0,629,34465,0.15,0.07264779510486657,116.30888062500003,True,False
58,2350.0,927,35392,0.15,0.06702415448420777,120.44055304200003,True,False
59,540.0,638,36030,0.15,0.0692653067017548,123.17146895799999,True,False
60,450.0,427,36457,0.15,0.0778251896116221,124.81068358300001,True,False
61,370.0,467,36924,0.15,0.06669420934019563,126.78098341700002,True,False
62,380.0,476,37400,0.15,0.0688933115061216,128.95917920800002,True,False
63,450.0,454,37854,0.15,0.06832186352725314,130.709367833,True,False
64,460.0,419,38273,0.15,0.07324478153937629,132.22851783299996,True,False
65,460.0,369,38642,0.15,0.07428755530196687,133.81711237499997,True,False
66,220.0,328,38970,0.15,0.0699968971539198,135.149702542,True,False
67,1100.0,552,39522,0.15,0.07947037326495933,137.65372120799998,True,False
68,310.0,344,39866,0.15,0.07630232315467195,139.24751816699995,True,False
69,1380.0,893,40759,0.15,0.07614762620841709,143.75431454199997,True,False
70,450.0,549,41308,0.15,0.07899872368822496,146.420129708,True,False
71,1050.0,757,42065,0.15,0.08541243678086964,149.94724354200002,True,False
72,1000.0,853,42918,0.15,0.07606843301475467,153.80835308300004,True,False
73,460.0,516,43434,0.15,0.07567824416093585,156.15081604199997,True,False
74,1330.0,853,44287,0.15,0.08238353772622319,159.93370504200004,True,False
75,340.0,372,44659,0.15,0.08449369870246418,161.52813183299997,True,False
76,320.0,331,44990,0.15,0.08653195933943772,164.04048550000005,True,False
77,580.0,627,45617,0.15,0.07690493212597575,167.363574417,True,False
78,840.0,605,46222,0.15,0.08012729450838257,169.97558070800005,True,False
79,1060.0,825,47047,0.15,0.07838654612163895,173.04319850000002,True,False
80,510.0,424,47471,0.15,0.10403076916019309,174.84898704199998,True,False
81,400.0,542,48013,0.15,0.08807382005376413,177.02976458299997,True,False
82,350.0,437,48450,0.15,0.08337413059086154,178.695295,True,False
83,340.0,404,48854,0.15,0.08716044097327359,180.04023162500005,True,False
84,330.0,359,49213,0.15,0.08372274688962433,181.45151120800006,True,False
85,780.0,638,49851,0.15,0.08340960854676159,183.71891616699997,True,False
86,330.0,457,50308,0.15,0.08685138944698417,185.287284375,True,False
87,840.0,706,51014,0.15,0.10209288011008705,187.67854887500005,True,False
88,640.0,549,51563,0.15,0.10590483628920395,189.58700983300002,True,False
89,1020.0,689,52252,0.15,0.10124926742790752,192.01550225000005,True,False
90,780.0,673,52925,0.15,0.08963874479689236,194.31993158299997,True,False
91,380.0,368,53293,0.15,0.08823681207697677,195.640746542,True,False
92,1190.0,945,54238,0.15,0.09887391194243426,198.70387837500004,True,False
93,600.0,442,54680,0.15,0.11048234350610155,200.087359667,True,False
94,390.0,535,55215,0.15,0.10566955464506957,201.78362333300004,True,False
95,460.0,628,55843,0.15,0.10405807459287962,203.80017850000002,True,False
96,1260.0,975,56818,0.15,0.10646508919594229,206.92797862500004,True,False
97,1610.0,969,57787,0.15,0.10039636496577628,209.98613754200005,True,False
98,650.0,534,58321,0.15,0.09530364776224788,211.68696991700006,True,False
99,550.0,617,58938,0.15,0.09612367904515236,213.63346670800001,True,False
100,630.0,481,59419,0.15,0.09441536720842122,215.15390875000003,True,False
101,1270.0,593,60012,0.15,0.09230524811568676,217.90848983299998,True,False
102,890.0,775,60787,0.15,0.10432192688045415,220.37560274999998,True,False
103,1550.0,630,61417,0.15,0.09026975726968126,222.45440870799996,True,False
104,760.0,638,62055,0.15,0.09966298942483447,224.59545233300003,True,False
105,1440.0,910,62965,0.15,0.097513009054717,227.81027762500003,True,False
106,870.0,637,63602,0.15,0.10784949566114624,229.884060083,True,False
107,1130.0,825,64427,0.15,0.10545603007313262,233.39222745799998,True,False
108,1110.0,872,65299,0.15,0.10967086665674088,236.84218483300003,True,False
109,360.0,389,65688,0.15,0.10724058036445355,238.05218349999996,True,False
110,1590.0,1164,66852,0.15,0.09842533777592723,241.969956958,True,False
111,410.0,435,67287,0.15,0.0999142986084162,243.54673708300004,True,False
112,280.0,350,67637,0.15,0.1037815526466478,244.72188108299997,True,False
113,1150.0,747,68384,0.15,0.11270056257552323,247.19983337500003,True,False
114,470.0,585,68969,0.15,0.1016305653977986,249.09069720800005,True,False
115,820.0,670,69639,0.15,0.10190200473287862,251.21170595799992,True,False
116,500.0,537,70176,0.15,0.10231493737686563,252.97615295799994,True,False
117,1280.0,759,70935,0.15,0.10220243234345049,255.419340583,True,False
118,770.0,621,71556,0.15,0.11117095995742159,257.5450434999999,True,False
119,290.0,375,71931,0.15,0.10930711309355433,258.9845274580001,True,False
120,330.0,424,72355,0.15,0.11286958048717594,260.347270333,True,False
121,530.0,560,72915,0.15,0.09999521423929504,262.13066541699993,True,False
122,510.0,513,73428,0.15,0.11485081867047751,263.81809654200003,True,False
123,270.0,322,73750,0.15,0.1069285896141082,264.88342049999994,True,False
124,780.0,670,74420,0.15,0.11357658432929643,267.020674792,True,False
125,420.0,475,74895,0.15,0.11582584960102024,268.71822166699997,True,False
126,690.0,619,75514,0.15,0.11194668211523563,271.67862041699993,True,False
127,620.0,547,76061,0.15,0.11877522083257672,273.47717920799994,True,False
128,470.0,425,76486,0.15,0.10865516642565434,274.9056011670001,True,False
129,390.0,420,76906,0.15,0.10484454292981397,276.22804766699994,True,False
130,310.0,431,77337,0.15,0.11266587948840526,277.665343708,True,False
131,550.0,534,77871,0.15,0.14069988575756998,279.386087083,True,False
132,760.0,706,78577,0.15,0.12484457192279524,281.6880836250001,True,False
133,1300.0,734,79311,0.15,0.11916476247903428,284.01766529200006,True,False
134,1210.0,597,79908,0.15,0.11898798906554778,286.0216025000001,True,False
135,1110.0,731,80639,0.15,0.1252178783211243,288.53393404199994,True,False
136,780.0,644,81283,0.15,0.10825880790441673,290.647056958,True,False
137,480.0,440,81723,0.15,0.11393438656391068,292.06595370799994,True,False
138,500.0,500,82223,0.15,0.12026616598665714,293.7428415830001,True,False
139,510.0,508,82731,0.15,0.1099050420622422,296.09585108299996,True,False
140,700.0,542,83273,0.15,0.11673443071434603,297.842679042,True,False
141,710.0,685,83958,0.15,0.10563062417337246,300.16906000000006,True,False
142,1090.0,778,84736,0.15,0.14352355785667897,302.77186295800004,True,False
143,520.0,468,85204,0.15,0.11136721553774472,304.31452745800004,True,False
144,220.0,373,85577,0.15,0.09886564947264169,305.550893708,True,False
145,350.0,360,85937,0.15,0.11208826878832447,306.84716975000003,True,False
146,1460.0,645,86582,0.15,0.12149699841573927,309.072259958,True,False
147,470.0,489,87071,0.15,0.11919813265749177,310.742443667,True,False
148,790.0,605,87676,0.15,0.1080956342507546,312.77168570800006,True,False
149,650.0,565,88241,0.15,0.1255335280050834,314.624226542,True,False
150,470.0,515,88756,0.15,0.11404740142585464,316.254257208,True,False
151,1150.0,698,89454,0.15,0.13701076679274268,319.32317958300007,True,False
152,330.0,337,89791,0.15,0.13529004529118538,320.42570987500005,True,False
153,1760.0,1069,90860,0.15,0.11979894417880187,323.921694042,True,False
154,650.0,524,91384,0.15,0.1062905103224152,325.616078333,True,False
155,740.0,762,92146,0.15,0.12338197625389224,328.04524716699996,True,False
156,1420.0,902,93048,0.15,0.11153354315268518,330.9672375419999,True,False
157,310.0,353,93401,0.15,0.1315374382644553,332.1212025420001,True,False
158,780.0,618,94019,0.15,0.12113575028957098,334.17086979199996,True,False
159,1410.0,753,94772,0.15,0.12566052543777953,336.6707130000001,True,False
160,760.0,545,95317,0.15,0.11129493725157398,338.38487158300006,True,False
161,910.0,605,95922,0.15,0.12867458247339095,340.31340020799996,True,False
162,540.0,423,96345,0.15,0.12657081848889026,341.713842583,True,False
163,1600.0,961,97306,0.15,0.11520544292870909,344.91562458300007,True,False
164,430.0,403,97709,0.15,0.11590663343667984,346.2637801249999,True,False
165,370.0,430,98139,0.15,0.11201734367375062,347.69221141700007,True,False
166,660.0,554,98693,0.15,0.12363375598738949,349.65783020800006,True,False
167,660.0,612,99305,0.15,0.1304634626394783,351.7589313330001,True,False
168,610.0,583,99888,0.15,0.12483032512134068,353.709838333,True,False
169,1540.0,771,100659,0.15,0.13280564006223963,356.913301167,True,False
170,590.0,449,101108,0.15,0.1168175538820503,358.317647792,True,False
171,380.0,467,101575,0.15,0.12400499572335132,359.87948608299996,True,False
172,1450.0,831,102406,0.15,0.1262302620587154,362.7546516670001,True,False
173,620.0,519,102925,0.15,0.10654559328865547,364.43359599999997,True,False
174,560.0,617,103542,0.15,0.12383504020800064,366.69085175,True,False
175,850.0,801,104343,0.15,0.1273504145350307,369.31279066700006,True,False
176,890.0,734,105077,0.15,0.11789420533560864,372.4584457919999,True,False
177,720.0,693,105770,0.15,0.1040596272365723,375.15042304199994,True,False
178,910.0,752,106522,0.15,0.12932824093769205,377.5595608330001,True,False
179,530.0,589,107111,0.15,0.14380769315017325,379.5320881670001,True,False
180,470.0,486,107597,0.15,0.12257136853381259,381.18629,True,False
181,350.0,396,107993,0.15,0.13003224760971285,382.4886284170001,True,False
182,780.0,564,108557,0.15,0.11162267548712433,384.309940792,True,False
183,480.0,545,109102,0.15,0.12740369242451646,386.08572004199993,True,False
184,370.0,462,109564,0.15,0.12484733114854016,387.57832870799996,True,False
185,590.0,574,110138,0.15,0.13136145034870067,389.3905558749999,True,False
186,870.0,640,110778,0.15,0.12520002535311506,391.467278792,True,False
187,380.0,507,111285,0.15,0.11301546122908122,393.135781458,True,False
188,1150.0,716,112001,0.15,0.1191514279048203,395.4418905419999,True,False
189,530.0,503,112504,0.15,0.12277933585620115,397.10094175000006,True,False
190,940.0,663,113167,0.15,0.11506887056836576,399.26847429199995,True,False
191,450.0,430,113597,0.15,0.11533131600461072,400.7174181250001,True,False
192,310.0,369,113966,0.15,0.12704525371689512,401.88430104199995,True,False
193,550.0,468,114434,0.15,0.12916538214836365,403.43075925000005,True,False
194,770.0,620,115054,0.15,0.1178127288217506,405.4620175829999,True,False
195,1140.0,755,115809,0.15,0.106194817130922,407.9557350829999,True,False
196,510.0,515,116324,0.15,0.12190951264008533,409.6852809170001,True,False
197,490.0,454,116778,0.15,0.11198855709053773,411.2465396250001,True,False
198,770.0,662,117440,0.15,0.11614192239042506,413.4749593749999,True,False
199,1280.0,547,117987,0.15,0.11730608957655289,415.54512045800004,True,False
200,320.0,390,118377,0.15,0.11100211961917122,417.0392007500001,True,False
201,1070.0,943,119320,0.15,0.10713860416248189,421.21498495799995,True,False
202,2200.0,1046,120366,0.15,0.1170100386886076,424.750575958,True,False
203,400.0,370,120736,0.15,0.13486618877098125,426.099158417,True,False
204,790.0,547,121283,0.15,0.12547739747199504,428.5132432920001,True,False
205,600.0,546,121829,0.15,0.125775990368676,430.272748708,True,False
206,820.0,686,122515,0.15,0.12881605502501217,432.81239633300004,True,False
207,510.0,464,122979,0.15,0.11187708117710106,434.31743570800006,True,False
208,500.0,449,123428,0.15,0.13028887161507016,435.95247437499995,True,False
209,490.0,491,123919,0.15,0.13131406530737877,437.643870667,True,False
210,1920.0,883,124802,0.15,0.11073703210109768,440.608678083,True,False
211,550.0,488,125290,0.15,0.1104166943839461,442.2555086670001,True,False
212,240.0,343,125633,0.15,0.11474724551446217,443.4770333329999,True,False
213,550.0,600,126233,0.15,0.14137025905152162,445.49305070799994,True,False
214,1180.0,720,126953,0.15,0.13366872495454218,447.8995114999999,True,False
215,790.0,709,127662,0.15,0.12276969070277982,450.23195858299994,True,False
216,980.0,826,128488,0.15,0.11999547570619894,452.9185745420001,True,False
217,430.0,475,128963,0.15,0.12944395158250452,454.4367215420001,True,False
218,730.0,518,129481,0.15,0.1269427129282401,456.172517417,True,False
219,550.0,536,130017,0.15,0.12879407722780953,457.9304895419999,True,False
220,530.0,589,130606,0.15,0.12738065548291821,459.8008068749999,True,False
221,570.0,702,131308,0.15,0.10658875105648556,462.063653458,True,False
222,530.0,479,131787,0.15,0.09893182555542272,463.645211917,True,False
223,470.0,610,132397,0.15,0.11856886330578062,465.68884208299994,True,False
224,540.0,566,132963,0.15,0.11629277797983893,467.5477952499999,True,False
225,760.0,696,133659,0.15,0.11525680704962933,469.86235754200004,True,False
226,430.0,435,134094,0.15,0.13552606972190764,471.99914316699994,True,False
227,400.0,468,134562,0.15,0.11398240309367833,473.56410674999995,True,False
228,630.0,619,135181,0.15,0.11350600780738938,475.68870137500005,True,False
229,310.0,494,135675,0.15,0.10096470931378322,477.333939792,True,False
230,1050.0,674,136349,0.15,0.1248672847917094,479.50942124999995,True,False
231,1740.0,933,137282,0.15,0.11592202165160057,482.5530459580001,True,False
232,1100.0,701,137983,0.15,0.11197083911725453,484.8540448330001,True,False
233,510.0,503,138486,0.15,0.13847998470541031,486.58697229200004,True,False
234,490.0,470,138956,0.15,0.12479154726143106,488.164223375,True,False
235,980.0,877,139833,0.15,0.13312244578583599,491.0365289580001,True,False
236,420.0,453,140286,0.15,0.11120297144933612,492.49898558300004,True,False
237,1020.0,995,141281,0.15,0.11755308553007951,495.8662970419999,True,False
238,550.0,523,141804,0.15,0.13923918963445506,497.5671861249999,True,False
239,690.0,533,142337,0.15,0.12423517174066458,499.3474540830001,True,False
240,600.0,515,142852,0.15,0.1404109257742647,501.076287,True,False
241,410.0,452,143304,0.15,0.10672323339808304,502.60473441700003,True,False
242,960.0,830,144134,0.15,0.129694952957944,505.27016850000007,True,False
243,690.0,598,144732,0.15,0.12321161831418673,507.259642417,True,False
244,400.0,478,145210,0.15,0.11133763954794708,508.8318901250001,True,False
245,770.0,589,145799,0.15,0.1212461028552177,510.797110333,True,False
246,880.0,755,146554,0.15,0.11334793312011887,513.239791375,True,False
247,370.0,359,146913,0.15,0.13568146497839026,514.39461275,True,False
248,430.0,512,147425,0.15,0.11697669881687034,516.065886,True,False
249,1240.0,574,147999,0.15,0.1161682477833091,517.9501650830001,True,False
250,720.0,519,148518,0.15,0.11660379690046493,519.627152292,True,False
251,1010.0,648,149166,0.15,0.13488105865034425,522.4774423330001,True,False
252,1010.0,844,150010,0.15,0.11192362601935016,525.262551375,True,False
253,340.0,415,150425,0.15,0.13136415066233334,526.600203458,True,False
254,520.0,534,150959,0.15,0.11713974614788715,528.250578583,True,False
255,710.0,578,151537,0.15,0.13093167091238087,530.1553414169999,True,False
256,1830.0,845,152382,0.15,0.12894677745081237,533.069566542,True,False
257,560.0,491,152873,0.15,0.13406456314875342,534.7487055830001,True,False
258,1050.0,689,153562,0.15,0.11374454816456797,537.007668542,True,False
259,1070.0,584,154146,0.15,0.1255725162512023,539.0604487920001,True,False
260,630.0,529,154675,0.15,0.1200952325862917,540.7909230829999,True,False
261,330.0,444,155119,0.15,0.1033576637137312,542.22070675,True,False
262,700.0,715,155834,0.15,0.12870750257839036,544.747202958,True,False
263,890.0,676,156510,0.15,0.1327870110347426,547.01595725,True,False
264,330.0,376,156886,0.15,0.13641333977315337,548.2531709579999,True,False
265,880.0,621,157507,0.15,0.12446555050630723,550.5139069580001,True,False
266,310.0,340,157847,0.15,0.11897866015925126,551.624765125,True,False
267,790.0,688,158535,0.15,0.1343941627893337,553.9773645419999,True,False
268,180.0,322,158857,0.15,0.14503938902491403,555.0965407919999,True,False
269,590.0,535,159392,0.15,0.1294356607762513,556.87971125,True,False
270,230.0,388,159780,0.15,0.1427618510176226,558.1103998330001,True,False
271,540.0,429,160209,0.15,0.13045513830104163,559.6537869580001,True,False
272,530.0,496,160705,0.15,0.1129368910596015,561.2747271669999,True,False
273,830.0,791,161496,0.15,0.11524069394841037,563.8826055420001,True,False
274,1240.0,842,162338,0.15,0.11560103344243197,566.72095075,True,False
275,360.0,461,162799,0.15,0.1323799936991671,568.2082697080001,True,False
276,290.0,392,163191,0.15,0.11921293794044427,570.1243667499999,True,False
277,580.0,542,163733,0.15,0.10052537596236695,571.842263208,True,False
278,940.0,684,164417,0.15,0.13000790951283356,574.0750232920001,True,False
279,960.0,739,165156,0.15,0.12053019637997087,576.429932958,True,False
280,360.0,373,165529,0.15,0.1523012153163392,577.6711425,True,False
281,580.0,514,166043,0.15,0.1378632984124124,579.372603375,True,False
282,310.0,395,166438,0.15,0.13908249533010852,580.629107417,True,False
283,400.0,450,166888,0.15,0.12862396344080962,582.0775130830001,True,False
284,1040.0,877,167765,0.15,0.1420677547347328,584.992704458,True,False
285,540.0,457,168222,0.15,0.13327083909851417,586.448615417,True,False
286,570.0,580,168802,0.15,0.15316140886781546,588.3896617500001,True,False
287,290.0,358,169160,0.15,0.11640320664478673,589.642783292,True,False
288,1140.0,864,170024,0.15,0.13646613401188343,592.4577882499999,True,False
289,230.0,338,170362,0.15,0.15453213173896074,593.5374855829999,True,False
290,850.0,755,171117,0.15,0.13652606300576023,595.974409,True,False
291,1270.0,775,171892,0.15,0.1436272072365757,598.5123931669999,True,False
292,530.0,551,172443,0.15,0.14712712115669338,600.308785667,True,False
293,760.0,751,173194,0.15,0.1327697014277603,602.7942267080001,True,False
294,640.0,699,173893,0.15,0.14751243072961057,605.0823213750001,True,False
295,1470.0,826,174719,0.15,0.13334807068181848,607.997156,True,False
296,1100.0,616,175335,0.15,0.11663287777647183,610.005680417,True,False
297,330.0,445,175780,0.15,0.14027362840715796,611.491379958,True,False
298,550.0,532,176312,0.15,0.13899150325503565,613.586534333,True,False
299,530.0,527,176839,0.15,0.14863623469669857,615.347277875,True,False
300,1150.0,733,177572,0.15,0.127663990067642,617.750962292,True,False
301,290.0,401,177973,0.15,0.15358551818877458,620.111006875,True,False
302,1190.0,730,178703,0.15,0.1276479944852846,622.569020042,True,False
303,370.0,410,179113,0.15,0.14916172477154477,623.974811167,True,False
304,1110.0,606,179719,0.15,0.13288006678667685,625.9297546670001,True,False
305,1290.0,662,180381,0.15,0.13218804613788085,628.136095917,True,False
306,380.0,439,180820,0.15,0.128789911266755,629.6003408329999,True,False
307,440.0,436,181256,0.15,0.1285716554132897,631.0136652499999,True,False
308,420.0,452,181708,0.15,0.1499321389679624,632.4765267920001,True,False
309,1000.0,705,182413,0.15,0.13512439064850862,634.803442458,True,False
310,570.0,566,182979,0.15,0.12908632136511464,636.6593711669999,True,False
311,2410.0,993,183972,0.15,0.1446635986614718,639.8461813749999,True,False
312,890.0,617,184589,0.15,0.14914822903788322,641.833811542,True,False
313,630.0,631,185220,0.15,0.1425204807538775,643.8520159579999,True,False
314,580.0,656,185876,0.15,0.13971419250819742,645.9754470419999,True,False
315,520.0,542,186418,0.15,0.14438602812588214,647.7652092080001,True,False
316,800.0,590,187008,0.15,0.13048791491451697,649.697706042,True,False
317,1310.0,1128,188136,0.15,0.14254827111140422,653.348583583,True,False
318,1000.0,896,189032,0.15,0.1395771585271827,656.2559864579999,True,False
319,2120.0,953,189985,0.15,0.13692489192046287,659.338596875,True,False
320,610.0,528,190513,0.15,0.12322855785940633,661.0882641249999,True,False
321,1240.0,811,191324,0.15,0.14350293914379159,663.729378417,True,False
322,550.0,541,191865,0.15,0.15478758863000958,665.4945463329999,True,False
323,660.0,579,192444,0.15,0.11049946028867673,667.4323292079999,True,False
324,660.0,539,192983,0.15,0.14306165836056445,669.2018542920001,True,False
325,490.0,420,193403,0.15,0.10150681226736023,670.5935806250001,True,False
326,880.0,881,194284,0.15,0.132425189001393,675.110124292,True,False
327,1600.0,1067,195351,0.15,0.13734127120359949,678.6747462500001,True,False
328,630.0,535,195886,0.15,0.13792077347691825,680.4841600830001,True,False
329,460.0,469,196355,0.15,0.13363838135304615,682.042853,True,False
330,1350.0,894,197249,0.15,0.12422990991451245,685.0819837079999,True,False
331,390.0,440,197689,0.15,0.14414460143413055,686.9052909170001,True,False
332,720.0,681,198370,0.15,0.12142616628723986,689.167408958,True,False
333,440.0,388,198758,0.15,0.13476091511931615,690.3954795830001,True,False
334,880.0,910,199668,0.15,0.12449009687917535,693.4988568330001,True,False
335,910.0,841,200509,0.15,0.12840619093428055,696.225118083,True,False
336,610.0,642,201151,0.15,0.1315849857928697,698.3542256669999,True,False
337,350.0,356,201507,0.15,0.15646635090116034,699.5697504169999,True,False
338,1180.0,823,202330,0.15,0.13554020267594785,702.275764958,True,False
339,790.0,710,203040,0.15,0.10945060812564714,704.723185,True,False
340,870.0,703,203743,0.15,0.15861231990158559,706.994482083,True,False
341,1260.0,725,204468,0.15,0.12757859058719087,709.3593668750001,True,False
342,360.0,464,204932,0.15,0.11650539502694175,710.903434958,True,False
343,1170.0,705,205637,0.15,0.15176573021083392,713.2217656670001,True,False
344,750.0,693,206330,0.15,0.14163547891025255,715.475726583,True,False
345,1220.0,1122,207452,0.15,0.12163446900630337,719.1299902920001,True,False
346,930.0,726,208178,0.15,0.12242722242700131,721.4755415830001,True,False
347,280.0,364,208542,0.15,0.10066822824160476,722.7340109999999,True,False
348,820.0,750,209292,0.15,0.1459350563050743,725.1769244169999,True,False
349,580.0,559,209851,0.15,0.12516951542213667,727.130783917,True,False
350,340.0,437,210288,0.15,0.14972864514724774,728.6221644579999,True,False
351,1030.0,713,211001,0.15,0.11891532722818718,731.606681417,True,False
352,1290.0,735,211736,0.15,0.13616496054253177,734.2909371249999,True,False
353,560.0,609,212345,0.15,0.13361012090095564,736.340833375,True,False
354,770.0,614,212959,0.15,0.13903382911158155,738.360293583,True,False
355,480.0,454,213413,0.15,0.12935857030383327,739.937397667,True,False
356,1730.0,886,214299,0.15,0.12650326116018976,742.81052025,True,False
357,510.0,517,214816,0.15,0.12054322129831864,744.50663675,True,False
358,700.0,622,215438,0.15,0.11352698694794408,746.64592375,True,False
359,360.0,443,215881,0.15,0.1373304864979005,748.120370875,True,False
360,550.0,464,216345,0.15,0.11739955195386348,749.6320886249999,True,False
361,1080.0,782,217127,0.15,0.11957594170593298,752.2575901250001,True,False
362,1260.0,844,217971,0.15,0.11625393891433404,755.1331309579999,True,False
363,930.0,910,218881,0.15,0.10735798976792578,758.076381042,True,False
364,1640.0,999,219880,0.15,0.12721204441785813,761.406806333,True,False
365,870.0,1115,220995,0.15,0.10775578921834986,765.0872809169999,True,False
366,1180.0,878,221873,0.15,0.1295453392561864,767.9451560829999,True,False
367,510.0,415,222288,0.15,0.11254651174665643,769.3610325420001,True,False
368,520.0,479,222767,0.15,0.10390594027185139,770.9570942500001,True,False
369,300.0,424,223191,0.15,0.1124390642562846,772.3056587079999,True,False
370,510.0,490,223681,0.15,0.12870788786227141,773.9487310830001,True,False
371,1490.0,866,224547,0.15,0.11063941518120744,776.80678075,True,False
372,840.0,682,225229,0.15,0.11761963007459689,779.034096708,True,False
373,600.0,608,225837,0.15,0.11240645357113528,781.1165003750001,True,False
374,660.0,681,226518,0.15,0.11632298577357741,783.330977792,True,False
375,1550.0,912,227430,0.15,0.12841845449190914,786.320736583,True,False
376,460.0,467,227897,0.15,0.1096456779851618,788.7446625829999,True,False
377,540.0,649,228546,0.15,0.11264958706350973,790.9499058749999,True,False
378,1010.0,810,229356,0.15,0.10492633850648632,793.69676975,True,False
379,620.0,498,229854,0.15,0.11483270762067649,795.5019524999999,True,False
380,430.0,509,230363,0.15,0.12536358039855489,797.198808875,True,False
381,1440.0,848,231211,0.15,0.12341803916782704,800.137966167,True,False
382,460.0,410,231621,0.15,0.09853572374915034,801.513879708,True,False
383,680.0,664,232285,0.15,0.11503898583532098,803.6870990420001,True,False
384,400.0,535,232820,0.15,0.12508448695680544,805.6493389999999,True,False
385,790.0,687,233507,0.15,0.12810895890433188,808.143776,True,False
386,360.0,436,233943,0.15,0.11802520073198397,809.5689193750001,True,False
387,1600.0,1212,235155,0.15,0.12355911898312985,813.7593907500001,True,False
388,1730.0,973,236128,0.15,0.12433397678322479,817.3237902500001,True,False
389,570.0,431,236559,0.15,0.11715269826840018,818.8460236669999,True,False
390,910.0,851,237410,0.15,0.11074174484981338,821.7278780830001,True,False
391,380.0,437,237847,0.15,0.10192801280442727,824.082831375,True,False
392,360.0,443,238290,0.15,0.10977725573890917,825.6907306249999,True,False
393,430.0,434,238724,0.15,0.12671827952112627,827.1408304170001,True,False
394,380.0,468,239192,0.15,0.1133969844931848,828.839238292,True,False
395,350.0,424,239616,0.15,0.11968457375494938,830.2743289169999,True,False
396,500.0,438,240054,0.15,0.13868824266102336,831.7086667079999,True,False
397,1000.0,797,240851,0.15,0.1261113552404708,834.4491931250001,True,False
398,980.0,596,241447,0.15,0.11377359310402566,836.561240417,True,False
399,1830.0,735,242182,0.15,0.11014716721990186,839.002140042,True,False
400,810.0,640,242822,0.15,0.12580241264076902,841.1605000000001,True,False
401,570.0,490,243312,0.15,0.1199489139717042,843.935307958,True,False
402,1200.0,558,243870,0.15,0.1331299116580392,845.831399458,True,False
403,480.0,447,244317,0.15,0.11675709959984358,847.428051833,True,False
404,430.0,516,244833,0.15,0.11432766842172128,849.1118076670001,True,False
405,620.0,534,245367,0.15,0.11016091081152733,850.9492837920001,True,False
406,1440.0,986,246353,0.15,0.12965048558120182,854.2302442920001,True,False
407,1070.0,609,246962,0.15,0.10835437957001359,856.267696,True,False
408,310.0,372,247334,0.15,0.11018130970337699,857.469330125,True,False
409,470.0,488,247822,0.15,0.12595385287079167,859.065800083,True,False
410,800.0,655,248477,0.15,0.11625947220614408,861.208952542,True,False
411,560.0,482,248959,0.15,0.15538204664674898,862.7942811669999,True,False
412,590.0,559,249518,0.15,0.1301482102700642,864.6575830830001,True,False
413,560.0,622,250140,0.15,0.11300038943926875,866.7744168329999,True,False
414,740.0,696,250836,0.15,0.12855534226601495,869.0270965830001,True,False
415,1030.0,937,251773,0.15,0.13299802337319422,872.0533999580001,True,False
416,310.0,407,252180,0.15,0.1239434057737098,873.433573292,True,False
417,360.0,406,252586,0.15,0.1294392368912992,874.7941065000001,True,False
418,490.0,490,253076,0.15,0.1192897215061556,876.357589958,True,False
419,1170.0,875,253951,0.15,0.1210552087873904,879.456688375,True,False
420,840.0,632,254583,0.15,0.11362554399367375,881.554050333,True,False
421,610.0,717,255300,0.15,0.11704668594110343,884.7033990829999,True,False
422,1210.0,640,255940,0.15,0.13828259906731546,887.0115084170001,True,False
423,570.0,584,256524,0.15,0.10112634210604919,888.919265208,True,False
424,510.0,599,257123,0.15,0.12506471364290123,891.086360833,True,False
425,940.0,873,257996,0.15,0.1228533035152715,893.9411792919999,True,False
426,1470.0,671,258667,0.15,0.11475235359843619,896.913036458,True,False
427,620.0,468,259135,0.15,0.11872979204178366,898.433185167,True,False
428,1020.0,794,259929,0.15,0.11630885057787799,901.088449042,True,False
429,650.0,581,260510,0.15,0.1088297165416438,903.002539917,True,False
430,890.0,772,261282,0.15,0.130007813843884,905.5760961249999,True,False
431,1350.0,649,261931,0.15,0.10310167871001694,908.033458792,True,False
432,340.0,432,262363,0.15,0.13333087036800054,909.77930175,True,False
433,1010.0,684,263047,0.15,0.11636467868385957,912.007255917,True,False
434,570.0,638,263685,0.15,0.12671345043927432,914.1591871669999,True,False
435,1060.0,778,264463,0.15,0.1115316419871812,916.912088875,True,False
436,850.0,540,265003,0.15,0.14407796258175815,918.680175292,True,False
437,520.0,553,265556,0.15,0.11365469629548007,920.6184776670001,True,False
438,2410.0,1032,266588,0.15,0.1360126980327705,924.021580583,True,False
439,370.0,395,266983,0.15,0.10824508050798762,925.354533542,True,False
440,570.0,449,267432,0.15,0.11754352358722053,926.9002348749999,True,False
441,930.0,630,268062,0.15,0.12207558239768644,929.022110625,True,False
442,450.0,499,268561,0.15,0.09685521671175956,930.660151167,True,False
443,640.0,509,269070,0.15,0.12400319286453443,932.329218875,True,False
444,420.0,458,269528,0.15,0.13048097821681395,933.8875120419999,True,False
445,470.0,487,270015,0.15,0.09053270270940193,935.5089294999999,True,False
446,760.0,628,270643,0.15,0.12000182822678879,937.572869,True,False
447,400.0,371,271014,0.15,0.12215581650455151,938.8574366250001,True,False
448,670.0,534,271548,0.15,0.12331909135873638,940.7439190000001,True,False
449,990.0,724,272272,0.15,0.11807239212054574,943.1953247499999,True,False
450,1310.0,1104,273376,0.15,0.10781274835808553,947.9809193750001,True,False
451,610.0,550,273926,0.15,0.1389287854986687,950.6498592500001,True,False
452,400.0,416,274342,0.15,0.13656993133302492,952.171571792,True,False
453,470.0,498,274840,0.15,0.11461120921373368,953.9081835420001,True,False
454,2060.0,963,275803,0.15,0.12450133677727232,957.306552333,True,False
455,540.0,476,276279,0.15,0.12353433987924031,958.8986739579999,True,False
456,700.0,766,277045,0.15,0.13266530655770717,961.4393677080001,True,False
457,740.0,670,277715,0.15,0.13864163677403313,963.748159292,True,False
458,600.0,507,278222,0.15,0.1252222967840086,965.564249292,True,False
459,620.0,516,278738,0.15,0.1240951189294804,967.3880693330001,True,False
460,650.0,795,279533,0.15,0.1347198894331653,970.0130592080001,True,False
461,1240.0,762,280295,0.15,0.12217580150616797,972.6781763749999,True,False
462,740.0,576,280871,0.15,0.12105636139555524,974.948043,True,False
463,530.0,604,281475,0.15,0.1371279301997644,977.016928833,True,False
464,860.0,930,282405,0.15,0.13142813947611356,980.124375167,True,False
465,850.0,753,283158,0.15,0.1195224252569073,982.6041235419999,True,False
466,630.0,591,283749,0.15,0.14116661074395115,984.54268825,True,False
467,940.0,839,284588,0.15,0.1366731641459323,987.321093292,True,False
468,900.0,941,285529,0.15,0.13932453730004898,990.3983267499999,True,False
469,480.0,400,285929,0.15,0.11949983967468142,991.7208603749999,True,False
470,1460.0,808,286737,0.15,0.13099497007113872,994.312833542,True,False
471,600.0,532,287269,0.15,0.13939698443825083,996.054142625,True,False
472,430.0,436,287705,0.15,0.10262882495897079,997.49588775,True,False
473,1210.0,915,288620,0.15,0.12438079947402383,1000.558930708,True,False
474,1080.0,676,289296,0.15,0.12060896928846483,1002.844840333,True,False
475,480.0,461,289757,0.15,0.15006323686760406,1004.2671301670001,True,False
476,920.0,806,290563,0.15,0.14354877384259038,1008.180770667,True,False
477,360.0,424,290987,0.15,0.12005979875278361,1009.5878898750001,True,False
478,470.0,492,291479,0.15,0.12584318246359263,1011.1984430829999,True,False
479,500.0,543,292022,0.15,0.1342797359889921,1013.17341075,True,False
480,730.0,695,292717,0.15,0.14033423639277273,1015.54724325,True,False
481,530.0,464,293181,0.15,0.15347275233442156,1017.11917525,True,False
482,1050.0,994,294175,0.15,0.12134540736705306,1020.389072333,True,False
483,340.0,385,294560,0.15,0.11311508561532523,1021.692408583,True,False
484,840.0,792,295352,0.15,0.13554127216150966,1024.380332875,True,False
485,430.0,461,295813,0.15,0.11302011210633361,1025.9650753330002,True,False
486,1530.0,875,296688,0.15,0.1256877413215158,1028.949011875,True,False
487,740.0,737,297425,0.15,0.14430069115579777,1031.4112043750001,True,False
488,580.0,565,297990,0.15,0.11945082411064324,1033.283144167,True,False
489,410.0,443,298433,0.15,0.13522630960151955,1034.8151698329998,True,False
490,2080.0,1044,299477,0.15,0.1295674186970653,1038.231531375,True,False
491,670.0,775,300252,0.15,0.12258620735872344,1040.7719309580002,True,False
492,2380.0,807,301059,0.15,0.1208188755076323,1043.3835560000002,True,False
493,1860.0,865,301924,0.15,0.12128115188725258,1046.209086208,True,False
494,510.0,432,302356,0.15,0.1190814104759031,1047.652037375,True,False
495,1220.0,825,303181,0.15,0.12701874931605117,1050.3288536670002,True,False
496,680.0,510,303691,0.15,0.12693447291147053,1052.0029315000002,True,False
497,680.0,645,304336,0.15,0.1284232882115944,1054.092886292,True,False
498,1040.0,692,305028,0.15,0.12602424182299243,1056.331586625,True,False
499,1630.0,934,305962,0.15,0.11951672488847516,1059.364717167,True,False
500,520.0,442,306404,0.15,0.11175872650635135,1060.7999409170002,True,False
501,530.0,488,306892,0.15,0.12464148664205778,1063.0971237079998,True,False
502,2650.0,1089,307981,0.15,0.12645538084154181,1066.8754641250002,True,False
503,1460.0,559,308540,0.15,0.11440868130219835,1068.690591167,True,False
504,560.0,651,309191,0.15,0.11903777380508405,1070.8312323750001,True,False
505,2200.0,793,309984,0.15,0.1169569393311014,1073.397525208,True,False
506,750.0,701,310685,0.15,0.1157230195509536,1075.7000777920002,True,False
507,530.0,503,311188,0.15,0.12194276552292563,1078.1623180830002,True,False
508,610.0,554,311742,0.15,0.11374709958993438,1080.3078181669998,True,False
509,550.0,459,312201,0.15,0.11731501252430937,1081.7956666250002,True,False
510,370.0,517,312718,0.15,0.1391286004421323,1083.5944233330001,True,False
511,540.0,412,313130,0.15,0.15003175843615554,1085.0572541249999,True,False
512,1360.0,782,313912,0.15,0.10941897954183574,1087.8667729170002,True,False
513,880.0,701,314613,0.15,0.13467464288430556,1090.156739125,True,False
514,1010.0,716,315329,0.15,0.14830553161198867,1092.5620616249998,True,False
515,1160.0,938,316267,0.15,0.14057937237378368,1095.6393843330002,True,False
516,620.0,520,316787,0.15,0.14010810293257236,1097.6053914580002,True,False
517,370.0,355,317142,0.15,0.12902662582862912,1098.8109171669998,True,False
518,670.0,513,317655,0.15,0.1311060893785907,1100.4190383750001,True,False
519,840.0,508,318163,0.15,0.12387309785140312,1102.115539375,True,False
520,1190.0,846,319009,0.15,0.13446042734145555,1104.9771447500002,True,False
521,860.0,576,319585,0.15,0.11611275689210743,1106.9167629170001,True,False
522,550.0,497,320082,0.15,0.10621066580736829,1108.5619268750002,True,False
523,1300.0,850,320932,0.15,0.11728919311448442,1111.410482542,True,False
524,490.0,503,321435,0.15,0.11902229510247707,1113.071211167,True,False
525,610.0,500,321935,0.15,0.11687678846716881,1114.752400417,True,False
526,810.0,790,322725,0.15,0.11558765768440384,1118.0352640830001,True,False
527,760.0,734,323459,0.15,0.12448637769684766,1120.435036333,True,False
528,1550.0,780,324239,0.15,0.11794902079571516,1123.026999583,True,False
529,930.0,810,325049,0.15,0.14058033036517686,1125.630910458,True,False
530,490.0,498,325547,0.15,0.12220447648677134,1127.2651783750002,True,False
531,1020.0,962,326509,0.15,0.13609966118646113,1130.3442907079998,True,False
532,650.0,691,327200,0.15,0.12518253826638523,1132.57422675,True,False
533,520.0,461,327661,0.15,0.1368908703327179,1134.0456732080002,True,False
534,610.0,459,328120,0.15,0.11285987985522851,1135.6173979579999,True,False
535,870.0,506,328626,0.15,0.1661596287278429,1137.275155875,True,False
536,490.0,417,329043,0.15,0.11981575799962649,1139.119750792,True,False
537,320.0,370,329413,0.15,0.12121554830622289,1140.5693337920002,True,False
538,750.0,705,330118,0.15,0.1407815440960059,1142.7993554169998,True,False
539,520.0,498,330616,0.15,0.13393489417433738,1144.473706417,True,False
540,480.0,430,331046,0.15,0.11901450890038058,1145.9013129999998,True,False
541,1560.0,817,331863,0.15,0.12477109515491654,1148.6827872919998,True,False
542,300.0,343,332206,0.15,0.13398146603343097,1149.8133767079999,True,False
543,400.0,475,332681,0.15,0.1464122126520682,1151.472954208,True,False
544,400.0,381,333062,0.15,0.12611313817140304,1152.732134292,True,False
545,1500.0,887,333949,0.15,0.12847819039178593,1155.5589720829998,True,False
546,1030.0,769,334718,0.15,0.14455256304548433,1158.075972,True,False
547,420.0,423,335141,0.15,0.12465209858316295,1159.518597333,True,False
548,1090.0,652,335793,0.15,0.13414448811644059,1161.611016792,True,False
549,470.0,509,336302,0.15,0.11117952619129279,1163.3079592499998,True,False
550,1310.0,914,337216,0.15,0.12597465901493246,1166.2627003329999,True,False
551,900.0,603,337819,0.15,0.11602802688876789,1168.9255519580001,True,False
552,1710.0,724,338543,0.15,0.13461385848443153,1171.392950083,True,False
553,1070.0,814,339357,0.15,0.10677404443313386,1173.9833680830002,True,False
554,2020.0,1126,340483,0.15,0.14071178625858127,1177.669387208,True,False
555,450.0,586,341069,0.15,0.1272764326561065,1179.5667238750002,True,False
556,1190.0,819,341888,0.15,0.13845169174416763,1182.432034167,True,False
557,1010.0,1010,342898,0.15,0.12405289239471867,1186.37187275,True,False
558,790.0,665,343563,0.15,0.12397001247224679,1188.7046814999999,True,False
559,450.0,457,344020,0.15,0.11829565060527428,1190.223724375,True,False
560,1050.0,914,344934,0.15,0.12216643716224976,1193.3069797080002,True,False
561,550.0,540,345474,0.15,0.12131238226537351,1195.352609208,True,False
562,1110.0,664,346138,0.15,0.11151358812867877,1197.528273,True,False
563,1940.0,635,346773,0.15,0.11989647679546345,1200.0975695420002,True,False
564,440.0,405,347178,0.15,0.1358559830575296,1201.5343897080002,True,False
565,630.0,681,347859,0.15,0.13187755015404784,1203.828705625,True,False
566,720.0,686,348545,0.15,0.11854096133868362,1206.220722958,True,False
567,2740.0,1002,349547,0.15,0.12505851569771767,1209.754380083,True,False
568,700.0,617,350164,0.15,0.11391693687727375,1211.7999353750001,True,False
569,880.0,754,350918,0.15,0.11881022972669056,1214.840700875,True,False
570,760.0,789,351707,0.15,0.12861073678028462,1217.4265747079999,True,False
571,1670.0,820,352527,0.15,0.1297906540243364,1220.238305417,True,False
572,390.0,478,353005,0.15,0.13373861888734004,1221.845542167,True,False
573,430.0,514,353519,0.15,0.13742271903902292,1223.54755725,True,False
574,1950.0,946,354465,0.15,0.1257720428837251,1226.783142625,True,False
575,940.0,816,355281,0.15,0.11894257838709973,1229.4041496250002,True,False
576,950.0,818,356099,0.15,0.12278694975390739,1233.5655295830002,True,False
577,510.0,476,356575,0.15,0.15048500814107285,1235.0760823330002,True,False
578,1450.0,792,357367,0.15,0.1263446919808183,1237.825910083,True,False
579,430.0,511,357878,0.15,0.12452011294953991,1239.5055133750002,True,False
580,310.0,360,358238,0.15,0.10444398592743609,1240.7397635829998,True,False
581,1000.0,671,358909,0.15,0.12881084416239036,1243.180134625,True,False
582,1040.0,643,359552,0.15,0.1112516489088165,1245.7281225420002,True,False
583,650.0,491,360043,0.15,0.1257704234849967,1247.3977397919998,True,False
584,790.0,565,360608,0.15,0.11964276999654905,1249.368883833,True,False
585,1520.0,828,361436,0.15,0.13548647083234097,1252.098886542,True,False
586,590.0,548,361984,0.15,0.12372305363851742,1253.897317375,True,False
587,500.0,537,362521,0.15,0.12323768830288258,1255.677656792,True,False
588,1150.0,622,363143,0.15,0.1400393694639206,1257.831747667,True,False
589,1030.0,686,363829,0.15,0.12153812041939345,1260.276391083,True,False
590,440.0,547,364376,0.15,0.1287033984124878,1262.130028167,True,False
591,740.0,669,365045,0.15,0.12249708986523265,1264.557704792,True,False
592,740.0,844,365889,0.15,0.1352710163582699,1267.3872659170001,True,False
593,1200.0,885,366774,0.15,0.13003233789858235,1270.93707425,True,False
594,520.0,488,367262,0.15,0.1314588673260124,1273.6762615419998,True,False
595,430.0,556,367818,0.15,0.1320862197886697,1275.711031667,True,False
596,690.0,661,368479,0.15,0.14510307908058168,1278.028463792,True,False
597,880.0,785,369264,0.15,0.12161013510475303,1280.96909525,True,False
598,850.0,814,370078,0.15,0.1350222975290908,1283.7450129580002,True,False
599,650.0,518,370596,0.15,0.1391547295766381,1285.577354,True,False
600,1490.0,1104,371700,0.15,0.1442381234475128,1289.412249167,True,False
601,620.0,599,372299,0.15,0.11359962608490214,1292.5337305420003,True,False
602,900.0,679,372978,0.15,0.13930990743067334,1294.9185831670002,True,False
603,740.0,639,373617,0.15,0.11481328370282426,1297.015438083,True,False
604,480.0,451,374068,0.15,0.13941571006007428,1298.492531292,True,False
605,830.0,641,374709,0.15,0.13101139458594843,1300.662790125,True,False
606,770.0,634,375343,0.15,0.13005596043282672,1302.8006370830003,True,False
607,530.0,518,375861,0.15,0.13179532475053118,1304.6784430420003,True,False
608,1820.0,934,376795,0.15,0.12223962707996625,1307.76767075,True,False
609,920.0,669,377464,0.15,0.12751219692152171,1310.1756903330001,True,False
610,530.0,470,377934,0.15,0.13001807978074265,1311.780891333,True,False
611,1210.0,722,378656,0.15,0.13539732033541188,1314.145342625,True,False
612,430.0,460,379116,0.15,0.13861332879118296,1315.7137615000001,True,False
613,450.0,432,379548,0.15,0.16758259163341588,1317.266718583,True,False
614,740.0,749,380297,0.15,0.1488840608573693,1319.755311167,True,False
615,990.0,686,380983,0.15,0.1281322584819724,1322.0057729580003,True,False
616,330.0,416,381399,0.15,0.14510144003165457,1323.444948625,True,False
617,500.0,481,381880,0.15,0.11441734076038865,1325.132488833,True,False
618,1270.0,1304,383184,0.15,0.12975505997135411,1329.5691027500002,True,False
619,1040.0,1059,384243,0.15,0.12173484835886594,1333.774765708,True,False
620,510.0,491,384734,0.15,0.1210933533625874,1335.574875542,True,False
621,900.0,733,385467,0.15,0.1200004581647004,1337.9518927500003,True,False
622,550.0,537,386004,0.15,0.1334352090678833,1339.803259333,True,False
623,550.0,480,386484,0.15,0.13088808013126255,1341.4430658330002,True,False
624,2230.0,1094,387578,0.15,0.1261117261571762,1345.161296833,True,False
625,1200.0,641,388219,0.15,0.12507479813648387,1347.333441875,True,False
626,890.0,777,388996,0.15,0.11961988487686866,1350.6630433750001,True,False
627,1590.0,1323,390319,0.15,0.14550010060722177,1355.03158175,True,False
628,700.0,610,390929,0.15,0.12231663082501078,1357.058397833,True,False
629,1900.0,945,391874,0.15,0.1249637580082073,1360.138870792,True,False
630,1400.0,766,392640,0.15,0.13121301417898698,1362.6823141250002,True,False
631,700.0,636,393276,0.15,0.13303770450582295,1364.726720833,True,False
632,350.0,395,393671,0.15,0.11668288099522493,1365.9961214580003,True,False
633,670.0,515,394186,0.15,0.11468460439711578,1367.7063819580003,True,False
634,1070.0,766,394952,0.15,0.1344623078184668,1370.1525873750002,True,False
635,990.0,756,395708,0.15,0.10893736771805576,1372.6085895830001,True,False
636,380.0,420,396128,0.15,0.12853724216776236,1373.976872833,True,False
637,1040.0,839,396967,0.15,0.14824536725272688,1376.89258875,True,False
638,1240.0,588,397555,0.15,0.11317713736068635,1378.8838513330002,True,False
639,360.0,439,397994,0.15,0.12927845987406644,1380.286904042,True,False
640,950.0,854,398848,0.15,0.11933189136124103,1383.1585063330003,True,False
641,1510.0,888,399736,0.15,0.13866438923051227,1386.2306255420003,True,False
642,440.0,503,400239,0.15,0.13911024129390717,1388.0680000420002,True,False
643,480.0,524,400763,0.15,0.11282466524031781,1389.810673417,True,False
644,1210.0,874,401637,0.15,0.13257580586458179,1392.7917700420003,True,False
645,630.0,495,402132,0.15,0.13924495111249627,1394.942774958,True,False
646,400.0,411,402543,0.15,0.12911287098027327,1396.2663511250003,True,False
647,1470.0,850,403393,0.15,0.13635813592640167,1399.0954849580003,True,False
648,380.0,490,403883,0.15,0.16352648239155285,1400.731646708,True,False
649,520.0,565,404448,0.15,0.1391531793453114,1402.538881083,True,False
650,1230.0,785,405233,0.15,0.1288177950250707,1405.1573091670002,True,False
651,830.0,684,405917,0.15,0.14837104951341948,1408.4237603750003,True,False
652,610.0,562,406479,0.15,0.14159786073224886,1410.337531708,True,False
653,1600.0,1042,407521,0.15,0.13900239905520875,1413.6909580000001,True,False
654,1360.0,874,408395,0.15,0.12332085514048097,1416.6423798750002,True,False
655,3140.0,1040,409435,0.15,0.15150999874592974,1419.9773879170002,True,False
656,810.0,588,410023,0.15,0.13781845850908025,1421.960898875,True,False
657,1080.0,847,410870,0.15,0.12790667623246335,1424.80922925,True,False
658,900.0,742,411612,0.15,0.12594912352380894,1427.325310625,True,False
659,1030.0,795,412407,0.15,0.13090980502616878,1429.8858152080002,True,False
660,640.0,574,412981,0.15,0.11988086134402288,1431.7956361250003,True,False
661,410.0,503,413484,0.15,0.15666410031299743,1433.491492917,True,False
662,460.0,614,414098,0.15,0.13231832223633924,1435.5174108750002,True,False
663,410.0,380,414478,0.15,0.13526554966443463,1436.8138869580002,True,False
664,620.0,623,415101,0.15,0.13720143250882244,1438.8110447500003,True,False
665,1290.0,887,415988,0.15,0.13893375290675206,1441.6964257500003,True,False
666,1390.0,769,416757,0.15,0.1508835022589968,1444.1829802500001,True,False
667,1080.0,728,417485,0.15,0.12383179356354279,1446.654955167,True,False
668,1160.0,927,418412,0.15,0.132082820043032,1449.7123348750001,True,False
669,620.0,534,418946,0.15,0.154233291451084,1451.4785529170003,True,False
670,780.0,540,419486,0.15,0.1224145343458211,1453.371404208,True,False
671,460.0,401,419887,0.15,0.15508686505258085,1454.711135,True,False
672,910.0,654,420541,0.15,0.13406469830788853,1456.8439321670003,True,False
673,1400.0,767,421308,0.15,0.12479223851308537,1459.303426208,True,False
674,760.0,594,421902,0.15,0.13608558025412462,1461.232264667,True,False
675,1370.0,757,422659,0.15,0.117796181804604,1463.687365708,True,False
676,470.0,486,423145,0.15,0.11918940317252132,1465.938954458,True,False
677,1100.0,1011,424156,0.15,0.13190067345239664,1469.2850950420002,True,False
678,1590.0,762,424918,0.15,0.12494074037592662,1471.833693083,True,False
679,430.0,424,425342,0.15,0.12785311964041782,1473.232232583,True,False
680,410.0,473,425815,0.15,0.13005566762728712,1474.788531625,True,False
681,1200.0,744,426559,0.15,0.1368346121963314,1477.2865243330002,True,False
682,640.0,666,427225,0.15,0.11815586587982978,1479.3930299580002,True,False
683,1140.0,826,428051,0.15,0.13185920638656154,1482.086769292,True,False
684,530.0,642,428693,0.15,0.11488933912160233,1484.154278292,True,False
685,850.0,729,429422,0.15,0.1198500491330748,1486.5436529580002,True,False
686,850.0,718,430140,0.15,0.13762444179091188,1488.975005458,True,False
687,400.0,472,430612,0.15,0.140971544956378,1490.4793705830002,True,False
688,340.0,414,431026,0.15,0.11930491986856298,1491.7960159580002,True,False
689,1710.0,1377,432403,0.15,0.13008182972323062,1496.239186542,True,False
690,1630.0,855,433258,0.15,0.11483349315125808,1499.1012084580002,True,False
691,950.0,722,433980,0.15,0.12730004614764484,1501.4917355000002,True,False
692,780.0,674,434654,0.15,0.13082090695388615,1503.721902667,True,False
693,820.0,704,435358,0.15,0.12049938150977885,1506.0043046670003,True,False
694,1350.0,873,436231,0.15,0.12184377464064218,1509.074851625,True,False
695,630.0,621,436852,0.15,0.13954745772748423,1511.1347397500003,True,False
696,1660.0,916,437768,0.15,0.13547645051308854,1514.2244983330002,True,False
697,580.0,600,438368,0.15,0.13510281576464572,1516.149483958,True,False
698,840.0,930,439298,0.15,0.13058845685987636,1519.1447336250003,True,False
699,830.0,829,440127,0.15,0.11083863911349416,1521.870436583,True,False
700,990.0,729,440856,0.15,0.11877517372654761,1524.276431625,True,False
701,530.0,448,441304,0.15,0.1273889130513583,1526.4396459170002,True,False
702,560.0,486,441790,0.15,0.11118145607227137,1528.045032042,True,False
703,770.0,792,442582,0.15,0.12181048542072978,1530.7196707080002,True,False
704,330.0,418,443000,0.15,0.12990454655318034,1532.0445744580002,True,False
705,440.0,524,443524,0.15,0.12919764988522492,1533.796653458,True,False
706,560.0,454,443978,0.15,0.11817953603721298,1535.3483472920002,True,False
707,1050.0,930,444908,0.15,0.12002523642337118,1538.4014632500002,True,False
708,1160.0,765,445673,0.15,0.11588259016929185,1540.9621752080002,True,False
709,790.0,523,446196,0.15,0.11287391625117255,1542.742326958,True,False
710,970.0,688,446884,0.15,0.13280103771492494,1545.08861725,True,False
711,1760.0,877,447761,0.15,0.1567490828142727,1547.945865875,True,False
712,330.0,459,448220,0.15,0.13592863142814327,1549.5206752920003,True,False
713,1670.0,864,449084,0.15,0.13322842300490098,1552.2395821670002,True,False
714,940.0,792,449876,0.15,0.1232146459227108,1554.862140958,True,False
715,1420.0,935,450811,0.15,0.11126912276504378,1557.8306792920002,True,False
716,1600.0,704,451515,0.15,0.10594349703751504,1560.154429958,True,False
717,1110.0,668,452183,0.15,0.1193201329090638,1562.3055331670002,True,False
718,730.0,568,452751,0.15,0.11940339312586985,1564.134716958,True,False
719,580.0,492,453243,0.15,0.12097999121902919,1565.743886958,True,False
720,700.0,687,453930,0.15,0.14350152845212885,1568.0906501250001,True,False
721,1180.0,787,454717,0.15,0.11762533463575513,1570.6841745420002,True,False
722,760.0,604,455321,0.15,0.11152812956974206,1572.686285833,True,False
723,600.0,589,455910,0.15,0.11813833188189536,1574.972042292,True,False
724,1360.0,885,456795,0.15,0.11936747591217718,1577.7913655000002,True,False
725,1780.0,863,457658,0.15,0.10591697816185101,1580.702050125,True,False
726,1060.0,791,458449,0.15,0.12473614431089824,1583.934762333,True,False
727,2060.0,563,459012,0.15,0.13502121683712123,1586.011700208,True,False
728,2340.0,858,459870,0.15,0.11926944151729624,1588.802135,True,False
729,470.0,518,460388,0.15,0.1107264397236017,1590.5287052080002,True,False
730,710.0,636,461024,0.15,0.1063804685390033,1592.709991958,True,False
731,700.0,760,461784,0.15,0.1311137986418448,1595.1545265,True,False
732,210.0,338,462122,0.15,0.1305966164162826,1596.2457572500002,True,False
733,610.0,619,462741,0.15,0.12282292215574173,1598.301819792,True,False
734,1440.0,692,463433,0.15,0.13627556127878282,1600.688551792,True,False
735,330.0,413,463846,0.15,0.09580859867403808,1602.023621292,True,False
736,540.0,493,464339,0.15,0.14594179164709115,1603.666141708,True,False
737,610.0,602,464941,0.15,0.13135015233018935,1605.6104586250003,True,False
738,550.0,540,465481,0.15,0.1364677966468864,1607.378633583,True,False
739,850.0,518,465999,0.15,0.1184431298296581,1609.048903083,True,False
740,460.0,421,466420,0.15,0.11722930789626432,1610.396104042,True,False
741,700.0,591,467011,0.15,0.1244213613523107,1612.271085542,True,False
742,1150.0,553,467564,0.15,0.12038331590056849,1614.0500943330003,True,False
743,420.0,413,467977,0.15,0.11719736375493332,1615.4039391670003,True,False
744,880.0,643,468620,0.15,0.12965249789658911,1617.4942527920002,True,False
745,360.0,411,469031,0.15,0.12282669451087713,1618.8527047500002,True,False
746,970.0,653,469684,0.15,0.11776737138492668,1620.9514131250003,True,False
747,2330.0,919,470603,0.15,0.12131110622698042,1623.89924775,True,False
748,990.0,807,471410,0.15,0.11536894569007478,1626.577493417,True,False
749,600.0,542,471952,0.15,0.11964392259388286,1628.428874833,True,False
750,2340.0,956,472908,0.15,0.1441488643897752,1631.4955610000002,True,False
751,660.0,543,473451,0.15,0.12855716923044788,1634.0281640000003,True,False
752,550.0,500,473951,0.15,0.12800305214524269,1635.7043803330002,True,False
753,560.0,504,474455,0.15,0.12473399869151532,1637.3844329580002,True,False
754,1570.0,970,475425,0.15,0.13156216848381017,1640.587597583,True,False
755,370.0,407,475832,0.15,0.12266099124270327,1641.894566375,True,False
756,410.0,459,476291,0.15,0.11044620624498318,1643.3626343330002,True,False
757,950.0,772,477063,0.15,0.13428841668321062,1645.855003958,True,False
758,1600.0,635,477698,0.15,0.12682212248397698,1647.9212027920003,True,False
759,1270.0,654,478352,0.15,0.13249959793259822,1650.074684833,True,False
760,1070.0,671,479023,0.15,0.1250538126102643,1652.2730742080003,True,False
761,1060.0,901,479924,0.15,0.13801525965893427,1655.2443952500003,True,False
762,620.0,697,480621,0.15,0.1313668780628292,1657.5322474580003,True,False
763,320.0,407,481028,0.15,0.13587744643583016,1658.87594425,True,False
764,440.0,382,481410,0.15,0.14425244441157895,1660.1006555,True,False
765,630.0,682,482092,0.15,0.13226077178416892,1662.3074097920003,True,False
766,1040.0,677,482769,0.15,0.13667989453884977,1664.6478702920003,True,False
767,320.0,335,483104,0.15,0.12887522391974926,1665.79295125,True,False
768,1700.0,897,484001,0.15,0.13143836637027562,1668.8139753330001,True,False
769,1230.0,703,484704,0.15,0.12765277696731078,1671.0879195830003,True,False
770,1150.0,859,485563,0.15,0.1253661761217028,1673.8878490420002,True,False
771,770.0,654,486217,0.15,0.1357896697321316,1676.2859871250002,True,False
772,1170.0,757,486974,0.15,0.1357940291227014,1678.811402292,True,False
773,980.0,696,487670,0.15,0.132877715895402,1681.3224946670002,True,False
774,1550.0,939,488609,0.15,0.1272485147606819,1684.5620655420003,True,False
775,1520.0,827,489436,0.15,0.12215484559967899,1687.359926875,True,False
776,560.0,504,489940,0.15,0.12110833610807147,1690.028930333,True,False
777,710.0,558,490498,0.15,0.11942154331226572,1692.5844082500003,True,False
778,1060.0,660,491158,0.15,0.11288749414185682,1695.37358125,True,False
779,570.0,529,491687,0.15,0.11772428642055302,1697.153488083,True,False
780,1040.0,772,492459,0.15,0.11839692261784188,1699.8629045420003,True,False
781,610.0,502,492961,0.15,0.12584726913048636,1701.5235308750002,True,False
782,1550.0,895,493856,0.15,0.1362195415588628,1704.559330042,True,False
783,640.0,475,494331,0.15,0.12619157073924603,1706.094295208,True,False
784,440.0,490,494821,0.15,0.11654568624084558,1707.7073312920002,True,False
785,460.0,528,495349,0.15,0.12980462754653257,1709.425997542,True,False
786,760.0,602,495951,0.15,0.12165527844180664,1711.350246292,True,False
787,530.0,405,496356,0.15,0.13453028727249772,1712.7008915420001,True,False
788,790.0,603,496959,0.15,0.13039217757682006,1714.709125125,True,False
789,1050.0,693,497652,0.15,0.13778012464272565,1716.9556050830001,True,False
790,490.0,526,498178,0.15,0.12307755303576247,1718.637719208,True,False
791,500.0,422,498600,0.15,0.1109026460293329,1720.0219890420003,True,False
792,690.0,572,499172,0.15,0.12012745266767232,1721.854169542,True,False
793,860.0,624,499796,0.15,0.12510185674406016,1723.9084562920002,True,False
794,1160.0,886,500682,0.15,0.13328371758307267,1726.8650670420002,True,False
795,560.0,508,501190,0.15,0.14334330675522172,1728.495779208,True,False
796,610.0,586,501776,0.15,0.1520993521652457,1730.3781114580001,True,False
797,810.0,815,502591,0.15,0.13880040356201198,1733.0196925,True,False
798,440.0,457,503048,0.15,0.12397890384106533,1734.5001151670003,True,False
799,2560.0,996,504044,0.15,0.14074644053646598,1737.7753107080002,True,False
800,1200.0,914,504958,0.15,0.13398706649936604,1740.737346125,True,False
801,950.0,657,505615,0.15,0.14008419966416025,1743.6991325,True,False
802,590.0,548,506163,0.15,0.14524542339091753,1745.544896458,True,False
803,1240.0,517,506680,0.15,0.15109274292794558,1747.3642707080003,True,False
804,740.0,628,507308,0.15,0.12771585911132727,1749.3992788750002,True,False
805,540.0,734,508042,0.15,0.1239503806182107,1751.831369042,True,False
806,750.0,685,508727,0.15,0.12836436042834443,1754.8902454580002,True,False
807,500.0,422,509149,0.15,0.14264575068680746,1756.27140375,True,False
808,750.0,663,509812,0.15,0.15136705776564327,1758.398918458,True,False
809,840.0,714,510526,0.15,0.12595281343948975,1760.9485532080002,True,False
810,2850.0,974,511500,0.15,0.13406862710892667,1764.040890583,True,False
811,720.0,720,512220,0.15,0.13179103849041793,1766.461254208,True,False
812,810.0,669,512889,0.15,0.1280724754902774,1768.6130134170003,True,False
813,820.0,755,513644,0.15,0.1136792188894654,1771.0715141250002,True,False
814,540.0,485,514129,0.15,0.12836939205746511,1772.656218,True,False
815,930.0,935,515064,0.15,0.1292864192977675,1775.6745865000003,True,False
816,1180.0,774,515838,0.15,0.1462423826225218,1778.175578708,True,False
817,2030.0,688,516526,0.15,0.12835595083184714,1780.4051437500002,True,False
818,690.0,558,517084,0.15,0.12838050547455038,1782.2305216670002,True,False
819,810.0,626,517710,0.15,0.1381331624534841,1784.2483782500003,True,False
820,1440.0,981,518691,0.15,0.12221197263926876,1787.611716625,True,False
821,2120.0,681,519372,0.15,0.11702913220165766,1789.791159542,True,False
822,2280.0,1058,520430,0.15,0.11367825705868502,1793.3609270830002,True,False
823,1050.0,768,521198,0.15,0.13870215672068298,1795.8503285830002,True,False
824,1460.0,791,521989,0.15,0.13865479887133897,1798.4206570420001,True,False
825,2760.0,868,522857,0.15,0.11766332947576101,1801.269391667,True,False
826,1350.0,557,523414,0.15,0.1330275020341007,1804.368490417,True,False
827,1000.0,691,524105,0.15,0.14068967979293684,1806.902477042,True,False
828,770.0,627,524732,0.15,0.10471609723605928,1809.007292917,True,False
829,1040.0,779,525511,0.15,0.12544144233016624,1811.52061775,True,False
830,880.0,555,526066,0.15,0.12827846322128242,1813.4161575830003,True,False
831,1350.0,1020,527086,0.15,0.12488806866401551,1817.2037782080001,True,False
832,1250.0,572,527658,0.15,0.11752799407325008,1819.0672853750002,True,False
833,960.0,789,528447,0.15,0.10682007821683351,1821.7143625000003,True,False
834,1030.0,693,529140,0.15,0.12480222483047809,1824.0277272080002,True,False
835,400.0,461,529601,0.15,0.12952398534702217,1825.5502095000002,True,False
836,1150.0,865,530466,0.15,0.1180415931502702,1828.4010064170002,True,False
837,450.0,451,530917,0.15,0.13602900763858208,1829.886119708,True,False
838,1580.0,1008,531925,0.15,0.11307457386560384,1833.1987411670002,True,False
839,760.0,607,532532,0.15,0.13466678993580372,1835.1707890830003,True,False
840,430.0,384,532916,0.15,0.1301599139890944,1836.4105654170003,True,False
841,750.0,599,533515,0.15,0.12827873908783366,1838.450781292,True,False
842,1170.0,590,534105,0.15,0.12064577894587372,1840.3872310830002,True,False
843,1510.0,643,534748,0.15,0.139177170368085,1842.550546,True,False
844,1870.0,809,535557,0.15,0.10832832151525977,1845.2976641250002,True,False
845,1530.0,737,536294,0.15,0.13066688661827988,1847.695535292,True,False
846,400.0,463,536757,0.15,0.13400712241579232,1849.2210567500001,True,False
847,890.0,678,537435,0.15,0.1252967504090106,1851.4209996250001,True,False
848,650.0,463,537898,0.15,0.1291697198075467,1853.0120777500001,True,False
849,670.0,649,538547,0.15,0.12354299968775408,1855.1499750830003,True,False
850,1100.0,897,539444,0.15,0.13155526586704783,1858.0829910420002,True,False
851,460.0,440,539884,0.15,0.15735503780570897,1860.424015167,True,False
852,890.0,712,540596,0.15,0.1474723598574487,1862.8712169580003,True,False
853,1090.0,597,541193,0.15,0.12771895946622294,1864.8105730000002,True,False
854,890.0,674,541867,0.15,0.12407722240979117,1867.077207333,True,False
855,760.0,673,542540,0.15,0.09911723009492518,1869.318993667,True,False
856,420.0,436,542976,0.15,0.11824275628415816,1870.786073625,True,False
857,780.0,619,543595,0.15,0.13731370730833573,1872.8199198330003,True,False
858,390.0,377,543972,0.15,0.1273913326035989,1874.423843,True,False
859,1010.0,674,544646,0.15,0.11896446823985093,1876.772590167,True,False
860,1290.0,996,545642,0.15,0.12450925349052172,1880.3884241250003,True,False
861,1790.0,870,546512,0.15,0.12289616308354456,1883.216123917,True,False
862,660.0,687,547199,0.15,0.134303999280459,1885.516458167,True,False
863,640.0,638,547837,0.15,0.1281731599359773,1887.911652708,True,False
864,1650.0,840,548677,0.15,0.11449962554588204,1891.1280058330003,True,False
865,2090.0,880,549557,0.15,0.12722187450324948,1894.0399688750003,True,False
866,680.0,631,550188,0.15,0.12596156083849036,1896.1261802500003,True,False
867,740.0,604,550792,0.15,0.1165370424308919,1898.1019767920002,True,False
868,540.0,532,551324,0.15,0.11134639868330687,1899.8693616250002,True,False
869,640.0,512,551836,0.15,0.11507089567021467,1901.5394030420002,True,False
870,880.0,702,552538,0.15,0.11531881829457624,1903.9004906670002,True,False
871,900.0,545,553083,0.15,0.1256010477184592,1905.863910125,True,False
872,1730.0,830,553913,0.15,0.11254609248135239,1908.6367191670001,True,False
873,520.0,533,554446,0.15,0.10329659564658664,1910.387206083,True,False
874,570.0,645,555091,0.15,0.14045126413382727,1912.609473,True,False
875,520.0,536,555627,0.15,0.11580239119591998,1914.340014542,True,False
876,850.0,699,556326,0.15,0.11905389939035688,1917.284460667,True,False
877,530.0,617,556943,0.15,0.11296103171423658,1919.436694,True,False
878,1320.0,662,557605,0.15,0.12629182752311588,1921.567404167,True,False
879,440.0,500,558105,0.15,0.11625483599305153,1923.2080460000002,True,False
880,1140.0,807,558912,0.15,0.12128417267657743,1925.8764796670002,True,False
881,700.0,530,559442,0.15,0.13534801828703194,1927.7078502920003,True,False
882,1820.0,1149,560591,0.15,0.11010907728627375,1931.897458042,True,False
883,1040.0,905,561496,0.15,0.12188222817256061,1935.0008090830001,True,False
884,1160.0,890,562386,0.15,0.12080449662968382,1937.886654542,True,False
885,2130.0,920,563306,0.15,0.1126966033535807,1941.131408917,True,False
886,710.0,667,563973,0.15,0.10093064499115516,1943.283302292,True,False
887,1150.0,688,564661,0.15,0.12011395481436751,1945.557004708,True,False
888,1510.0,753,565414,0.15,0.11303536566172509,1947.996504792,True,False
889,410.0,420,565834,0.15,0.10970396317896389,1949.43464425,True,False
890,2080.0,664,566498,0.15,0.11955492333116302,1951.6313330830003,True,False
891,970.0,565,567063,0.15,0.12214797389105703,1953.4848675830003,True,False
892,640.0,549,567612,0.15,0.13158952771429566,1955.282356917,True,False
893,450.0,430,568042,0.15,0.1108482124928002,1956.6739082920003,True,False
894,670.0,634,568676,0.15,0.103822977159102,1958.722231667,True,False
895,1480.0,926,569602,0.15,0.1081238624305178,1962.2233393750003,True,False
896,1340.0,1010,570612,0.15,0.136748452317485,1965.4652930830002,True,False
897,770.0,662,571274,0.15,0.1123321994348909,1967.662439667,True,False
898,410.0,454,571728,0.15,0.10082263386759319,1969.158656958,True,False
899,520.0,547,572275,0.15,0.12785075725439718,1971.0000342080002,True,False
900,680.0,526,572801,0.15,0.1199194085925366,1972.741029917,True,False
901,560.0,525,573326,0.15,0.12524020981811385,1975.180640042,True,False
902,540.0,467,573793,0.15,0.10102180264189713,1976.7463107080002,True,False
903,1570.0,902,574695,0.15,0.12033357345395618,1979.652228458,True,False
904,1440.0,1059,575754,0.15,0.11941198201252605,1983.2382665,True,False
905,970.0,638,576392,0.15,0.12176986559061334,1985.327197125,True,False
906,590.0,525,576917,0.15,0.11933295623548613,1987.1211005,True,False
907,1110.0,980,577897,0.15,0.14473409660312594,1990.324402708,True,False
908,930.0,552,578449,0.15,0.11918759265023729,1992.1457598330003,True,False
909,1000.0,696,579145,0.15,0.14303287708510956,1994.4632686250002,True,False
910,1000.0,608,579753,0.15,0.13166700041313706,1996.4207138750003,True,False
911,980.0,716,580469,0.15,0.13291763746330526,1998.813506208,True,False
912,1210.0,764,581233,0.15,0.14538570743112664,2001.262993667,True,False
913,1190.0,1220,582453,0.15,0.13592638337954147,2005.2249230420002,True,False
914,1170.0,974,583427,0.15,0.11392247000778163,2008.3312055420001,True,False
915,1480.0,730,584157,0.15,0.12642859925052832,2010.7230303330002,True,False
916,840.0,871,585028,0.15,0.1260130267265603,2013.518424417,True,False
917,600.0,630,585658,0.15,0.12578165120664675,2015.608957292,True,False
918,1380.0,826,586484,0.15,0.12636894796601528,2018.3222822500002,True,False
919,890.0,849,587333,0.15,0.1264176660937802,2021.0703440000002,True,False
920,2960.0,990,588323,0.15,0.11319212347781851,2024.255368792,True,False
921,1000.0,744,589067,0.15,0.11779068621696644,2026.7057531250002,True,False
922,670.0,575,589642,0.15,0.11152905318886042,2028.5969168750003,True,False
923,1460.0,842,590484,0.15,0.1133048839037311,2031.310090208,True,False
924,1920.0,881,591365,0.15,0.12561078638007694,2034.129419292,True,False
925,400.0,405,591770,0.15,0.11885793981059353,2035.5451165,True,False
926,1150.0,917,592687,0.15,0.12893097139244256,2039.1162385420002,True,False
927,710.0,699,593386,0.15,0.13342498819742885,2041.3892906670003,True,False
928,1090.0,618,594004,0.15,0.12013501510504754,2043.4368287500001,True,False
929,1360.0,760,594764,0.15,0.12091180618460241,2045.8788691250002,True,False
930,2480.0,919,595683,0.15,0.12741616377240966,2049.06856525,True,False
931,1500.0,864,596547,0.15,0.11885357154015866,2051.821145333,True,False
932,700.0,565,597112,0.15,0.10537986377332832,2053.7000265,True,False
933,380.0,494,597606,0.15,0.1136007427987529,2055.307121875,True,False
934,440.0,448,598054,0.15,0.11073721268413854,2056.78699,True,False
935,590.0,572,598626,0.15,0.11054500986958717,2058.6383947500003,True,False
936,2500.0,833,599459,0.15,0.10441520502074407,2061.317256958,True,False
937,570.0,463,599922,0.15,0.1249874194698601,2062.855640792,True,False
938,340.0,361,600283,0.15,0.11088556771477064,2063.998561125,True,False
939,600.0,592,600875,0.15,0.11019092498699555,2065.914852292,True,False
940,380.0,434,601309,0.15,0.10627126259678,2067.346717,True,False
941,800.0,711,602020,0.15,0.12662385863492662,2069.6443307920003,True,False
942,300.0,314,602334,0.15,0.12918739885282823,2070.724299708,True,False
943,420.0,417,602751,0.15,0.09054674706063591,2072.028343417,True,False
944,440.0,504,603255,0.15,0.13574690608278153,2073.68775525,True,False
945,800.0,504,603759,0.15,0.13060990029147693,2075.381009792,True,False
946,1230.0,904,604663,0.15,0.12612641071983144,2078.265313833,True,False
947,500.0,532,605195,0.15,0.11028756402937093,2080.01441575,True,False
948,1190.0,1055,606250,0.15,0.12225485010298365,2083.4011518750003,True,False
949,500.0,494,606744,0.15,0.13908069637874443,2084.987824917,True,False
950,900.0,728,607472,0.15,0.13333309074393013,2087.302128625,True,False
951,1560.0,798,608270,0.15,0.13439270591915553,2090.730549917,True,False
952,480.0,423,608693,0.15,0.13961513238554857,2092.10141,True,False
953,760.0,511,609204,0.15,0.09808348843944259,2093.77079975,True,False
954,930.0,785,609989,0.15,0.1294580068990436,2096.310221958,True,False
955,490.0,453,610442,0.15,0.11710007007406877,2097.862037542,True,False
956,980.0,653,611095,0.15,0.13412461528108896,2099.990910167,True,False
957,1440.0,994,612089,0.15,0.12116553993469262,2103.2568394580003,True,False
958,1030.0,660,612749,0.15,0.12033291073008016,2105.400321833,True,False
959,490.0,411,613160,0.15,0.11307587109289123,2106.862602708,True,False
960,1250.0,773,613933,0.15,0.12135580295957432,2109.408927542,True,False
961,740.0,650,614583,0.15,0.12760788367854226,2111.662168708,True,False
962,990.0,736,615319,0.15,0.11827340811167074,2114.034350708,True,False
963,1000.0,623,615942,0.15,0.13211820310411546,2116.1266423330003,True,False
964,960.0,571,616513,0.15,0.12305937590194749,2118.0400245,True,False
965,1160.0,811,617324,0.15,0.13352379911198406,2120.727927833,True,False
966,1600.0,748,618072,0.15,0.13855045325655668,2123.148984875,True,False
967,1110.0,894,618966,0.15,0.12973864323087872,2126.021659458,True,False
968,950.0,864,619830,0.15,0.12581792276318152,2128.8822530830003,True,False
969,590.0,477,620307,0.15,0.10895768008312258,2130.386819792,True,False
970,710.0,584,620891,0.15,0.13629177615863003,2132.2861887080003,True,False
971,1320.0,849,621740,0.15,0.12208998856515112,2135.0745970830003,True,False
972,940.0,568,622308,0.15,0.10879466504278318,2136.921679375,True,False
973,370.0,513,622821,0.15,0.11403099294693675,2138.607302875,True,False
974,450.0,390,623211,0.15,0.11075207452798627,2139.861822875,True,False
975,460.0,536,623747,0.15,0.12325287646433311,2141.603021083,True,False
976,410.0,441,624188,0.15,0.1259114993652245,2144.035598708,True,False
977,1970.0,1115,625303,0.15,0.13664534594193636,2147.667875875,True,False
978,850.0,737,626040,0.15,0.13533179821396196,2150.064236083,True,False
979,1260.0,948,626988,0.15,0.12789382108090297,2153.1342320420003,True,False
980,930.0,590,627578,0.15,0.12607312108687804,2155.043992542,True,False
981,780.0,593,628171,0.15,0.11249910725431668,2157.028862792,True,False
982,1400.0,608,628779,0.15,0.14278385056623896,2158.963776083,True,False
983,830.0,694,629473,0.15,0.13287653009696254,2161.1742184170002,True,False
984,1020.0,854,630327,0.15,0.1319053224921926,2163.934007375,True,False
985,1430.0,823,631150,0.15,0.13229502792678122,2166.690114167,True,False
986,2210.0,762,631912,0.15,0.15029731049587589,2169.194039167,True,False
987,710.0,621,632533,0.15,0.1141065098585621,2171.216041042,True,False
988,840.0,621,633154,0.15,0.12604070013809587,2173.2652364170003,True,False
989,1130.0,727,633881,0.15,0.13268365043696467,2176.0766205,True,False
990,440.0,414,634295,0.15,0.1232085786579014,2177.434473833,True,False
991,1450.0,986,635281,0.15,0.1392951878277879,2180.9043717080003,True,False
992,600.0,458,635739,0.15,0.14375759979808017,2182.368654833,True,False
993,990.0,794,636533,0.15,0.13118882529699621,2185.0785235000003,True,False
994,1010.0,821,637354,0.15,0.12229310551249399,2187.686248375,True,False
995,450.0,406,637760,0.15,0.12832000221618833,2189.041491458,True,False
996,430.0,501,638261,0.15,0.15092142668366432,2190.72008775,True,False
997,1100.0,763,639024,0.15,0.12111616094660073,2193.140749125,True,False
998,1460.0,1070,640094,0.15,0.12862907876766352,2196.7099861250003,True,False
999,1820.0,908,641002,0.15,0.11430663789421451,2199.6107902920003,True,False
1000,480.0,439,641441,0.15,0.11175029550425031,2201.052714833,True,False
1001,790.0,626,642067,0.15,0.14723414004756472,2203.954996667,True,False
1002,2530.0,743,642810,0.15,0.1290083073119643,2206.401972,True,False
1003,1470.0,683,643493,0.15,0.13102941589745862,2208.622248042,True,False
1004,1510.0,808,644301,0.15,0.13456727926720782,2211.209956,True,False
1005,1380.0,737,645038,0.15,0.1389658468593236,2213.582872208,True,False
1006,1090.0,826,645864,0.15,0.13514836837992,2216.284300875,True,False
1007,630.0,549,646413,0.15,0.1429285873135511,2218.075225333,True,False
1008,1470.0,755,647168,0.15,0.11787965430547952,2220.5192660000002,True,False
1009,870.0,728,647896,0.15,0.1360657358808177,2222.9149526670003,True,False
1010,1570.0,841,648737,0.15,0.1385495557316712,2225.671976417,True,False
1011,1290.0,653,649390,0.15,0.1452622447345703,2227.866107958,True,False
1012,530.0,468,649858,0.15,0.13802773223664516,2229.438059,True,False
1013,1050.0,812,650670,0.15,0.12869762750388367,2232.049790458,True,False
1014,1200.0,785,651455,0.15,0.11219085959185447,2234.6533037080003,True,False
1015,350.0,482,651937,0.15,0.13415780193980567,2236.204533292,True,False
1016,1880.0,937,652874,0.15,0.12380559665238501,2239.448402583,True,False
1017,760.0,702,653576,0.15,0.11678246861662377,2241.7321084170003,True,False
1018,790.0,620,654196,0.15,0.11663835178459844,2243.7779088330003,True,False
1019,1450.0,814,655010,0.15,0.12578752681869884,2246.423986417,True,False
1020,420.0,378,655388,0.15,0.11652084667431681,2247.686404375,True,False
1021,860.0,718,656106,0.15,0.12000814684817578,2249.99590275,True,False
1022,650.0,620,656726,0.15,0.11564622360371775,2251.985232667,True,False
1023,890.0,794,657520,0.15,0.12593687773125256,2254.5640229170003,True,False
1024,380.0,422,657942,0.15,0.13149401291850069,2255.922649167,True,False
1025,570.0,453,658395,0.15,0.13193398326701294,2257.42389325,True,False
1026,500.0,425,658820,0.15,0.1336520843242652,2259.434012083,True,False
1027,760.0,735,659555,0.15,0.12338737701701988,2261.82991675,True,False
1028,820.0,583,660138,0.15,0.14921894784353368,2263.7130069170003,True,False
1029,1080.0,720,660858,0.15,0.11686644778690404,2266.0505484580003,True,False
1030,500.0,489,661347,0.15,0.12479810960224418,2267.6781025,True,False
1031,1400.0,1100,662447,0.15,0.12132557506588372,2271.222310208,True,False
1032,1040.0,857,663304,0.15,0.12956105469791002,2274.028864708,True,False
1033,510.0,445,663749,0.15,0.13036514801887777,2275.496937208,True,False
1034,1410.0,718,664467,0.15,0.11354362119676015,2277.809633292,True,False
1035,380.0,418,664885,0.15,0.13473770187369416,2279.176854208,True,False
1036,1050.0,691,665576,0.15,0.13258521489239153,2281.449369375,True,False
1037,460.0,488,666064,0.15,0.10600317761179853,2283.074345208,True,False
1038,830.0,598,666662,0.15,0.1375428627451394,2285.061894417,True,False
1039,760.0,655,667317,0.15,0.11546464734597177,2287.343040667,True,False
1040,1560.0,661,667978,0.15,0.13932362801649353,2289.5177752500003,True,False
1041,1080.0,663,668641,0.15,0.12089667106832726,2291.690492958,True,False
1042,610.0,645,669286,0.15,0.13694219269228647,2293.854634792,True,False
1043,860.0,611,669897,0.15,0.13686898491935792,2295.8527683750003,True,False
1044,1370.0,839,670736,0.15,0.13284258775058247,2298.582591125,True,False
1045,370.0,358,671094,0.15,0.14798755809832154,2299.727243667,True,False
1046,970.0,752,671846,0.15,0.13587269184992035,2302.120839792,True,False
1047,1330.0,977,672823,0.15,0.13840713149669473,2305.471981083,True,False
1048,1110.0,603,673426,0.15,0.109122938495006,2307.423757458,True,False
1049,440.0,469,673895,0.15,0.15329815854883602,2308.9320485000003,True,False
1050,1520.0,886,674781,0.15,0.12390570977685957,2311.788285833,True,False
1051,550.0,629,675410,0.15,0.11331262329154333,2314.517353833,True,False
1052,1310.0,635,676045,0.15,0.12571245718911384,2316.6242097920003,True,False
1053,1040.0,625,676670,0.15,0.11681300160498956,2318.648854292,True,False
1054,380.0,440,677110,0.15,0.1289922921833667,2320.029138667,True,False
1055,670.0,634,677744,0.15,0.13138308591625225,2322.1178464170002,True,False
1056,760.0,669,678413,0.15,0.12913445122316927,2324.2828145830003,True,False
1057,550.0,711,679124,0.15,0.13040804511375642,2326.6349879580002,True,False
1058,750.0,654,679778,0.15,0.12154495757233146,2328.76664475,True,False
1059,1130.0,649,680427,0.15,0.131420729589867,2330.845301292,True,False
1060,1530.0,662,681089,0.15,0.13985940837581834,2332.985206833,True,False
1061,590.0,569,681658,0.15,0.13512339631856327,2334.887904625,True,False
1062,1150.0,670,682328,0.15,0.11336321079926122,2337.0852223750003,True,False
1063,1420.0,1033,683361,0.15,0.14993841204676747,2340.381615708,True,False
1064,840.0,652,684013,0.15,0.138490908762063,2342.563264583,True,False
1065,910.0,521,684534,0.15,0.11472704879079874,2344.201812542,True,False
1066,500.0,392,684926,0.15,0.14210015942095494,2345.50218025,True,False
1067,970.0,648,685574,0.15,0.12766495422908553,2347.774366083,True,False
1068,1000.0,623,686197,0.15,0.13377392259784615,2349.9500900830003,True,False
1069,1250.0,833,687030,0.15,0.135235908244235,2352.774615875,True,False
1070,440.0,385,687415,0.15,0.13172298320569098,2354.0354982920003,True,False
1071,380.0,481,687896,0.15,0.13572467341711206,2355.6326265830003,True,False
1072,960.0,680,688576,0.15,0.12752222167875837,2357.830317458,True,False
1073,800.0,655,689231,0.15,0.14668288449842506,2359.9646539170003,True,False
1074,990.0,781,690012,0.15,0.1370043147222272,2362.549911,True,False
1075,1380.0,700,690712,0.15,0.1377061662716525,2364.792392958,True,False
1076,470.0,530,691242,0.15,0.1486702015425897,2367.3881409170003,True,False
1077,450.0,428,691670,0.15,0.1396493564629666,2368.842479667,True,False
1078,980.0,912,692582,0.15,0.1544655593471569,2371.753285667,True,False
1079,1240.0,954,693536,0.15,0.1628049157061088,2374.90710475,True,False
1080,1240.0,633,694169,0.15,0.12066382002321226,2376.938269,True,False
1081,510.0,580,694749,0.15,0.12123821262141754,2378.801061208,True,False
1082,1950.0,966,695715,0.15,0.14890629090214172,2381.95188525,True,False
1083,870.0,536,696251,0.15,0.12706336273408647,2383.687856167,True,False
1084,1790.0,853,697104,0.15,0.1634403047909107,2386.4972698330002,True,False
1085,540.0,525,697629,0.15,0.14660703970958258,2388.204584875,True,False
1086,1360.0,925,698554,0.15,0.14006635478145374,2391.15130875,True,False
1087,540.0,648,699202,0.15,0.1490573009568048,2393.267341833,True,False
1088,1080.0,671,699873,0.15,0.13776939934385674,2395.440173542,True,False
1089,940.0,720,700593,0.15,0.1238908528867695,2397.780588042,True,False
1090,480.0,476,701069,0.15,0.1555154080181813,2399.3595289580003,True,False
1091,430.0,364,701433,0.15,0.15757349862174674,2400.5907326670003,True,False
1092,1180.0,796,702229,0.15,0.15427103661113048,2403.187117708,True,False
1093,1440.0,765,702994,0.15,0.14094097482245319,2405.694262583,True,False
1094,1120.0,906,703900,0.15,0.1294663065658792,2408.7827178330003,True,False
1095,1890.0,949,704849,0.15,0.14333749721259004,2411.7732826670003,True,False
1096,1320.0,641,705490,0.15,0.1535029798047617,2413.90940825,True,False
1097,860.0,678,706168,0.15,0.1521161556682166,2416.174691792,True,False
1098,1060.0,1072,707240,0.15,0.15421793421507993,2420.0008847080003,True,False
1099,530.0,499,707739,0.15,0.1401673929705735,2421.609659958,True,False
1100,900.0,597,708336,0.15,0.14386473695437113,2423.564251667,True,False
1101,820.0,834,709170,0.15,0.13704174500890076,2427.177573333,True,False
1102,410.0,420,709590,0.15,0.14915489749539465,2428.6828502500002,True,False
1103,560.0,460,710050,0.15,0.13032728137205477,2430.142317542,True,False
1104,1370.0,972,711022,0.15,0.1518733219814644,2433.418526583,True,False
1105,1100.0,617,711639,0.15,0.15034247937237288,2435.467242667,True,False
1106,1400.0,792,712431,0.15,0.1174877949924481,2437.9994891670003,True,False
1107,410.0,372,712803,0.15,0.12753124683294245,2439.25666175,True,False
1108,240.0,322,713125,0.15,0.1419461709389716,2440.3013394580003,True,False
1109,370.0,428,713553,0.15,0.16926367368514292,2441.69527675,True,False
1110,760.0,636,714189,0.15,0.13926260134662097,2443.752981958,True,False
1111,310.0,329,714518,0.15,0.12738402019731881,2444.863703333,True,False
1112,1470.0,727,715245,0.15,0.13218504812691237,2447.2152165,True,False
1113,1090.0,763,716008,0.15,0.1228241172487511,2449.647644708,True,False
1114,930.0,823,716831,0.15,0.14530139683586796,2452.275196125,True,False
1115,970.0,661,717492,0.15,0.15410568457410997,2454.4034959170003,True,False
1116,1160.0,852,718344,0.15,0.15581663150532704,2457.220745125,True,False
1117,1360.0,811,719155,0.15,0.1397647093612664,2459.7831382920003,True,False
1118,790.0,606,719761,0.15,0.15601921532499163,2461.7584955,True,False
1119,470.0,507,720268,0.15,0.12305465645677462,2463.46619125,True,False
1120,340.0,405,720673,0.15,0.12838355171503407,2464.8279415,True,False
1121,760.0,614,721287,0.15,0.14088298293938434,2466.922784875,True,False
1122,560.0,468,721755,0.15,0.11657012475288323,2468.696307875,True,False
1123,740.0,560,722315,0.15,0.1574154910764524,2470.4967327920003,True,False
1124,550.0,574,722889,0.15,0.15659577288250956,2472.3470405420003,True,False
1125,2120.0,922,723811,0.15,0.1337873348561318,2475.990790625,True,False
1126,1070.0,747,724558,0.15,0.14782166637400573,2479.936330125,True,False
1127,520.0,401,724959,0.15,0.1509639435261488,2481.3330477080003,True,False
1128,950.0,642,725601,0.15,0.12244347568531955,2483.439600792,True,False
1129,410.0,473,726074,0.15,0.15150948018782726,2485.0449825,True,False
1130,1690.0,636,726710,0.15,0.1512515343046226,2487.1189210420002,True,False
1131,1320.0,752,727462,0.15,0.1340259241356336,2489.604594833,True,False
1132,510.0,545,728007,0.15,0.1335424045648645,2491.412447,True,False
1133,1230.0,743,728750,0.15,0.15344480081631612,2493.81023825,True,False
1134,1340.0,780,729530,0.15,0.1426936037838459,2496.4717222920003,True,False
1135,1200.0,589,730119,0.15,0.13632880820303547,2498.366746583,True,False
1136,1080.0,738,730857,0.15,0.14039697272552026,2500.7983453330003,True,False
1137,340.0,410,731267,0.15,0.15408961566201612,2502.1166080000003,True,False
1138,1400.0,689,731956,0.15,0.1195209296689385,2504.355372333,True,False
1139,1230.0,601,732557,0.15,0.1532957145323356,2506.396167708,True,False
1140,1450.0,1107,733664,0.15,0.12984914110052242,2510.081962625,True,False
1141,910.0,565,734229,0.15,0.1378089874612947,2511.890395917,True,False
1142,1050.0,759,734988,0.15,0.13765014860975114,2514.419583375,True,False
1143,990.0,1008,735996,0.15,0.12292688693999061,2517.673010625,True,False
1144,600.0,501,736497,0.15,0.13311004754900932,2519.340595083,True,False
1145,1370.0,712,737209,0.15,0.151710596071619,2521.6744079170003,True,False
1146,590.0,476,737685,0.15,0.14609644054865636,2523.2238767080003,True,False
1147,1920.0,938,738623,0.15,0.13568968134016818,2526.303165333,True,False
1148,570.0,495,739118,0.15,0.14084896565445007,2528.0740797920002,True,False
1149,680.0,613,739731,0.15,0.15375967090036355,2530.053214333,True,False
1150,1180.0,762,740493,0.15,0.13847525298829477,2532.5768308750003,True,False
1151,1140.0,778,741271,0.15,0.14429195596807703,2536.2965774580002,True,False
1152,880.0,592,741863,0.15,0.1412263385750152,2538.2668945,True,False
1153,870.0,545,742408,0.15,0.15065470388172753,2540.120477167,True,False
1154,770.0,696,743104,0.15,0.15143470592454247,2542.3398205000003,True,False
1155,450.0,466,743570,0.15,0.16107529218726116,2543.861869583,True,False
1156,960.0,538,744108,0.15,0.14838488800106225,2545.5966414580002,True,False
1157,1250.0,816,744924,0.15,0.1526542624330842,2548.218661125,True,False
1158,550.0,572,745496,0.15,0.11884442779359285,2550.037048792,True,False
1159,690.0,575,746071,0.15,0.12745441248887904,2551.906528583,True,False
1160,1350.0,711,746782,0.15,0.12857215939445443,2554.2191807920003,True,False
1161,1210.0,806,747588,0.15,0.12998269348045682,2556.905785125,True,False
1162,980.0,672,748260,0.15,0.16235168754965776,2559.1950902080002,True,False
1163,760.0,616,748876,0.15,0.15536811776072174,2561.187177917,True,False
1164,1280.0,900,749776,0.15,0.14306986166371238,2564.2604624580003,True,False
1165,2610.0,800,750576,0.15,0.14263097664341332,2566.854612917,True,False
1166,1170.0,961,751537,0.15,0.14194284807890653,2570.0753828750003,True,False
1167,1400.0,652,752189,0.15,0.12490424518387742,2572.2194266250003,True,False
1168,980.0,727,752916,0.15,0.12901424027078753,2574.6830961250002,True,False
1169,850.0,571,753487,0.15,0.139332562396434,2576.5554406670003,True,False
1170,600.0,542,754029,0.15,0.16242633809280746,2578.2975945420003,True,False
1171,730.0,721,754750,0.15,0.14772466860918534,2581.124079708,True,False
1172,990.0,715,755465,0.15,0.1452431720395328,2583.442025542,True,False
1173,910.0,524,755989,0.15,0.13377626735063,2585.2013713750002,True,False
1174,690.0,532,756521,0.15,0.1257179409573625,2587.122661583,True,False
1175,2190.0,630,757151,0.15,0.13704138238481275,2589.263021625,True,False
1176,860.0,644,757795,0.15,0.1685667868865573,2592.190733792,True,False
1177,600.0,675,758470,0.15,0.1410630785766438,2594.594272333,True,False
1178,960.0,535,759005,0.15,0.14601001275508707,2596.2867017500002,True,False
1179,1180.0,850,759855,0.15,0.13037672465807706,2599.08302,True,False
1180,1000.0,740,760595,0.15,0.12847156165218032,2601.468607333,True,False
1181,1360.0,611,761206,0.15,0.15587833028262346,2603.437090375,True,False
1182,700.0,591,761797,0.15,0.12375082830722267,2605.379330875,True,False
1183,1690.0,1045,762842,0.15,0.14319416867761775,2608.80685825,True,False
1184,820.0,565,763407,0.15,0.1322800286695467,2610.654674875,True,False
1185,1320.0,847,764254,0.15,0.14708441736633485,2613.50992025,True,False
1186,1260.0,759,765013,0.15,0.13163528419835002,2616.0096428750003,True,False
1187,1150.0,708,765721,0.15,0.11572318666188394,2618.362082917,True,False
1188,1390.0,1023,766744,0.15,0.14106013467244338,2621.7057828750003,True,False
1189,690.0,619,767363,0.15,0.12478899852941175,2623.807188708,True,False
1190,990.0,582,767945,0.15,0.11450240477817515,2625.7665620830003,True,False
1191,1010.0,815,768760,0.15,0.13039036543455487,2628.372441583,True,False
1192,740.0,563,769323,0.15,0.12448068601744515,2630.189731792,True,False
1193,760.0,541,769864,0.15,0.14486632490640178,2631.982672333,True,False
1194,920.0,627,770491,0.15,0.1440480425595664,2634.000967625,True,False
1195,1040.0,878,771369,0.15,0.13965141219510274,2636.862889542,True,False
1196,1120.0,597,771966,0.15,0.12818130268246536,2638.8587177080003,True,False
1197,1020.0,819,772785,0.15,0.1495929250902519,2641.4934295420003,True,False
1198,640.0,601,773386,0.15,0.12929972936709722,2643.4755060420002,True,False
1199,1440.0,731,774117,0.15,0.13539763051466863,2645.900493333,True,False
1200,610.0,511,774628,0.15,0.1354638154443819,2647.647092917,True,False
1201,2320.0,630,775258,0.15,0.1476887877152604,2650.582566375,True,False
1202,740.0,578,775836,0.15,0.12926995009183884,2652.602166167,True,False
1203,1040.0,659,776495,0.15,0.13369265548521425,2654.732740458,True,False
1204,1120.0,964,777459,0.15,0.1426000511389674,2657.8381655000003,True,False
1205,1350.0,753,778212,0.15,0.1426483289235168,2660.302648375,True,False
1206,1030.0,659,778871,0.15,0.15192508189825388,2662.4553233330003,True,False
1207,1410.0,952,779823,0.15,0.1275399996265143,2665.54538525,True,False
1208,1750.0,832,780655,0.15,0.13141327449836984,2668.2076486250003,True,False
1209,500.0,427,781082,0.15,0.16204492255140132,2669.605633167,True,False
1210,1030.0,698,781780,0.15,0.12128384572054658,2671.851083042,True,False
1211,1270.0,683,782463,0.15,0.13518722458359073,2674.030562792,True,False
1212,960.0,869,783332,0.15,0.12778454950643242,2676.88512475,True,False
1213,1640.0,988,784320,0.15,0.13380405305307885,2680.052123208,True,False
1214,1060.0,836,785156,0.15,0.13864171212654935,2682.7241603750003,True,False
1215,880.0,703,785859,0.15,0.10768982790410518,2684.9738955000003,True,False
1216,910.0,637,786496,0.15,0.11233456500340253,2687.216559,True,False
1217,1380.0,1008,787504,0.15,0.12391337977042274,2690.415726875,True,False
1218,710.0,627,788131,0.15,0.13323299107977596,2692.556336792,True,False
1219,1620.0,881,789012,0.15,0.11763817958567477,2695.331323708,True,False
1220,2090.0,897,789909,0.15,0.12580526397297426,2698.237249917,True,False
1221,610.0,446,790355,0.15,0.12428181907078167,2699.685518917,True,False
1222,1140.0,909,791264,0.15,0.15721807900914236,2702.646146292,True,False
1223,1320.0,811,792075,0.15,0.1570322903260441,2705.260710042,True,False
1224,520.0,488,792563,0.15,0.12240854235457592,2706.9974137080003,True,False
1225,570.0,513,793076,0.15,0.12044041200952474,2708.694650833,True,False
1226,1060.0,660,793736,0.15,0.11591536529136426,2711.70770875,True,False
1227,1270.0,849,794585,0.15,0.13221526229402647,2714.467489833,True,False
1228,920.0,582,795167,0.15,0.1247551904027832,2716.356770625,True,False
1229,1510.0,1076,796243,0.15,0.1382159352593373,2719.856441167,True,False
1230,880.0,701,796944,0.15,0.12382587235928937,2722.129243542,True,False
1231,1250.0,625,797569,0.15,0.10361452428146432,2724.158071375,True,False
1232,1050.0,654,798223,0.15,0.11606225846735246,2726.234087542,True,False
1233,870.0,703,798926,0.15,0.12491211384026842,2728.5314726670003,True,False
1234,1050.0,637,799563,0.15,0.12811853928760913,2730.624919792,True,False
1235,1350.0,931,800494,0.15,0.12236273460601788,2733.5848649580003,True,False
1236,380.0,388,800882,0.15,0.10369925615713768,2734.8979722500003,True,False
1237,990.0,777,801659,0.15,0.11346328029044203,2737.426998292,True,False
1238,870.0,703,802362,0.15,0.12721998276273636,2739.733163833,True,False
1239,440.0,527,802889,0.15,0.11512663005145662,2741.4464820000003,True,False
1240,2040.0,837,803726,0.15,0.13690956332609414,2744.154518667,True,False
1241,1460.0,805,804531,0.15,0.13918637345308688,2746.8578633330003,True,False
1242,1430.0,892,805423,0.15,0.13326405584311005,2749.671817833,True,False
1243,510.0,562,805985,0.15,0.12881997988579122,2751.5374541250003,True,False
1244,960.0,634,806619,0.15,0.10567216221478921,2753.557466833,True,False
1245,1090.0,644,807263,0.15,0.13256612790297279,2755.6197474580003,True,False
1246,920.0,569,807832,0.15,0.11283153401023441,2757.488184958,True,False
1247,1430.0,695,808527,0.15,0.13481801100118312,2759.7005291670002,True,False
1248,700.0,614,809141,0.15,0.1273983446760224,2761.67034075,True,False
1249,920.0,802,809943,0.15,0.12838779708370565,2764.249419542,True,False
1250,780.0,602,810545,0.15,0.14610759244109225,2766.206811,True,False
1251,1210.0,808,811353,0.15,0.12351449851020432,2769.6949424580002,True,False
1252,770.0,577,811930,0.15,0.12539334458092022,2771.6007641250003,True,False
1253,370.0,456,812386,0.15,0.1252402833809978,2773.1475677920002,True,False
1254,750.0,545,812931,0.15,0.11783517916303347,2775.154440875,True,False
1255,1490.0,792,813723,0.15,0.11755637041848115,2777.736927417,True,False
1256,1250.0,939,814662,0.15,0.14032529239007768,2780.793071292,True,False
1257,660.0,496,815158,0.15,0.12403406510730425,2782.384308625,True,False
1258,880.0,622,815780,0.15,0.12747480222382224,2784.392978875,True,False
1259,1460.0,783,816563,0.15,0.11555461950409107,2786.988462833,True,False
1260,910.0,637,817200,0.15,0.12161206910386682,2789.038302292,True,False
1261,610.0,587,817787,0.15,0.12777463470470823,2790.910437208,True,False
1262,1690.0,802,818589,0.15,0.12348544984981788,2793.503922958,True,False
1263,670.0,495,819084,0.15,0.11089881527568063,2795.163538667,True,False
1264,1470.0,772,819856,0.15,0.13503782899924818,2797.6179218750003,True,False
1265,1060.0,911,820767,0.15,0.13306121249162153,2800.588241333,True,False
1266,1450.0,957,821724,0.15,0.1464689934393391,2803.6462365,True,False
1267,580.0,491,822215,0.15,0.11067912058874232,2805.244038375,True,False
1268,890.0,658,822873,0.15,0.1304546191949736,2807.36866225,True,False
1269,590.0,645,823518,0.15,0.12521904691914965,2809.427372958,True,False
1270,910.0,696,824214,0.15,0.14057514443993568,2811.685189583,True,False
1271,870.0,897,825111,0.15,0.11149726808071136,2814.627643875,True,False
1272,1350.0,772,825883,0.15,0.1265282178577518,2817.198449,True,False
1273,1860.0,939,826822,0.15,0.13787551559507846,2820.15815525,True,False
1274,1900.0,1037,827859,0.15,0.12333636777655269,2823.557108,True,False
1275,1050.0,565,828424,0.15,0.12582452390605295,2825.3831490000002,True,False
1276,800.0,981,829405,0.15,0.10814246326989058,2829.6189653750002,True,False
1277,540.0,545,829950,0.15,0.1413385833558791,2831.477841708,True,False
1278,370.0,410,830360,0.15,0.12501620664035232,2832.887192792,True,False
1279,930.0,812,831172,0.15,0.1444677747786045,2835.450927833,True,False
1280,890.0,537,831709,0.15,0.1241872994952015,2837.220516792,True,False
1281,1480.0,701,832410,0.15,0.1190642638717379,2839.43034725,True,False
1282,410.0,417,832827,0.15,0.13680637982459024,2840.7948419580002,True,False
1283,690.0,520,833347,0.15,0.13310709131451753,2842.4565555,True,False
1284,2110.0,1034,834381,0.15,0.1289422252219041,2845.751421083,True,False
1285,520.0,458,834839,0.15,0.15143966419916405,2847.258986917,True,False
1286,1330.0,867,835706,0.15,0.12364551919396571,2849.999168208,True,False
1287,600.0,540,836246,0.15,0.14205551186093576,2851.781831708,True,False
1288,1860.0,1177,837423,0.15,0.13286736287607426,2855.551263583,True,False
1289,340.0,439,837862,0.15,0.13338440497490492,2857.002700167,True,False
1290,1530.0,930,838792,0.15,0.11482968557897812,2859.96596325,True,False
1291,1470.0,986,839778,0.15,0.14146878035754207,2863.11989125,True,False
1292,750.0,714,840492,0.15,0.12144539677980226,2865.4271910830003,True,False
1293,1550.0,938,841430,0.15,0.11317324998159693,2868.467539792,True,False
1294,1370.0,1000,842430,0.15,0.1253905175998807,2871.676254417,True,False
1295,1580.0,877,843307,0.15,0.12920337466344442,2874.4808845000002,True,False
1296,670.0,509,843816,0.15,0.12089982496399898,2876.131949292,True,False
1297,670.0,585,844401,0.15,0.1295470873353212,2878.023359417,True,False
1298,1110.0,792,845193,0.15,0.12630490224921342,2880.631287083,True,False
1299,610.0,462,845655,0.15,0.10904008634388447,2882.0977792080002,True,False
1300,1350.0,635,846290,0.15,0.11753449037249358,2884.160422667,True,False
1301,850.0,652,846942,0.15,0.10508930612286907,2887.0591817920003,True,False
1302,370.0,421,847363,0.15,0.12528051528192702,2888.529940167,True,False
1303,940.0,572,847935,0.15,0.11826743185520172,2890.381057,True,False
1304,830.0,622,848557,0.15,0.14040582040802407,2892.375108625,True,False
1305,900.0,550,849107,0.15,0.09219112861765562,2894.179012458,True,False
1306,1040.0,682,849789,0.15,0.10529686330833979,2896.384286458,True,False
1307,420.0,444,850233,0.15,0.12778499720802716,2897.8437965000003,True,False
1308,2230.0,806,851039,0.15,0.1347772015342072,2900.420679708,True,False
1309,1970.0,928,851967,0.15,0.10846937414066031,2903.4139425830003,True,False
1310,830.0,613,852580,0.15,0.113408825783567,2905.400103083,True,False
1311,2650.0,888,853468,0.15,0.11996518560425118,2908.252648875,True,False
1312,1610.0,965,854433,0.15,0.11791448815265879,2911.354006208,True,False
1313,1540.0,705,855138,0.15,0.12908006728288124,2913.616176167,True,False
1314,750.0,612,855750,0.15,0.1371284521921398,2915.596357833,True,False
1315,1200.0,799,856549,0.15,0.12533594144508242,2918.2459549170003,True,False
1316,550.0,492,857041,0.15,0.1275825150371567,2919.8732625830003,True,False
1317,1120.0,860,857901,0.15,0.11202446885926778,2922.7378456250003,True,False
1318,980.0,551,858452,0.15,0.11533936814985414,2924.5835425,True,False
1319,1360.0,709,859161,0.15,0.11723604201639103,2926.873144708,True,False
1320,790.0,603,859764,0.15,0.14511051396561775,2928.9793560000003,True,False
1321,860.0,631,860395,0.15,0.12449076303108862,2931.3251732920003,True,False
1322,2330.0,1057,861452,0.15,0.12829620001732178,2934.746563208,True,False
1323,1020.0,730,862182,0.15,0.1240811558839466,2937.15447125,True,False
1324,1330.0,747,862929,0.15,0.12813679819159648,2939.579180042,True,False
1325,1530.0,942,863871,0.15,0.1170852986580514,2942.831279542,True,False
1326,1180.0,707,864578,0.15,0.10171435130391754,2946.392461542,True,False
1327,1300.0,835,865413,0.15,0.11986562765635657,2949.307582625,True,False
1328,1320.0,658,866071,0.15,0.13516860291725252,2951.475413083,True,False
1329,850.0,685,866756,0.15,0.11076264029238807,2953.796616333,True,False
1330,520.0,446,867202,0.15,0.13212330597410868,2955.242638625,True,False
1331,810.0,676,867878,0.15,0.12466555664084367,2957.4020596670002,True,False
1332,1710.0,1095,868973,0.15,0.11754951704239106,2960.893590917,True,False
1333,1020.0,638,869611,0.15,0.1139504150633917,2962.952856125,True,False
1334,920.0,561,870172,0.15,0.12307348005896342,2964.779380125,True,False
1335,1800.0,1103,871275,0.15,0.11822094987739216,2968.2582375,True,False
1336,600.0,535,871810,0.15,0.11479067970623276,2970.0029680420002,True,False
1337,610.0,649,872459,0.15,0.1340956115796242,2972.086325458,True,False
1338,720.0,581,873040,0.15,0.12059782407157225,2973.960610833,True,False
1339,1060.0,1011,874051,0.15,0.13072731423502168,2977.260893042,True,False
1340,770.0,670,874721,0.15,0.13838055821889567,2979.4367701250003,True,False
1341,1490.0,709,875430,0.15,0.14820649295961116,2981.7274135830003,True,False
1342,1280.0,642,876072,0.15,0.11047049813111376,2983.8650363330003,True,False
1343,1130.0,950,877022,0.15,0.09644679529474506,2987.0867981670003,True,False
1344,640.0,807,877829,0.15,0.1181053039940572,2990.1310872500003,True,False
1345,1040.0,805,878634,0.15,0.1150861730456204,2993.110816083,True,False
1346,1660.0,851,879485,0.15,0.12109804666762901,2996.447347917,True,False
1347,1130.0,723,880208,0.15,0.12920556673316996,2999.241594417,True,False
1348,1500.0,767,880975,0.15,0.12277657126139908,3001.981210708,True,False
1349,580.0,431,881406,0.15,0.1170398606746285,3003.407786417,True,False
1350,1530.0,676,882082,0.15,0.11744504309529384,3005.7117994170003,True,False
1351,1010.0,670,882752,0.15,0.12359269234972696,3009.02432325,True,False
1352,1270.0,902,883654,0.15,0.1215608657648166,3011.9801620420003,True,False
1353,1730.0,889,884543,0.15,0.10919681781282027,3014.9568815420002,True,False
1354,930.0,644,885187,0.15,0.11392658148307978,3017.103001625,True,False
1355,1590.0,853,886040,0.15,0.11097219374866407,3019.829061333,True,False
1356,1160.0,912,886952,0.15,0.10339189686796121,3023.1557820420003,True,False
1357,690.0,590,887542,0.15,0.1337661334142393,3025.048779708,True,False
1358,1290.0,749,888291,0.15,0.1183253458357431,3027.5543767920003,True,False
1359,1450.0,678,888969,0.15,0.11220390916089801,3029.770564542,True,False
1360,1070.0,652,889621,0.15,0.14947324339871756,3032.154450625,True,False
1361,1320.0,637,890258,0.15,0.10489438747131974,3034.374627,True,False
1362,980.0,755,891013,0.15,0.10276700166995248,3036.932221458,True,False
1363,1370.0,988,892001,0.15,0.1284847110057408,3040.1113245,True,False
1364,1810.0,813,892814,0.15,0.10621180083474209,3042.865580667,True,False
1365,1300.0,905,893719,0.15,0.11550435293630688,3046.248090958,True,False
1366,1500.0,932,894651,0.15,0.13367191455906552,3049.422802458,True,False
1367,530.0,555,895206,0.15,0.12050315426836769,3051.2411300000003,True,False
1368,2340.0,717,895923,0.15,0.13898399311986714,3053.626062667,True,False
1369,2550.0,1190,897113,0.15,0.12332861136095036,3057.5259249170003,True,False
1370,1140.0,888,898001,0.15,0.11696113657776837,3060.4014944580003,True,False
1371,1720.0,975,898976,0.15,0.11794438896334318,3063.71371525,True,False
1372,810.0,651,899627,0.15,0.10683350315616455,3065.8764058750003,True,False
1373,940.0,730,900357,0.15,0.12250578638593682,3068.3946464170003,True,False
1374,1190.0,1004,901361,0.15,0.11514965720118517,3071.81119075,True,False
1375,930.0,873,902234,0.15,0.11509497522658438,3075.160971833,True,False
1376,1210.0,823,903057,0.15,0.11325729680835332,3078.784140042,True,False
1377,960.0,608,903665,0.15,0.1033946709388769,3080.8668095420003,True,False
1378,950.0,753,904418,0.15,0.12068775050500606,3083.275921875,True,False
1379,940.0,722,905140,0.15,0.11122784234624541,3085.61723175,True,False
1380,1000.0,848,905988,0.15,0.10076931166409883,3088.653378,True,False
1381,1070.0,770,906758,0.15,0.1172524163654695,3091.080254083,True,False
1382,1040.0,726,907484,0.15,0.11221848424155634,3093.4339129170003,True,False
1383,1170.0,727,908211,0.15,0.11304054241524546,3095.761375333,True,False
1384,590.0,512,908723,0.15,0.09663040075975005,3097.4697367920003,True,False
1385,660.0,518,909241,0.15,0.12234534369065211,3099.199042917,True,False
1386,450.0,431,909672,0.15,0.10038507308948923,3100.6987883330003,True,False
1387,1460.0,741,910413,0.15,0.11495882745932888,3103.094606792,True,False
1388,1590.0,873,911286,0.15,0.12260931308184742,3105.9666580830003,True,False
1389,900.0,538,911824,0.15,0.09086827094908113,3107.774335417,True,False
1390,800.0,740,912564,0.15,0.12330385744571686,3110.572863417,True,False
1391,1070.0,800,913364,0.15,0.1287481029331684,3113.2503395000003,True,False
1392,940.0,552,913916,0.15,0.11650797520912644,3115.180054292,True,False
1393,1380.0,704,914620,0.15,0.13967890592969276,3117.722166417,True,False
1394,1880.0,844,915464,0.15,0.12399798232655955,3120.454132917,True,False
1395,530.0,519,915983,0.15,0.14268627357055513,3122.212710958,True,False
1396,950.0,976,916959,0.15,0.11120460839697817,3125.405683208,True,False
1397,1460.0,778,917737,0.15,0.13046955360242954,3128.378372833,True,False
1398,1120.0,878,918615,0.15,0.13056859083167494,3131.2001330830003,True,False
1399,660.0,554,919169,0.15,0.09363641581839795,3133.027201542,True,False
1400,940.0,539,919708,0.15,0.1087063740938902,3134.9698835,True,False
1401,1210.0,774,920482,0.15,0.12200950080326184,3138.693265417,True,False
1402,660.0,449,920931,0.15,0.09782535912069891,3140.199897042,True,False
1403,510.0,477,921408,0.15,0.12616817611269654,3141.785563125,True,False
1404,1240.0,821,922229,0.15,0.12730077552359279,3144.422083208,True,False
1405,680.0,587,922816,0.15,0.12844330607121493,3146.376219667,True,False
1406,710.0,643,923459,0.15,0.11054938316810876,3148.439927458,True,False
1407,1400.0,702,924161,0.15,0.13326672068797052,3150.717057792,True,False
1408,1220.0,847,925008,0.15,0.12701834957906097,3153.450554083,True,False
1409,710.0,501,925509,0.15,0.10732521104812622,3155.156629875,True,False
1410,1320.0,741,926250,0.15,0.1411582625395543,3157.5954353750003,True,False
1411,1340.0,748,926998,0.15,0.11417716972649417,3160.0261073750003,True,False
1412,1000.0,662,927660,0.15,0.12137796206915953,3162.285912625,True,False
1413,830.0,580,928240,0.15,0.12440953335628427,3164.8190937920003,True,False
1414,860.0,546,928786,0.15,0.11131820122382659,3166.716591125,True,False
1415,670.0,618,929404,0.15,0.11460652963048028,3168.704262042,True,False
1416,1090.0,757,930161,0.15,0.1394345973613401,3171.2534450000003,True,False
1417,1190.0,830,930991,0.15,0.12309166305846926,3174.0824121670003,True,False
1418,1730.0,1110,932101,0.15,0.11915304990177103,3177.735949583,True,False
1419,1040.0,672,932773,0.15,0.1245671688202059,3179.903680958,True,False
1420,1310.0,600,933373,0.15,0.16652642236401638,3181.86319525,True,False
1421,990.0,567,933940,0.15,0.10080998082658355,3183.80434125,True,False
1422,1290.0,1052,934992,0.15,0.12221487875702036,3187.341361708,True,False
1423,680.0,591,935583,0.15,0.10261393012795723,3189.321706667,True,False
1424,1270.0,689,936272,0.15,0.13087302436675294,3191.554748333,True,False
1425,1120.0,810,937082,0.15,0.1345974715186818,3194.179097833,True,False
1426,750.0,542,937624,0.15,0.10643188236281276,3196.903147,True,False
1427,1310.0,725,938349,0.15,0.13222600314869076,3199.352786167,True,False
1428,850.0,775,939124,0.15,0.11095197598651513,3201.8692945420003,True,False
1429,880.0,573,939697,0.15,0.12931565626465774,3203.7299187920003,True,False
1430,540.0,526,940223,0.15,0.13264167331557236,3205.4664580420003,True,False
1431,510.0,439,940662,0.15,0.10803273276171901,3206.948018125,True,False
1432,2570.0,1216,941878,0.15,0.1325511270337493,3210.829872667,True,False
1433,950.0,579,942457,0.15,0.10081656920755731,3212.696529542,True,False
1434,850.0,768,943225,0.15,0.13031286135083064,3215.185703083,True,False
1435,940.0,861,944086,0.15,0.10593134666424851,3217.916414625,True,False
1436,300.0,443,944529,0.15,0.12728875707667153,3219.37117025,True,False
1437,970.0,726,945255,0.15,0.13487413630548103,3221.77254,True,False
1438,1540.0,881,946136,0.15,0.11105946245776042,3224.691798375,True,False
1439,1550.0,846,946982,0.15,0.13472212759239413,3227.471646583,True,False
1440,2190.0,1251,948233,0.15,0.13014639571856576,3231.4442710830003,True,False
1441,320.0,328,948561,0.15,0.10584164415372581,3232.499903792,True,False
1442,950.0,740,949301,0.15,0.1253201006936866,3234.894983792,True,False
1443,780.0,744,950045,0.15,0.12664218258953863,3237.275937792,True,False
1444,970.0,568,950613,0.15,0.13697062153369188,3239.14689975,True,False
1445,1160.0,848,951461,0.15,0.10855110238288652,3242.083819458,True,False
1446,1740.0,858,952319,0.15,0.11802022718763519,3245.0434960420002,True,False
1447,320.0,345,952664,0.15,0.10683297566084683,3246.178650542,True,False
1448,930.0,531,953195,0.15,0.11378544918967015,3248.100065208,True,False
1449,1040.0,710,953905,0.15,0.13533127443927728,3250.542327208,True,False
1450,1000.0,627,954532,0.15,0.1138071412469741,3252.723736208,True,False
1451,1120.0,718,955250,0.15,0.1277340151286325,3256.135281333,True,False
1452,1190.0,754,956004,0.15,0.12550995951252325,3258.86386575,True,False
1453,980.0,656,956660,0.15,0.10837611479957293,3261.048690958,True,False
1454,1280.0,892,957552,0.15,0.1377955095784012,3264.189487042,True,False
1455,1510.0,933,958485,0.15,0.12897705682453423,3267.3846054170003,True,False
1456,950.0,762,959247,0.15,0.11597885382606794,3269.910506625,True,False
1457,1380.0,928,960175,0.15,0.11904664332817855,3273.115517833,True,False
1458,1180.0,702,960877,0.15,0.11991420475004072,3275.506951167,True,False
1459,1300.0,974,961851,0.15,0.12077041230942487,3278.9432904580003,True,False
1460,600.0,545,962396,0.15,0.10776457659573886,3280.793264083,True,False
1461,450.0,400,962796,0.15,0.1062444625608623,3282.1212880420003,True,False
1462,920.0,541,963337,0.15,0.1344006238574231,3283.980470417,True,False
1463,560.0,477,963814,0.15,0.16736713128493114,3285.6170835420003,True,False
1464,1010.0,780,964594,0.15,0.1310774923899235,3288.229369917,True,False
1465,1140.0,828,965422,0.15,0.13291350738617821,3290.899409,True,False
1466,440.0,422,965844,0.15,0.13168069259878598,3292.290221708,True,False
1467,1140.0,837,966681,0.15,0.13350642209596325,3295.157648208,True,False
1468,1020.0,743,967424,0.15,0.11228971512767896,3297.629232625,True,False
1469,1510.0,1100,968524,0.15,0.11518348833376711,3301.600212917,True,False
1470,860.0,619,969143,0.15,0.11647700159145254,3303.64379625,True,False
1471,780.0,567,969710,0.15,0.12421607897734978,3305.7783318750003,True,False
1472,1060.0,914,970624,0.15,0.12745974143747418,3309.168684833,True,False
1473,870.0,749,971373,0.15,0.1392907655354649,3311.739379917,True,False
1474,890.0,549,971922,0.15,0.1489400245847493,3313.6214195830003,True,False
1475,2520.0,737,972659,0.15,0.12906033051726612,3316.859222458,True,False
1476,780.0,656,973315,0.15,0.11611230581680812,3320.410495292,True,False
1477,1190.0,772,974087,0.15,0.13934590548778752,3323.33039725,True,False
1478,790.0,720,974807,0.15,0.13374094894776742,3325.837292833,True,False
1479,1160.0,740,975547,0.15,0.1414933725285369,3328.6065823750005,True,False
1480,460.0,454,976001,0.15,0.1265765108625617,3330.1005520420003,True,False
1481,630.0,547,976548,0.15,0.10725250471736827,3331.9842897500002,True,False
1482,930.0,827,977375,0.15,0.13528309057204468,3334.866165333,True,False
1483,1610.0,846,978221,0.15,0.13304959011773737,3337.7929193750006,True,False
1484,1420.0,874,979095,0.15,0.13397178210215557,3340.919079417,True,False
1485,1360.0,825,979920,0.15,0.11821911017891866,3344.0019155830005,True,False
1486,2320.0,835,980755,0.15,0.12220748714529552,3346.964436167,True,False
1487,1210.0,795,981550,0.15,0.12619221944305764,3349.7441167080005,True,False
1488,680.0,538,982088,0.15,0.1077234121384444,3351.590981083,True,False
1489,1940.0,1186,983274,0.15,0.1334566911179069,3355.6612170420003,True,False
1490,1130.0,734,984008,0.15,0.13269439085548662,3358.194045542,True,False
1491,830.0,715,984723,0.15,0.13384863897488358,3360.7652303330005,True,False
1492,660.0,592,985315,0.15,0.14207832468673587,3363.053513875,True,False
1493,1090.0,516,985831,0.15,0.11991916146389274,3365.0774033750004,True,False
1494,2400.0,789,986620,0.15,0.1035512832435544,3367.947541667,True,False
1495,2610.0,908,987528,0.15,0.12538550761302664,3371.1993517500005,True,False
1496,2200.0,890,988418,0.15,0.13284035587498733,3374.850792,True,False
1497,2160.0,791,989209,0.15,0.11672055171896713,3378.3941895830003,True,False
1498,1560.0,942,990151,0.15,0.13131429512608558,3381.6757172079997,True,False
1499,1140.0,676,990827,0.15,0.11824800444425211,3384.2199565420005,True,False
1500,860.0,750,991577,0.15,0.14064496097729562,3386.9336006250005,True,False
1501,1280.0,931,992508,0.15,0.12463572283990905,3391.386557,True,False
1502,1660.0,738,993246,0.15,0.11352791661477607,3393.9447514169997,True,False
1503,620.0,548,993794,0.15,0.11517244918666182,3395.9375162080005,True,False
1504,1110.0,600,994394,0.15,0.11145872625211875,3398.0693264170004,True,False
1505,900.0,1014,995408,0.15,0.12117910635928938,3401.703262833,True,False
1506,840.0,642,996050,0.15,0.12613634610315785,3404.290099375,True,False
1507,1400.0,749,996799,0.15,0.10958677333067446,3406.9696620000004,True,False
1508,1530.0,768,997567,0.15,0.1173917518754024,3409.6585406250006,True,False
1509,1660.0,1034,998601,0.15,0.11132153904633632,3413.41690225,True,False
1510,1160.0,714,999315,0.15,0.11068955730395706,3415.9469599579998,True,False
1511,910.0,668,999983,0.15,0.12234468450267871,3418.307756958,True,False
1512,1440.0,1040,1001023,0.15,0.1115848790639295,3421.9223625000004,True,False
1513,1660.0,900,1001923,0.15,0.12958326355450683,3425.138396708,True,False
1514,890.0,731,1002654,0.15,0.11785694354218863,3427.800837625,True,False
1515,850.0,546,1003200,0.15,0.13340415586683438,3429.7084980420004,True,False
1516,330.0,443,1003643,0.15,0.12976131776178426,3431.3374690830005,True,False
1517,810.0,604,1004247,0.15,0.09528217815010753,3433.5021500000003,True,False
1518,770.0,572,1004819,0.15,0.13074435908477622,3435.526367875,True,False
1519,820.0,526,1005345,0.15,0.1361569855644396,3437.367029708,True,False
1520,1000.0,774,1006119,0.15,0.13190983057292324,3440.985719583,True,False
1521,1000.0,791,1006910,0.15,0.12568559049807412,3443.6488240830004,True,False
1522,490.0,514,1007424,0.15,0.11572625418735105,3445.592142542,True,False
1523,560.0,510,1007934,0.15,0.11946465469544798,3447.360270333,True,False
1524,680.0,549,1008483,0.15,0.14083157422660042,3449.4120906670005,True,False
1525,1160.0,662,1009145,0.15,0.11741585171141897,3451.792736292,True,False
1526,770.0,661,1009806,0.15,0.12099804399591503,3455.213869667,True,False
1527,940.0,752,1010558,0.15,0.12843770208827993,3457.9333137080002,True,False
1528,660.0,550,1011108,0.15,0.12061497192505909,3459.872561708,True,False
1529,1160.0,706,1011814,0.15,0.11926564837763594,3462.564344917,True,False
1530,1130.0,669,1012483,0.15,0.11708138950035243,3464.9194322499998,True,False
1531,460.0,447,1012930,0.15,0.11721441158026989,3466.4878696670003,True,False
1532,750.0,592,1013522,0.15,0.13142919735479597,3468.691680958,True,False
1533,1020.0,685,1014207,0.15,0.1023833579574412,3471.033158167,True,False
1534,2180.0,590,1014797,0.15,0.11890965347757211,3473.1358806670005,True,False
1535,840.0,679,1015476,0.15,0.09957793082165367,3475.4454481250004,True,False
1536,1150.0,732,1016208,0.15,0.11185372672730783,3478.132249792,True,False
1537,920.0,683,1016891,0.15,0.13337644985055222,3480.5706142500003,True,False
1538,1760.0,902,1017793,0.15,0.10155859701665101,3483.7225192920005,True,False
1539,1320.0,758,1018551,0.15,0.12007444496783945,3486.360255208,True,False
1540,1090.0,780,1019331,0.15,0.14207226462089098,3489.238451,True,False
1541,740.0,651,1019982,0.15,0.12106266553782247,3491.5414235420003,True,False
1542,840.0,688,1020670,0.15,0.12379975100372766,3494.0726204580005,True,False
1543,910.0,614,1021284,0.15,0.12784748792938597,3496.173073,True,False
1544,1000.0,655,1021939,0.15,0.11364758852297908,3498.422494417,True,False
1545,560.0,503,1022442,0.15,0.11904958965227244,3501.178192708,True,False
1546,1080.0,576,1023018,0.15,0.10894379503507581,3503.058745292,True,False
1547,870.0,697,1023715,0.15,0.10505565005386698,3505.636110333,True,False
1548,560.0,464,1024179,0.15,0.12620793711715217,3507.2863190420003,True,False
1549,770.0,673,1024852,0.15,0.1175850485644397,3509.6430321670005,True,False
1550,690.0,505,1025357,0.15,0.10595190706884577,3511.4331265420005,True,False
1551,1090.0,673,1026030,0.15,0.1407837685907171,3514.8018372080005,True,False
1552,2600.0,818,1026848,0.15,0.10749329364881283,3517.812052833,True,False
1553,1000.0,672,1027520,0.15,0.1253460875956253,3520.207566125,True,False
1554,2360.0,850,1028370,0.15,0.13184509777797843,3523.3854007500004,True,False
1555,1000.0,834,1029204,0.15,0.13524287417709258,3526.3094375420005,True,False
1556,1320.0,902,1030106,0.15,0.10556245315406057,3530.0492708330003,True,False
1557,2090.0,752,1030858,0.15,0.11011382511400795,3532.666106875,True,False
1558,590.0,467,1031325,0.15,0.08971798927801797,3534.313500083,True,False
1559,910.0,693,1032018,0.15,0.12164674039305634,3536.764452042,True,False
1560,1740.0,948,1032966,0.15,0.1128560871215938,3540.0711665,True,False
1561,810.0,738,1033704,0.15,0.12425112524950827,3542.715068583,True,False
1562,2080.0,804,1034508,0.15,0.11876193600804058,3545.531310667,True,False
1563,640.0,644,1035152,0.15,0.10681541623860043,3547.868103875,True,False
1564,1340.0,626,1035778,0.15,0.12158372421534015,3550.0768414579998,True,False
1565,920.0,691,1036469,0.15,0.14219223888795499,3552.6106775420003,True,False
1566,760.0,482,1036951,0.15,0.11562815859603386,3554.176069958,True,False
1567,960.0,603,1037554,0.15,0.14894670334379403,3556.3414507079997,True,False
1568,990.0,793,1038347,0.15,0.11367920430546458,3559.156595333,True,False
1569,860.0,625,1038972,0.15,0.11726155866435758,3561.75538975,True,False
1570,910.0,827,1039799,0.15,0.11051045942292051,3564.6244785830004,True,False
1571,1630.0,790,1040589,0.15,0.1052433829848664,3567.4091352080004,True,False
1572,1270.0,701,1041290,0.15,0.10211801861013685,3569.816124375,True,False
1573,1070.0,590,1041880,0.15,0.13196702056086143,3571.888834833,True,False
1574,890.0,491,1042371,0.15,0.11683574725003516,3573.5958025420005,True,False
1575,1460.0,1036,1043407,0.15,0.13776572728277864,3577.21515825,True,False
1576,1010.0,689,1044096,0.15,0.11575841740032151,3580.800569958,True,False
1577,810.0,580,1044676,0.15,0.12880540978291938,3583.023683292,True,False
1578,730.0,759,1045435,0.15,0.1518951873910963,3585.5962062500003,True,False
1579,2010.0,1016,1046451,0.15,0.1216488682672264,3589.3826311250004,True,False
1580,970.0,788,1047239,0.15,0.12321881115020532,3592.1210033750003,True,False
1581,1130.0,588,1047827,0.15,0.11457014000233338,3594.166508208,True,False
1582,750.0,519,1048346,0.15,0.13154797363453186,3595.965701667,True,False
1583,1240.0,756,1049102,0.15,0.13831390676990388,3598.7210794580005,True,False
1584,1810.0,784,1049886,0.15,0.10849013133924834,3601.35332,True,False
1585,1810.0,830,1050716,0.15,0.12391173347938232,3604.300151542,True,False
1586,690.0,738,1051454,0.15,0.10366901746222182,3607.1075092500005,True,False
1587,2230.0,965,1052419,0.15,0.13113825892666317,3610.476692583,True,False
1588,1020.0,744,1053163,0.15,0.10868874792089706,3613.1948455419997,True,False
1589,2180.0,888,1054051,0.15,0.10309946633506197,3616.2329079580004,True,False
1590,920.0,842,1054893,0.15,0.11941209538747066,3619.178677125,True,False
1591,1510.0,719,1055612,0.15,0.1304777252798279,3621.870826167,True,False
1592,740.0,541,1056153,0.15,0.13059164005573148,3623.6806943330002,True,False
1593,1260.0,697,1056850,0.15,0.12831388812126784,3626.1744138330005,True,False
1594,960.0,535,1057385,0.15,0.11824409146584682,3628.0437731250004,True,False
1595,4100.0,883,1058268,0.15,0.12045357896360606,3631.389610208,True,False
1596,820.0,667,1058935,0.15,0.11899065753691886,3634.403743125,True,False
1597,1110.0,747,1059682,0.15,0.10918147907776629,3637.1164249169997,True,False
1598,850.0,552,1060234,0.15,0.1185279629746641,3639.1876686670003,True,False
1599,930.0,626,1060860,0.15,0.13693892608165362,3641.3788555420006,True,False
1600,1240.0,724,1061584,0.15,0.13747344470649794,3643.9657152500004,True,False
1601,1750.0,959,1062543,0.15,0.12665039696048744,3648.5268949170004,True,False
1602,3980.0,859,1063402,0.15,0.13085049593517947,3651.526468958,True,False
1603,1230.0,706,1064108,0.15,0.12012808125908092,3654.01291125,True,False
1604,880.0,808,1064916,0.15,0.10922687999572199,3656.9159632500005,True,False
1605,1460.0,587,1065503,0.15,0.12893676488622002,3658.971896375,True,False
1606,890.0,666,1066169,0.15,0.10055886095244727,3661.254544167,True,False
1607,1190.0,830,1066999,0.15,0.10972897897379985,3664.118797917,True,False
1608,1020.0,760,1067759,0.15,0.14362529677976119,3666.799202667,True,False
1609,660.0,529,1068288,0.15,0.12482431697610177,3668.7553514580004,True,False
1610,2190.0,967,1069255,0.15,0.12870850131935846,3672.177302792,True,False
1611,920.0,623,1069878,0.15,0.12684702966362238,3674.663654625,True,False
1612,850.0,539,1070417,0.15,0.11321354304198865,3676.559376708,True,False
1613,670.0,417,1070834,0.15,0.12351931137247728,3677.9809475829998,True,False
1614,1790.0,897,1071731,0.15,0.12622373168622808,3681.2265540830003,True,False
1615,760.0,603,1072334,0.15,0.11842127942436972,3683.29236225,True,False
1616,1010.0,695,1073029,0.15,0.10900661262587227,3685.671228125,True,False
1617,350.0,384,1073413,0.15,0.12520383934800824,3687.107193875,True,False
1618,2590.0,986,1074399,0.15,0.10630335600486374,3690.53461025,True,False
1619,510.0,474,1074873,0.15,0.126262957089338,3692.2966759170004,True,False
1620,1440.0,900,1075773,0.15,0.09904914694527785,3696.090615375,True,False
1621,630.0,653,1076426,0.15,0.10204172868030204,3698.3149237079997,True,False
1622,1610.0,802,1077228,0.15,0.144315961970767,3701.101563917,True,False
1623,1310.0,873,1078101,0.15,0.13114460795229183,3704.1358185830004,True,False
1624,570.0,560,1078661,0.15,0.11144105508657438,3706.1354101670004,True,False
1625,1240.0,1022,1079683,0.15,0.12243225935335253,3709.699832167,True,False
1626,390.0,423,1080106,0.15,0.10257255906274296,3711.895683875,True,False
1627,1050.0,618,1080724,0.15,0.12498578961578108,3714.017329958,True,False
1628,910.0,682,1081406,0.15,0.10818615081336569,3716.5700299170003,True,False
1629,1300.0,537,1081943,0.15,0.09121375243221201,3718.3660696670004,True,False
1630,700.0,591,1082534,0.15,0.10743926470545498,3720.421022042,True,False
1631,1510.0,1063,1083597,0.15,0.11569912965528499,3724.1843118750003,True,False
1632,960.0,636,1084233,0.15,0.12911855384894888,3726.370890542,True,False
1633,680.0,685,1084918,0.15,0.12964751047479828,3728.8627006670004,True,False
1634,2290.0,587,1085505,0.15,0.13208424450740927,3730.902506208,True,False
1635,620.0,484,1085989,0.15,0.07390774235375656,3732.608854583,True,False
1636,1070.0,672,1086661,0.15,0.10841861597838856,3734.9198214999997,True,False
1637,1010.0,1045,1087706,0.15,0.1149773553756005,3738.85536675,True,False
1638,1010.0,660,1088366,0.15,0.12782210732499757,3741.255067,True,False
1639,490.0,470,1088836,0.15,0.14583652158725566,3742.938347708,True,False
1640,840.0,711,1089547,0.15,0.12208896166103034,3745.5335637919998,True,False
1641,1430.0,998,1090545,0.15,0.11743841757625341,3749.0328542080006,True,False
1642,800.0,519,1091064,0.15,0.11311413824844818,3750.8227781670003,True,False
1643,1270.0,743,1091807,0.15,0.12190896277693478,3753.490641667,True,False
1644,890.0,751,1092558,0.15,0.1277415381368012,3756.7890707080005,True,False
1645,1050.0,625,1093183,0.15,0.12374491822452117,3758.8780615000005,True,False
1646,740.0,578,1093761,0.15,0.10636559674709008,3761.0196921670004,True,False
1647,630.0,664,1094425,0.15,0.1098918599940567,3763.3029550829997,True,False
1648,790.0,581,1095006,0.15,0.11059306604338104,3765.3721714170006,True,False
1649,790.0,613,1095619,0.15,0.11513529171302818,3767.484018542,True,False
1650,1320.0,771,1096390,0.15,0.12129764624634864,3770.207111875,True,False
1651,1850.0,884,1097274,0.15,0.13786577049861937,3774.319591292,True,False
1652,1330.0,853,1098127,0.15,0.0966129368302268,3777.4118034579997,True,False
1653,1170.0,1033,1099160,0.15,0.11675931334955812,3781.0599197500005,True,False
1654,500.0,432,1099592,0.15,0.11930674328296273,3782.5445735000003,True,False
1655,1790.0,747,1100339,0.15,0.13312625156975882,3785.1815414580005,True,False
1656,1040.0,918,1101257,0.15,0.1158412753806814,3788.6124077920003,True,False
1657,1320.0,779,1102036,0.15,0.12028425211707751,3791.2810823750006,True,False
1658,890.0,506,1102542,0.15,0.11556375864893198,3793.1307318750005,True,False
1659,1230.0,831,1103373,0.15,0.10659221053804056,3795.9761380420005,True,False
1660,1220.0,915,1104288,0.15,0.11973152844861605,3799.1495517920002,True,False
1661,1200.0,709,1104997,0.15,0.1310210591445198,3801.613932583,True,False
1662,890.0,687,1105684,0.15,0.1301793836187138,3803.9832094579997,True,False
1663,590.0,492,1106176,0.15,0.12469756545695831,3805.6833252080005,True,False
1664,1290.0,695,1106871,0.15,0.12123149873505783,3808.0698234580004,True,False
1665,1640.0,1266,1108137,0.15,0.11440077971091218,3812.4038181670003,True,False
1666,1570.0,752,1108889,0.15,0.1286320943147578,3815.493254833,True,False
1667,1150.0,937,1109826,0.15,0.10875121432428177,3818.8848728330004,True,False
1668,1020.0,691,1110517,0.15,0.12554997950792313,3821.3265337499997,True,False
1669,930.0,571,1111088,0.15,0.10235045153413203,3823.3954566250004,True,False
1670,1370.0,744,1111832,0.15,0.10641868430520257,3825.907967375,True,False
1671,1040.0,691,1112523,0.15,0.10442159939990488,3828.383598292,True,False
1672,960.0,646,1113169,0.15,0.10838934818259728,3830.6453358750005,True,False
1673,1380.0,788,1113957,0.15,0.1266723298444058,3833.3615102080003,True,False
1674,780.0,526,1114483,0.15,0.12166249115048473,3835.1631048750005,True,False
1675,1240.0,1003,1115486,0.15,0.13036615670142895,3838.7160984170005,True,False
1676,1250.0,759,1116245,0.15,0.12786507901588554,3842.2781254170004,True,False
1677,710.0,643,1116888,0.15,0.13228464138156137,3844.756212083,True,False
1678,470.0,429,1117317,0.15,0.14295095739729494,3846.136024417,True,False
1679,610.0,484,1117801,0.15,0.1273254922721997,3847.918142542,True,False
1680,1120.0,739,1118540,0.15,0.12628728951755408,3850.4080402500003,True,False
1681,500.0,404,1118944,0.15,0.0945154169002677,3851.807834958,True,False
1682,1100.0,679,1119623,0.15,0.10447081500256555,3854.194606958,True,False
1683,1000.0,751,1120374,0.15,0.106584889834073,3856.911403542,True,False
1684,3000.0,816,1121190,0.15,0.10492409879853036,3859.6365404999997,True,False
1685,1210.0,792,1121982,0.15,0.11527312452895473,3862.3484379170004,True,False
1686,750.0,672,1122654,0.15,0.10110741993412375,3864.661662417,True,False
1687,890.0,816,1123470,0.15,0.1065692255163894,3867.397563542,True,False
1688,1040.0,640,1124110,0.15,0.11329849145840853,3869.5201388329997,True,False
1689,750.0,564,1124674,0.15,0.09614784578323787,3871.4072199170005,True,False
1690,1060.0,823,1125497,0.15,0.09216426224312158,3874.1565872500005,True,False
1691,970.0,625,1126122,0.15,0.12346721159365888,3876.8348197920004,True,False
1692,1140.0,801,1126923,0.15,0.12222091821022332,3879.444179958,True,False
1693,1730.0,1188,1128111,0.15,0.13323202711664867,3883.726832958,True,False
1694,1130.0,673,1128784,0.15,0.13629352224208194,3886.08422375,True,False
1695,1670.0,979,1129763,0.15,0.10470429913247706,3889.4267155830003,True,False
1696,1000.0,670,1130433,0.15,0.10726122676749669,3891.763165417,True,False
1697,670.0,629,1131062,0.15,0.13288604050495062,3893.9408405000004,True,False
1698,2320.0,708,1131770,0.15,0.12465758077631899,3896.5138840420004,True,False
1699,990.0,734,1132504,0.15,0.10755920216805585,3898.9662595,True,False
1700,1070.0,667,1133171,0.15,0.09241404074681811,3901.250664417,True,False
1701,1510.0,656,1133827,0.15,0.14733025927959784,3904.829725208,True,False
1702,1320.0,872,1134699,0.15,0.11200931976728756,3908.1401863749998,True,False
1703,1620.0,735,1135434,0.15,0.11156424807141656,3910.6999878750003,True,False
1704,1430.0,755,1136189,0.15,0.09835584893349618,3913.305167458,True,False
1705,1290.0,877,1137066,0.15,0.10807507542986848,3916.339908917,True,False
1706,490.0,556,1137622,0.15,0.11615777991229681,3918.2360292920002,True,False
1707,1580.0,854,1138476,0.15,0.12024872384477998,3921.1861946670006,True,False
1708,1030.0,728,1139204,0.15,0.13280222492272054,3923.6544344169997,True,False
1709,1850.0,988,1140192,0.15,0.12151040650361221,3927.104046417,True,False
1710,870.0,651,1140843,0.15,0.10034809731820851,3929.278114375,True,False
1711,1000.0,608,1141451,0.15,0.11283524029300009,3931.3280439170003,True,False
1712,1190.0,783,1142234,0.15,0.10791906700184455,3934.210927708,True,False
1713,970.0,806,1143040,0.15,0.11694773969858295,3937.1428998330002,True,False
1714,1190.0,713,1143753,0.15,0.11440990964641397,3939.5684502920003,True,False
1715,870.0,580,1144333,0.15,0.10826071767971433,3941.747984417,True,False
1716,1420.0,902,1145235,0.15,0.11228738072017828,3945.104833708,True,False
1717,1560.0,880,1146115,0.15,0.10577642718668688,3948.2139971670003,True,False
1718,2340.0,745,1146860,0.15,0.12512471266887723,3951.7812982080004,True,False
1719,1520.0,733,1147593,0.15,0.11799139024618545,3954.3711231670004,True,False
1720,1620.0,910,1148503,0.15,0.09869390169757579,3957.7539167080004,True,False
1721,580.0,603,1149106,0.15,0.09839001591533225,3959.799173333,True,False
1722,970.0,673,1149779,0.15,0.11160396227967881,3962.2058945830004,True,False
1723,430.0,450,1150229,0.15,0.10223500252561232,3963.798546833,True,False
1724,2120.0,1108,1151337,0.15,0.12394545810962843,3967.978775625,True,False
1725,900.0,740,1152077,0.15,0.12223075568877362,3970.6349903749997,True,False
1726,1020.0,767,1152844,0.15,0.12082772983315711,3974.392657083,True,False
1727,550.0,529,1153373,0.15,0.11727744417095726,3976.3421446250004,True,False
1728,690.0,567,1153940,0.15,0.09787481644151497,3978.2662948750003,True,False
1729,800.0,652,1154592,0.15,0.1147457557427554,3980.6947999579997,True,False
1730,1280.0,759,1155351,0.15,0.13116029352343903,3983.2725203750006,True,False
1731,1260.0,772,1156123,0.15,0.11432845069220955,3985.8982763330005,True,False
1732,870.0,542,1156665,0.15,0.1092221928650842,3987.880100917,True,False
1733,1310.0,830,1157495,0.15,0.09734913825556851,3990.7419672080005,True,False
1734,740.0,518,1158013,0.15,0.13117769073981506,3992.5219515,True,False
1735,1390.0,788,1158801,0.15,0.13255576500054544,3995.3136899170004,True,False
1736,1620.0,956,1159757,0.15,0.10787356997134795,3998.69071275,True,False
1737,1360.0,617,1160374,0.15,0.10289270562639871,4000.8211593329997,True,False
1738,1280.0,607,1160981,0.15,0.1252408823317015,4002.93561175,True,False
1739,720.0,585,1161566,0.15,0.1253562487202556,4005.347581917,True,False
1740,990.0,698,1162264,0.15,0.12405008507626397,4007.723070833,True,False
1741,770.0,613,1162877,0.15,0.13534641525178565,4009.929046,True,False
1742,1030.0,738,1163615,0.15,0.1124946745922384,4013.596498,True,False
1743,1420.0,612,1164227,0.15,0.11107673016346357,4015.987783417,True,False
1744,520.0,484,1164711,0.15,0.10466014763171022,4017.7017050000004,True,False
1745,1370.0,1042,1165753,0.15,0.14399897943026033,4021.393925042,True,False
1746,1400.0,631,1166384,0.15,0.12147274642852665,4023.6885802080005,True,False
1747,1090.0,892,1167276,0.15,0.11563932381136001,4026.8703142920003,True,False
1748,1300.0,936,1168212,0.15,0.09794059537478492,4030.0813162080003,True,False
1749,610.0,622,1168834,0.15,0.11754457137036708,4032.320070125,True,False
1750,1090.0,661,1169495,0.15,0.10430636731061069,4034.710181708,True,False
1751,1270.0,790,1170285,0.15,0.10945738815335614,4038.3600307920005,True,False
1752,550.0,551,1170836,0.15,0.12557924746711185,4040.3111497500004,True,False
1753,1290.0,888,1171724,0.15,0.12227905516487521,4043.510341958,True,False
1754,1310.0,927,1172651,0.15,0.09944852693127347,4046.829063417,True,False
1755,970.0,574,1173225,0.15,0.12145147178994699,4048.836922667,True,False
1756,890.0,740,1173965,0.15,0.13155516307498957,4051.2977908330004,True,False
1757,1320.0,941,1174906,0.15,0.12572565411633632,4054.6388142920005,True,False
1758,1040.0,859,1175765,0.15,0.10601503080580124,4058.0902937500005,True,False
1759,1140.0,772,1176537,0.15,0.11972592732449269,4060.998726375,True,False
1760,590.0,529,1177066,0.15,0.11670333568966298,4062.858709917,True,False
1761,1090.0,728,1177794,0.15,0.11394463717978406,4065.406058167,True,False
1762,1260.0,715,1178509,0.15,0.11561146487778458,4068.1556550000005,True,False
1763,490.0,558,1179067,0.15,0.13045905052061132,4070.099179625,True,False
1764,980.0,928,1179995,0.15,0.12031114054843783,4073.7469235,True,False
1765,1540.0,897,1180892,0.15,0.1293727365384499,4077.3766050000004,True,False
1766,720.0,588,1181480,0.15,0.12164466499927498,4079.6887361670006,True,False
1767,1050.0,775,1182255,0.15,0.13335788173726495,4082.296218708,True,False
1768,960.0,544,1182799,0.15,0.13021442818674533,4084.258221917,True,False
1769,1160.0,734,1183533,0.15,0.11877043899553626,4086.9762695830004,True,False
1770,1210.0,770,1184303,0.15,0.11854235747402224,4089.642040875,True,False
1771,660.0,584,1184887,0.15,0.11662909009634223,4091.6311735830004,True,False
1772,1350.0,835,1185722,0.15,0.1320666725876514,4094.713851167,True,False
1773,920.0,842,1186564,0.15,0.1170281154761241,4097.58543325,True,False
1774,1120.0,899,1187463,0.15,0.12374297974331837,4100.69492825,True,False
1775,1190.0,848,1188311,0.15,0.11281632676826052,4103.5701607500005,True,False
1776,2160.0,810,1189121,0.15,0.12564293742913918,4107.360387583,True,False
1777,1160.0,867,1189988,0.15,0.11037190619873287,4110.294554,True,False
1778,930.0,570,1190558,0.15,0.12669511135457687,4112.36281425,True,False
1779,660.0,487,1191045,0.15,0.12612756370704192,4114.07707525,True,False
1780,860.0,567,1191612,0.15,0.12460662402265088,4116.016119708,True,False
1781,750.0,583,1192195,0.15,0.09588877741118958,4118.091821958,True,False
1782,930.0,682,1192877,0.15,0.11605711884753049,4120.54230275,True,False
1783,710.0,595,1193472,0.15,0.11621866266449425,4122.65034075,True,False
1784,780.0,628,1194100,0.15,0.12050163577411585,4124.853644458,True,False
1785,960.0,596,1194696,0.15,0.11816939732822396,4126.961497375,True,False
1786,920.0,670,1195366,0.15,0.1045189829665922,4129.266847958,True,False
1787,1240.0,659,1196025,0.15,0.13263651840388774,4131.509619958,True,False
1788,1230.0,745,1196770,0.15,0.124590628029358,4134.22494875,True,False
1789,780.0,536,1197306,0.15,0.1268330464389787,4136.9738170420005,True,False
1790,940.0,572,1197878,0.15,0.09821237068805662,4138.864649125,True,False
1791,2310.0,892,1198770,0.15,0.10833729203840542,4142.0482025,True,False
1792,1450.0,915,1199685,0.15,0.12103256252980649,4145.323109375,True,False
1793,2150.0,573,1200258,0.15,0.111294075234474,4147.56021025,True,False
1794,840.0,540,1200798,0.15,0.1313024682165296,4149.442603625,True,False
1795,630.0,578,1201376,0.15,0.0979038682220311,4151.433738542,True,False
1796,560.0,579,1201955,0.15,0.11378420400433242,4153.513296375,True,False
1797,970.0,691,1202646,0.15,0.10335984599986517,4155.927260833,True,False
1798,2000.0,910,1203556,0.15,0.11536069168594845,4159.2115045420005,True,False
1799,980.0,826,1204382,0.15,0.10881318346353121,4162.06975375,True,False
1800,1090.0,661,1205043,0.15,0.11635164268540614,4164.342875208,True,False
1801,1200.0,879,1205922,0.15,0.11381191978739066,4168.4230721250005,True,False
1802,1900.0,918,1206840,0.15,0.10919829423984756,4171.57687625,True,False
1803,1280.0,540,1207380,0.15,0.10775378311949747,4173.3814075420005,True,False
1804,1650.0,837,1208217,0.15,0.11492028457232925,4176.3092480000005,True,False
1805,580.0,531,1208748,0.15,0.10870073307165526,4178.151740792,True,False
1806,1160.0,1232,1209980,0.15,0.10736660815339971,4182.378624917,True,False
1807,990.0,694,1210674,0.15,0.12713951365537726,4184.939893542,True,False
1808,740.0,542,1211216,0.15,0.15785511651569428,4186.8726265000005,True,False
1809,790.0,759,1211975,0.15,0.12215435773962074,4189.503198292,True,False
1810,470.0,451,1212426,0.15,0.12140693264988671,4191.089211875,True,False
1811,2110.0,867,1213293,0.15,0.11805191180295384,4194.075753,True,False
1812,1620.0,902,1214195,0.15,0.11650640203720994,4198.014576958,True,False
1813,1070.0,754,1214949,0.15,0.12772264062530464,4200.567543125,True,False
1814,1180.0,820,1215769,0.15,0.12400869798914689,4203.457348792,True,False
1815,2030.0,1227,1216996,0.15,0.10565230613180014,4207.9997260420005,True,False
1816,1190.0,862,1217858,0.15,0.12059091900930155,4210.983680667,True,False
1817,900.0,675,1218533,0.15,0.12062898343263646,4213.361861792,True,False
1818,910.0,608,1219141,0.15,0.11362202492493548,4215.501808792,True,False
1819,780.0,552,1219693,0.15,0.12783917246143456,4217.4331545000005,True,False
1820,970.0,714,1220407,0.15,0.12359130748788293,4219.918350042,True,False
1821,1300.0,478,1220885,0.15,0.12541104039798182,4221.576423917,True,False
1822,1630.0,1088,1221973,0.15,0.1175156504545799,4225.41051675,True,False
1823,640.0,595,1222568,0.15,0.1150709073740564,4227.502380792,True,False
1824,910.0,598,1223166,0.15,0.13125187056076607,4229.5141326250005,True,False
1825,910.0,539,1223705,0.15,0.1184703474243482,4231.336495208,True,False
1826,3240.0,914,1224619,0.15,0.1066152651287746,4235.437573833,True,False
1827,1120.0,635,1225254,0.15,0.10497975307253171,4237.6825835,True,False
1828,890.0,617,1225871,0.15,0.11559409522390984,4239.826870958,True,False
1829,2050.0,1051,1226922,0.15,0.11875392401683013,4243.483955292,True,False
1830,610.0,473,1227395,0.15,0.1256136728482226,4245.18467175,True,False
1831,160.0,250,1227645,0.15,0.16293834297666474,4246.049714167,True,False
1832,870.0,517,1228162,0.15,0.11719677011056463,4247.887971083,True,False
1833,480.0,391,1228553,0.15,0.12135834098622507,4249.3669215,True,False
1834,1170.0,759,1229312,0.15,0.11552492853646215,4251.9565235830005,True,False
1835,940.0,763,1230075,0.15,0.09878823793444194,4254.602676167,True,False
1836,1050.0,709,1230784,0.15,0.09609514055250401,4257.593460167001,True,False
1837,1010.0,574,1231358,0.15,0.11354980114977677,4259.5612803330005,True,False
1838,320.0,342,1231700,0.15,0.08330608540496161,4260.789572042,True,False
1839,1120.0,863,1232563,0.15,0.12262045620659064,4263.93399575,True,False
1840,610.0,553,1233116,0.15,0.1220027131008373,4265.872061,True,False
1841,1220.0,894,1234010,0.15,0.13199083075228027,4269.1512317080005,True,False
1842,1440.0,826,1234836,0.15,0.12265805684138036,4272.011990708,True,False
1843,960.0,506,1235342,0.15,0.13981571123890935,4273.992168333,True,False
1844,1050.0,951,1236293,0.15,0.13032567674028023,4277.408440458,True,False
1845,940.0,592,1236885,0.15,0.12683059778567907,4279.522541333,True,False
1846,940.0,726,1237611,0.15,0.1030099463047079,4282.058496625,True,False
1847,1130.0,678,1238289,0.15,0.13513763612684082,4284.360746042,True,False
1848,1540.0,645,1238934,0.15,0.13225085201517026,4286.776906583,True,False
1849,2430.0,850,1239784,0.15,0.11710948653589112,4289.690580083,True,False
1850,780.0,649,1240433,0.15,0.1367667209196054,4291.908509708001,True,False
1851,1130.0,567,1241000,0.15,0.12276201181008782,4294.927699708001,True,False
1852,750.0,563,1241563,0.15,0.13553266688915236,4296.939871667,True,False
1853,1780.0,1112,1242675,0.15,0.12449776067686595,4300.775279958,True,False
1854,810.0,601,1243276,0.15,0.11608002067155002,4302.868341917,True,False
1855,740.0,668,1243944,0.15,0.12508974147927082,4305.151692125,True,False
1856,1430.0,713,1244657,0.15,0.11005897934056735,4307.6828012080005,True,False
1857,860.0,533,1245190,0.15,0.1136232887471753,4309.554841875,True,False
1858,910.0,556,1245746,0.15,0.13856008492088576,4311.524307917,True,False
1859,1740.0,921,1246667,0.15,0.13485401785406081,4314.85638825,True,False
1860,1900.0,936,1247603,0.15,0.1072855200459305,4318.270591667,True,False
1861,1300.0,753,1248356,0.15,0.10406315831280259,4320.908352458,True,False
1862,1120.0,636,1248992,0.15,0.131476200449298,4323.216511458,True,False
1863,660.0,675,1249667,0.15,0.10089587595402486,4325.735345375,True,False
1864,770.0,654,1250321,0.15,0.09098259278959255,4328.828746125,True,False
1865,1330.0,774,1251095,0.15,0.12995374932344714,4331.828076333,True,False
1866,1060.0,806,1251901,0.15,0.11055954978201944,4335.006605542,True,False
1867,870.0,670,1252571,0.15,0.11113493553847967,4337.3235540000005,True,False
1868,1140.0,748,1253319,0.15,0.12209812900360255,4339.974691625001,True,False
1869,960.0,950,1254269,0.15,0.10363728985065172,4343.360109,True,False
1870,520.0,510,1254779,0.15,0.09844227578109643,4345.17289825,True,False
1871,1560.0,1026,1255805,0.15,0.10294718359839823,4348.724570750001,True,False
1872,1490.0,1042,1256847,0.15,0.12244757508429197,4352.366827125,True,False
1873,740.0,716,1257563,0.15,0.13916390314281984,4354.884771125,True,False
1874,1360.0,1176,1258739,0.15,0.12166599543499095,4359.2894883750005,True,False
1875,2560.0,971,1259710,0.15,0.10210984005542939,4362.658759917,True,False
1876,800.0,627,1260337,0.15,0.11811963283711938,4365.757088458,True,False
1877,1140.0,797,1261134,0.15,0.1238723129651804,4368.644793542,True,False
1878,1380.0,1431,1262565,0.15,0.12133018963829766,4373.599534833,True,False
1879,1130.0,931,1263496,0.15,0.10057411159792427,4376.86309025,True,False
1880,790.0,657,1264153,0.15,0.1096927650136555,4379.124603833,True,False
1881,610.0,553,1264706,0.15,0.11731289414877909,4381.014879708,True,False
1882,980.0,587,1265293,0.15,0.1294786021442843,4383.034799958,True,False
1883,1580.0,1064,1266357,0.15,0.11324630758227934,4386.845047167,True,False
1884,740.0,735,1267092,0.15,0.1256449346876015,4389.876504833,True,False
1885,920.0,618,1267710,0.15,0.11353690969431168,4392.167107375,True,False
1886,1530.0,720,1268430,0.15,0.10765167314352261,4394.685785708,True,False
1887,1350.0,627,1269057,0.15,0.10517823022262306,4396.987980625,True,False
1888,570.0,529,1269586,0.15,0.13283696378383672,4398.858675708,True,False
1889,710.0,693,1270279,0.15,0.12034180309257411,4401.208373792,True,False
1890,1150.0,789,1271068,0.15,0.11644572593422249,4403.971099083,True,False
1891,1640.0,659,1271727,0.15,0.1123570845485097,4406.198694833,True,False
1892,920.0,638,1272365,0.15,0.10830807712627574,4408.358460042,True,False
1893,1420.0,610,1272975,0.15,0.11950195123637586,4410.43711025,True,False
1894,1050.0,738,1273713,0.15,0.11564321222941618,4413.004951958,True,False
1895,910.0,602,1274315,0.15,0.1354728313287099,4415.2633455000005,True,False
1896,1820.0,1122,1275437,0.15,0.12521343849917535,4419.1458115000005,True,False
1897,1240.0,798,1276235,0.15,0.10814297032640807,4421.8033845,True,False
1898,1490.0,668,1276903,0.15,0.08726258556955233,4424.123754833,True,False
1899,500.0,512,1277415,0.15,0.11145548005879391,4425.9233823330005,True,False
1900,990.0,929,1278344,0.15,0.11628327724152113,4429.345547042,True,False
1901,600.0,505,1278849,0.15,0.12203173266930713,4431.887141667,True,False
1902,730.0,589,1279438,0.15,0.1071929289598246,4433.926721458,True,False
1903,1080.0,635,1280073,0.15,0.12047794177753371,4436.162438958,True,False
1904,1040.0,726,1280799,0.15,0.1150548559567217,4438.689192208,True,False
1905,740.0,534,1281333,0.15,0.1345624046177784,4441.0025523330005,True,False
1906,2630.0,865,1282198,0.15,0.11495040547689078,4443.954057375,True,False
1907,1320.0,916,1283114,0.15,0.11802235587325159,4447.283466125,True,False
1908,630.0,558,1283672,0.15,0.12465787013726574,4449.475278833,True,False
1909,1510.0,705,1284377,0.15,0.11137165610720827,4452.400947125,True,False
1910,1830.0,907,1285284,0.15,0.12002408670236886,4455.823003292,True,False
1911,1080.0,764,1286048,0.15,0.11196485266128448,4458.41654675,True,False
1912,1200.0,836,1286884,0.15,0.12046748736614817,4461.383784208,True,False
1913,2240.0,735,1287619,0.15,0.11968754106735596,4463.9717055,True,False
1914,1490.0,703,1288322,0.15,0.1015681382057003,4466.413160125,True,False
1915,1280.0,843,1289165,0.15,0.09216034830817114,4469.3241666250005,True,False
1916,1630.0,825,1289990,0.15,0.11077275676019852,4472.132136583,True,False
1917,1430.0,940,1290930,0.15,0.1074704272355488,4475.37073475,True,False
1918,1100.0,791,1291721,0.15,0.12096309426682766,4478.085758917,True,False
1919,610.0,648,1292369,0.15,0.11217992865468984,4480.3576852080005,True,False
1920,450.0,474,1292843,0.15,0.117240491686231,4481.98275175,True,False
1921,1000.0,886,1293729,0.15,0.12018897460756807,4485.089560208,True,False
1922,960.0,556,1294285,0.15,0.10261161498082198,4487.137648125,True,False
1923,1230.0,742,1295027,0.15,0.10117082237391858,4489.583029167,True,False
1924,740.0,496,1295523,0.15,0.10976716061873783,4491.326221917,True,False
1925,930.0,634,1296157,0.15,0.12506085467882128,4493.446570125,True,False
1926,1210.0,681,1296838,0.15,0.10793053766383845,4496.576486083,True,False
1927,1240.0,689,1297527,0.15,0.0993464103206819,4498.956030292,True,False
1928,1160.0,743,1298270,0.15,0.10519456759255419,4501.421965542,True,False
1929,180.0,330,1298600,0.15,0.09377947968082974,4502.663473542,True,False
1930,1340.0,999,1299599,0.15,0.12093539536747348,4506.066877125,True,False
1931,780.0,814,1300413,0.15,0.11848481296214695,4508.985208375,True,False
1932,730.0,578,1300991,0.15,0.09575293931023528,4511.123107917,True,False
1933,1210.0,709,1301700,0.15,0.12590847400885619,4513.508650375,True,False
1934,900.0,523,1302223,0.15,0.13391054443155342,4515.335670083,True,False
1935,640.0,476,1302699,0.15,0.11348795557410277,4517.021865375,True,False
1936,750.0,451,1303150,0.15,0.09575427313689637,4518.5916062080005,True,False
1937,880.0,822,1303972,0.15,0.11414511096708983,4522.139468417,True,False
1938,1240.0,862,1304834,0.15,0.10920612967118275,4525.309897875,True,False
1939,1020.0,755,1305589,0.15,0.11172100270866717,4528.040853083,True,False
1940,1100.0,600,1306189,0.15,0.1070338369285067,4530.052989542,True,False
1941,1640.0,1246,1307435,0.15,0.10573033377576105,4534.338781667,True,False
1942,810.0,695,1308130,0.15,0.10654939441331501,4536.7039527080005,True,False
1943,2170.0,828,1308958,0.15,0.1135266525985826,4539.468625625,True,False
1944,1020.0,618,1309576,0.15,0.10558480533861345,4541.620131333,True,False
1945,1380.0,864,1310440,0.15,0.1241409389940263,4544.76624025,True,False
1946,1260.0,689,1311129,0.15,0.11202095946037145,4547.475051292,True,False
1947,1650.0,718,1311847,0.15,0.1118208284193244,4550.036319333,True,False
1948,820.0,793,1312640,0.15,0.110497676463208,4552.816748917,True,False
1949,1490.0,684,1313324,0.15,0.10949732117049875,4555.0794227920005,True,False
1950,700.0,485,1313809,0.15,0.12096064426928513,4556.8349265,True,False
1951,580.0,608,1314417,0.15,0.12102320986358743,4559.76785875,True,False
1952,2620.0,791,1315208,0.15,0.1288276966096777,4562.68969275,True,False
1953,1440.0,975,1316183,0.15,0.13176871644555296,4566.958024667,True,False
1954,1120.0,723,1316906,0.15,0.1275726830720572,4569.352430208,True,False
1955,540.0,655,1317561,0.15,0.11887505576695974,4571.857041833,True,False
1956,540.0,507,1318068,0.15,0.13964250425654134,4574.12823325,True,False
1957,740.0,589,1318657,0.15,0.12805315279433516,4576.585525208,True,False
1958,1040.0,900,1319557,0.15,0.12218626669711537,4579.844521958,True,False
1959,1110.0,863,1320420,0.15,0.1217101998799653,4583.539375458,True,False
1960,1440.0,1046,1321466,0.15,0.11394808574140756,4587.499915542,True,False
1961,1480.0,886,1322352,0.15,0.10614284273941775,4591.105910208,True,False
1962,1000.0,686,1323038,0.15,0.10692307699406356,4593.6011905000005,True,False
1963,1530.0,1004,1324042,0.15,0.1116899002076264,4597.426521042,True,False
1964,1110.0,1056,1325098,0.15,0.11806779327999914,4601.235403083,True,False
1965,750.0,667,1325765,0.15,0.13483850422599716,4604.019078458,True,False
1966,1350.0,582,1326347,0.15,0.12151562376268979,4606.4661657920005,True,False
1967,1470.0,1122,1327469,0.15,0.12330445122252155,4610.871088167,True,False
1968,1450.0,594,1328063,0.15,0.11350822186953313,4612.888399583,True,False
1969,780.0,667,1328730,0.15,0.13781214314708096,4615.243126417,True,False
1970,690.0,617,1329347,0.15,0.11478700265046451,4617.437984,True,False
1971,1170.0,906,1330253,0.15,0.13340054720738648,4620.523005,True,False
1972,1240.0,943,1331196,0.15,0.11941936741567265,4623.740580417,True,False
1973,810.0,624,1331820,0.15,0.11574691537624368,4625.936217875,True,False
1974,640.0,598,1332418,0.15,0.1288048249963146,4628.111212125,True,False
1975,1200.0,1046,1333464,0.15,0.11906799849634635,4631.654647917,True,False
1976,760.0,424,1333888,0.15,0.09350156713769121,4634.111641042,True,False
1977,720.0,618,1334506,0.15,0.12202300661086261,4636.259854083,True,False
1978,1280.0,713,1335219,0.15,0.10706837033706434,4638.76564625,True,False
1979,820.0,625,1335844,0.15,0.1260212231427431,4640.859440958,True,False
1980,1680.0,898,1336742,0.15,0.12835499775662487,4644.568102542,True,False
1981,1330.0,769,1337511,0.15,0.1296779268013779,4647.391877542,True,False
1982,1060.0,804,1338315,0.15,0.11764357040696476,4650.193326333,True,False
1983,1050.0,642,1338957,0.15,0.13561513321184965,4652.375296,True,False
1984,1250.0,926,1339883,0.15,0.12494948644239406,4655.660816083,True,False
1985,1010.0,791,1340674,0.15,0.12099296209223644,4658.3606767500005,True,False
1986,1710.0,740,1341414,0.15,0.1253999423638389,4660.972699083,True,False
1987,990.0,512,1341926,0.15,0.12669583864044398,4662.7060975,True,False
1988,760.0,803,1342729,0.15,0.1266236358706779,4666.015500292,True,False
1989,500.0,562,1343291,0.15,0.1131662545326565,4668.100242708,True,False
1990,1560.0,822,1344113,0.15,0.11506457776012062,4671.217959292,True,False
1991,1470.0,637,1344750,0.15,0.1395820402218111,4673.346412833,True,False
1992,780.0,629,1345379,0.15,0.11328306770438601,4675.530813292,True,False
1993,1200.0,794,1346173,0.15,0.11929838459508203,4678.269900375,True,False
1994,870.0,791,1346964,0.15,0.11979717618287211,4680.968850208,True,False
1995,1920.0,973,1347937,0.15,0.13237721948221387,4684.160472042,True,False
1996,560.0,447,1348384,0.15,0.1365309911114829,4685.735425625,True,False
1997,1240.0,786,1349170,0.15,0.1229072018545501,4688.544740333,True,False
1998,1400.0,742,1349912,0.15,0.14129296338726435,4690.985713333,True,False
1999,1290.0,1035,1350947,0.15,0.10870148097850786,4694.487773042,True,False
2000,2160.0,1083,1352030,0.15,0.12060383182857529,4698.069065083,True,False
2001,450.0,363,1352393,0.15,0.13895981406772528,4700.104602917,True,False
2002,910.0,701,1353094,0.15,0.1265698785654136,4702.591488708,True,False
2003,1010.0,862,1353956,0.15,0.10678885934908909,4706.303239333,True,False
2004,2290.0,793,1354749,0.15,0.11537167995302665,4709.105145333,True,False
2005,1140.0,735,1355484,0.15,0.13623724930474293,4711.569158083,True,False
2006,1070.0,623,1356107,0.15,0.14985327798753015,4713.716074792,True,False
2007,1390.0,1090,1357197,0.15,0.1300622883078816,4717.407496333,True,False
2008,1800.0,749,1357946,0.15,0.11530861707732958,4719.863229667,True,False
2009,1160.0,688,1358634,0.15,0.11389824629999525,4722.207561333,True,False
2010,870.0,695,1359329,0.15,0.13845186252361055,4724.5203225000005,True,False
2011,780.0,542,1359871,0.15,0.10936079069420143,4726.342678375,True,False
2012,1070.0,755,1360626,0.15,0.1310184435652835,4728.9593444170005,True,False
2013,1290.0,877,1361503,0.15,0.1230184176690094,4731.835178167,True,False
2014,790.0,626,1362129,0.15,0.09897920006447157,4733.981351792,True,False
2015,1450.0,761,1362890,0.15,0.10844729634884157,4736.739975667,True,False
2016,1250.0,887,1363777,0.15,0.10811812268687529,4740.250639292,True,False
2017,2280.0,796,1364573,0.15,0.10707357976978747,4742.976708625,True,False
2018,960.0,571,1365144,0.15,0.11041850485949667,4744.93045325,True,False
2019,1040.0,628,1365772,0.15,0.1176806196190749,4747.071525125,True,False
2020,1150.0,739,1366511,0.15,0.13438256907924687,4750.104208667,True,False
2021,1130.0,624,1367135,0.15,0.1341993133776272,4752.377014667,True,False
2022,2620.0,1070,1368205,0.15,0.12145737950592789,4756.369502208,True,False
2023,1180.0,784,1368989,0.15,0.12655849061070049,4759.562781042,True,False
2024,1220.0,914,1369903,0.15,0.10859748105959673,4762.824148583,True,False
2025,1030.0,631,1370534,0.15,0.13508837136050947,4764.954273417,True,False
2026,1090.0,1106,1371640,0.15,0.12094355999939278,4770.552452125,True,False
2027,1360.0,833,1372473,0.15,0.10307857552722383,4773.5269409580005,True,False
2028,2900.0,970,1373443,0.15,0.1346585405374731,4776.790359083,True,False
2029,1340.0,1112,1374555,0.15,0.10946257011093896,4780.601310958,True,False
2030,710.0,657,1375212,0.15,0.10983278271601056,4782.876293583,True,False
2031,850.0,508,1375720,0.15,0.13426740847410648,4784.7011343330005,True,False
2032,1350.0,1037,1376757,0.15,0.12423062558972697,4788.441803,True,False
2033,520.0,547,1377304,0.15,0.1300937736774013,4790.405530292001,True,False
2034,650.0,499,1377803,0.15,0.11704931214391705,4792.124784208,True,False
2035,940.0,571,1378374,0.15,0.14440170951656528,4794.049302,True,False
2036,1010.0,606,1378980,0.15,0.13230236783917798,4796.215957042,True,False
2037,4730.0,1074,1380054,0.15,0.13708041800158238,4799.980894417,True,False
2038,660.0,554,1380608,0.15,0.11597174396671409,4801.878193458,True,False
2039,1430.0,757,1381365,0.15,0.10549587277429444,4804.615307542,True,False
2040,1300.0,1073,1382438,0.15,0.12156202161073018,4808.6227286250005,True,False
2041,1420.0,971,1383409,0.15,0.10453848215778178,4811.96544625,True,False
2042,740.0,610,1384019,0.15,0.10825206209464293,4814.060061167,True,False
2043,490.0,522,1384541,0.15,0.1258041933463275,4815.884610958,True,False
2044,750.0,701,1385242,0.15,0.13942604428955488,4818.776250125,True,False
2045,4120.0,693,1385935,0.15,0.14461605003200514,4821.121955083,True,False
2046,920.0,498,1386433,0.15,0.10880062882602215,4822.871575042,True,False
2047,900.0,646,1387079,0.15,0.12605573248511515,4825.099753375001,True,False
2048,1580.0,794,1387873,0.15,0.11456161237616636,4828.722414917,True,False
2049,820.0,696,1388569,0.15,0.12053314315947308,4831.2607265,True,False
2050,940.0,678,1389247,0.15,0.09895186758870204,4833.838428667,True,False
2051,760.0,703,1389950,0.15,0.13475203930019317,4837.641479708,True,False
2052,1050.0,680,1390630,0.15,0.09889012714300086,4840.033310125,True,False
2053,1200.0,972,1391602,0.15,0.13140008872213924,4843.711240875,True,False
2054,1360.0,609,1392211,0.15,0.1453534109321864,4845.922301833,True,False
2055,880.0,583,1392794,0.15,0.09602677768530095,4848.165610458,True,False
2056,2350.0,669,1393463,0.15,0.11402412674607273,4850.642831042,True,False
2057,810.0,624,1394087,0.15,0.10546039775587045,4852.799401625,True,False
2058,1190.0,781,1394868,0.15,0.10844199305248199,4855.63065225,True,False
2059,1920.0,936,1395804,0.15,0.08254327101266792,4858.868404083,True,False
2060,1310.0,797,1396601,0.15,0.10413535638483026,4861.7439045,True,False
2061,1270.0,1134,1397735,0.15,0.10585281913014057,4865.888137583001,True,False
2062,1020.0,739,1398474,0.15,0.12321141160823204,4868.719607917,True,False
2063,1930.0,893,1399367,0.15,0.1191821318002827,4871.911051208001,True,False
2064,1150.0,676,1400043,0.15,0.11393513882080832,4874.842659875,True,False
2065,1150.0,769,1400812,0.15,0.1174781328559385,4877.529880292,True,False
2066,1190.0,771,1401583,0.15,0.10085403075693951,4880.376403833,True,False
2067,1140.0,732,1402315,0.15,0.12642856173298725,4883.0530272920005,True,False
2068,2110.0,1312,1403627,0.15,0.09861643582855056,4887.7930165,True,False
2069,1150.0,874,1404501,0.15,0.12707901855752077,4890.935610292,True,False
2070,1790.0,909,1405410,0.15,0.1305305307673594,4894.0018674170005,True,False
2071,1020.0,867,1406277,0.15,0.12429902122317371,4897.059127542,True,False
2072,1840.0,922,1407199,0.15,0.11018596617909877,4900.313546833,True,False
2073,1490.0,976,1408175,0.15,0.11355567282279495,4903.756490125,True,False
2074,470.0,389,1408564,0.15,0.11027361884028936,4905.196351333,True,False
2075,1770.0,942,1409506,0.15,0.10055519358274785,4908.627675583,True,False
2076,2760.0,749,1410255,0.15,0.09576645949706036,4912.3224075,True,False
2077,1120.0,715,1410970,0.15,0.12146570608436062,4914.81771125,True,False
2078,940.0,601,1411571,0.15,0.1084906724964579,4917.012638583,True,False
2079,1440.0,982,1412553,0.15,0.11144893601294456,4920.326819083,True,False
2080,510.0,419,1412972,0.15,0.09169249421074277,4921.848160458,True,False
2081,1040.0,800,1413772,0.15,0.0986243525147438,4924.65905475,True,False
2082,900.0,616,1414388,0.15,0.10707489496653343,4926.841567333,True,False
2083,1330.0,795,1415183,0.15,0.1181368005433769,4929.58406325,True,False
2084,650.0,554,1415737,0.15,0.1265694520992341,4931.680571167,True,False
2085,890.0,586,1416323,0.15,0.08996113760983698,4933.714845458,True,False
2086,1260.0,1058,1417381,0.15,0.12643800978812406,4937.394222042,True,False
2087,1060.0,893,1418274,0.15,0.1217343453234354,4940.526792417,True,False
2088,890.0,936,1419210,0.15,0.0991413422390564,4943.903985375,True,False
2089,1510.0,761,1419971,0.15,0.11983180834274543,4946.7375559170005,True,False
2090,1160.0,781,1420752,0.15,0.10173592882763062,4949.627028708,True,False
2091,620.0,513,1421265,0.15,0.13976578824804164,4951.375624708,True,False
2092,570.0,550,1421815,0.15,0.09724192164947082,4953.379671042,True,False
2093,2320.0,811,1422626,0.15,0.1102110871155127,4956.154965125,True,False
2094,830.0,583,1423209,0.15,0.10083053725427144,4958.1156035,True,False
2095,1190.0,694,1423903,0.15,0.12641395857783755,4961.744955542,True,False
2096,860.0,497,1424400,0.15,0.1142899167239666,4963.512269875,True,False
2097,850.0,515,1424915,0.15,0.13753698127402458,4965.477181458,True,False
2098,1150.0,829,1425744,0.15,0.11716331790487927,4968.649131833,True,False
2099,1730.0,928,1426672,0.15,0.11501962074945712,4971.901967,True,False
2100,1460.0,758,1427430,0.15,0.0977770464997443,4974.7784010000005,True,False
2101,1980.0,940,1428370,0.15,0.1088316846480395,4979.399583167,True,False
2102,1050.0,652,1429022,0.15,0.12489777041222054,4981.678812125,True,False
2103,1300.0,860,1429882,0.15,0.10304573925082074,4985.0641819580005,True,False
2104,1600.0,963,1430845,0.15,0.12062820568062457,4988.767257417,True,False
2105,2150.0,640,1431485,0.15,0.11717030343133956,4991.120811,True,False
2106,1680.0,824,1432309,0.15,0.11861060800265918,4994.12249925,True,False
2107,1040.0,574,1432883,0.15,0.10882182535226945,4996.695966958,True,False
2108,1260.0,767,1433650,0.15,0.09382542246991459,4999.3122597500005,True,False
2109,1760.0,1146,1434796,0.15,0.1157739101665724,5003.2840307080005,True,False
2110,2460.0,890,1435686,0.15,0.10518993880297686,5006.3183195,True,False
2111,2180.0,952,1436638,0.15,0.11671205054373801,5009.663533667,True,False
2112,930.0,632,1437270,0.15,0.09839576798715169,5011.8804244170005,True,False
2113,680.0,520,1437790,0.15,0.09846016834848202,5013.657958625,True,False
2114,1350.0,874,1438664,0.15,0.10777281160938414,5016.718806875,True,False
2115,2370.0,1013,1439677,0.15,0.09314541292667625,5020.586617167,True,False
2116,700.0,649,1440326,0.15,0.11150582064587025,5023.273886667,True,False
2117,1180.0,639,1440965,0.15,0.14582834920147433,5026.168715208,True,False
2118,1270.0,821,1441786,0.15,0.11409508818533362,5029.271316583,True,False
2119,690.0,652,1442438,0.15,0.10033709162766216,5031.820514708,True,False
2120,790.0,607,1443045,0.15,0.0982877167039796,5033.970950833,True,False
2121,1840.0,1081,1444126,0.15,0.11933940199238283,5038.029225708,True,False
2122,1460.0,895,1445021,0.15,0.10621838730626873,5041.426531542,True,False
2123,1070.0,561,1445582,0.15,0.08666633707471191,5043.485561042,True,False
2124,1480.0,768,1446350,0.15,0.08993082951443891,5046.271683083,True,False
2125,780.0,580,1446930,0.15,0.08731411717318255,5048.49347825,True,False
2126,990.0,646,1447576,0.15,0.09986286913907086,5051.632307792001,True,False
2127,1290.0,819,1448395,0.15,0.09178709681602377,5054.8824285420005,True,False
2128,780.0,590,1448985,0.15,0.11778272178678496,5056.885270417,True,False
2129,1130.0,763,1449748,0.15,0.11271200374900046,5059.790107083,True,False
2130,1250.0,762,1450510,0.15,0.08956826842929187,5062.525651708,True,False
2131,1070.0,630,1451140,0.15,0.10234677446180884,5064.820592417,True,False
2132,1070.0,620,1451760,0.15,0.11313337300333284,5067.099109542,True,False
2133,770.0,626,1452386,0.15,0.0885945261360552,5069.3199475,True,False
2134,1170.0,760,1453146,0.15,0.10319202861895686,5072.1315056250005,True,False
2135,1760.0,822,1453968,0.15,0.12189743719380168,5075.042857542,True,False
2136,1010.0,736,1454704,0.15,0.09737324368451601,5077.695453333,True,False
2137,1390.0,774,1455478,0.15,0.1137260489281595,5080.4388622080005,True,False
2138,1490.0,636,1456114,0.15,0.09918236338867331,5083.601874875,True,False
2139,1400.0,962,1457076,0.15,0.10822640524025527,5087.09779975,True,False
2140,1170.0,677,1457753,0.15,0.1045122278314194,5089.475499292,True,False
2141,1550.0,710,1458463,0.15,0.09517410961584856,5091.991440125,True,False
2142,990.0,856,1459319,0.15,0.09724356582231611,5095.068937833,True,False
2143,890.0,716,1460035,0.15,0.09005758547166873,5097.583471083,True,False
2144,580.0,455,1460490,0.15,0.11110409024057158,5099.353462583,True,False
2145,1110.0,732,1461222,0.15,0.08871998498470732,5101.911673083,True,False
2146,1750.0,1094,1462316,0.15,0.1115619739667125,5105.694725792,True,False
2147,1370.0,864,1463180,0.15,0.10866828075679089,5108.904930708,True,False
2148,960.0,883,1464063,0.15,0.10451199568130753,5112.0309654170005,True,False
2149,1860.0,1105,1465168,0.15,0.10561470452037099,5115.881283625,True,False
2150,2790.0,906,1466074,0.15,0.09760730806738138,5119.254733542,True,False
2151,970.0,514,1466588,0.15,0.10926154530210089,5121.841449375,True,False
2152,1270.0,824,1467412,0.15,0.08060088986078802,5124.827757792,True,False
2153,990.0,812,1468224,0.15,0.10010516618750072,5127.706993,True,False
2154,1270.0,524,1468748,0.15,0.09463813561121472,5129.637475417,True,False
2155,1870.0,961,1469709,0.15,0.09009148372182002,5133.152630917,True,False
2156,1530.0,756,1470465,0.15,0.1029394081049653,5135.773306375,True,False
2157,1050.0,707,1471172,0.15,0.11450022576892444,5138.354024208,True,False
2158,1590.0,732,1471904,0.15,0.10881460058029557,5141.017549,True,False
2159,2300.0,1243,1473147,0.15,0.09925918519016236,5146.116637667,True,False
2160,790.0,560,1473707,0.15,0.09028461378599917,5148.288113375,True,False
2161,1440.0,906,1474613,0.15,0.0994666680685421,5151.670651083,True,False
2162,240.0,469,1475082,0.15,0.12454288198142989,5153.337117625,True,False
2163,1640.0,673,1475755,0.15,0.0929938833051849,5155.836498958,True,False
2164,980.0,730,1476485,0.15,0.10735399985451842,5158.3812814170005,True,False
2165,1940.0,858,1477343,0.15,0.09449628549062203,5161.431650667,True,False
2166,1420.0,832,1478175,0.15,0.11579613216543713,5164.4953162500005,True,False
2167,1960.0,913,1479088,0.15,0.09898532561014313,5167.894854542,True,False
2168,1140.0,785,1479873,0.15,0.10664564232360951,5170.7471041670005,True,False
2169,810.0,666,1480539,0.15,0.09645016161522951,5173.226818042001,True,False
2170,1100.0,702,1481241,0.15,0.10056227842472833,5176.087548417,True,False
2171,1630.0,895,1482136,0.15,0.1096684673352034,5179.298245917,True,False
2172,1780.0,806,1482942,0.15,0.12059262846202697,5182.0539742500005,True,False
2173,890.0,694,1483636,0.15,0.10514721256177659,5184.613522625,True,False
2174,1860.0,891,1484527,0.15,0.11803818846473822,5187.667134542,True,False
2175,770.0,583,1485110,0.15,0.10655719496003568,5189.652354292,True,False
2176,1150.0,860,1485970,0.15,0.09491727298428845,5193.53812425,True,False
2177,1120.0,844,1486814,0.15,0.12812883345966372,5196.586659167,True,False
2178,1250.0,746,1487560,0.15,0.10399497994645075,5199.154890208,True,False
2179,1380.0,1018,1488578,0.15,0.08805816911718273,5202.585264125,True,False
2180,940.0,595,1489173,0.15,0.1056307655877915,5205.657752292,True,False
2181,980.0,687,1489860,0.15,0.08052898732252246,5208.156931542,True,False
2182,700.0,471,1490331,0.15,0.11194306779175232,5209.978988417,True,False
2183,920.0,647,1490978,0.15,0.10879236135493826,5212.263257667,True,False
2184,850.0,604,1491582,0.15,0.09144956051119116,5214.355322333,True,False
2185,790.0,571,1492153,0.15,0.12321710981220216,5216.437911583,True,False
2186,1230.0,1428,1493581,0.15,0.09998201206848234,5221.432111125,True,False
2187,1540.0,861,1494442,0.15,0.11675139380575612,5224.48846875,True,False
2188,430.0,394,1494836,0.15,0.09849495660852302,5225.830067125,True,False
2189,1020.0,642,1495478,0.15,0.10865058125928044,5228.129694208,True,False
2190,1730.0,665,1496143,0.15,0.09968626407165844,5230.419387583001,True,False
2191,2700.0,1084,1497227,0.15,0.09518527060857118,5234.298121292,True,False
2192,1070.0,878,1498105,0.15,0.1110837477259338,5237.4178211670005,True,False
2193,2830.0,902,1499007,0.15,0.10245461221370432,5240.609480958,True,False
2194,650.0,545,1499552,0.15,0.11152134673928257,5242.4656148330005,True,False
2195,1370.0,796,1500348,0.15,0.12873010078080036,5245.280084667,True,False
2196,830.0,573,1500921,0.15,0.1034186087366376,5247.4272201250005,True,False
2197,2710.0,826,1501747,0.15,0.10378116145006662,5250.371594167,True,False
2198,520.0,439,1502186,0.15,0.11172768133269115,5251.878127042,True,False
2199,1430.0,785,1502971,0.15,0.13599611581208146,5254.658208625,True,False
2200,1320.0,835,1503806,0.15,0.09375035421450457,5257.522492125,True,False
2201,1410.0,842,1504648,0.15,0.10046145448823111,5261.609526292,True,False
2202,1620.0,907,1505555,0.15,0.10704504923515878,5265.296537375,True,False
2203,1020.0,713,1506268,0.15,0.09101419757489719,5268.372034375,True,False
2204,1350.0,697,1506965,0.15,0.11952811162704709,5271.03818575,True,False
2205,940.0,622,1507587,0.15,0.10834744129209749,5273.153014417,True,False
2206,1460.0,731,1508318,0.15,0.138116920621343,5275.818406583,True,False
2207,1270.0,734,1509052,0.15,0.11163542816496413,5278.565741125,True,False
2208,1160.0,689,1509741,0.15,0.12778201705754497,5281.1128215,True,False
2209,1040.0,575,1510316,0.15,0.10345599832685871,5283.09760775,True,False
2210,2810.0,1028,1511344,0.15,0.09556199344969445,5286.843646958,True,False
2211,1530.0,967,1512311,0.15,0.10592622845530263,5290.32230725,True,False
2212,730.0,629,1512940,0.15,0.10725620801595948,5292.702142542,True,False
2213,2090.0,1051,1513991,0.15,0.10858899596652002,5296.553482833,True,False
2214,1860.0,770,1514761,0.15,0.13585911720141847,5299.245374167,True,False
2215,1120.0,669,1515430,0.15,0.1131814856439115,5301.642988583,True,False
2216,720.0,607,1516037,0.15,0.10765255296504811,5303.760875583,True,False
2217,2290.0,897,1516934,0.15,0.10965047203769375,5306.966109708,True,False
2218,1120.0,655,1517589,0.15,0.12571598799535777,5309.195944125,True,False
2219,2180.0,706,1518295,0.15,0.10365418656940827,5311.819234125001,True,False
2220,1260.0,823,1519118,0.15,0.1310441215314622,5314.860080167,True,False
2221,1290.0,773,1519891,0.15,0.11537271419569001,5317.454178583,True,False
2222,1540.0,1147,1521038,0.15,0.10597754560592698,5321.5127183330005,True,False
2223,1970.0,917,1521955,0.15,0.11913394614013001,5324.829363417,True,False
2224,1540.0,659,1522614,0.15,0.11271688387249455,5327.518816042,True,False
2225,1180.0,737,1523351,0.15,0.09114927940232598,5330.124136,True,False
2226,1180.0,742,1524093,0.15,0.12335507118053013,5333.393579375,True,False
2227,1840.0,1039,1525132,0.15,0.1286436870909081,5337.163059167,True,False
2228,590.0,464,1525596,0.15,0.09867087257062566,5338.797323333,True,False
2229,1330.0,834,1526430,0.15,0.11351293893172763,5342.125564958,True,False
2230,890.0,698,1527128,0.15,0.13290547031377042,5344.649036917001,True,False
2231,2620.0,1058,1528186,0.15,0.0925756210715256,5348.819796125,True,False
2232,1400.0,835,1529021,0.15,0.10875417620086214,5351.861210417,True,False
2233,940.0,839,1529860,0.15,0.11533109079159441,5354.978936708,True,False
2234,1030.0,685,1530545,0.15,0.12223178329087837,5357.390806708,True,False
2235,1100.0,756,1531301,0.15,0.15684239776243294,5360.142617958,True,False
2236,1710.0,929,1532230,0.15,0.10389973828569055,5363.434230375,True,False
2237,2080.0,968,1533198,0.15,0.11059706758954062,5366.900714125,True,False
2238,1170.0,766,1533964,0.15,0.11482991264589752,5369.4479762500005,True,False
2239,980.0,723,1534687,0.15,0.10833170558843348,5371.919407,True,False
2240,2220.0,945,1535632,0.15,0.11556466620902724,5375.319599875,True,False
2241,570.0,500,1536132,0.15,0.13418811681866646,5377.066232125,True,False
2242,930.0,756,1536888,0.15,0.104322868453526,5379.7250554170005,True,False
2243,2190.0,1140,1538028,0.15,0.11253247850558214,5383.69666175,True,False
2244,980.0,599,1538627,0.15,0.11206303153112031,5385.927000292,True,False
2245,1450.0,830,1539457,0.15,0.11585130667887054,5388.973493208,True,False
2246,1250.0,796,1540253,0.15,0.11393654145225508,5392.007108,True,False
2247,1980.0,953,1541206,0.15,0.11775711039472528,5395.720234792,True,False
2248,1200.0,754,1541960,0.15,0.10956138297521248,5399.05772625,True,False
2249,2040.0,554,1542514,0.15,0.09092467491501484,5401.042209708,True,False
2250,1310.0,853,1543367,0.15,0.10906083576661041,5404.221910458,True,False
2251,1300.0,773,1544140,0.15,0.10109708269040302,5408.376669917,True,False
2252,1870.0,1209,1545349,0.15,0.09825066079243722,5412.875937208,True,False
2253,2120.0,1032,1546381,0.15,0.09464737863907981,5416.392880875,True,False
2254,2620.0,830,1547211,0.15,0.10602678001322896,5419.4611419170005,True,False
2255,1060.0,726,1547937,0.15,0.10940545852613318,5421.934403125,True,False
2256,1150.0,739,1548676,0.15,0.09017972675328319,5424.593284042,True,False
2257,1420.0,947,1549623,0.15,0.09924636257149405,5427.702788458,True,False
2258,740.0,606,1550229,0.15,0.11011110003547449,5429.7455981250005,True,False
2259,1320.0,582,1550811,0.15,0.10405653598236626,5431.768449083,True,False
2260,730.0,642,1551453,0.15,0.09340132679211798,5433.92866225,True,False
2261,1030.0,741,1552194,0.15,0.1035351718801099,5436.409348792,True,False
2262,1440.0,741,1552935,0.15,0.09340216071420425,5439.116174167,True,False
2263,1690.0,1080,1554015,0.15,0.09405536671617516,5442.7942645,True,False
2264,1180.0,830,1554845,0.15,0.1021321766042652,5445.596808583,True,False
2265,2530.0,928,1555773,0.15,0.1010058144557065,5448.770107,True,False
2266,1680.0,843,1556616,0.15,0.09682608102735185,5451.631178375,True,False
2267,560.0,481,1557097,0.15,0.10335927279666066,5453.320348208,True,False
2268,1860.0,838,1557935,0.15,0.08883093894597446,5456.1744851250005,True,False
2269,1830.0,1026,1558961,0.15,0.10930182532577663,5459.803424,True,False
2270,1940.0,846,1559807,0.15,0.08950912767924121,5462.855183792,True,False
2271,950.0,718,1560525,0.15,0.09057606023011935,5465.259343792,True,False
2272,1520.0,1000,1561525,0.15,0.09974627041071653,5468.836772333,True,False
2273,1690.0,854,1562379,0.15,0.10679676352252424,5472.324462667,True,False
2274,1480.0,764,1563143,0.15,0.11357539919502448,5475.472630125,True,False
2275,1170.0,710,1563853,0.15,0.09507357017294074,5477.823266208,True,False
2276,870.0,781,1564634,0.15,0.09767347080871845,5481.723429333,True,False
2277,1440.0,863,1565497,0.15,0.09432839263334042,5484.716240667,True,False
2278,1040.0,701,1566198,0.15,0.09729416237345763,5487.135997208,True,False
2279,1130.0,791,1566989,0.15,0.08883852749649021,5489.818421792,True,False
2280,940.0,640,1567629,0.15,0.10794045010115952,5491.975846208,True,False
2281,560.0,471,1568100,0.15,0.09449996098370875,5493.605318042,True,False
2282,1210.0,745,1568845,0.15,0.10634437395680335,5496.111912917,True,False
2283,1180.0,766,1569611,0.15,0.08966975798586588,5498.691855458,True,False
2284,1320.0,902,1570513,0.15,0.1157338994728253,5501.719259292,True,False
2285,700.0,559,1571072,0.15,0.10497499113636358,5503.690923042,True,False
2286,940.0,689,1571761,0.15,0.10495766428797397,5506.009887083,True,False
2287,1020.0,626,1572387,0.15,0.09147423681301567,5508.252391542,True,False
2288,1250.0,708,1573095,0.15,0.10352834851854602,5510.6731930000005,True,False
2289,1440.0,822,1573917,0.15,0.09396200300673548,5513.498446833,True,False
2290,920.0,642,1574559,0.15,0.11049792483681813,5515.7097568750005,True,False
2291,1110.0,661,1575220,0.15,0.10702016920479665,5517.983982292,True,False
2292,700.0,745,1575965,0.15,0.08342003424762078,5520.534984292,True,False
2293,3900.0,839,1576804,0.15,0.10153459938509124,5523.389034208,True,False
2294,600.0,489,1577293,0.15,0.07728177764010234,5525.0588,True,False
2295,1150.0,680,1577973,0.15,0.09300759000813259,5527.4813485,True,False
2296,1320.0,1214,1579187,0.15,0.11279450468841952,5531.654680375,True,False
2297,1140.0,725,1579912,0.15,0.10033091416602934,5534.177055583,True,False
2298,580.0,493,1580405,0.15,0.10384320870526438,5535.935464542,True,False
2299,1090.0,807,1581212,0.15,0.09981288592155912,5538.770485458,True,False
2300,1070.0,846,1582058,0.15,0.09650534129220445,5541.689877333,True,False
2301,1270.0,685,1582743,0.15,0.10271090681920624,5544.877385042,True,False
2302,670.0,631,1583374,0.15,0.0939131106804066,5547.119279167,True,False
2303,900.0,813,1584187,0.15,0.10762023445897795,5549.861033375,True,False
2304,910.0,533,1584720,0.15,0.11209309127515377,5551.708265125,True,False
2305,920.0,549,1585269,0.15,0.10395774483191271,5553.597917792,True,False
2306,740.0,610,1585879,0.15,0.11427524552288416,5555.710349792,True,False
2307,840.0,694,1586573,0.15,0.1028769819023109,5558.038543000001,True,False
2308,1230.0,910,1587483,0.15,0.11107952333986759,5561.277804375,True,False
2309,1490.0,913,1588396,0.15,0.08276927992538854,5564.349016958,True,False
2310,1150.0,633,1589029,0.15,0.09285788635334259,5566.605721875,True,False
2311,1090.0,761,1589790,0.15,0.1127887588190405,5569.299861708,True,False
2312,1020.0,694,1590484,0.15,0.11646410616264603,5571.63312375,True,False
2313,1220.0,764,1591248,0.15,0.10787249568128149,5574.209214,True,False
2314,1130.0,849,1592097,0.15,0.10822775586560932,5577.148804500001,True,False
2315,1060.0,942,1593039,0.15,0.09179170712670114,5580.313130458,True,False
2316,1250.0,758,1593797,0.15,0.1070057959834996,5582.944540792,True,False
2317,1570.0,875,1594672,0.15,0.10933955507055265,5585.9539615,True,False
2318,1240.0,759,1595431,0.15,0.11752256103569553,5588.744624375,True,False
2319,1830.0,783,1596214,0.15,0.09896965303021121,5591.500367542,True,False
2320,690.0,527,1596741,0.15,0.1209593040050205,5593.322107833,True,False
2321,1350.0,1009,1597750,0.15,0.10062323087116792,5596.812418417,True,False
2322,770.0,633,1598383,0.15,0.10381836940451891,5598.973629667,True,False
2323,1230.0,952,1599335,0.15,0.10912824205334197,5602.212633792,True,False
2324,610.0,480,1599815,0.15,0.11639195360864202,5603.853287208,True,False
2325,870.0,713,1600528,0.15,0.10145270954505359,5606.362249958001,True,False
2326,380.0,373,1600901,0.15,0.10995813142708553,5608.753958708,True,False
2327,990.0,669,1601570,0.15,0.109162649240144,5611.066677208,True,False
2328,970.0,662,1602232,0.15,0.09985256670828326,5613.334409583,True,False
2329,680.0,502,1602734,0.15,0.11072561639547349,5615.039178833,True,False
2330,710.0,660,1603394,0.15,0.11376482519236478,5617.340085625,True,False
2331,1020.0,656,1604050,0.15,0.12747707353087095,5619.641162292,True,False
2332,1720.0,836,1604886,0.15,0.12966993203359928,5622.629882125,True,False
2333,1020.0,741,1605627,0.15,0.12088704929762595,5625.166999,True,False
2334,1490.0,1068,1606695,0.15,0.10475457708738493,5628.895225542,True,False
2335,1590.0,862,1607557,0.15,0.10448115489756067,5632.010858208,True,False
2336,1500.0,865,1608422,0.15,0.10638085190482714,5635.00107925,True,False
2337,460.0,439,1608861,0.15,0.11830976986410943,5636.548377958,True,False
2338,980.0,773,1609634,0.15,0.10777115081605824,5639.152682625,True,False
2339,1500.0,775,1610409,0.15,0.12299015802648111,5641.832132375,True,False
2340,970.0,636,1611045,0.15,0.12065647311696091,5643.999683292001,True,False
2341,1210.0,691,1611736,0.15,0.12133916177803036,5646.385184625,True,False
2342,870.0,721,1612457,0.15,0.11067353303854664,5649.057368,True,False
2343,1000.0,607,1613064,0.15,0.09983817345805858,5651.081291333,True,False
2344,2030.0,970,1614034,0.15,0.15005913992558628,5654.394759292,True,False
2345,360.0,362,1614396,0.15,0.10891879732710319,5655.70128975,True,False
2346,1400.0,637,1615033,0.15,0.11115818847931407,5658.093670917,True,False
2347,1070.0,1021,1616054,0.15,0.10774268263987466,5661.814233333,True,False
2348,1520.0,948,1617002,0.15,0.12635160753904265,5665.092753375,True,False
2349,1200.0,873,1617875,0.15,0.1313778568794011,5668.347137708,True,False
2350,1370.0,1006,1618881,0.15,0.09928474198317244,5671.867335917,True,False
2351,1560.0,1185,1620066,0.15,0.11183536497599168,5677.440288042,True,False
2352,1350.0,854,1620920,0.15,0.11211845003695131,5681.503369792,True,False
2353,2040.0,1001,1621921,0.15,0.13561662480980158,5685.362651125,True,False
2354,1750.0,795,1622716,0.15,0.12365258084469705,5688.406824625,True,False
2355,1130.0,785,1623501,0.15,0.12291681534629695,5691.4514729170005,True,False
2356,1800.0,724,1624225,0.15,0.14824168160763565,5694.105192,True,False
2357,800.0,622,1624847,0.15,0.16124854534864425,5696.955693875,True,False
2358,980.0,867,1625714,0.15,0.1333900506990159,5700.524373708,True,False
2359,1590.0,825,1626539,0.15,0.13350723687450863,5703.629845583,True,False
2360,1700.0,829,1627368,0.15,0.1143654655181588,5706.738409083,True,False
2361,1030.0,836,1628204,0.15,0.10184363116238392,5709.715502833,True,False
2362,860.0,540,1628744,0.15,0.12421275451779365,5711.594271375,True,False
2363,900.0,755,1629499,0.15,0.12243634454430417,5714.379761167,True,False
2364,1450.0,645,1630144,0.15,0.129242498335647,5716.665998917,True,False
2365,1230.0,926,1631070,0.15,0.11551209393227513,5719.797697,True,False
2366,1060.0,735,1631805,0.15,0.13531474082771203,5722.416285792,True,False
2367,1230.0,930,1632735,0.15,0.10600639937509751,5725.611398875,True,False
2368,1530.0,690,1633425,0.15,0.13404461472279075,5728.066544958,True,False
2369,1070.0,612,1634037,0.15,0.10835538256694288,5730.1956190420005,True,False
2370,1470.0,792,1634829,0.15,0.10138761012278723,5732.952452625,True,False
2371,1630.0,968,1635797,0.15,0.11796991963493676,5736.337277917,True,False
2372,1080.0,609,1636406,0.15,0.12249297970954917,5738.54038125,True,False
2373,640.0,491,1636897,0.15,0.12092536930146257,5740.2780105,True,False
2374,3830.0,696,1637593,0.15,0.10438550743220866,5742.767776167,True,False
2375,2030.0,465,1638058,0.15,0.12360915503111379,5744.391746208,True,False
2376,1160.0,933,1638991,0.15,0.10892651625009565,5749.092746708,True,False
2377,1290.0,708,1639699,0.15,0.11302789454322076,5751.705700583,True,False
2378,870.0,778,1640477,0.15,0.10980032353829115,5754.516858833,True,False
2379,970.0,699,1641176,0.15,0.09891414016485214,5757.155379417,True,False
2380,1040.0,683,1641859,0.15,0.11111202040577636,5759.691281208,True,False
2381,1290.0,824,1642683,0.15,0.08829378817700645,5762.672677958,True,False
2382,1860.0,801,1643484,0.15,0.11235954869186404,5765.546226542,True,False
2383,1410.0,946,1644430,0.15,0.10884010963836464,5769.057287083,True,False
2384,780.0,517,1644947,0.15,0.11315005121016225,5770.854147292001,True,False
2385,1730.0,826,1645773,0.15,0.11186333640438059,5774.04811925,True,False
2386,930.0,517,1646290,0.15,0.10822003473376118,5775.9766785,True,False
2387,910.0,616,1646906,0.15,0.09766012750711146,5778.06697875,True,False
2388,1350.0,675,1647581,0.15,0.1326628343681612,5780.538774792,True,False
2389,1420.0,819,1648400,0.15,0.10751666453916853,5783.375255208,True,False
2390,1750.0,796,1649196,0.15,0.10726942463623519,5786.09706525,True,False
2391,1250.0,772,1649968,0.15,0.12557029120932897,5788.836883958,True,False
2392,930.0,479,1650447,0.15,0.11135289212297492,5790.4687895,True,False
2393,700.0,549,1650996,0.15,0.1395665522718775,5792.363873958,True,False
2394,1160.0,577,1651573,0.15,0.10107446653354499,5794.287131875,True,False
2395,1390.0,751,1652324,0.15,0.11637461495565925,5796.928632083,True,False
2396,1640.0,864,1653188,0.15,0.09223371524691444,5799.829681125,True,False
2397,1120.0,552,1653740,0.15,0.12062602559023577,5801.733038333,True,False
2398,1750.0,984,1654724,0.15,0.122923521385566,5805.42034025,True,False
2399,1080.0,828,1655552,0.15,0.10505507674050216,5809.037901833,True,False
2400,950.0,606,1656158,0.15,0.10923634939487802,5811.101101125,True,False
2401,1000.0,740,1656898,0.15,0.10428957578700943,5814.5870725,True,False
2402,790.0,558,1657456,0.15,0.10871289202145168,5816.721416375,True,False
2403,1110.0,616,1658072,0.15,0.10406362665696191,5818.873183708,True,False
2404,890.0,771,1658843,0.15,0.1071435163418452,5822.036753375,True,False
2405,1420.0,741,1659584,0.15,0.11526265301771703,5824.621613333,True,False
2406,1210.0,763,1660347,0.15,0.10435099340975285,5827.534793292,True,False
2407,890.0,632,1660979,0.15,0.08861761118721546,5829.732616083,True,False
2408,1670.0,693,1661672,0.15,0.09018878480312469,5832.172999625001,True,False
2409,1430.0,822,1662494,0.15,0.0898035097322086,5835.099296917,True,False
2410,920.0,630,1663124,0.15,0.12710720897192443,5837.300420667,True,False
2411,610.0,571,1663695,0.15,0.09879593614121558,5839.321655458,True,False
2412,1290.0,1045,1664740,0.15,0.0985212320220152,5842.9033715000005,True,False
2413,1100.0,893,1665633,0.15,0.10918288526747526,5845.84110675,True,False
2414,1320.0,683,1666316,0.15,0.11766120435245205,5848.251104,True,False
2415,2190.0,1092,1667408,0.15,0.1231014204958638,5852.002868042,True,False
2416,1180.0,985,1668393,0.15,0.11817163062410627,5855.399202625,True,False
2417,1490.0,838,1669231,0.15,0.11887532992190436,5858.247915958,True,False
2418,1760.0,954,1670185,0.15,0.10114919236046749,5861.518779458,True,False
2419,920.0,584,1670769,0.15,0.11194825712081095,5863.529278792,True,False
2420,1140.0,632,1671401,0.15,0.116857588314746,5865.588819458,True,False
2421,920.0,627,1672028,0.15,0.10739561412364813,5867.862517833,True,False
2422,1020.0,602,1672630,0.15,0.09962747283279896,5869.892829333,True,False
2423,680.0,536,1673166,0.15,0.1004090064358133,5871.850292375,True,False
2424,530.0,541,1673707,0.15,0.12382681667804718,5873.657921833,True,False
2425,1310.0,766,1674473,0.15,0.11728080674462642,5876.340386958,True,False
2426,2110.0,956,1675429,0.15,0.11377667670749969,5880.440404708,True,False
2427,1100.0,732,1676161,0.15,0.09855358033883767,5883.059576583,True,False
2428,1660.0,853,1677014,0.15,0.11032831538556047,5885.9939043330005,True,False
2429,1410.0,697,1677711,0.15,0.11577516498750653,5888.573071875,True,False
2430,900.0,667,1678378,0.15,0.10006297870488938,5890.913150417,True,False
2431,1620.0,989,1679367,0.15,0.11079483923430626,5894.3862688750005,True,False
2432,1300.0,901,1680268,0.15,0.09956969367752297,5897.467711667,True,False
2433,1280.0,889,1681157,0.15,0.11149357849111159,5900.6686969580005,True,False
2434,1300.0,951,1682108,0.15,0.10690197977824371,5903.884753042,True,False
2435,1210.0,811,1682919,0.15,0.10696598543499661,5906.784032167,True,False
2436,1260.0,1016,1683935,0.15,0.12476115975910285,5910.214099292,True,False
2437,1070.0,685,1684620,0.15,0.10342090097147712,5912.590715667,True,False
2438,720.0,572,1685192,0.15,0.10458371973225286,5914.673021833,True,False
2439,510.0,465,1685657,0.15,0.11463094509110369,5916.219314125,True,False
2440,1620.0,842,1686499,0.15,0.10607146760005326,5919.214364625,True,False
2441,1230.0,755,1687254,0.15,0.10158695340669029,5921.782147125,True,False
2442,1020.0,688,1687942,0.15,0.09435212822241146,5924.076885833,True,False
2443,290.0,373,1688315,0.15,0.10902190965510183,5925.3864529170005,True,False
2444,2910.0,926,1689241,0.15,0.1062944534090187,5928.723408042,True,False
2445,1690.0,784,1690025,0.15,0.10411269628271765,5931.723988,True,False
2446,960.0,758,1690783,0.15,0.12667902744320966,5934.336140083,True,False
2447,1270.0,633,1691416,0.15,0.11740144615137726,5936.76405525,True,False
2448,1010.0,712,1692128,0.15,0.10277562972493051,5939.192203458,True,False
2449,930.0,624,1692752,0.15,0.11709058867433132,5941.504050208,True,False
2450,1000.0,842,1693594,0.15,0.10450497115296976,5944.572561625,True,False
2451,2150.0,1027,1694621,0.15,0.09168890682465836,5950.047344042,True,False
2452,910.0,547,1695168,0.15,0.0917194836847756,5952.063474792,True,False
2453,950.0,703,1695871,0.15,0.10872485947396074,5954.771452458001,True,False
2454,1330.0,736,1696607,0.15,0.10926224641582888,5957.817734167,True,False
2455,1370.0,672,1697279,0.15,0.1129912353298139,5960.088437208,True,False
2456,800.0,602,1697881,0.15,0.12445005124422494,5962.298719917,True,False
2457,1390.0,540,1698421,0.15,0.11040153279900551,5964.157200625,True,False
2458,1820.0,792,1699213,0.15,0.10690368584949862,5966.980056292,True,False
2459,1110.0,624,1699837,0.15,0.10858964109315704,5969.124288,True,False
2460,1570.0,763,1700600,0.15,0.09571695686634922,5971.733992542,True,False
2461,840.0,678,1701278,0.15,0.10305838900778068,5974.013772542,True,False
2462,2530.0,912,1702190,0.15,0.11641686232433769,5977.289119458,True,False
2463,1080.0,643,1702833,0.15,0.1039320299899356,5979.475213583,True,False
2464,1440.0,846,1703679,0.15,0.09220293249881946,5982.471348708,True,False
2465,1510.0,1103,1704782,0.15,0.10013948565187014,5986.231152333,True,False
2466,590.0,462,1705244,0.15,0.09907926665619016,5987.877996083,True,False
2467,1420.0,1135,1706379,0.15,0.11339734453220882,5992.152417292,True,False
2468,1160.0,758,1707137,0.15,0.11728347320305674,5994.829892417,True,False
2469,1620.0,802,1707939,0.15,0.1093293100874871,5997.583860208,True,False
2470,2100.0,951,1708890,0.15,0.12247319103163831,6000.983964792,True,False
2471,1820.0,875,1709765,0.15,0.12049200271838877,6003.98777675,True,False
2472,1810.0,994,1710759,0.15,0.10231741813702448,6007.66233975,True,False
2473,1430.0,933,1711692,0.15,0.13702249511057496,6011.8073815,True,False
2474,410.0,415,1712107,0.15,0.09993521129549707,6013.268993,True,False
2475,890.0,750,1712857,0.15,0.12100273139893691,6016.103561,True,False
2476,870.0,896,1713753,0.15,0.13068443555883796,6020.4514555000005,True,False
2477,450.0,454,1714207,0.15,0.12016890745247359,6022.141838792,True,False
2478,2530.0,801,1715008,0.15,0.1319583783862158,6024.875861333,True,False
2479,1040.0,605,1715613,0.15,0.12102701751798983,6026.999576125,True,False
2480,1010.0,715,1716328,0.15,0.11803016713794383,6029.415102375,True,False
2481,2010.0,903,1717231,0.15,0.14423170218865078,6032.537180375,True,False
2482,1080.0,787,1718018,0.15,0.1234368673681759,6035.32081975,True,False
2483,2160.0,779,1718797,0.15,0.10305402196752719,6037.985725458,True,False
2484,1220.0,946,1719743,0.15,0.11667411342673635,6041.267372792,True,False
2485,1590.0,845,1720588,0.15,0.11750996482716698,6044.190321875,True,False
2486,820.0,768,1721356,0.15,0.11699852232898895,6046.967121375,True,False
2487,1000.0,524,1721880,0.15,0.10954130362747734,6048.821652583,True,False
2488,1770.0,919,1722799,0.15,0.11369935048166581,6051.965755542,True,False
2489,950.0,750,1723549,0.15,0.11128403800242442,6055.385114583,True,False
2490,1070.0,839,1724388,0.15,0.11144275512723696,6058.229597250001,True,False
2491,1390.0,792,1725180,0.15,0.1093860941214694,6061.0280893750005,True,False
2492,3710.0,688,1725868,0.15,0.10895605855296518,6063.406885667,True,False
2493,1610.0,859,1726727,0.15,0.12067658251377746,6066.36322275,True,False
2494,1330.0,764,1727491,0.15,0.09237748014872299,6069.644443292,True,False
2495,970.0,790,1728281,0.15,0.1306472991621404,6072.872928417,True,False
2496,1010.0,611,1728892,0.15,0.11767587092479849,6075.487382125,True,False
2497,1250.0,810,1729702,0.15,0.11262175785654252,6078.30162775,True,False
2498,2410.0,828,1730530,0.15,0.10028608570748193,6081.498128208,True,False
2499,920.0,733,1731263,0.15,0.12684365256073696,6084.000347875,True,False
2500,2080.0,1107,1732370,0.15,0.10525243712542075,6087.915604167,True,False
2501,730.0,572,1732942,0.15,0.10650799824641301,6090.740287167,True,False
2502,770.0,650,1733592,0.15,0.12118712251583126,6093.108565417,True,False
2503,1090.0,817,1734409,0.15,0.10422751111179299,6095.883418417,True,False
2504,910.0,728,1735137,0.15,0.11755989841953084,6098.4232358750005,True,False
2505,1920.0,763,1735900,0.15,0.13925232405710908,6101.125089375,True,False
2506,1710.0,690,1736590,0.15,0.11262807802318833,6103.473496375,True,False
2507,1330.0,867,1737457,0.15,0.10517584998589781,6106.4524293330005,True,False
2508,1180.0,758,1738215,0.15,0.08813300485372859,6109.168293417,True,False
2509,1300.0,741,1738956,0.15,0.10335742803390628,6111.756998,True,False
2510,890.0,661,1739617,0.15,0.09534143449907953,6114.011054542,True,False
2511,3980.0,920,1740537,0.15,0.1080383169181321,6117.279576583001,True,False
2512,1620.0,814,1741351,0.15,0.12359860714690145,6120.051360917,True,False
2513,830.0,700,1742051,0.15,0.11729441433080605,6122.457807625,True,False
2514,1460.0,714,1742765,0.15,0.12137013684188187,6124.973335083,True,False
2515,740.0,817,1743582,0.15,0.09408837414401419,6127.958360042,True,False
2516,790.0,646,1744228,0.15,0.1150248040686603,6130.588311583,True,False
2517,1400.0,848,1745076,0.15,0.12433191369516107,6134.023250542,True,False
2518,1280.0,801,1745877,0.15,0.12655080213211478,6136.983388167,True,False
2519,1850.0,757,1746634,0.15,0.10160626862296666,6139.597785083,True,False
2520,1240.0,804,1747438,0.15,0.11202166696537787,6142.400820958,True,False
2521,2570.0,917,1748355,0.15,0.10679949472727474,6145.691718375,True,False
2522,1250.0,851,1749206,0.15,0.12505714743105178,6149.475004292,True,False
2523,1370.0,888,1750094,0.15,0.12135756594707837,6152.798399042,True,False
2524,2430.0,631,1750725,0.15,0.11588864640297392,6154.947593125,True,False
2525,1280.0,896,1751621,0.15,0.1274060802783684,6158.079415542,True,False
2526,1280.0,678,1752299,0.15,0.09018443696773969,6161.372959833,True,False
2527,1360.0,795,1753094,0.15,0.10037441298028632,6164.139541917,True,False
2528,1640.0,780,1753874,0.15,0.12033164758139696,6166.9372367920005,True,False
2529,1240.0,699,1754573,0.15,0.09024273582867214,6169.3707312080005,True,False
2530,1770.0,757,1755330,0.15,0.08965279719738102,6172.031485292,True,False
2531,870.0,453,1755783,0.15,0.11257218701385818,6173.618951042,True,False
2532,1530.0,760,1756543,0.15,0.1150493649961917,6176.3085105,True,False
2533,1880.0,1187,1757730,0.15,0.10381080546049458,6180.545189917,True,False
2534,1380.0,774,1758504,0.15,0.10755809594291388,6183.252669042,True,False
2535,1550.0,772,1759276,0.15,0.09636746902848772,6185.994779917,True,False
2536,1540.0,998,1760274,0.15,0.11558718357728906,6189.695274542,True,False
2537,800.0,551,1760825,0.15,0.1047872776651512,6192.362519708,True,False
2538,1770.0,751,1761576,0.15,0.11319913994520903,6195.11655525,True,False
2539,1370.0,850,1762426,0.15,0.10462264449528928,6198.399770375,True,False
2540,1360.0,789,1763215,0.15,0.09932286116450571,6201.285205667,True,False
2541,1050.0,696,1763911,0.15,0.1226272005373719,6203.9354935,True,False
2542,1450.0,916,1764827,0.15,0.09346701715580762,6207.382560375,True,False
2543,1070.0,664,1765491,0.15,0.10242139243980847,6209.819906417,True,False
2544,1080.0,795,1766286,0.15,0.12014823284318399,6212.699782458,True,False
2545,1040.0,721,1767007,0.15,0.10924969135473171,6215.355915125,True,False
2546,200.0,278,1767285,0.15,0.1047746593132615,6216.413556833,True,False
2547,2160.0,568,1767853,0.15,0.10958447178799502,6218.618809208,True,False
2548,1330.0,769,1768622,0.15,0.10480415775479439,6221.353832208,True,False
2549,1550.0,688,1769310,0.15,0.12407874156785913,6223.856015833,True,False
2550,1730.0,822,1770132,0.15,0.10805599968337896,6226.875847375,True,False
2551,1320.0,790,1770922,0.15,0.10478469713349936,6231.165796042,True,False
2552,1130.0,698,1771620,0.15,0.10769497645752771,6233.7381094580005,True,False
2553,1700.0,838,1772458,0.15,0.12476330724629489,6237.053775750001,True,False
2554,1490.0,834,1773292,0.15,0.11554761696161266,6240.254990042,True,False
2555,1280.0,841,1774133,0.15,0.11721339476782651,6243.515175458,True,False
2556,1510.0,755,1774888,0.15,0.13293773445384527,6246.383594208,True,False
2557,940.0,714,1775602,0.15,0.11520587302367674,6249.311921583,True,False
2558,1690.0,797,1776399,0.15,0.11838821245909635,6252.708655667,True,False
2559,1050.0,647,1777046,0.15,0.11106316875206468,6255.633241292,True,False
2560,780.0,591,1777637,0.15,0.09930164870378133,6257.788921667,True,False
2561,940.0,574,1778211,0.15,0.08534595348149329,6260.021628875,True,False
2562,1410.0,982,1779193,0.15,0.10895952156071013,6263.626175583,True,False
2563,2590.0,809,1780002,0.15,0.10922926939138682,6266.641286458,True,False
2564,1020.0,696,1780698,0.15,0.12578221019785638,6269.20276675,True,False
2565,1060.0,706,1781404,0.15,0.10722281541780564,6271.825901375,True,False
2566,1460.0,998,1782402,0.15,0.11496132843375924,6275.482675917,True,False
2567,1510.0,912,1783314,0.15,0.10697641592113334,6278.869860417,True,False
2568,1360.0,754,1784068,0.15,0.13210012265062207,6281.614724792,True,False
2569,490.0,408,1784476,0.15,0.1197622960031617,6283.111024375,True,False
2570,1880.0,658,1785134,0.15,0.12764662985758082,6285.442798625,True,False
2571,1280.0,560,1785694,0.15,0.12801483210974507,6287.517977583,True,False
2572,1550.0,698,1786392,0.15,0.10881811884897095,6289.996945667001,True,False
2573,1470.0,1160,1787552,0.15,0.13356682649845708,6294.7389935,True,False
2574,1650.0,777,1788329,0.15,0.13157951974876456,6297.619829,True,False
2575,1620.0,749,1789078,0.15,0.11956245632453717,6300.388537458,True,False
2576,1460.0,1159,1790237,0.15,0.11933851193893573,6305.588105333,True,False
2577,960.0,794,1791031,0.15,0.09471489626425084,6308.618246125,True,False
2578,890.0,673,1791704,0.15,0.1356991263293832,6311.053231,True,False
2579,1190.0,721,1792425,0.15,0.11478127000025577,6314.332749333,True,False
2580,1490.0,1103,1793528,0.15,0.1133908234955068,6318.3395725420005,True,False
2581,1420.0,939,1794467,0.15,0.12373269893802129,6321.723752625,True,False
2582,1250.0,806,1795273,0.15,0.11066900832707634,6324.7318025,True,False
2583,1700.0,965,1796238,0.15,0.1422248972865803,6328.059936833,True,False
2584,1070.0,816,1797054,0.15,0.11282868285243418,6330.882820917001,True,False
2585,1640.0,662,1797716,0.15,0.10889959680926369,6333.2000840420005,True,False
2586,980.0,592,1798308,0.15,0.11446620491207452,6335.491844625,True,False
2587,720.0,514,1798822,0.15,0.1196943843679037,6337.2451435,True,False
2588,1780.0,731,1799553,0.15,0.11711247406818502,6339.808475833001,True,False
2589,1180.0,894,1800447,0.15,0.09828549069707436,6342.8166628750005,True,False
2590,960.0,621,1801068,0.15,0.11124559334264351,6344.988726208,True,False
2591,1800.0,1253,1802321,0.15,0.11853048023276816,6349.358522875,True,False
2592,970.0,780,1803101,0.15,0.10195289252278132,6352.051623083,True,False
2593,2060.0,1484,1804585,0.15,0.10585281786551533,6357.1029945420005,True,False
2594,2440.0,1029,1805614,0.15,0.09445066931965518,6360.506935667,True,False
2595,2640.0,1131,1806745,0.15,0.11620191410973721,6364.298475083,True,False
2596,770.0,517,1807262,0.15,0.1091852817944316,6366.074219917,True,False
2597,3340.0,988,1808250,0.15,0.10473676340330226,6369.569782083,True,False
2598,2220.0,969,1809219,0.15,0.1000601194244771,6372.8607825,True,False
2599,1440.0,904,1810123,0.15,0.10006931892274755,6376.708255708,True,False
2600,1520.0,1031,1811154,0.15,0.10569818487549706,6380.260919833,True,False
2601,1520.0,701,1811855,0.15,0.09580429413488933,6383.497561042,True,False
2602,1180.0,773,1812628,0.15,0.12608371501231624,6386.230384292,True,False
2603,780.0,542,1813170,0.15,0.11100993853200365,6388.0415153330005,True,False
2604,1320.0,835,1814005,0.15,0.1095636834314708,6390.968414083,True,False
2605,1410.0,748,1814753,0.15,0.11234525342118294,6393.445442958,True,False
2606,1060.0,710,1815463,0.15,0.1061317729684761,6395.930747292,True,False
2607,1230.0,733,1816196,0.15,0.09297371041232153,6398.392766833,True,False
2608,1470.0,885,1817081,0.15,0.10354249802211561,6401.560500458,True,False
2609,2560.0,772,1817853,0.15,0.11514536562554269,6404.64716075,True,False
2610,1630.0,1036,1818889,0.15,0.09939803781426551,6408.0967347920005,True,False
2611,680.0,515,1819404,0.15,0.08236236945372219,6409.86513025,True,False
2612,1340.0,917,1820321,0.15,0.1144917454472926,6413.153415042,True,False
2613,2110.0,830,1821151,0.15,0.09146789445177368,6416.048142292,True,False
2614,1050.0,952,1822103,0.15,0.11616697765010245,6419.306056875,True,False
2615,1590.0,955,1823058,0.15,0.10768658211883392,6422.496867167,True,False
2616,1100.0,750,1823808,0.15,0.10319194734651357,6425.04499575,True,False
2617,1770.0,849,1824657,0.15,0.1053682076129711,6427.960960583,True,False
2618,1010.0,624,1825281,0.15,0.09835159364275825,6430.1472381250005,True,False
2619,410.0,411,1825692,0.15,0.09344547802528132,6431.535589375,True,False
2620,1570.0,795,1826487,0.15,0.0849498426635759,6434.23521375,True,False
2621,1500.0,943,1827430,0.15,0.10406385096958128,6437.524856625,True,False
2622,1300.0,990,1828420,0.15,0.12023355311248451,6441.086543958,True,False
2623,1050.0,697,1829117,0.15,0.09930759397517333,6443.452812458,True,False
2624,1170.0,708,1829825,0.15,0.112411695727184,6446.001683708,True,False
2625,1520.0,1089,1830914,0.15,0.10806610606446423,6449.994747583,True,False
2626,1750.0,719,1831633,0.15,0.09067444530212217,6453.77614575,True,False
2627,850.0,730,1832363,0.15,0.10396598846457161,6456.35755275,True,False
2628,1280.0,775,1833138,0.15,0.09187413480363249,6459.001121042,True,False
2629,820.0,717,1833855,0.15,0.10392946742641526,6461.407455667,True,False
2630,1320.0,676,1834531,0.15,0.11283961161089366,6463.830601083,True,False
2631,2600.0,982,1835513,0.15,0.10964650251122753,6467.230184708,True,False
2632,1180.0,723,1836236,0.15,0.09453116672226737,6469.742153083,True,False
2633,1380.0,753,1836989,0.15,0.12058511480411634,6472.311240667,True,False
2634,2110.0,878,1837867,0.15,0.10406662978776242,6475.426082667,True,False
2635,1180.0,1009,1838876,0.15,0.11513173880548816,6478.961489042,True,False
2636,1140.0,875,1839751,0.15,0.09101091054430523,6481.855775583,True,False
2637,2440.0,995,1840746,0.15,0.10194390237959752,6485.360445875001,True,False
2638,1400.0,845,1841591,0.15,0.09450617188066951,6488.322863083,True,False
2639,2690.0,1002,1842593,0.15,0.09421079441815972,6491.739383917,True,False
2640,1260.0,900,1843493,0.15,0.09787326029605335,6494.905401583,True,False
2641,1180.0,792,1844285,0.15,0.09433629158696141,6497.614058583,True,False
2642,1210.0,626,1844911,0.15,0.07817783376249747,6499.795238708,True,False
2643,1000.0,546,1845457,0.15,0.11749461525711265,6501.6887761670005,True,False
2644,580.0,455,1845912,0.15,0.07356499369141825,6503.24668975,True,False
2645,1510.0,813,1846725,0.15,0.0855031532093222,6506.032800833,True,False
2646,2570.0,743,1847468,0.15,0.10162677523750131,6508.625888167,True,False
2647,1110.0,862,1848330,0.15,0.11731728605579499,6511.53385375,True,False
2648,760.0,638,1848968,0.15,0.09793188041076065,6513.688913458001,True,False
2649,1010.0,716,1849684,0.15,0.06938764731810745,6516.129912875,True,False
2650,1790.0,724,1850408,0.15,0.09948718982095218,6518.795144125,True,False
2651,1960.0,836,1851244,0.15,0.09596662912250421,6523.126377208,True,False
2652,2190.0,932,1852176,0.15,0.09277592110947222,6526.27493875,True,False
2653,1260.0,684,1852860,0.15,0.10464625249001366,6528.780802292,True,False
2654,1500.0,877,1853737,0.15,0.09678060956911681,6531.739936583,True,False
2655,1700.0,761,1854498,0.15,0.10340518159301658,6534.32938225,True,False
2656,1420.0,812,1855310,0.15,0.09696318141730695,6537.271214167,True,False
2657,640.0,636,1855946,0.15,0.10401995640552644,6539.454385292001,True,False
2658,790.0,578,1856524,0.15,0.10072470669602526,6541.4607763330005,True,False
2659,2020.0,1104,1857628,0.15,0.12049664127087031,6545.316313,True,False
2660,1660.0,615,1858243,0.15,0.0919718555984349,6547.5779867500005,True,False
2661,1500.0,777,1859020,0.15,0.10225952815933105,6550.257142625,True,False
2662,1380.0,968,1859988,0.15,0.10916459409535424,6553.6387849170005,True,False
2663,1180.0,874,1860862,0.15,0.12031056825925998,6556.665659917,True,False
2664,1760.0,1013,1861875,0.15,0.10907382619651881,6560.072192125,True,False
2665,2660.0,915,1862790,0.15,0.10965350422373765,6563.224919542,True,False
2666,1150.0,799,1863589,0.15,0.10370190165936947,6565.958111917,True,False
2667,630.0,478,1864067,0.15,0.09668420879718136,6567.631133042,True,False
2668,1800.0,940,1865007,0.15,0.11744589618545898,6570.923704542,True,False
2669,1300.0,900,1865907,0.15,0.08893254088858764,6574.454829125,True,False
2670,880.0,691,1866598,0.15,0.10022731740135334,6576.854701208,True,False
2671,1640.0,1211,1867809,0.15,0.09844929682822412,6581.144114583,True,False
2672,2010.0,954,1868763,0.15,0.11437422077821083,6584.472725792,True,False
2673,670.0,621,1869384,0.15,0.1472837434221919,6586.884009,True,False
2674,820.0,600,1869984,0.15,0.10582190432896217,6588.992096833,True,False
2675,800.0,709,1870693,0.15,0.12111746822878466,6591.610373792,True,False
2676,900.0,697,1871390,0.15,0.09953039722923918,6594.917337708001,True,False
2677,1110.0,869,1872259,0.15,0.09196188483679074,6598.147987167,True,False
2678,930.0,603,1872862,0.15,0.10800420638445198,6600.243361958,True,False
2679,1490.0,752,1873614,0.15,0.11232240494102874,6603.03395825,True,False
2680,1630.0,862,1874476,0.15,0.12937341911580275,6607.420012583,True,False
2681,2430.0,783,1875259,0.15,0.10337687316231238,6611.584791,True,False
2682,1210.0,708,1875967,0.15,0.11702002625975569,6615.861106,True,False
2683,1700.0,689,1876656,0.15,0.08583171541851035,6619.476081125,True,False
2684,1100.0,618,1877274,0.15,0.09175749928630017,6621.783846542,True,False
2685,1190.0,818,1878092,0.15,0.11751485705012228,6624.923098042,True,False
2686,1430.0,671,1878763,0.15,0.11006222319549429,6627.247182708,True,False
2687,990.0,632,1879395,0.15,0.12456527959461076,6629.494290458,True,False
2688,1300.0,802,1880197,0.15,0.10164735870278296,6632.655380875,True,False
2689,760.0,660,1880857,0.15,0.09295345612547615,6635.005290667,True,False
2690,410.0,394,1881251,0.15,0.11182350579801263,6636.305607583,True,False
2691,1030.0,746,1881997,0.15,0.10049390763960739,6638.974799083,True,False
2692,1620.0,840,1882837,0.15,0.11160764079540968,6641.8232635,True,False
2693,760.0,634,1883471,0.15,0.10782413093868314,6644.47999725,True,False
2694,1440.0,972,1884443,0.15,0.10789043010967504,6648.173248917,True,False
2695,1120.0,823,1885266,0.15,0.1072382773046644,6651.2438505,True,False
2696,1820.0,897,1886163,0.15,0.12896664247715048,6654.510833,True,False
2697,990.0,599,1886762,0.15,0.09136049032211303,6656.831211167,True,False
2698,1320.0,962,1887724,0.15,0.12421804678112391,6660.072031417,True,False
2699,940.0,652,1888376,0.15,0.12522073106074627,6662.4773660420005,True,False
2700,470.0,477,1888853,0.15,0.13078113768969765,6664.208915125,True,False
2701,780.0,704,1889557,0.15,0.10530975302257999,6667.971238625,True,False
2702,1280.0,795,1890352,0.15,0.10177114029326031,6670.719811833,True,False
2703,1040.0,790,1891142,0.15,0.12491149912933408,6673.6267135,True,False
2704,1080.0,694,1891836,0.15,0.1091884019431369,6676.570792958,True,False
2705,1780.0,802,1892638,0.15,0.11623636335134506,6679.639466583,True,False
2706,1690.0,913,1893551,0.15,0.1337261211061687,6683.066527958,True,False
2707,1030.0,597,1894148,0.15,0.10088428566853205,6685.302937542,True,False
2708,670.0,763,1894911,0.15,0.11241537125683145,6687.952518208,True,False
2709,1410.0,747,1895658,0.15,0.10218157797533879,6690.611141083,True,False
2710,1230.0,729,1896387,0.15,0.11262057187383646,6693.078850792,True,False
2711,1130.0,1068,1897455,0.15,0.10702936368042164,6696.818323958,True,False
2712,1150.0,816,1898271,0.15,0.1037097767397177,6699.642782708,True,False
2713,1190.0,781,1899052,0.15,0.13918322353262683,6702.311847917,True,False
2714,1180.0,617,1899669,0.15,0.09833488350903447,6704.540715042001,True,False
2715,1520.0,710,1900379,0.15,0.0961986015429773,6706.958769625,True,False
2716,1140.0,664,1901043,0.15,0.08873401909887073,6709.485278458,True,False
2717,1670.0,634,1901677,0.15,0.10654524785214625,6711.708850583,True,False
2718,760.0,682,1902359,0.15,0.11422894253012011,6714.27137825,True,False
2719,1240.0,902,1903261,0.15,0.1106726294053735,6717.455662917,True,False
2720,1650.0,811,1904072,0.15,0.10288824308021315,6720.311115042,True,False
2721,1420.0,976,1905048,0.15,0.11594373856472676,6724.028929792,True,False
2722,1580.0,716,1905764,0.15,0.11710184807342856,6726.635383167,True,False
2723,990.0,642,1906406,0.15,0.1068125473917462,6729.103038417,True,False
2724,1820.0,1043,1907449,0.15,0.10804562186429784,6732.780862625,True,False
2725,1840.0,878,1908327,0.15,0.11927214577011594,6736.813880667,True,False
2726,800.0,631,1908958,0.15,0.1323616003641222,6739.914304917,True,False
2727,1040.0,903,1909861,0.15,0.12854358549765518,6743.138164,True,False
2728,620.0,458,1910319,0.15,0.08412421445705388,6744.889771958,True,False
2729,1250.0,937,1911256,0.15,0.12013147761847111,6748.149222417,True,False
2730,1060.0,635,1911891,0.15,0.11632776882829546,6750.3987318750005,True,False
2731,1990.0,1146,1913037,0.15,0.11838285794046802,6754.621162708,True,False
2732,1840.0,1354,1914391,0.15,0.11665853586312405,6759.15263225,True,False
2733,470.0,445,1914836,0.15,0.11625958736320692,6760.893066542,True,False
2734,1950.0,729,1915565,0.15,0.11731911262313088,6764.345917042,True,False
2735,910.0,599,1916164,0.15,0.11909962280342977,6766.383936833,True,False
2736,1920.0,977,1917141,0.15,0.11513421293653425,6770.009968,True,False
2737,2260.0,764,1917905,0.15,0.11892566723622265,6772.709238917,True,False
2738,810.0,582,1918487,0.15,0.103813646720915,6774.779250167,True,False
2739,980.0,607,1919094,0.15,0.1134631778113544,6777.001700208,True,False
2740,1050.0,761,1919855,0.15,0.11290411332524136,6779.713551125,True,False
2741,1640.0,777,1920632,0.15,0.11556966973420901,6782.417929375,True,False
2742,1600.0,1044,1921676,0.15,0.12369552226130533,6786.241339583,True,False
2743,1300.0,841,1922517,0.15,0.09580611283225672,6789.498073292,True,False
2744,860.0,543,1923060,0.15,0.10314218982068055,6791.888728125,True,False
2745,380.0,435,1923495,0.15,0.09024524749084203,6793.506033875,True,False
2746,1070.0,840,1924335,0.15,0.10820719856946241,6796.784932917,True,False
2747,3510.0,851,1925186,0.15,0.12387725108351226,6799.992072792,True,False
2748,1000.0,746,1925932,0.15,0.13258806421834837,6802.807660917,True,False
2749,2260.0,760,1926692,0.15,0.11825635293008466,6805.494837,True,False
2750,1290.0,704,1927396,0.15,0.11635735194960778,6807.947112042,True,False
2751,1290.0,816,1928212,0.15,0.0954433568826347,6811.8459691670005,True,False
2752,650.0,652,1928864,0.15,0.1236817290423655,6814.111384,True,False
2753,860.0,667,1929531,0.15,0.11754052050366819,6816.452929833,True,False
2754,640.0,467,1929998,0.15,0.12324322640704803,6818.117086292,True,False
2755,1850.0,866,1930864,0.15,0.11500171286993861,6821.2052635420005,True,False
2756,1210.0,871,1931735,0.15,0.10494028955423337,6825.09483,True,False
2757,2290.0,787,1932522,0.15,0.0982334154662747,6827.645558958,True,False
2758,1060.0,737,1933259,0.15,0.10857291104595947,6830.506561458,True,False
2759,1220.0,961,1934220,0.15,0.10813284701671591,6834.014160583,True,False
2760,1610.0,993,1935213,0.15,0.10665678361340636,6837.424993875,True,False
2761,620.0,610,1935823,0.15,0.14590709475114158,6839.536419417,True,False
2762,340.0,425,1936248,0.15,0.09965220708225932,6840.9725770000005,True,False
2763,850.0,660,1936908,0.15,0.10559766161622423,6843.156263417,True,False
2764,1660.0,810,1937718,0.15,0.09617168260830464,6845.891792792,True,False
2765,1210.0,764,1938482,0.15,0.1248055841988294,6848.806605958001,True,False
2766,590.0,492,1938974,0.15,0.0981584543104821,6850.416380292,True,False
2767,1340.0,625,1939599,0.15,0.11452882668863122,6852.692660875,True,False
2768,1260.0,868,1940467,0.15,0.10025986040242806,6855.538214833,True,False
2769,3080.0,794,1941261,0.15,0.08932943788155838,6858.2569462500005,True,False
2770,2060.0,1074,1942335,0.15,0.11618817910385221,6861.9677440000005,True,False
2771,1240.0,778,1943113,0.15,0.11111806411391649,6864.657280458,True,False
2772,990.0,541,1943654,0.15,0.1353487104591396,6866.535984,True,False
2773,940.0,840,1944494,0.15,0.11468467147399981,6869.368679958,True,False
2774,1530.0,912,1945406,0.15,0.11562084017746281,6872.452700875,True,False
2775,1560.0,1022,1946428,0.15,0.12244193963852013,6875.8729463750005,True,False
2776,1570.0,1092,1947520,0.15,0.10597131410170169,6880.998805792,True,False
2777,1410.0,916,1948436,0.15,0.13285173928796204,6884.463005917,True,False
2778,1010.0,702,1949138,0.15,0.11370647839137486,6887.3481332500005,True,False
2779,650.0,547,1949685,0.15,0.13177216074762554,6889.131720583,True,False
2780,1350.0,678,1950363,0.15,0.10710231304036442,6891.55636025,True,False
2781,780.0,770,1951133,0.15,0.128879903627492,6894.195407208,True,False
2782,840.0,489,1951622,0.15,0.13736189529299736,6896.7198059580005,True,False
2783,920.0,701,1952323,0.15,0.10748054723654475,6899.721169792,True,False
2784,770.0,658,1952981,0.15,0.12616078034043313,6902.219903333,True,False
2785,780.0,649,1953630,0.15,0.10820136120381915,6905.39696325,True,False
2786,2240.0,1060,1954690,0.15,0.11588292261058429,6909.569513958,True,False
2787,1510.0,619,1955309,0.15,0.12961166796665038,6911.878641333,True,False
2788,2480.0,1000,1956309,0.15,0.12537209996581078,6915.6625178330005,True,False
2789,1590.0,739,1957048,0.15,0.10636089032364858,6918.252484625,True,False
2790,1790.0,951,1957999,0.15,0.10600047380140813,6921.849798333,True,False
2791,1740.0,745,1958744,0.15,0.11020154916347667,6924.390162417,True,False
2792,1000.0,606,1959350,0.15,0.10280304967074205,6926.667472208,True,False
2793,930.0,776,1960126,0.15,0.10629919386401619,6929.313642875,True,False
2794,780.0,575,1960701,0.15,0.09566746465861797,6931.33434125,True,False
2795,1520.0,1033,1961734,0.15,0.1302680284896678,6934.954361792,True,False
2796,1590.0,814,1962548,0.15,0.10499472459595577,6937.616980208,True,False
2797,900.0,671,1963219,0.15,0.13170930658450383,6939.955110667001,True,False
2798,1010.0,723,1963942,0.15,0.10531512261960059,6942.52488475,True,False
2799,1480.0,1090,1965032,0.15,0.12350955702391736,6947.219466083,True,False
2800,940.0,542,1965574,0.15,0.12466613786915938,6949.112074833,True,False
2801,3080.0,977,1966551,0.15,0.12182404868090983,6953.704256,True,False
2802,1970.0,1267,1967818,0.15,0.11522979520801867,6958.1436045420005,True,False
2803,1310.0,840,1968658,0.15,0.12274240916151376,6961.05626675,True,False
2804,1900.0,944,1969602,0.15,0.1323097144269337,6964.435597042,True,False
2805,1340.0,734,1970336,0.15,0.10062170252406402,6967.058191542,True,False
2806,1610.0,878,1971214,0.15,0.11100171815995212,6970.007901083,True,False
2807,1410.0,599,1971813,0.15,0.09768493721882503,6972.068911833,True,False
2808,450.0,424,1972237,0.15,0.103225329012241,6973.631375125,True,False
2809,1020.0,754,1972991,0.15,0.11497620225666051,6976.454161208,True,False
2810,870.0,542,1973533,0.15,0.1037654671818018,6978.272681625,True,False
2811,1500.0,662,1974195,0.15,0.10830086600599867,6980.600649875,True,False
2812,1820.0,909,1975104,0.15,0.12327115495868943,6983.62772525,True,False
2813,1160.0,863,1975967,0.15,0.13713716738099277,6986.553221917,True,False
2814,940.0,722,1976689,0.15,0.09108913700142618,6988.989942583,True,False
2815,1130.0,699,1977388,0.15,0.11074238730328424,6991.363221333,True,False
2816,1750.0,818,1978206,0.15,0.1286686190184863,6994.088045292,True,False
2817,1710.0,683,1978889,0.15,0.11234847918065669,6996.376697792,True,False
2818,1300.0,842,1979731,0.15,0.11787066292017698,6999.269202958,True,False
2819,1060.0,719,1980450,0.15,0.11703147175204423,7001.633816417,True,False
2820,750.0,619,1981069,0.15,0.12410686488353437,7003.941163208,True,False
2821,1000.0,869,1981938,0.15,0.10637564312512149,7007.313266042,True,False
2822,1660.0,710,1982648,0.15,0.11916907707208328,7010.002404958,True,False
2823,1130.0,788,1983436,0.15,0.10429974450602145,7012.767301833,True,False
2824,1850.0,934,1984370,0.15,0.10015276741124529,7015.93461525,True,False
2825,1040.0,733,1985103,0.15,0.1182785866568323,7018.533706417,True,False
2826,2680.0,1062,1986165,0.15,0.09647455452276128,7023.390032583,True,False
2827,490.0,511,1986676,0.15,0.1007021101686405,7025.153522292,True,False
2828,1520.0,786,1987462,0.15,0.12914652225314355,7027.835668083,True,False
2829,1120.0,667,1988129,0.15,0.10428975495749605,7030.127459042,True,False
2830,1210.0,797,1988926,0.15,0.11262664929893448,7032.861898292,True,False
2831,1220.0,836,1989762,0.15,0.12157405105432825,7035.722833375,True,False
2832,490.0,501,1990263,0.15,0.11883913262188435,7037.446547417,True,False
2833,1640.0,659,1990922,0.15,0.11105042366367397,7039.81354775,True,False
2834,980.0,718,1991640,0.15,0.09805390157012475,7042.220107375,True,False
2835,1760.0,707,1992347,0.15,0.13302275682376188,7044.667093208001,True,False
2836,1290.0,520,1992867,0.15,0.11344707901947773,7046.3843197920005,True,False
2837,1450.0,862,1993729,0.15,0.11384469781208921,7049.3172096670005,True,False
2838,1390.0,808,1994537,0.15,0.11189145306217493,7052.017220208,True,False
2839,550.0,435,1994972,0.15,0.1107800467572081,7053.5035839170005,True,False
2840,1440.0,1114,1996086,0.15,0.11503981522840562,7057.336383875,True,False
2841,1200.0,772,1996858,0.15,0.12081496180107557,7059.861256708,True,False
2842,660.0,502,1997360,0.15,0.10706984644962682,7061.59220775,True,False
2843,1080.0,668,1998028,0.15,0.11426710861617934,7063.822888333,True,False
2844,1580.0,971,1998999,0.15,0.10896225150459068,7067.214622833,True,False
2845,770.0,651,1999650,0.15,0.10422759707674292,7069.449048292,True,False
2846,1090.0,900,2000550,0.15,0.1332921227812767,7072.556694083,True,False
2847,960.0,794,2001344,0.15,0.12110133573001054,7075.432518667,True,False
2848,1360.0,666,2002010,0.15,0.09240679472056498,7077.761468333,True,False
2849,1580.0,705,2002715,0.15,0.10949979201805862,7081.233740542,True,False
2850,1910.0,1248,2003963,0.15,0.11477235911222987,7085.590441292,True,False
2851,1460.0,906,2004869,0.15,0.11577913288174747,7089.957185708,True,False
2852,1360.0,850,2005719,0.15,0.10512517829302628,7092.8237649580005,True,False
2853,1040.0,855,2006574,0.15,0.11414453254960408,7095.691298375,True,False
2854,870.0,612,2007186,0.15,0.1147374855902265,7097.840111,True,False
2855,850.0,636,2007822,0.15,0.11890757851208905,7100.1382715,True,False
2856,1750.0,925,2008747,0.15,0.10201605789169862,7103.403447708,True,False
2857,1720.0,1240,2009987,0.15,0.12211366247145398,7107.665151833,True,False
2858,810.0,549,2010536,0.15,0.09529038309457077,7109.5570115420005,True,False
2859,1120.0,743,2011279,0.15,0.1117404153117457,7112.077806375,True,False
2860,1210.0,684,2011963,0.15,0.13628940969400588,7114.433426958,True,False
2861,990.0,813,2012776,0.15,0.09741413272807703,7117.316404042,True,False
2862,1330.0,803,2013579,0.15,0.09176639865152537,7119.978360708,True,False
2863,1680.0,891,2014470,0.15,0.11254733784182724,7122.973932917,True,False
2864,1020.0,823,2015293,0.15,0.09276441274916084,7125.722133958,True,False
2865,1390.0,758,2016051,0.15,0.10343947525692995,7128.258486167,True,False
2866,1090.0,755,2016806,0.15,0.11842563930682089,7131.1548813750005,True,False
2867,880.0,541,2017347,0.15,0.10537085382750741,7133.050623167,True,False
2868,2530.0,770,2018117,0.15,0.11045102277104718,7135.634723417,True,False
2869,2100.0,966,2019083,0.15,0.12879326232395974,7139.094001208,True,False
2870,1600.0,780,2019863,0.15,0.10698774869625385,7142.683481125,True,False
2871,1590.0,689,2020552,0.15,0.11511253131650431,7144.992751042,True,False
2872,1030.0,691,2021243,0.15,0.10912328824227632,7147.570016583,True,False
2873,1370.0,802,2022045,0.15,0.13711352896556925,7150.301554917,True,False
2874,980.0,567,2022612,0.15,0.1073672914825065,7152.264099708,True,False
2875,1560.0,817,2023429,0.15,0.13896186220660514,7155.070848375,True,False
2876,2480.0,784,2024213,0.15,0.12093105914109216,7158.915972583,True,False
2877,1490.0,927,2025140,0.15,0.09053164559159556,7162.072784792,True,False
2878,800.0,616,2025756,0.15,0.0983877523209561,7164.124230208,True,False
2879,1530.0,648,2026404,0.15,0.11917178872052903,7166.282911917,True,False
2880,2710.0,902,2027306,0.15,0.12300163324508402,7169.354735083,True,False
2881,1940.0,849,2028155,0.15,0.11353732460125718,7172.179018167,True,False
2882,1000.0,628,2028783,0.15,0.10316555279123175,7174.255633167,True,False
2883,1280.0,642,2029425,0.15,0.10381632317898806,7176.422099167,True,False
2884,2390.0,880,2030305,0.15,0.11843356109139594,7179.407117167,True,False
2885,2040.0,931,2031236,0.15,0.11246995085874341,7182.570630333,True,False
2886,1840.0,859,2032095,0.15,0.11970652457953335,7185.359537708,True,False
2887,1870.0,958,2033053,0.15,0.12188540174781035,7188.637203042,True,False
2888,1500.0,703,2033756,0.15,0.12421145955820313,7191.063260833,True,False
2889,820.0,737,2034493,0.15,0.09448830408813513,7194.071162833,True,False
2890,970.0,775,2035268,0.15,0.10307653011158877,7196.8084245830005,True,False
2891,1630.0,770,2036038,0.15,0.11529355063491191,7199.444059708,True,False
2892,1070.0,818,2036856,0.15,0.12397706540437733,7202.993341583,True,False
2893,760.0,442,2037298,0.15,0.12997324893420392,7204.484023375,True,False
2894,2350.0,677,2037975,0.15,0.11811357694705563,7207.075588792,True,False
2895,780.0,436,2038411,0.15,0.11519716259673102,7208.715874458,True,False
2896,1040.0,675,2039086,0.15,0.1170998817342802,7211.014448208,True,False
2897,1380.0,876,2039962,0.15,0.12388701176432441,7213.9670991250005,True,False
2898,1420.0,726,2040688,0.15,0.12200060230935668,7216.473658875,True,False
2899,1690.0,912,2041600,0.15,0.10191364833889038,7219.54656625,True,False
2900,1100.0,1175,2042775,0.15,0.11514320588152563,7223.4112794170005,True,False
2901,1290.0,968,2043743,0.15,0.10255220769481226,7227.821893042,True,False
2902,1650.0,965,2044708,0.15,0.11089356817028001,7231.178473917,True,False
2903,1390.0,882,2045590,0.15,0.1173909943042831,7234.501246167,True,False
2904,1090.0,808,2046398,0.15,0.11447441232123293,7237.202316833,True,False
2905,650.0,564,2046962,0.15,0.1280758547206931,7239.165978792,True,False
2906,2510.0,942,2047904,0.15,0.1115880394275537,7242.507269458,True,False
2907,960.0,723,2048627,0.15,0.10856567152465384,7244.993355333,True,False
2908,1160.0,857,2049484,0.15,0.10968738867099895,7247.865611167,True,False
2909,2270.0,711,2050195,0.15,0.12469324041263195,7250.616100958,True,False
2910,1670.0,997,2051192,0.15,0.10004788050800562,7254.175219083,True,False
2911,1820.0,915,2052107,0.15,0.09594868442141696,7257.7610895,True,False
2912,1210.0,818,2052925,0.15,0.09352684955044491,7261.120144417,True,False
2913,1610.0,858,2053783,0.15,0.11991369640715768,7264.460417125,True,False
2914,1140.0,732,2054515,0.15,0.11631931969132579,7267.274346,True,False
2915,1130.0,654,2055169,0.15,0.10236218375176555,7269.514017208,True,False
2916,1790.0,686,2055855,0.15,0.1175857072815909,7271.821559125,True,False
2917,1360.0,971,2056826,0.15,0.11421089794931343,7275.479762917,True,False
2918,920.0,606,2057432,0.15,0.11401117271988799,7277.44742725,True,False
2919,1260.0,705,2058137,0.15,0.09389253357552331,7279.817875083,True,False
2920,1940.0,781,2058918,0.15,0.11610241992733418,7282.453515,True,False
2921,1020.0,784,2059702,0.15,0.1128905290566689,7285.089749125,True,False
2922,1100.0,696,2060398,0.15,0.10751375436097727,7287.36725275,True,False
2923,2740.0,883,2061281,0.15,0.12011992874896635,7290.304716417,True,False
2924,650.0,467,2061748,0.15,0.11050684590879668,7291.866233625,True,False
2925,710.0,496,2062244,0.15,0.10103312595897625,7293.509257125,True,False
2926,1120.0,674,2062918,0.15,0.13549756164485144,7296.9604889170005,True,False
2927,1210.0,776,2063694,0.15,0.1079786202783898,7299.598055833,True,False
2928,950.0,676,2064370,0.15,0.10915844727682292,7301.808072625,True,False
2929,1730.0,710,2065080,0.15,0.11568771207474926,7304.604097417,True,False
2930,1360.0,607,2065687,0.15,0.09380146498415644,7306.5641335420005,True,False
2931,1410.0,1207,2066894,0.15,0.12872320287768416,7310.684196875,True,False
2932,1590.0,861,2067755,0.15,0.11995214560870514,7313.6601585,True,False
2933,2000.0,861,2068616,0.15,0.11062774200130392,7316.5676395420005,True,False
2934,2230.0,1049,2069665,0.15,0.12587856856096563,7320.017149667,True,False
2935,1690.0,951,2070616,0.15,0.11877803538119842,7323.351649708,True,False
2936,1250.0,920,2071536,0.15,0.10416412692031135,7326.4511909170005,True,False
2937,1490.0,848,2072384,0.15,0.10401314091077953,7329.336679375,True,False
2938,1250.0,539,2072923,0.15,0.09603144210387966,7331.083863167,True,False
2939,1080.0,658,2073581,0.15,0.09901531686385473,7334.146126667,True,False
2940,2160.0,683,2074264,0.15,0.10341585183527037,7336.529259583001,True,False
2941,1150.0,818,2075082,0.15,0.10871331012059077,7339.258408833,True,False
2942,2470.0,710,2075792,0.15,0.11355753833679168,7341.646854375,True,False
2943,2630.0,929,2076721,0.15,0.10431108701620893,7344.725431333,True,False
2944,980.0,675,2077396,0.15,0.13392986327453832,7346.9638203330005,True,False
2945,1110.0,566,2077962,0.15,0.10664782686330748,7348.809183542,True,False
2946,1800.0,742,2078704,0.15,0.09238255435540792,7351.256601708,True,False
2947,1530.0,682,2079386,0.15,0.10037454169462709,7353.46233725,True,False
2948,1460.0,725,2080111,0.15,0.10512551815552607,7355.853606042,True,False
2949,1200.0,962,2081073,0.15,0.12297925179151827,7359.16072625,True,False
2950,850.0,725,2081798,0.15,0.11964743976476114,7361.519670792,True,False
2951,1710.0,823,2082621,0.15,0.11063344059602438,7365.239891125,True,False
2952,1160.0,881,2083502,0.15,0.1301536874845624,7368.132886917,True,False
2953,1350.0,792,2084294,0.15,0.11163532641725708,7370.736458917,True,False
2954,1610.0,882,2085176,0.15,0.10608176321077806,7373.582657625,True,False
2955,1000.0,806,2085982,0.15,0.11317902753379808,7376.2046980000005,True,False
2956,1010.0,669,2086651,0.15,0.11107403299810287,7378.392424875,True,False
2957,1920.0,851,2087502,0.15,0.11734004285483852,7381.221876042,True,False
2958,1340.0,894,2088396,0.15,0.09746566046461728,7384.116668625,True,False
2959,2100.0,773,2089169,0.15,0.11282786650708611,7386.76838475,True,False
2960,640.0,547,2089716,0.15,0.11603882049557067,7388.681522917,True,False
2961,2030.0,878,2090594,0.15,0.1091483857941954,7391.491426625,True,False
2962,1260.0,974,2091568,0.15,0.10463785859527158,7395.632594667,True,False
2963,1150.0,711,2092279,0.15,0.11198504779508896,7397.903143917,True,False
2964,1580.0,906,2093185,0.15,0.11348524119393154,7400.990305333,True,False
2965,1540.0,930,2094115,0.15,0.10317557221198262,7403.963197583,True,False
2966,610.0,462,2094577,0.15,0.1465052618837819,7405.52133875,True,False
2967,1100.0,835,2095412,0.15,0.11580783462945068,7408.273990208,True,False
2968,2280.0,759,2096171,0.15,0.09116845655811842,7410.820640625,True,False
2969,990.0,557,2096728,0.15,0.13530212018106666,7412.678946,True,False
2970,2680.0,883,2097611,0.15,0.1173080515709113,7415.541891375,True,False
2971,1680.0,946,2098557,0.15,0.10519260138210365,7418.669189208,True,False
2972,1310.0,534,2099091,0.15,0.10970675118995789,7420.401181499999,True,False
2973,620.0,520,2099611,0.15,0.09792184626253751,7422.166818083,True,False
2974,1580.0,978,2100589,0.15,0.12177722422900249,7425.357707417001,True,False
2975,1090.0,962,2101551,0.15,0.11422293403496345,7428.461820667,True,False
2976,1450.0,837,2102388,0.15,0.10324983461538241,7432.072153000001,True,False
2977,1520.0,813,2103201,0.15,0.11392562155579698,7434.810243583001,True,False
2978,1170.0,750,2103951,0.15,0.139353059411527,7437.247407750001,True,False
2979,1280.0,733,2104684,0.15,0.0895072724568941,7439.692036,True,False
2980,1900.0,1084,2105768,0.15,0.11050122457374285,7443.226641292,True,False
2981,1160.0,747,2106515,0.15,0.11755229380502495,7445.660036458001,True,False
2982,1150.0,670,2107185,0.15,0.12116006040014327,7447.969567124999,True,False
2983,950.0,693,2107878,0.15,0.11825447178558807,7450.265041500001,True,False
2984,1180.0,854,2108732,0.15,0.12944895326743058,7453.100204458,True,False
2985,1350.0,676,2109408,0.15,0.09841201947065148,7456.024748917,True,False
2986,1510.0,1041,2110449,0.15,0.10091706616804004,7459.471363708,True,False
2987,2190.0,1356,2111805,0.15,0.12401029109339447,7463.955515625001,True,False
2988,760.0,523,2112328,0.15,0.0891668338413912,7465.672950917,True,False
2989,800.0,543,2112871,0.15,0.11283285773738667,7467.506303917,True,False
2990,1520.0,771,2113642,0.15,0.10337269546493039,7469.996361417001,True,False
2991,1190.0,692,2114334,0.15,0.11163595205743533,7472.273565417001,True,False
2992,2360.0,667,2115001,0.15,0.1268471466700831,7474.505578292001,True,False
2993,1850.0,685,2115686,0.15,0.11340125133855301,7476.744558,True,False
2994,1670.0,688,2116374,0.15,0.11881516972383441,7478.998067917,True,False
2995,910.0,603,2116977,0.15,0.10409078344900087,7480.99992425,True,False
2996,2240.0,1049,2118026,0.15,0.11393627340955134,7484.375681375001,True,False
2997,920.0,842,2118868,0.15,0.11451404279548127,7487.327290499999,True,False
2998,1070.0,657,2119525,0.15,0.11792346526209901,7489.431875124999,True,False
2999,1550.0,1008,2120533,0.15,0.09690656697022773,7492.773581957999,True,False
3000,1780.0,839,2121372,0.15,0.11227518774214246,7495.55995725,True,False
3001,1350.0,748,2122120,0.15,0.12128722002321386,7499.034217917,True,False
3002,860.0,687,2122807,0.15,0.12012704822360075,7501.336502083001,True,False
3003,1750.0,693,2123500,0.15,0.12871307202068896,7503.582954333,True,False
3004,1060.0,566,2124066,0.15,0.11670436645389026,7505.493839833,True,False
3005,1200.0,822,2124888,0.15,0.1075807776645694,7508.338100375,True,False
3006,1780.0,1436,2126324,0.15,0.1138585423505904,7513.096831082999,True,False
3007,1580.0,725,2127049,0.15,0.09925490238019445,7515.550251291999,True,False
3008,770.0,578,2127627,0.15,0.1126749340005012,7518.199761792001,True,False
3009,1050.0,620,2128247,0.15,0.10833798715424153,7520.228245042001,True,False
3010,1670.0,812,2129059,0.15,0.10561682894055185,7523.072566583,True,False
3011,1570.0,853,2129912,0.15,0.1084695783591716,7525.829188542,True,False
3012,1070.0,808,2130720,0.15,0.10655567465847966,7528.615602166999,True,False
3013,640.0,504,2131224,0.15,0.10841203806182695,7530.257305375,True,False
3014,970.0,595,2131819,0.15,0.11261795213244655,7532.186573333,True,False
3015,1690.0,762,2132581,0.15,0.08906725203101548,7534.738859417001,True,False
3016,2070.0,1041,2133622,0.15,0.08791755842618071,7538.093827291999,True,False
3017,1520.0,829,2134451,0.15,0.09499203471313929,7540.891883542001,True,False
3018,1610.0,799,2135250,0.15,0.13345872037112713,7543.534993542,True,False
3019,1190.0,717,2135967,0.15,0.10799471049585156,7545.871059917001,True,False
3020,1370.0,817,2136784,0.15,0.09280254643683027,7548.595102542,True,False
3021,2340.0,898,2137682,0.15,0.10670690988523088,7551.740845083001,True,False
3022,1710.0,683,2138365,0.15,0.10041221501360163,7554.086121292001,True,False
3023,3190.0,965,2139330,0.15,0.10948036986700727,7557.422084917,True,False
3024,1470.0,733,2140063,0.15,0.08632926816945194,7559.863006916999,True,False
3025,1050.0,809,2140872,0.15,0.12038361511463896,7562.711803458,True,False
3026,1410.0,802,2141674,0.15,0.1025123926345259,7566.556826583001,True,False
3027,1320.0,868,2142542,0.15,0.10312420356383521,7569.592488042001,True,False
3028,1600.0,1091,2143633,0.15,0.10993927908931678,7573.322426875,True,False
3029,930.0,681,2144314,0.15,0.10553510777433128,7575.920730625001,True,False
3030,1390.0,732,2145046,0.15,0.11612674618353609,7579.022551,True,False
3031,780.0,632,2145678,0.15,0.0972483362530983,7581.066106374999,True,False
3032,1630.0,705,2146383,0.15,0.09646442744203589,7583.403237582999,True,False
3033,2820.0,921,2147304,0.15,0.1001724022807497,7586.452715167001,True,False
3034,800.0,549,2147853,0.15,0.10050950884601495,7588.291245583001,True,False
3035,1260.0,1024,2148877,0.15,0.11070143872348126,7591.624892833001,True,False
3036,2680.0,996,2149873,0.15,0.10779917279789486,7594.971449000001,True,False
3037,1190.0,664,2150537,0.15,0.10197512815560562,7597.1537889579995,True,False
3038,1430.0,865,2151402,0.15,0.11830270363673291,7599.9693732920005,True,False
3039,1040.0,934,2152336,0.15,0.1048257828443351,7603.050701042001,True,False
3040,1010.0,746,2153082,0.15,0.13961580058219292,7605.69339,True,False
3041,400.0,405,2153487,0.15,0.1012786817321978,7607.025194917,True,False
3042,1810.0,815,2154302,0.15,0.1003685344613212,7609.688054917,True,False
3043,1360.0,809,2155111,0.15,0.09135025895504963,7612.3429439579995,True,False
3044,1700.0,1069,2156180,0.15,0.11648357403117107,7616.072410332999,True,False
3045,1170.0,679,2156859,0.15,0.12200126854272988,7618.275417458,True,False
3046,950.0,549,2157408,0.15,0.10443734055034061,7620.14487075,True,False
3047,1240.0,662,2158070,0.15,0.11372610920983733,7622.323866541999,True,False
3048,1580.0,884,2158954,0.15,0.10646888281627478,7625.348295042,True,False
3049,1300.0,715,2159669,0.15,0.11389789118447118,7627.748564625001,True,False
3050,660.0,517,2160186,0.15,0.10716055391370788,7629.457971166999,True,False
3051,1020.0,573,2160759,0.15,0.09159535974576756,7631.905967000001,True,False
3052,1100.0,626,2161385,0.15,0.1005145203511996,7634.027121167001,True,False
3053,1660.0,917,2162302,0.15,0.10861386019150893,7637.052436583001,True,False
3054,2670.0,987,2163289,0.15,0.11954723153006934,7640.6751931670005,True,False
3055,2430.0,1136,2164425,0.15,0.112035543729984,7644.375025417001,True,False
3056,1360.0,972,2165397,0.15,0.14192655784894287,7647.548132958,True,False
3057,810.0,750,2166147,0.15,0.11169368677080314,7649.976108625,True,False
3058,1100.0,813,2166960,0.15,0.12079064875804618,7652.660386833,True,False
3059,1010.0,608,2167568,0.15,0.10996545483603289,7654.681994541999,True,False
3060,1190.0,812,2168380,0.15,0.11677149521746659,7657.316176208,True,False
3061,1220.0,465,2168845,0.15,0.13048065501939635,7658.856678083001,True,False
3062,2490.0,688,2169533,0.15,0.10444881754039331,7661.110001792,True,False
3063,1450.0,911,2170444,0.15,0.11178958929029473,7664.057870582999,True,False
3064,1540.0,690,2171134,0.15,0.1009595857846529,7666.294635875,True,False
3065,1020.0,722,2171856,0.15,0.10341945041526747,7668.684469083,True,False
3066,1200.0,818,2172674,0.15,0.12050455701811348,7671.4548656669995,True,False
3067,980.0,743,2173417,0.15,0.12004912786826652,7673.938292125,True,False
3068,1680.0,551,2173968,0.15,0.09728441055378188,7675.757283208,True,False
3069,1360.0,753,2174721,0.15,0.10747526748541822,7678.250342667001,True,False
3070,930.0,476,2175197,0.15,0.09788201844804928,7679.962902417001,True,False
3071,1990.0,1072,2176269,0.15,0.10502942930211995,7683.530724042001,True,False
3072,1720.0,748,2177017,0.15,0.10962785360089598,7685.963336958001,True,False
3073,1170.0,743,2177760,0.15,0.10291211329080084,7688.60250875,True,False
3074,790.0,625,2178385,0.15,0.10994831351443934,7690.698833750001,True,False
3075,1580.0,760,2179145,0.15,0.14046702301619868,7693.206849417,True,False
3076,1020.0,625,2179770,0.15,0.10858351718156765,7696.111337458,True,False
3077,1230.0,739,2180509,0.15,0.10541487150901073,7698.801769457999,True,False
3078,3040.0,768,2181277,0.15,0.12030565630023678,7701.276622708001,True,False
3079,2460.0,862,2182139,0.15,0.13440197101512621,7704.139248957999,True,False
3080,1730.0,710,2182849,0.15,0.105900616186221,7706.477846292,True,False
3081,980.0,614,2183463,0.15,0.09728405104791807,7708.538044167,True,False
3082,1120.0,731,2184194,0.15,0.10616820344263739,7711.3643775830005,True,False
3083,2760.0,828,2185022,0.15,0.10473548892687484,7714.009235375001,True,False
3084,870.0,835,2185857,0.15,0.11189321373281867,7716.918980917,True,False
3085,590.0,475,2186332,0.15,0.10499521991347566,7718.4600751670005,True,False
3086,1480.0,853,2187185,0.15,0.12023290924448082,7721.300420375001,True,False
3087,1960.0,857,2188042,0.15,0.1109225384229533,7724.049600833001,True,False
3088,1050.0,734,2188776,0.15,0.10804540313699323,7726.495877916999,True,False
3089,1490.0,934,2189710,0.15,0.13980110082375646,7729.552399124999,True,False
3090,2070.0,865,2190575,0.15,0.10797360643778962,7732.369389333,True,False
3091,1350.0,866,2191441,0.15,0.11891460060764293,7735.241349083,True,False
3092,1070.0,597,2192038,0.15,0.10206926889067529,7737.1880613329995,True,False
3093,1390.0,823,2192861,0.15,0.10634955478090684,7739.863631,True,False
3094,2050.0,950,2193811,0.15,0.1135951987927473,7742.986927624999,True,False
3095,800.0,566,2194377,0.15,0.113773747150537,7744.8977898329995,True,False
3096,1210.0,685,2195062,0.15,0.12951013479621437,7747.208647167001,True,False
3097,1540.0,652,2195714,0.15,0.12202178001220972,7749.409916917,True,False
3098,1360.0,841,2196555,0.15,0.11514822930274975,7752.183733292,True,False
3099,770.0,612,2197167,0.15,0.13451537418063558,7754.223861917,True,False
3100,900.0,792,2197959,0.15,0.10624885869522889,7756.824674957999,True,False
3101,1210.0,727,2198686,0.15,0.1369043089101439,7760.179778625001,True,False
3102,2060.0,904,2199590,0.15,0.10527982272669277,7763.1594724999995,True,False
3103,1520.0,1163,2200753,0.15,0.09193322310845058,7766.986288958,True,False
3104,1260.0,718,2201471,0.15,0.13844857028784366,7769.309318333,True,False
3105,1430.0,754,2202225,0.15,0.11488698691464763,7771.8264585,True,False
3106,920.0,731,2202956,0.15,0.14704962210129194,7774.187471167001,True,False
3107,900.0,666,2203622,0.15,0.12932250716061477,7776.402599667001,True,False
3108,1550.0,1113,2204735,0.15,0.09804538852474887,7779.991840375,True,False
3109,1610.0,1057,2205792,0.15,0.11375354822233039,7783.4374662499995,True,False
3110,990.0,861,2206653,0.15,0.10124983054607413,7786.23842575,True,False
3111,1340.0,683,2207336,0.15,0.10086418744939113,7788.47655825,True,False
3112,1940.0,946,2208282,0.15,0.1256149915536329,7791.632788833,True,False
3113,1540.0,1096,2209378,0.15,0.10535399838738198,7795.301375250001,True,False
3114,1250.0,463,2209841,0.15,0.10989372319830902,7796.798373833,True,False
3115,1160.0,763,2210604,0.15,0.08688994331275605,7799.297548832999,True,False
3116,2530.0,768,2211372,0.15,0.11430043063592166,7801.791068875,True,False
3117,1630.0,897,2212269,0.15,0.08843649324262515,7804.914046292,True,False
3118,1970.0,839,2213108,0.15,0.11509187191369988,7807.900906375,True,False
3119,1070.0,722,2213830,0.15,0.120270050306701,7810.2458587500005,True,False
3120,1430.0,675,2214505,0.15,0.11291601777782101,7812.474984,True,False
3121,1870.0,954,2215459,0.15,0.11080877939943506,7815.605227417,True,False
3122,1810.0,1169,2216628,0.15,0.12160730461110027,7819.469726125,True,False
3123,1800.0,1067,2217695,0.15,0.11036475759027596,7823.008734458001,True,False
3124,1470.0,703,2218398,0.15,0.0929935085163875,7825.279866125,True,False
3125,1220.0,921,2219319,0.15,0.09988424367392841,7828.259288542,True,False
3126,1630.0,568,2219887,0.15,0.11451779442353988,7830.951979125,True,False
3127,1110.0,748,2220635,0.15,0.11195306272748957,7833.676711417,True,False
3128,1020.0,887,2221522,0.15,0.12977149888772416,7836.610196166999,True,False
3129,1150.0,857,2222379,0.15,0.1069495776650783,7839.764535792001,True,False
3130,1400.0,864,2223243,0.15,0.11471961418822131,7842.921291500001,True,False
3131,870.0,729,2223972,0.15,0.12113728753896684,7845.289198417,True,False
3132,800.0,527,2224499,0.15,0.14227815208430508,7847.049401458,True,False
3133,1530.0,779,2225278,0.15,0.12336311184634001,7850.516710417,True,False
3134,1200.0,805,2226083,0.15,0.11879835379731596,7853.288440292001,True,False
3135,2650.0,609,2226692,0.15,0.12716310474948556,7855.322533917,True,False
3136,700.0,515,2227207,0.15,0.10237214747758117,7857.134840125,True,False
3137,770.0,627,2227834,0.15,0.11022478472560075,7859.170189208,True,False
3138,1080.0,823,2228657,0.15,0.11637482038039026,7861.949418417,True,False
3139,1530.0,910,2229567,0.15,0.0988603498179482,7864.977893792,True,False
3140,1980.0,821,2230388,0.15,0.12481703252070447,7867.715808667001,True,False
3141,1270.0,685,2231073,0.15,0.0950130018138746,7869.969145375,True,False
3142,880.0,828,2231901,0.15,0.12596067263416333,7872.776832833,True,False
3143,530.0,402,2232303,0.15,0.10471982330083847,7874.390111041999,True,False
3144,730.0,610,2232913,0.15,0.1112090323875153,7876.541448542001,True,False
3145,1730.0,895,2233808,0.15,0.10541593594410058,7879.484985333,True,False
3146,480.0,464,2234272,0.15,0.1342898989899148,7881.077503667,True,False
3147,2010.0,993,2235265,0.15,0.11169871321368602,7884.332805667,True,False
3148,1010.0,705,2235970,0.15,0.09895365952979773,7886.656324333,True,False
3149,1390.0,1097,2237067,0.15,0.10214931153467972,7890.170207000001,True,False
3150,1300.0,924,2237991,0.15,0.10451143863106961,7893.183465917,True,False
3151,1220.0,841,2238832,0.15,0.0988926592931787,7896.899651958,True,False
3152,750.0,657,2239489,0.15,0.10780193626017469,7899.115517167,True,False
3153,990.0,712,2240201,0.15,0.11338359021236387,7901.418221,True,False
3154,1780.0,828,2241029,0.15,0.10990750329829932,7904.350010583001,True,False
3155,2400.0,744,2241773,0.15,0.1221271359351694,7906.784705167,True,False
3156,2500.0,977,2242750,0.15,0.11281797518098696,7910.150573125,True,False
3157,1140.0,831,2243581,0.15,0.10157158269654386,7913.521995000001,True,False
3158,1030.0,730,2244311,0.15,0.0978021132503892,7915.8834627920005,True,False
3159,1960.0,1207,2245518,0.15,0.0999152541579987,7919.917945249999,True,False
3160,1700.0,717,2246235,0.15,0.09792260641450655,7922.271261917,True,False
3161,1200.0,801,2247036,0.15,0.1049117801053014,7925.043881916999,True,False
3162,3190.0,1080,2248116,0.15,0.11288962424905212,7928.680100167001,True,False
3163,1110.0,826,2248942,0.15,0.12268443638910946,7931.37358075,True,False
3164,750.0,640,2249582,0.15,0.12365701631642878,7933.4699695,True,False
3165,2270.0,1012,2250594,0.15,0.11698221355647202,7937.252328042001,True,False
3166,2030.0,933,2251527,0.15,0.11597303776749981,7940.288125458001,True,False
3167,1230.0,924,2252451,0.15,0.10784725057066002,7943.4155050829995,True,False
3168,1670.0,895,2253346,0.15,0.10957764641248754,7946.376397583001,True,False
3169,2030.0,874,2254220,0.15,0.11346297887192197,7949.300257000001,True,False
3170,1280.0,645,2254865,0.15,0.08115311819620384,7951.4064891670005,True,False
3171,430.0,462,2255327,0.15,0.0962588637581338,7952.9525247500005,True,False
3172,1650.0,1221,2256548,0.15,0.11523954745601206,7956.961709375,True,False
3173,710.0,598,2257146,0.15,0.09505168744831677,7958.9380454170005,True,False
3174,2030.0,1069,2258215,0.15,0.10974265311317943,7962.458752375,True,False
3175,1700.0,983,2259198,0.15,0.11978349331917802,7965.641411917,True,False
3176,860.0,531,2259729,0.15,0.10943167347152878,7968.277580917,True,False
3177,1340.0,868,2260597,0.15,0.10084445850091046,7971.4949317499995,True,False
3178,1600.0,746,2261343,0.15,0.09087222962770411,7974.071853542,True,False
3179,1850.0,871,2262214,0.15,0.12166777954633357,7977.091129667,True,False
3180,1270.0,949,2263163,0.15,0.1190278224552734,7980.175555333,True,False
3181,910.0,729,2263892,0.15,0.12234660260420029,7982.6699100000005,True,False
3182,740.0,600,2264492,0.15,0.1233064915239811,7984.753174707999,True,False
3183,1470.0,1016,2265508,0.15,0.12610667432093714,7988.183325125001,True,False
3184,1110.0,696,2266204,0.15,0.12701459318913264,7990.5520115,True,False
3185,1120.0,717,2266921,0.15,0.11892361209504099,7992.921300375001,True,False
3186,1210.0,773,2267694,0.15,0.10779663374155296,7995.685563375,True,False
3187,2870.0,935,2268629,0.15,0.12527882526668474,7998.78159925,True,False
3188,1910.0,931,2269560,0.15,0.1216292717681934,8001.968743042,True,False
3189,1440.0,883,2270443,0.15,0.11943511325781318,8004.871587333,True,False
3190,1350.0,860,2271303,0.15,0.10865570708762767,8007.726238333,True,False
3191,2000.0,874,2272177,0.15,0.11098149646771009,8010.6199175,True,False
3192,1190.0,1177,2273354,0.15,0.11278913076967001,8014.491294957999,True,False
3193,1260.0,740,2274094,0.15,0.10649253686738981,8016.994902791999,True,False
3194,1380.0,961,2275055,0.15,0.10954522891746213,8020.123138708001,True,False
3195,1380.0,1110,2276165,0.15,0.10223069895568082,8023.825011167,True,False
3196,880.0,658,2276823,0.15,0.11743012034311527,8025.966668875,True,False
3197,1420.0,1000,2277823,0.15,0.11859269147366286,8029.266730167001,True,False
3198,1470.0,1122,2278945,0.15,0.12074540223382758,8033.261692167,True,False
3199,780.0,594,2279539,0.15,0.11829814049289436,8035.238469708,True,False
3200,710.0,597,2280136,0.15,0.12150315307080746,8037.2779670420005,True,False
3201,1300.0,1014,2281150,0.15,0.11374028583642522,8041.827233333001,True,False
3202,1060.0,657,2281807,0.15,0.1213950289913067,8044.917213750001,True,False
3203,1640.0,843,2282650,0.15,0.10730414412986328,8047.760983667,True,False
3204,1460.0,567,2283217,0.15,0.10889666917091104,8049.8216505420005,True,False
3205,1730.0,770,2283987,0.15,0.10420124913798645,8052.394825583,True,False
3206,1240.0,665,2284652,0.15,0.12416176891657049,8054.734938292,True,False
3207,1760.0,794,2285446,0.15,0.12463618650317493,8057.353081125,True,False
3208,1250.0,758,2286204,0.15,0.09723744838449516,8059.873788167,True,False
3209,680.0,553,2286757,0.15,0.11028552855756404,8061.708017792,True,False
3210,1840.0,732,2287489,0.15,0.10223049281643388,8064.239023124999,True,False
3211,940.0,632,2288121,0.15,0.10763024048337454,8066.311521457999,True,False
3212,2390.0,936,2289057,0.15,0.11369786352619655,8069.395348667,True,False
3213,830.0,545,2289602,0.15,0.1263859350069919,8071.203739332999,True,False
3214,2110.0,1128,2290730,0.15,0.11882857333023286,8074.925967249999,True,False
3215,1180.0,788,2291518,0.15,0.10890138673071328,8077.4981489580005,True,False
3216,1300.0,691,2292209,0.15,0.1254599349024151,8079.7697567079995,True,False
3217,1250.0,689,2292898,0.15,0.12076409334360166,8082.068421417,True,False
3218,1010.0,592,2293490,0.15,0.09536528344442313,8084.100181958,True,False
3219,1230.0,866,2294356,0.15,0.11239048758787769,8086.970308,True,False
3220,1280.0,794,2295150,0.15,0.11461599713962789,8089.568694042,True,False
3221,1860.0,967,2296117,0.15,0.10627413888977578,8092.740740458001,True,False
3222,1570.0,879,2296996,0.15,0.12027765465053646,8095.604417832999,True,False
3223,1800.0,1027,2298023,0.15,0.10823061024711933,8099.000134,True,False
3224,1390.0,674,2298697,0.15,0.13155201034477124,8101.217816875,True,False
3225,1400.0,916,2299613,0.15,0.0924607074237937,8104.937512042001,True,False
3226,1780.0,898,2300511,0.15,0.12062858215566459,8109.105026292,True,False
3227,2530.0,865,2301376,0.15,0.09874342853194833,8112.0686389170005,True,False
3228,1310.0,769,2302145,0.15,0.11716978803936702,8114.703050167,True,False
3229,2650.0,999,2303144,0.15,0.10733458052575588,8117.9592556669995,True,False
3230,1160.0,809,2303953,0.15,0.10780101523983597,8120.692841292001,True,False
3231,1250.0,684,2304637,0.15,0.11395394877252872,8122.940437249999,True,False
3232,1660.0,865,2305502,0.15,0.10148014309298661,8125.73234875,True,False
3233,1370.0,890,2306392,0.15,0.12295248581622747,8128.859249208001,True,False
3234,1690.0,570,2306962,0.15,0.12621197508464396,8130.726008416999,True,False
3235,1520.0,789,2307751,0.15,0.10282284041233172,8133.299613042,True,False
3236,860.0,552,2308303,0.15,0.12594481394288765,8135.165490708001,True,False
3237,1680.0,793,2309096,0.15,0.1095205611975199,8137.747757625,True,False
3238,1850.0,861,2309957,0.15,0.11647200055940207,8140.590809583,True,False
3239,2040.0,810,2310767,0.15,0.12789687365846764,8143.346875333,True,False
3240,1040.0,832,2311599,0.15,0.1146116014301347,8146.036702083,True,False
3241,1900.0,1260,2312859,0.15,0.11453950406894797,8150.384209292,True,False
3242,1510.0,1302,2314161,0.15,0.11943922194143745,8154.687702792,True,False
3243,720.0,750,2314911,0.15,0.08754219081910218,8157.1212068330005,True,False
3244,1570.0,987,2315898,0.15,0.11398987843832264,8160.332313625,True,False
3245,1140.0,705,2316603,0.15,0.10514641283291647,8162.649160917001,True,False
3246,1300.0,650,2317253,0.15,0.11144585160115746,8165.116682708,True,False
3247,1860.0,948,2318201,0.15,0.11367504332481809,8168.376951458,True,False
3248,2000.0,1024,2319225,0.15,0.11079568397690309,8171.777128042,True,False
3249,4520.0,950,2320175,0.15,0.10430640002657593,8175.342487874999,True,False
3250,1340.0,1099,2321274,0.15,0.11294132905927572,8178.971504958001,True,False
3251,640.0,503,2321777,0.15,0.10263037517489422,8181.594465583001,True,False
3252,2170.0,956,2322733,0.15,0.10228800736211832,8184.809496333,True,False
3253,1480.0,881,2323614,0.15,0.10256296745924787,8187.662556917001,True,False
3254,790.0,476,2324090,0.15,0.09351995155340483,8189.237511667001,True,False
3255,840.0,652,2324742,0.15,0.11322157735153576,8191.450817625,True,False
3256,1090.0,890,2325632,0.15,0.11210485800866857,8194.377467542,True,False
3257,1580.0,869,2326501,0.15,0.10511428306591676,8197.207292417,True,False
3258,1510.0,815,2327316,0.15,0.10200642465668566,8199.839195625,True,False
3259,950.0,536,2327852,0.15,0.10712042826213944,8201.614182333,True,False
3260,1480.0,887,2328739,0.15,0.09592061296813359,8204.468439583,True,False
3261,1140.0,521,2329260,0.15,0.12088594294174482,8206.146419792,True,False
3262,990.0,757,2330017,0.15,0.10602060658118082,8208.644800542,True,False
3263,1430.0,857,2330874,0.15,0.10157448149103428,8211.443710583,True,False
3264,1530.0,797,2331671,0.15,0.12829959499251903,8214.053671083,True,False
3265,1210.0,667,2332338,0.15,0.12392202343144816,8216.242950708,True,False
3266,1730.0,883,2333221,0.15,0.11219146737314727,8219.175862917,True,False
3267,1310.0,628,2333849,0.15,0.10735674400570666,8221.226443542,True,False
3268,1280.0,837,2334686,0.15,0.10246339181001392,8224.023345,True,False
3269,460.0,427,2335113,0.15,0.10264499535975612,8225.44759725,True,False
3270,1350.0,846,2335959,0.15,0.09912106376229586,8228.265614542,True,False
3271,980.0,664,2336623,0.15,0.11531149486012487,8230.474413208,True,False
3272,1350.0,682,2337305,0.15,0.10555529972396747,8232.776940167,True,False
3273,840.0,611,2337916,0.15,0.09670179424916997,8234.770247,True,False
3274,1550.0,920,2338836,0.15,0.11006121148719736,8237.739077,True,False
3275,1450.0,679,2339515,0.15,0.10061986498622852,8239.975241958,True,False
3276,2690.0,987,2340502,0.15,0.09100731524077021,8244.59939775,True,False
3277,1440.0,1031,2341533,0.15,0.10938680387109287,8247.960442667,True,False
3278,750.0,566,2342099,0.15,0.09755441228073117,8249.795759458,True,False
3279,1410.0,962,2343061,0.15,0.11333868870534837,8253.146337708,True,False
3280,2570.0,1169,2344230,0.15,0.10664864060507245,8257.086067,True,False
3281,1760.0,735,2344965,0.15,0.11126289916548716,8259.502613708,True,False
3282,1280.0,689,2345654,0.15,0.10275167114166327,8261.77437425,True,False
3283,1380.0,721,2346375,0.15,0.0894244932052162,8264.136401,True,False
3284,660.0,581,2346956,0.15,0.140840652322218,8266.037844833,True,False
3285,2610.0,1271,2348227,0.15,0.11456961675373725,8270.195395292,True,False
3286,1200.0,711,2348938,0.15,0.12988991855403012,8272.550171292,True,False
3287,1700.0,902,2349840,0.15,0.11764017795006522,8275.562029417,True,False
3288,900.0,586,2350426,0.15,0.10365264168749116,8277.447242417,True,False
3289,1440.0,784,2351210,0.15,0.11413776164646355,8279.986148667,True,False
3290,1040.0,598,2351808,0.15,0.10668584958960613,8281.984702125,True,False
3291,1240.0,748,2352556,0.15,0.10028894132072913,8284.429046792,True,False
3292,1030.0,610,2353166,0.15,0.12088183423896369,8286.684427625,True,False
3293,1870.0,914,2354080,0.15,0.10689001528782095,8289.687080042,True,False
3294,1610.0,844,2354924,0.15,0.11116291441341147,8292.505642625,True,False
3295,1140.0,733,2355657,0.15,0.12107746258296602,8294.941996792,True,False
3296,1880.0,821,2356478,0.15,0.12389178312406307,8297.5950325,True,False
3297,640.0,488,2356966,0.15,0.10719179357478364,8299.197418292,True,False
3298,2690.0,828,2357794,0.15,0.1219971345440633,8301.876196958001,True,False
3299,1280.0,947,2358741,0.15,0.11198392743048285,8304.975385875001,True,False
3300,1230.0,655,2359396,0.15,0.12260857148368548,8307.136520292,True,False
3301,1370.0,797,2360193,0.15,0.13376179857918966,8311.0717575,True,False
3302,1170.0,796,2360989,0.15,0.11402960832057586,8313.726519167,True,False
3303,2000.0,1089,2362078,0.15,0.1185408028678092,8317.231650167,True,False
3304,920.0,739,2362817,0.15,0.13680285817465265,8319.731035,True,False
3305,880.0,713,2363530,0.15,0.11054724787644456,8322.065587667,True,False
3306,1440.0,904,2364434,0.15,0.11196846109444061,8325.004618833,True,False
3307,1390.0,803,2365237,0.15,0.154611490351792,8327.626231583,True,False
3308,840.0,677,2365914,0.15,0.13403092722612373,8329.835627708,True,False
3309,2680.0,929,2366843,0.15,0.12428470122916944,8332.945459333,True,False
3310,1640.0,762,2367605,0.15,0.1407544571145667,8335.46513475,True,False
3311,800.0,500,2368105,0.15,0.15107182893157006,8337.106415542,True,False
3312,840.0,851,2368956,0.15,0.1316359106258887,8339.88514275,True,False
3313,1720.0,938,2369894,0.15,0.11301579371763346,8342.935225458,True,False
3314,1930.0,997,2370891,0.15,0.12473784651921456,8346.229260917,True,False
3315,1420.0,692,2371583,0.15,0.12286850554879346,8348.698856083,True,False
3316,950.0,562,2372145,0.15,0.13800582288374716,8350.500168292,True,False
3317,2100.0,748,2372893,0.15,0.12695315254125047,8353.075013167,True,False
3318,790.0,660,2373553,0.15,0.120784130365108,8355.25465875,True,False
3319,850.0,676,2374229,0.15,0.11266321488297902,8357.436456417001,True,False
3320,1630.0,718,2374947,0.15,0.12244634848483447,8359.819849625,True,False
3321,1660.0,777,2375724,0.15,0.12173807104237569,8362.333739667,True,False
3322,620.0,531,2376255,0.15,0.12169581986117092,8364.083086333,True,False
3323,1230.0,822,2377077,0.15,0.11018475278922656,8366.815311167,True,False
3324,950.0,1046,2378123,0.15,0.1189973216746502,8370.171827333,True,False
3325,1500.0,1540,2379663,0.15,0.14010578328138823,8375.255051167,True,False
3326,1360.0,805,2380468,0.15,0.13039644630533634,8378.897023167001,True,False
3327,1050.0,818,2381286,0.15,0.11061805198151692,8381.658870458,True,False
3328,2490.0,896,2382182,0.15,0.1450872578425333,8384.669835458,True,False
3329,1230.0,932,2383114,0.15,0.10446901106207668,8387.703743208,True,False
3330,770.0,634,2383748,0.15,0.1280698001197299,8389.767804417,True,False
3331,1130.0,796,2384544,0.15,0.10640367897386527,8392.427451583,True,False
3332,1190.0,936,2385480,0.15,0.12486367428309134,8395.583832292,True,False
3333,1940.0,1228,2386708,0.15,0.12303292400018594,8399.630840333,True,False
3334,1180.0,716,2387424,0.15,0.12256335606538384,8401.909317583,True,False
3335,1590.0,958,2388382,0.15,0.12027870814577057,8405.112198625,True,False
3336,2000.0,966,2389348,0.15,0.13083423992757462,8408.524845917,True,False
3337,1720.0,619,2389967,0.15,0.0961903140565695,8410.557567,True,False
3338,1970.0,1165,2391132,0.15,0.13088178907661405,8414.633935333,True,False
3339,1200.0,679,2391811,0.15,0.10204057510082538,8416.826689042,True,False
3340,1200.0,719,2392530,0.15,0.13322023881806266,8419.211150625,True,False
3341,950.0,488,2393018,0.15,0.1215439562487309,8420.851827625,True,False
3342,2790.0,991,2394009,0.15,0.12279985845088959,8424.03717025,True,False
3343,1460.0,763,2394772,0.15,0.11245626214092003,8426.592686083,True,False
3344,2600.0,790,2395562,0.15,0.12375186250407987,8429.179638,True,False
3345,1300.0,1002,2396564,0.15,0.13572588753682446,8432.676272083,True,False
3346,1380.0,1022,2397586,0.15,0.1168620366676181,8436.115426417,True,False
3347,1560.0,900,2398486,0.15,0.11293566657437218,8439.162132167,True,False
3348,1950.0,719,2399205,0.15,0.1278691075431804,8441.535156792,True,False
3349,1280.0,935,2400140,0.15,0.12896786439113128,8444.841496292,True,False
3350,2110.0,1094,2401234,0.15,0.11009109491693886,8448.752804,True,False
3351,2290.0,700,2401934,0.15,0.09770160662276405,8452.2902,True,False
3352,1420.0,755,2402689,0.15,0.10011294929596481,8454.976006625,True,False
3353,1430.0,956,2403645,0.15,0.11317260292159963,8458.080291792001,True,False
3354,1550.0,994,2404639,0.15,0.12480534585343013,8461.367896292,True,False
3355,1620.0,787,2405426,0.15,0.12802936520597658,8464.009935125001,True,False
3356,1260.0,1116,2406542,0.15,0.11620698540761906,8467.971258042,True,False
3357,1140.0,582,2407124,0.15,0.12379717265498148,8469.902971083,True,False
3358,770.0,587,2407711,0.15,0.1246498348063802,8471.847031083,True,False
3359,1620.0,785,2408496,0.15,0.12087105487846783,8474.792927167,True,False
3360,1610.0,1099,2409595,0.15,0.10554046642008054,8478.542375583,True,False
3361,2530.0,1228,2410823,0.15,0.10011999840553887,8482.824011667,True,False
3362,1050.0,647,2411470,0.15,0.1262319111207753,8485.077044625,True,False
3363,2900.0,750,2412220,0.15,0.11277041761600907,8487.60998075,True,False
3364,850.0,631,2412851,0.15,0.10179080150926569,8489.686794333,True,False
3365,1240.0,739,2413590,0.15,0.10890220390582407,8492.178600792,True,False
3366,2450.0,1114,2414704,0.15,0.11157796101971766,8495.913630333,True,False
3367,750.0,520,2415224,0.15,0.1036131679152067,8497.636867583,True,False
3368,1060.0,813,2416037,0.15,0.126340217062552,8500.303202375,True,False
3369,840.0,575,2416612,0.15,0.11748018820718345,8502.238380917,True,False
3370,1180.0,896,2417508,0.15,0.11788297599248056,8505.228881458,True,False
3371,1580.0,1043,2418551,0.15,0.12791698064941626,8508.720423750001,True,False
3372,1410.0,765,2419316,0.15,0.12376138732846205,8511.548539583,True,False
3373,1160.0,724,2420040,0.15,0.12128334393652764,8514.010213792,True,False
3374,1050.0,770,2420810,0.15,0.11021677956644756,8516.633653792,True,False
3375,1690.0,961,2421771,0.15,0.12192489224641273,8519.898183125,True,False
3376,780.0,552,2422323,0.15,0.10077911944708963,8522.963287333,True,False
3377,1250.0,820,2423143,0.15,0.10568516436146527,8525.791775417,True,False
3378,1100.0,776,2423919,0.15,0.10590933005987983,8528.468687542,True,False
3379,380.0,555,2424474,0.15,0.11795258420191222,8530.287281708,True,False
3380,770.0,671,2425145,0.15,0.12051131565212495,8532.743363583,True,False
3381,1550.0,1069,2426214,0.15,0.12890847506566663,8536.689590917,True,False
3382,1090.0,698,2426912,0.15,0.09629143120987074,8538.982078333,True,False
3383,2900.0,861,2427773,0.15,0.14531000192428745,8541.799388833,True,False
3384,860.0,752,2428525,0.15,0.11726047411719535,8544.337770583,True,False
3385,1490.0,887,2429412,0.15,0.10927843030642818,8547.248778667,True,False
3386,920.0,589,2430001,0.15,0.13850163746954633,8549.181743042,True,False
3387,1090.0,748,2430749,0.15,0.12016946992732305,8551.605541958,True,False
3388,2080.0,610,2431359,0.15,0.11694495339485768,8553.6008755,True,False
3389,1460.0,1065,2432424,0.15,0.11412521700064342,8557.066102625,True,False
3390,1520.0,811,2433235,0.15,0.12477742877816504,8559.717263125,True,False
3391,1860.0,832,2434067,0.15,0.11699206068610343,8562.470239667,True,False
3392,2110.0,993,2435060,0.15,0.13065549987087766,8565.749228833,True,False
3393,1230.0,610,2435670,0.15,0.12397797908143778,8567.720632917,True,False
3394,1290.0,810,2436480,0.15,0.10763247481781274,8570.3811735,True,False
3395,1380.0,1027,2437507,0.15,0.11268131376709789,8575.280029,True,False
3396,1300.0,816,2438323,0.15,0.11581327216517107,8578.286935583,True,False
3397,1060.0,762,2439085,0.15,0.10527867559558123,8580.954966375,True,False
3398,980.0,931,2440016,0.15,0.10107158415435209,8584.114625958,True,False
3399,850.0,630,2440646,0.15,0.10994188158897458,8586.233856667,True,False
3400,1180.0,766,2441412,0.15,0.1279396130121313,8589.162876917,True,False
3401,1500.0,885,2442297,0.15,0.1166345255440986,8593.248554125,True,False
3402,1320.0,739,2443036,0.15,0.11644044892006629,8595.724673917,True,False
3403,1430.0,927,2443963,0.15,0.13491778759471265,8598.844814042,True,False
3404,2790.0,1021,2444984,0.15,0.10996906416403363,8602.221961958001,True,False
3405,1510.0,861,2445845,0.15,0.12982885432971078,8605.053489583,True,False
3406,2520.0,1012,2446857,0.15,0.14320055256954767,8608.384083375,True,False
3407,1260.0,896,2447753,0.15,0.10911390957854954,8611.407849792,True,False
3408,1360.0,841,2448594,0.15,0.12103096960733334,8614.137571125,True,False
3409,620.0,495,2449089,0.15,0.13231378783201497,8615.7924615,True,False
3410,1150.0,761,2449850,0.15,0.12979433238506316,8618.251498458,True,False
3411,1000.0,585,2450435,0.15,0.09938983284957605,8620.168672542,True,False
3412,2940.0,1172,2451607,0.15,0.12646687623914396,8624.060243917,True,False
3413,1030.0,625,2452232,0.15,0.14691861952613494,8626.106850583,True,False
3414,1980.0,811,2453043,0.15,0.1053612947943482,8628.780372917001,True,False
3415,1220.0,652,2453695,0.15,0.09982105015428519,8631.080359708,True,False
3416,1740.0,1002,2454697,0.15,0.12510510554826593,8635.203532708,True,False
3417,2890.0,1001,2455698,0.15,0.12168656549602747,8638.60485275,True,False
3418,2040.0,893,2456591,0.15,0.12578485864360772,8641.568972083,True,False
3419,900.0,617,2457208,0.15,0.12964663757912576,8643.695358042,True,False
3420,2580.0,779,2457987,0.15,0.13224115131480485,8646.261955083,True,False
3421,2340.0,911,2458898,0.15,0.12334283731322278,8649.481023583001,True,False
3422,860.0,891,2459789,0.15,0.10478183992975496,8652.4157975,True,False
3423,940.0,737,2460526,0.15,0.1242342823104042,8654.982966583,True,False
3424,2400.0,1106,2461632,0.15,0.1256942137242009,8658.640153625,True,False
3425,850.0,510,2462142,0.15,0.13174054730595566,8660.284899625,True,False
3426,2280.0,1002,2463144,0.15,0.11767523216298852,8664.789262333,True,False
3427,1260.0,557,2463701,0.15,0.12929631852739149,8666.683059708,True,False
3428,1330.0,781,2464482,0.15,0.11913314472215297,8669.234835125,True,False
3429,1170.0,769,2465251,0.15,0.12239923293236643,8671.794215125,True,False
3430,1440.0,919,2466170,0.15,0.11543193125854367,8674.784392167001,True,False
3431,930.0,825,2466995,0.15,0.12674095933732477,8677.441494167,True,False
3432,790.0,630,2467625,0.15,0.1441761512615824,8679.488432042,True,False
3433,1630.0,766,2468391,0.15,0.11592538675283574,8681.971642625,True,False
3434,870.0,551,2468942,0.15,0.13975525296468666,8683.850183375,True,False
3435,1790.0,992,2469934,0.15,0.125900044398863,8687.048425667,True,False
3436,890.0,682,2470616,0.15,0.13206888172143733,8689.636022708,True,False
3437,1130.0,616,2471232,0.15,0.13173174174720204,8691.586014833,True,False
3438,1120.0,830,2472062,0.15,0.12159066793963241,8695.0066215,True,False
3439,1240.0,570,2472632,0.15,0.11123949278901507,8696.922219083,True,False
3440,830.0,486,2473118,0.15,0.1275065931037438,8698.467853,True,False
3441,1300.0,652,2473770,0.15,0.13162025159076313,8700.746023292,True,False
3442,1610.0,945,2474715,0.15,0.10537401231605623,8703.903242417,True,False
3443,880.0,623,2475338,0.15,0.1490931571700061,8705.965723708001,True,False
3444,850.0,836,2476174,0.15,0.12189695161531132,8708.866144583,True,False
3445,770.0,680,2476854,0.15,0.13874196445240694,8711.10077125,True,False
3446,2390.0,1202,2478056,0.15,0.1285968315710261,8715.0345805,True,False
3447,1520.0,940,2478996,0.15,0.1315892870121814,8718.053594292,True,False
3448,600.0,495,2479491,0.15,0.12939111421990201,8719.710713042,True,False
3449,1170.0,680,2480171,0.15,0.1247119562152554,8721.918186542,True,False
3450,1200.0,767,2480938,0.15,0.12913349745213054,8724.563160417,True,False
3451,1010.0,722,2481660,0.15,0.15044323591649203,8727.627565833,True,False
3452,1670.0,848,2482508,0.15,0.12445783304964315,8730.454726125,True,False
3453,740.0,558,2483066,0.15,0.1390721926318227,8732.230826542,True,False
3454,980.0,810,2483876,0.15,0.1448774468428983,8734.913922083,True,False
3455,850.0,591,2484467,0.15,0.13343809282749283,8736.8362195,True,False
3456,1360.0,1007,2485474,0.15,0.1272479805149256,8740.08639475,True,False
3457,500.0,541,2486015,0.15,0.16819744474358028,8741.846225208,True,False
3458,1030.0,742,2486757,0.15,0.1265874516859811,8744.264411167,True,False
3459,1570.0,922,2487679,0.15,0.13445214727974455,8747.225421917,True,False
3460,1000.0,784,2488463,0.15,0.13894598825587606,8749.768814583,True,False
3461,1320.0,784,2489247,0.15,0.13323982403024423,8752.41026875,True,False
3462,1140.0,712,2489959,0.15,0.15038493879432424,8755.011142542,True,False
3463,680.0,600,2490559,0.15,0.1107855274528265,8757.268994333,True,False
3464,1680.0,999,2491558,0.15,0.11982102709263563,8760.510059833001,True,False
3465,2030.0,580,2492138,0.15,0.13891404218457895,8762.413096167,True,False
3466,860.0,612,2492750,0.15,0.11089485088740689,8764.430816875,True,False
3467,1640.0,581,2493331,0.15,0.12214043963828991,8766.300664167,True,False
3468,1040.0,737,2494068,0.15,0.12405335423914161,8769.236295208,True,False
3469,1250.0,928,2494996,0.15,0.14371335275214295,8772.210779375,True,False
3470,1940.0,859,2495855,0.15,0.1467010223036893,8775.67465925,True,False
3471,1160.0,596,2496451,0.15,0.11592651441093259,8777.655130083,True,False
3472,2100.0,929,2497380,0.15,0.14062771581656944,8780.788595125001,True,False
3473,1480.0,993,2498373,0.15,0.1342547490381666,8784.07483675,True,False
3474,2010.0,896,2499269,0.15,0.14842293609399348,8787.016817,True,False
3475,780.0,653,2499922,0.15,0.12225102693802374,8789.15569375,True,False
3476,1920.0,792,2500714,0.15,0.12228043351059008,8793.068408417,True,False
3477,1340.0,879,2501593,0.15,0.12270515020090071,8795.954705833,True,False
3478,2420.0,991,2502584,0.15,0.13606605242427078,8799.274097708,True,False
3479,2200.0,1102,2503686,0.15,0.13517592694271693,8803.024243875,True,False
3480,1130.0,703,2504389,0.15,0.13184471198738637,8805.379736792,True,False
3481,700.0,626,2505015,0.15,0.12386393273631349,8807.417168833,True,False
3482,1100.0,705,2505720,0.15,0.12491890937510856,8809.782034792,True,False
3483,1200.0,797,2506517,0.15,0.11321981187591601,8812.416289917,True,False
3484,1540.0,687,2507204,0.15,0.12259100113323955,8814.8363215,True,False
3485,1760.0,1247,2508451,0.15,0.13268905850516638,8819.082660083,True,False
3486,3330.0,1005,2509456,0.15,0.14721257093229465,8822.373820667,True,False
3487,950.0,834,2510290,0.15,0.14271177021034348,8825.134990083001,True,False
3488,570.0,438,2510728,0.15,0.10591196157038212,8826.681860667,True,False
3489,840.0,520,2511248,0.15,0.12539990876729673,8828.455046208,True,False
3490,1930.0,808,2512056,0.15,0.13247656394349466,8831.156610583,True,False
3491,2740.0,1109,2513165,0.15,0.11830277357667361,8834.84871125,True,False
3492,1740.0,761,2513926,0.15,0.1110501115847575,8837.330890167,True,False
3493,1540.0,824,2514750,0.15,0.11842814501085618,8840.0205035,True,False
3494,1850.0,1000,2515750,0.15,0.1284867961332202,8843.331175958,True,False
3495,1980.0,1170,2516920,0.15,0.14087480598418584,8847.165037875,True,False
3496,2380.0,868,2517788,0.15,0.12302884888676455,8849.95513925,True,False
3497,970.0,700,2518488,0.15,0.12650257354336125,8852.234327542,True,False
3498,450.0,428,2518916,0.15,0.11612954916798066,8853.643917792,True,False
3499,1450.0,868,2519784,0.15,0.12138203520344974,8856.500294792,True,False
3500,900.0,841,2520625,0.15,0.11433515468878405,8859.232193875001,True,False
3501,600.0,663,2521288,0.15,0.1254177880641746,8862.202201042,True,False
3502,910.0,712,2522000,0.15,0.12336148047463948,8864.611798792,True,False
3503,310.0,328,2522328,0.15,0.10941936402786069,8865.673864333,True,False
3504,1200.0,968,2523296,0.15,0.14122172304975592,8868.943540917,True,False
3505,1100.0,926,2524222,0.15,0.13445166984645576,8872.403981167,True,False
3506,1240.0,731,2524953,0.15,0.13297647211313898,8875.0034245,True,False
3507,1170.0,719,2525672,0.15,0.1462398004821605,8877.497282667,True,False
3508,1260.0,629,2526301,0.15,0.16686075101280287,8879.730820292,True,False
3509,1080.0,846,2527147,0.15,0.11369783779103045,8882.529616833,True,False
3510,820.0,550,2527697,0.15,0.10342083085814248,8884.362265375,True,False
3511,1100.0,744,2528441,0.15,0.12235189309363724,8887.184185042,True,False
3512,2110.0,1082,2529523,0.15,0.11252819786055221,8891.002862,True,False
3513,760.0,563,2530086,0.15,0.12738608768381549,8892.929298542,True,False
3514,2280.0,749,2530835,0.15,0.11501463944899207,8895.484142583,True,False
3515,2340.0,658,2531493,0.15,0.11857732894519965,8897.647073417,True,False
3516,1180.0,854,2532347,0.15,0.12951329545480825,8900.4474745,True,False
3517,690.0,511,2532858,0.15,0.1267621455481276,8902.116907833,True,False
3518,1100.0,687,2533545,0.15,0.1387405660176693,8904.338756667,True,False
3519,1380.0,694,2534239,0.15,0.13242974927961138,8906.679978083,True,False
3520,2750.0,1069,2535308,0.15,0.12367644122065004,8910.181550958001,True,False
3521,1580.0,917,2536225,0.15,0.1301195920815114,8913.212595542,True,False
3522,600.0,618,2536843,0.15,0.10485241416986886,8915.261491875,True,False
3523,2590.0,772,2537615,0.15,0.1253666615142569,8917.763160042,True,False
3524,1520.0,784,2538399,0.15,0.140899431521111,8920.343234958,True,False
3525,2210.0,870,2539269,0.15,0.13862069240779779,8923.249975458,True,False
3526,1390.0,909,2540178,0.15,0.1428347184170973,8927.252237625,True,False
3527,1590.0,814,2540992,0.15,0.12245135169074524,8929.935214458,True,False
3528,960.0,575,2541567,0.15,0.13384481584588132,8931.77927325,True,False
3529,1200.0,685,2542252,0.15,0.1148808497264115,8934.020769875,True,False
3530,1590.0,830,2543082,0.15,0.10490639646344138,8936.807168458,True,False
3531,1130.0,799,2543881,0.15,0.10026605641469359,8939.401233042001,True,False
3532,2530.0,998,2544879,0.15,0.13114080673091144,8942.676792625,True,False
3533,1800.0,720,2545599,0.15,0.1128940189567705,8945.025502667,True,False
3534,990.0,637,2546236,0.15,0.12639695707475768,8947.256328917,True,False
3535,1320.0,782,2547018,0.15,0.12083854193870838,8949.871538083,True,False
3536,1410.0,686,2547704,0.15,0.1099428131548298,8952.109836458,True,False
3537,1470.0,768,2548472,0.15,0.1167703057678106,8954.742187375,True,False
3538,1430.0,718,2549190,0.15,0.14347788802863165,8957.071052833,True,False
3539,1230.0,890,2550080,0.15,0.12357878457804966,8960.095101917,True,False
3540,1900.0,1493,2551573,0.15,0.13163116524849916,8964.993136042,True,False
3541,2620.0,1134,2552707,0.15,0.14486747146205642,8968.727154958,True,False
3542,1650.0,928,2553635,0.15,0.14945232296555205,8971.70155375,True,False
3543,1210.0,958,2554593,0.15,0.11148048006774237,8974.951913,True,False
3544,1180.0,787,2555380,0.15,0.14463539279732607,8977.505967958,True,False
3545,1230.0,980,2556360,0.15,0.11547312334331931,8980.844432875,True,False
3546,1390.0,806,2557166,0.15,0.12420356526637255,8983.44462875,True,False
3547,1060.0,708,2557874,0.15,0.12295604491932581,8985.764855708,True,False
3548,1350.0,827,2558701,0.15,0.11915521950861394,8988.479765417,True,False
3549,2470.0,821,2559522,0.15,0.1331968182198158,8991.271711708001,True,False
3550,870.0,731,2560253,0.15,0.10902160303310944,8993.65730275,True,False
3551,850.0,679,2560932,0.15,0.12323804382673081,8996.725893750001,True,False
3552,1750.0,744,2561676,0.15,0.11476370053345798,8999.220962458001,True,False
3553,2090.0,947,2562623,0.15,0.14042151267087813,9002.333097792,True,False
3554,720.0,596,2563219,0.15,0.1531447282423509,9004.352943292,True,False
3555,1070.0,641,2563860,0.15,0.13834280790240497,9006.54124025,True,False
3556,1440.0,942,2564802,0.15,0.12117143496870994,9009.869567083,True,False
3557,2030.0,870,2565672,0.15,0.12683402873370625,9012.725607833,True,False
3558,1570.0,1012,2566684,0.15,0.13223548395478207,9016.041154083001,True,False
3559,1270.0,883,2567567,0.15,0.14299486105922948,9018.96685125,True,False
3560,950.0,675,2568242,0.15,0.12352308057821713,9021.168192667,True,False
3561,1330.0,727,2568969,0.15,0.11826138048954718,9023.654235167,True,False
3562,990.0,819,2569788,0.15,0.12578642624543934,9026.331595458,True,False
3563,1050.0,631,2570419,0.15,0.11701998095603505,9028.450865542,True,False
3564,1080.0,731,2571150,0.15,0.14913656988023408,9030.879447917001,True,False
3565,1460.0,710,2571860,0.15,0.11706905376710249,9033.19641775,True,False
3566,1440.0,1026,2572886,0.15,0.12488659886003006,9036.57999675,True,False
3567,1190.0,689,2573575,0.15,0.10860314582972679,9038.837538167,True,False
3568,1870.0,1189,2574764,0.15,0.12644425538937318,9042.71907975,True,False
3569,3880.0,756,2575520,0.15,0.14009131784871143,9045.145105917,True,False
3570,800.0,575,2576095,0.15,0.13032633094833448,9047.034718167,True,False
3571,1510.0,740,2576835,0.15,0.11276961432115452,9049.459762417,True,False
3572,610.0,620,2577455,0.15,0.11124375064767177,9051.455874833,True,False
3573,1850.0,829,2578284,0.15,0.11668577158931069,9054.420181708,True,False
3574,1250.0,775,2579059,0.15,0.1194301344106852,9056.928175250001,True,False
3575,920.0,715,2579774,0.15,0.09851476808167037,9059.367169375,True,False
3576,830.0,678,2580452,0.15,0.10123605539693552,9062.668325667,True,False
3577,1300.0,812,2581264,0.15,0.11933946613167307,9065.494359542,True,False
3578,2010.0,1300,2582564,0.15,0.12749648097042854,9071.032598292,True,False
3579,1720.0,645,2583209,0.15,0.140371148526576,9073.126966833,True,False
3580,2570.0,984,2584193,0.15,0.11281684150056141,9076.879312333,True,False
3581,1880.0,788,2584981,0.15,0.11185263424431006,9079.497036667,True,False
3582,1060.0,731,2585712,0.15,0.11188261006332811,9081.935794917,True,False
3583,2300.0,848,2586560,0.15,0.13374053317842619,9084.827074583,True,False
3584,1850.0,896,2587456,0.15,0.1410762714388381,9087.878226792,True,False
3585,790.0,617,2588073,0.15,0.0988566954801609,9089.86803975,True,False
3586,1330.0,614,2588687,0.15,0.09932793763289655,9091.912390125,True,False
3587,600.0,689,2589376,0.15,0.16100905803328305,9094.19640875,True,False
3588,1320.0,654,2590030,0.15,0.10918494896746121,9096.367477583,True,False
3589,1900.0,709,2590739,0.15,0.13340425144060183,9098.731052875,True,False
3590,1200.0,702,2591441,0.15,0.12547462973320347,9101.023898708,True,False
3591,1160.0,683,2592124,0.15,0.13365728933124515,9103.599885625,True,False
3592,1730.0,854,2592978,0.15,0.11842205872138341,9106.385797458,True,False
3593,1220.0,722,2593700,0.15,0.1353627965883326,9108.845933667,True,False
3594,1640.0,734,2594434,0.15,0.1357775321484752,9111.358151917,True,False
3595,580.0,489,2594923,0.15,0.14880836355026628,9112.977911375001,True,False
3596,1270.0,731,2595654,0.15,0.1468385536773283,9115.549186208,True,False
3597,890.0,527,2596181,0.15,0.13021153416202375,9117.267509792,True,False
3598,1460.0,905,2597086,0.15,0.12785660000765217,9120.209989833,True,False
3599,1730.0,731,2597817,0.15,0.1305554609012897,9122.699912042,True,False
3600,1520.0,861,2598678,0.15,0.1369677098337994,9125.529112833,True,False
3601,1250.0,709,2599387,0.15,0.13275460387438032,9129.083395375,True,False
3602,1070.0,624,2600011,0.15,0.14884361593673626,9131.798968708,True,False
3603,1840.0,911,2600922,0.15,0.12544544966760696,9134.949064958,True,False
3604,1210.0,711,2601633,0.15,0.15069680476791403,9137.473128,True,False
3605,760.0,654,2602287,0.15,0.15225381607566874,9139.591454125,True,False
3606,1660.0,808,2603095,0.15,0.1302494027439763,9142.24171525,True,False
3607,1810.0,812,2603907,0.15,0.14506646239295087,9144.923531292001,True,False
3608,1020.0,626,2604533,0.15,0.13477623676228676,9147.019251208,True,False
3609,800.0,635,2605168,0.15,0.13633789561407747,9149.119508,True,False
3610,1490.0,1103,2606271,0.15,0.13755714476785877,9152.855304958,True,False
3611,1280.0,952,2607223,0.15,0.15653714435879423,9156.0193065,True,False
3612,1240.0,745,2607968,0.15,0.11552414831949427,9158.431432542,True,False
3613,1190.0,784,2608752,0.15,0.14582454814214488,9161.073582125,True,False
3614,1540.0,667,2609419,0.15,0.12197505524494202,9163.211417042,True,False
3615,2910.0,1020,2610439,0.15,0.1156545681769357,9166.588100708,True,False
3616,940.0,814,2611253,0.15,0.13882301198135988,9169.227789625,True,False
3617,1710.0,978,2612231,0.15,0.14584795537511588,9172.379521083,True,False
3618,1320.0,754,2612985,0.15,0.17800841805717302,9174.946417833,True,False
3619,1590.0,1128,2614113,0.15,0.12679288704080363,9178.627541625001,True,False
3620,1650.0,1014,2615127,0.15,0.14657389534556348,9181.901027292,True,False
3621,1670.0,870,2615997,0.15,0.13339714312908846,9184.822744792,True,False
3622,1930.0,1223,2617220,0.15,0.13511721594441756,9188.988070083,True,False
3623,1150.0,936,2618156,0.15,0.13980672576934353,9192.480412,True,False
3624,2870.0,948,2619104,0.15,0.133125976718302,9195.806309708,True,False
3625,1230.0,769,2619873,0.15,0.12627304130000994,9198.392765875,True,False
3626,1180.0,840,2620713,0.15,0.12221217379860935,9202.379207375001,True,False
3627,1280.0,648,2621361,0.15,0.12234376175444067,9204.585388625,True,False
3628,1080.0,673,2622034,0.15,0.12071959046824347,9206.769549833,True,False
3629,960.0,793,2622827,0.15,0.1348292917728123,9209.328302167,True,False
3630,1720.0,866,2623693,0.15,0.12139489542916074,9212.110247,True,False
3631,1310.0,802,2624495,0.15,0.1249024754576385,9214.878964833,True,False
3632,1120.0,601,2625096,0.15,0.1184578759978149,9216.834898125,True,False
3633,1410.0,739,2625835,0.15,0.13284320503716235,9219.263705125,True,False
3634,1520.0,790,2626625,0.15,0.11167364367142771,9221.834333333,True,False
3635,1140.0,740,2627365,0.15,0.1278777454954547,9224.262439917,True,False
3636,1630.0,800,2628165,0.15,0.12235363695770501,9226.904024542,True,False
3637,1020.0,732,2628897,0.15,0.13555673963792336,9229.320776958,True,False
3638,1060.0,582,2629479,0.15,0.10457638472575566,9231.299644208,True,False
3639,1930.0,1062,2630541,0.15,0.11697701633648765,9234.813694958,True,False
3640,1360.0,925,2631466,0.15,0.12362483319588553,9237.829781958,True,False
3641,1620.0,697,2632163,0.15,0.13238760333336974,9240.100999208,True,False
3642,5020.0,1041,2633204,0.15,0.12671683095681027,9243.4769465,True,False
3643,1580.0,907,2634111,0.15,0.12611666387688797,9246.513347958,True,False
3644,950.0,671,2634782,0.15,0.12401633495686665,9248.802625583001,True,False
3645,880.0,684,2635466,0.15,0.13786886996257375,9251.035198958,True,False
3646,1220.0,627,2636093,0.15,0.12806868827219603,9253.403310792,True,False
3647,1300.0,653,2636746,0.15,0.11644746895673816,9255.604257833,True,False
3648,1850.0,736,2637482,0.15,0.11459611487858322,9258.057532125,True,False
3649,1480.0,1053,2638535,0.15,0.12477907099311343,9261.521700292,True,False
3650,1270.0,685,2639220,0.15,0.12374683220459279,9263.795916792,True,False
3651,1150.0,715,2639935,0.15,0.12443443111489329,9266.9668915,True,False
3652,1500.0,929,2640864,0.15,0.1424500820558726,9270.023656667001,True,False
3653,1130.0,749,2641613,0.15,0.1291168078999309,9272.407589292001,True,False
3654,1260.0,777,2642390,0.15,0.14239047236318134,9275.002641042,True,False
3655,1040.0,735,2643125,0.15,0.13224114060563885,9277.413893333,True,False
3656,1480.0,784,2643909,0.15,0.151809265761047,9280.116813292,True,False
3657,1170.0,660,2644569,0.15,0.11718114280339444,9282.271408083001,True,False
3658,1650.0,734,2645303,0.15,0.10240302179924778,9284.70664575,True,False
3659,2750.0,986,2646289,0.15,0.11814923154620025,9287.902222625,True,False
3660,2010.0,1014,2647303,0.15,0.12557987674422885,9291.222378333001,True,False
3661,850.0,696,2647999,0.15,0.11374360329375185,9293.508020583,True,False
3662,1670.0,923,2648922,0.15,0.13015598470740247,9296.5845535,True,False
3663,1870.0,980,2649902,0.15,0.13459488974542033,9299.769620292,True,False
3664,880.0,609,2650511,0.15,0.14850464405639,9301.729549708,True,False
3665,920.0,518,2651029,0.15,0.13390709742044027,9303.458706208,True,False
3666,2740.0,1047,2652076,0.15,0.11180360302442813,9306.933957,True,False
3667,1060.0,654,2652730,0.15,0.11489034510371875,9309.113414083,True,False
3668,1760.0,924,2653654,0.15,0.13677567991859468,9312.174598083,True,False
3669,2210.0,615,2654269,0.15,0.10316504507821489,9314.321415542001,True,False
3670,1460.0,910,2655179,0.15,0.10267566795981928,9317.33663975,True,False
3671,2520.0,1053,2656232,0.15,0.11341116305045558,9320.779773833001,True,False
3672,1720.0,986,2657218,0.15,0.12654595061137183,9324.077859792,True,False
3673,820.0,643,2657861,0.15,0.11334143981615209,9326.494020042,True,False
3674,2070.0,923,2658784,0.15,0.11980689859654738,9329.47093525,True,False
3675,880.0,593,2659377,0.15,0.12348850923464508,9331.453515708,True,False
3676,1180.0,751,2660128,0.15,0.13839804008603096,9334.968373958,True,False
3677,750.0,686,2660814,0.15,0.132474354549981,9337.323600208,True,False
3678,1690.0,958,2661772,0.15,0.12698476443377635,9340.494544542,True,False
3679,1170.0,743,2662515,0.15,0.11479307626550261,9343.122186625,True,False
3680,1990.0,1036,2663551,0.15,0.13012952819236456,9346.522404292,True,False
3681,1490.0,978,2664529,0.15,0.11311862736332173,9349.71971275,True,False
3682,1420.0,1045,2665574,0.15,0.09849637154475482,9353.30750025,True,False
3683,1510.0,955,2666529,0.15,0.14003148918121927,9356.463043292,True,False
3684,1130.0,691,2667220,0.15,0.12611545412397454,9358.830714958,True,False
3685,1970.0,859,2668079,0.15,0.1024070087054344,9361.562373417,True,False
3686,1740.0,1150,2669229,0.15,0.11214142129109758,9365.578632542,True,False
3687,2210.0,1131,2670360,0.15,0.13310287318886801,9369.520954667,True,False
3688,1170.0,770,2671130,0.15,0.10595669197694708,9372.168814167,True,False
3689,1190.0,701,2671831,0.15,0.10610603395317282,9375.087748833,True,False
3690,1400.0,1022,2672853,0.15,0.11516269335697871,9378.456769208,True,False
3691,2730.0,865,2673718,0.15,0.10864869043817399,9381.418326167,True,False
3692,3350.0,998,2674716,0.15,0.12187981506437064,9384.799693083,True,False
3693,930.0,529,2675245,0.15,0.13142794061621482,9386.632152917,True,False
3694,1150.0,717,2675962,0.15,0.1324542617664657,9389.024714083,True,False
3695,1120.0,685,2676647,0.15,0.13019452945530763,9391.262138792,True,False
3696,1040.0,1108,2677755,0.15,0.13176417110037286,9394.860619417,True,False
3697,1310.0,858,2678613,0.15,0.11902883642807949,9398.053597625,True,False
3698,800.0,620,2679233,0.15,0.1258616310814696,9400.063255125,True,False
3699,1220.0,540,2679773,0.15,0.11968482832113901,9401.856589875,True,False
3700,2100.0,742,2680515,0.15,0.12021038503058859,9404.652846833,True,False
3701,530.0,422,2680937,0.15,0.16406985326617393,9407.7397905,True,False
3702,1330.0,856,2681793,0.15,0.13721932461224148,9410.83487075,True,False
3703,2090.0,1021,2682814,0.15,0.1279983430589531,9414.243136167,True,False
3704,1670.0,938,2683752,0.15,0.12782695964771382,9417.391513625,True,False
3705,690.0,480,2684232,0.15,0.12246469271679719,9419.018932583,True,False
3706,1990.0,935,2685167,0.15,0.12353482092590802,9421.999347375,True,False
3707,1210.0,722,2685889,0.15,0.14302570734028988,9424.367944667,True,False
3708,1740.0,767,2686656,0.15,0.12561613332945853,9426.983023208,True,False
3709,1550.0,846,2687502,0.15,0.1301889112528184,9429.750651792001,True,False
3710,1080.0,569,2688071,0.15,0.12449551068088958,9431.659154292,True,False
3711,1380.0,783,2688854,0.15,0.16253774335645899,9434.31681275,True,False
3712,3070.0,1126,2689980,0.15,0.1292069972829616,9438.018710833001,True,False
3713,630.0,476,2690456,0.15,0.11922324786917503,9439.639991833,True,False
3714,470.0,476,2690932,0.15,0.11529537706690676,9441.243875583,True,False
3715,1810.0,712,2691644,0.15,0.12255198811965712,9443.588760083,True,False
3716,1770.0,785,2692429,0.15,0.12410920095268865,9446.157317458,True,False
3717,1610.0,853,2693282,0.15,0.1240993138280273,9449.034901292,True,False
3718,1960.0,776,2694058,0.15,0.15241596500206853,9451.562698125,True,False
3719,1190.0,728,2694786,0.15,0.13753819676464077,9453.950352,True,False
3720,1720.0,670,2695456,0.15,0.12626896799165047,9456.237718333,True,False
3721,1820.0,954,2696410,0.15,0.12187653045099572,9459.416948,True,False
3722,2170.0,1257,2697667,0.15,0.13627813331142163,9463.553668042001,True,False
3723,2140.0,1072,2698739,0.15,0.1237100318018625,9467.281083292,True,False
3724,1740.0,821,2699560,0.15,0.12938717164967245,9470.913209083,True,False
3725,1120.0,766,2700326,0.15,0.137607855985614,9473.557448125,True,False
3726,2100.0,1010,2701336,0.15,0.14360896500909753,9478.149644000001,True,False
3727,2620.0,1035,2702371,0.15,0.1390661674356738,9481.604564917001,True,False
3728,1510.0,900,2703271,0.15,0.13009683587484888,9484.657823792,True,False
3729,1090.0,870,2704141,0.15,0.11604603654235054,9487.562110042,True,False
3730,1220.0,892,2705033,0.15,0.1209531246763842,9490.569507292,True,False
3731,1400.0,955,2705988,0.15,0.10835332068844569,9493.669591417,True,False
3732,910.0,778,2706766,0.15,0.14557137599541353,9496.252571417,True,False
3733,1460.0,934,2707700,0.15,0.11107661241554043,9499.337686625,True,False
3734,730.0,617,2708317,0.15,0.12305687142947278,9501.393923625,True,False
3735,1860.0,1080,2709397,0.15,0.12538678977224563,9504.979356625001,True,False
3736,1650.0,780,2710177,0.15,0.12282477943943097,9507.56243,True,False
3737,2210.0,1009,2711186,0.15,0.1137289038253209,9510.959308417001,True,False
3738,640.0,667,2711853,0.15,0.12252199466892345,9513.129452625,True,False
3739,2770.0,1141,2712994,0.15,0.1171489759168604,9516.824320292,True,False
3740,2100.0,963,2713957,0.15,0.1344141865466022,9519.9180625,True,False
3741,2050.0,811,2714768,0.15,0.13755694269363222,9522.581881458,True,False
3742,1240.0,955,2715723,0.15,0.12573343945839324,9525.635823583,True,False
3743,2410.0,984,2716707,0.15,0.1307203648763338,9528.876994583,True,False
3744,1880.0,936,2717643,0.15,0.12515676349528834,9531.8905675,True,False
3745,1260.0,833,2718476,0.15,0.11133644207599061,9534.683377167,True,False
3746,1140.0,651,2719127,0.15,0.12176181035645214,9536.836386167,True,False
3747,760.0,645,2719772,0.15,0.12025920769636646,9538.940061667001,True,False
3748,1960.0,824,2720596,0.15,0.16166445377816274,9541.577142,True,False
3749,850.0,547,2721143,0.15,0.10277137116474264,9543.390717458,True,False
3750,1050.0,626,2721769,0.15,0.13503476703290346,9545.466543875,True,False
3751,1600.0,879,2722648,0.15,0.12275884816931053,9549.388002708,True,False
3752,1160.0,949,2723597,0.15,0.12110223216377984,9552.580270958,True,False
3753,2080.0,921,2724518,0.15,0.10274127899952556,9555.580981167,True,False
3754,1240.0,1007,2725525,0.15,0.11012537192021098,9558.958807875,True,False
3755,450.0,488,2726013,0.15,0.13907671099925628,9560.581977167,True,False
3756,1050.0,813,2726826,0.15,0.11690867400448311,9563.194406792,True,False
3757,2320.0,936,2727762,0.15,0.12438620612598382,9566.206122542,True,False
3758,1670.0,972,2728734,0.15,0.12800901094949785,9569.422995500001,True,False
3759,1330.0,735,2729469,0.15,0.13480085715570528,9571.812567542,True,False
3760,660.0,472,2729941,0.15,0.09593623579811242,9573.356235667,True,False
3761,800.0,808,2730749,0.15,0.1281283517912178,9575.985672958,True,False
3762,1940.0,1050,2731799,0.15,0.13414692632740235,9579.373046083,True,False
3763,1080.0,620,2732419,0.15,0.12989875403863768,9581.415851833,True,False
3764,1280.0,718,2733137,0.15,0.12353332427640756,9583.764080333,True,False
3765,2680.0,982,2734119,0.15,0.12844301764758265,9586.944413,True,False
3766,2760.0,934,2735053,0.15,0.11827989757602286,9589.981858333,True,False
3767,2110.0,937,2735990,0.15,0.12064439718985659,9593.135198625,True,False
3768,3010.0,1133,2737123,0.15,0.13040771320225283,9596.848374833,True,False
3769,1990.0,935,2738058,0.15,0.11383852057763909,9599.99268325,True,False
3770,2060.0,952,2739010,0.15,0.142416405820233,9603.121293792,True,False
3771,1740.0,844,2739854,0.15,0.10900981168117004,9605.834317292,True,False
3772,590.0,541,2740395,0.15,0.13099026243995737,9607.794958333001,True,False
3773,1150.0,1171,2741566,0.15,0.11636706926055736,9611.6769165,True,False
3774,1460.0,918,2742484,0.15,0.12347351357178843,9614.8031465,True,False
3775,1850.0,971,2743455,0.15,0.11907756018398469,9617.950369958,True,False
3776,900.0,536,2743991,0.15,0.10844192988892544,9620.701951417,True,False
3777,1480.0,706,2744697,0.15,0.1127276890148214,9623.203451458001,True,False
3778,500.0,470,2745167,0.15,0.0956606721648803,9624.716698792,True,False
3779,1190.0,780,2745947,0.15,0.121469726270208,9627.2477835,True,False
3780,1430.0,909,2746856,0.15,0.1056819469749666,9630.198175167001,True,False
3781,1340.0,769,2747625,0.15,0.11751211527734995,9632.692278875,True,False
3782,2740.0,1055,2748680,0.15,0.10624651701866904,9636.111381917,True,False
3783,1990.0,853,2749533,0.15,0.134394873362122,9638.865502542,True,False
3784,2040.0,861,2750394,0.15,0.12026027902787507,9641.663463750001,True,False
3785,2010.0,1045,2751439,0.15,0.1261291915615057,9645.066467583,True,False
3786,1020.0,836,2752275,0.15,0.08775344587256463,9648.075089333,True,False
3787,720.0,686,2752961,0.15,0.13743530987047178,9650.4708275,True,False
3788,1320.0,1074,2754035,0.15,0.10908795305208038,9654.000982458,True,False
3789,1900.0,1066,2755101,0.15,0.09724451421519344,9657.5567225,True,False
3790,810.0,630,2755731,0.15,0.11699215149518791,9659.617075458,True,False
3791,1900.0,897,2756628,0.15,0.12500257232122952,9662.681945167,True,False
3792,600.0,508,2757136,0.15,0.07959294836880185,9664.326149458,True,False
3793,1340.0,853,2757989,0.15,0.10334718584174842,9667.224645125,True,False
3794,2050.0,974,2758963,0.15,0.10932172336634785,9670.401044833001,True,False
3795,1310.0,752,2759715,0.15,0.11276852363284598,9672.999319583,True,False
3796,1800.0,800,2760515,0.15,0.11166035746224225,9675.926080583,True,False
3797,1360.0,783,2761298,0.15,0.09470395226867831,9678.75092575,True,False
3798,2330.0,962,2762260,0.15,0.10769959260164702,9682.082050458,True,False
3799,1370.0,916,2763176,0.15,0.11977856757534124,9685.069129708,True,False
3800,1660.0,845,2764021,0.15,0.08546047072451544,9687.809509708,True,False
3801,1840.0,1082,2765103,0.15,0.11655619911918486,9692.340965333,True,False
3802,630.0,653,2765756,0.15,0.10008050828445249,9694.471738375,True,False
3803,1340.0,786,2766542,0.15,0.11472043193572638,9697.053861333,True,False
3804,1810.0,796,2767338,0.15,0.10990424583380545,9699.637486833,True,False
3805,1730.0,1130,2768468,0.15,0.12819984095835854,9703.363010375,True,False
3806,1510.0,742,2769210,0.15,0.1268020575110977,9705.73705325,True,False
3807,940.0,601,2769811,0.15,0.1170898691068093,9707.705655833,True,False
3808,2740.0,1173,2770984,0.15,0.11642586071120233,9711.65819275,True,False
3809,1380.0,947,2771931,0.15,0.11284963358035785,9714.887794958,True,False
3810,1970.0,915,2772846,0.15,0.11976717128601397,9717.844036458,True,False
3811,1970.0,1246,2774092,0.15,0.10921274609744358,9721.93222325,True,False
3812,3150.0,944,2775036,0.15,0.12123323347166938,9725.117902125001,True,False
3813,1210.0,536,2775572,0.15,0.12241290406838282,9727.079740208,True,False
3814,1260.0,852,2776424,0.15,0.08627214084243831,9729.851742292,True,False
3815,1400.0,846,2777270,0.15,0.10017794414789756,9732.648097375,True,False
3816,1440.0,926,2778196,0.15,0.10407606587777364,9735.663943333,True,False
3817,2740.0,923,2779119,0.15,0.08627397137005692,9738.725950875,True,False
3818,1380.0,730,2779849,0.15,0.1098070974293791,9741.086967708,True,False
3819,1660.0,856,2780705,0.15,0.10361261282847306,9743.89676325,True,False
3820,1530.0,1026,2781731,0.15,0.09446839890733827,9747.253193125,True,False
3821,930.0,774,2782505,0.15,0.10395462795631173,9749.763558458,True,False
3822,950.0,708,2783213,0.15,0.1152025745118742,9752.062598375,True,False
3823,1060.0,822,2784035,0.15,0.1142561658126552,9754.843693917,True,False
3824,2720.0,849,2784884,0.15,0.11674848240865789,9757.579500208,True,False
3825,1440.0,1022,2785906,0.15,0.10252198100674387,9760.920535208,True,False
3826,2630.0,1056,2786962,0.15,0.10261172362405693,9765.350500958,True,False
3827,1980.0,833,2787795,0.15,0.1317594257505754,9768.063852833,True,False
3828,1620.0,694,2788489,0.15,0.10786107589287319,9770.316521125,True,False
3829,1010.0,916,2789405,0.15,0.10255665700541053,9773.316890625,True,False
3830,1070.0,716,2790121,0.15,0.09512322346091936,9775.697281333,True,False
3831,1040.0,529,2790650,0.15,0.10898028971683799,9777.435485,True,False
3832,1360.0,949,2791599,0.15,0.12371005376462947,9780.51794925,True,False
3833,1060.0,673,2792272,0.15,0.11793279035027916,9782.744432792,True,False
3834,670.0,473,2792745,0.15,0.11002519695182979,9784.263043542,True,False
3835,950.0,627,2793372,0.15,0.11953430212322314,9786.629478875,True,False
3836,1520.0,773,2794145,0.15,0.09146827995931546,9789.168086417,True,False
3837,2380.0,1109,2795254,0.15,0.12280020015549574,9792.973189083,True,False
3838,1070.0,771,2796025,0.15,0.12019024470849976,9795.594118917,True,False
3839,2030.0,938,2796963,0.15,0.108367926074972,9798.703016042,True,False
3840,1650.0,749,2797712,0.15,0.12665244366260284,9801.214365292,True,False
3841,1470.0,1111,2798823,0.15,0.1285676480630675,9805.616292375,True,False
3842,930.0,691,2799514,0.15,0.11212116528323965,9808.034492292,True,False
3843,1000.0,681,2800195,0.15,0.12040009651990498,9810.272481708,True,False
3844,2310.0,1115,2801310,0.15,0.14049569628198086,9814.001101833,True,False
3845,1300.0,566,2801876,0.15,0.10857670692543328,9815.905566417001,True,False
3846,930.0,682,2802558,0.15,0.1279499825418872,9818.106431833,True,False
3847,1140.0,903,2803461,0.15,0.11106370971332082,9821.104738,True,False
3848,1630.0,743,2804204,0.15,0.11131145138173335,9823.585690417,True,False
3849,1600.0,906,2805110,0.15,0.12450251892307955,9826.526349,True,False
3850,1360.0,915,2806025,0.15,0.1386092811513806,9829.539571,True,False
3851,1590.0,744,2806769,0.15,0.11323882978890211,9833.113476667,True,False
3852,2340.0,712,2807481,0.15,0.12103501682201129,9835.552050333,True,False
3853,1220.0,829,2808310,0.15,0.11339402821472877,9838.239014375,True,False
3854,1390.0,1057,2809367,0.15,0.13361434013385212,9841.720534667,True,False
3855,2300.0,771,2810138,0.15,0.09886712076171383,9844.27119625,True,False
3856,1250.0,964,2811102,0.15,0.11345616168500972,9847.545762458,True,False
3857,1390.0,953,2812055,0.15,0.12430109179132626,9850.683218333,True,False
3858,1030.0,724,2812779,0.15,0.1280948228990011,9853.040136917,True,False
3859,1190.0,955,2813734,0.15,0.11808387543928174,9856.232846792,True,False
3860,1260.0,846,2814580,0.15,0.1272396241877017,9858.997924625,True,False
3861,1750.0,950,2815530,0.15,0.10739818227944997,9862.085011542,True,False
3862,790.0,594,2816124,0.15,0.1142000996401446,9864.821067917,True,False
3863,1240.0,856,2816980,0.15,0.12350420842695738,9867.548441458,True,False
3864,1380.0,667,2817647,0.15,0.12344171863094151,9869.83016725,True,False
3865,1680.0,715,2818362,0.15,0.12660938775031594,9872.134577417,True,False
3866,1410.0,624,2818986,0.15,0.1313639770452984,9874.208174625,True,False
3867,1490.0,1012,2819998,0.15,0.12589631142764696,9877.52059025,True,False
3868,3080.0,962,2820960,0.15,0.12134842112413086,9880.678133125,True,False
3869,990.0,578,2821538,0.15,0.10457960238111103,9882.570722542001,True,False
3870,2430.0,902,2822440,0.15,0.14829806200500611,9885.448560417,True,False
3871,2000.0,840,2823280,0.15,0.11483422343929608,9888.181878708001,True,False
3872,1350.0,679,2823959,0.15,0.1380664151624815,9890.373923542,True,False
3873,1770.0,832,2824791,0.15,0.1464597393060103,9893.115425667,True,False
3874,1440.0,687,2825478,0.15,0.14074108104199864,9895.371515958,True,False
3875,2310.0,892,2826370,0.15,0.1283440077552079,9898.28439375,True,False
3876,1130.0,916,2827286,0.15,0.1200516555604716,9902.399607792,True,False
3877,450.0,439,2827725,0.15,0.11285625537010756,9903.902570208,True,False
3878,1610.0,870,2828595,0.15,0.1197643321574009,9906.8078785,True,False
3879,1360.0,834,2829429,0.15,0.11835493042209502,9909.612641667,True,False
3880,1530.0,816,2830245,0.15,0.12839293424222692,9912.270243125,True,False
3881,1210.0,899,2831144,0.15,0.11145709521240658,9915.322189208,True,False
3882,1920.0,946,2832090,0.15,0.1262572691223379,9918.325156333,True,False
3883,1700.0,991,2833081,0.15,0.12869179824126825,9921.702640042,True,False
3884,2760.0,993,2834074,0.15,0.14769672875803325,9925.683725708,True,False
3885,1500.0,845,2834919,0.15,0.15547388052276526,9928.396347042,True,False
3886,1600.0,1423,2836342,0.15,0.12633935510693642,9933.359805583,True,False
3887,2040.0,1011,2837353,0.15,0.1137769299489354,9936.813477583,True,False
3888,940.0,706,2838059,0.15,0.11858175541485914,9939.19484375,True,False
3889,1500.0,821,2838880,0.15,0.11536655076824635,9941.973541625,True,False
3890,1330.0,838,2839718,0.15,0.12612248389451414,9944.767130958,True,False
3891,3760.0,1120,2840838,0.15,0.14091281998636468,9948.389983125,True,False
3892,1590.0,735,2841573,0.15,0.11161759396529068,9950.891018667,True,False
3893,1270.0,754,2842327,0.15,0.12725014320792669,9953.421352708001,True,False
3894,1670.0,963,2843290,0.15,0.1198539346363782,9956.677856708,True,False
3895,2290.0,1187,2844477,0.15,0.1231119296002368,9960.536065417,True,False
3896,1000.0,680,2845157,0.15,0.11165240729118095,9962.844056333,True,False
3897,1460.0,771,2845928,0.15,0.12539443752964852,9965.381034792,True,False
3898,1040.0,810,2846738,0.15,0.12533852232085302,9968.108062667001,True,False
3899,1700.0,912,2847650,0.15,0.12435294307866379,9971.129754208,True,False
3900,1710.0,1026,2848676,0.15,0.1364476870426524,9974.876107917,True,False
3901,1200.0,620,2849296,0.15,0.11497904278578297,9977.976606917,True,False
3902,1090.0,696,2849992,0.15,0.14325321959224582,9980.446782333,True,False
3903,1180.0,837,2850829,0.15,0.13197636782552638,9983.293700875,True,False
3904,2480.0,1261,2852090,0.15,0.1455789841001942,9988.038596125,True,False
3905,1640.0,928,2853018,0.15,0.12466090757014422,9991.112141792,True,False
3906,1760.0,988,2854006,0.15,0.1310537117288301,9994.37879775,True,False
3907,1390.0,758,2854764,0.15,0.12125540839410141,9996.885809125,True,False
3908,1310.0,915,2855679,0.15,0.13259332935048038,9999.865103292,True,False
3909,2750.0,928,2856607,0.15,0.12620768722564238,10002.919765708,True,False
3910,1410.0,943,2857550,0.15,0.12625799270473043,10005.943432833,True,False
3911,890.0,576,2858126,0.15,0.15761572143269909,10007.836412208,True,False
3912,1390.0,932,2859058,0.15,0.15109883013776956,10010.850699417,True,False
3913,850.0,713,2859771,0.15,0.1412150077521801,10013.153744458,True,False
3914,1070.0,691,2860462,0.15,0.1413039825103014,10015.423085583001,True,False
3915,2140.0,1396,2861858,0.15,0.14809361982951874,10019.907083,True,False
3916,2860.0,1172,2863030,0.15,0.1429440209152552,10023.739493542,True,False
3917,2040.0,807,2863837,0.15,0.13428379000524188,10026.365723500001,True,False
3918,1400.0,771,2864608,0.15,0.1325837615008799,10029.001227458,True,False
3919,2160.0,598,2865206,0.15,0.13946065891709103,10030.994195417,True,False
3920,760.0,614,2865820,0.15,0.15164086770556576,10033.128464375,True,False
3921,1490.0,910,2866730,0.15,0.1545503363259432,10036.209499083001,True,False
3922,1430.0,724,2867454,0.15,0.13463968746569935,10038.670714,True,False
3923,1380.0,569,2868023,0.15,0.1419858877402796,10040.547141958,True,False
3924,1320.0,914,2868937,0.15,0.11503759843163094,10043.542844458,True,False
3925,930.0,529,2869466,0.15,0.10359967895077937,10045.404335875,True,False
3926,1950.0,815,2870281,0.15,0.1375445479381026,10049.2829155,True,False
3927,1760.0,852,2871133,0.15,0.1342654603362923,10052.105836667,True,False
3928,2450.0,792,2871925,0.15,0.11902162194665936,10054.763823417,True,False
3929,1220.0,647,2872572,0.15,0.14192699727222877,10056.882814167,True,False
3930,230.0,324,2872896,0.15,0.16268754442348893,10057.959018417,True,False
3931,2990.0,925,2873821,0.15,0.13490967210624125,10061.019181083,True,False
3932,1580.0,985,2874806,0.15,0.12792233921345172,10064.330856958,True,False
3933,1410.0,744,2875550,0.15,0.14796302933245897,10066.803226458,True,False
3934,1120.0,669,2876219,0.15,0.13009611711262942,10068.978120375,True,False
3935,1250.0,835,2877054,0.15,0.12446738736766377,10071.691843917,True,False
3936,1890.0,1026,2878080,0.15,0.12259799303624648,10075.1460695,True,False
3937,1210.0,618,2878698,0.15,0.15231646824773257,10077.21465075,True,False
3938,1040.0,734,2879432,0.15,0.13352233288890641,10079.646997208,True,False
3939,1340.0,842,2880274,0.15,0.13344979724358944,10082.397997125001,True,False
3940,1490.0,704,2880978,0.15,0.12473407195119018,10084.757722458,True,False
3941,1310.0,716,2881694,0.15,0.1266992062788103,10087.145721833,True,False
3942,1150.0,784,2882478,0.15,0.11878633520052749,10089.743878333,True,False
3943,1650.0,761,2883239,0.15,0.1367126703752499,10092.261700375,True,False
3944,1240.0,943,2884182,0.15,0.12239158491335683,10095.448986667001,True,False
3945,1320.0,766,2884948,0.15,0.15519333778259656,10097.963748542,True,False
3946,320.0,422,2885370,0.15,0.15816717614375408,10099.335039583,True,False
3947,990.0,644,2886014,0.15,0.1430789627921507,10101.477754958,True,False
3948,2150.0,887,2886901,0.15,0.1476219854997219,10104.358743458,True,False
3949,1160.0,824,2887725,0.15,0.1466272895052595,10107.180234667,True,False
3950,990.0,616,2888341,0.15,0.14459015834205724,10109.152513667,True,False
3951,980.0,763,2889104,0.15,0.11963759873706009,10113.219144583,True,False
3952,2090.0,1005,2890109,0.15,0.12897461442002262,10116.642920875,True,False
3953,1220.0,870,2890979,0.15,0.16416555543511693,10120.205833583,True,False
3954,2340.0,951,2891930,0.15,0.12367816724102287,10123.37759225,True,False
3955,2500.0,878,2892808,0.15,0.11440851108425043,10126.305873625,True,False
3956,1450.0,679,2893487,0.15,0.14229587445685848,10128.587183292,True,False
3957,1150.0,640,2894127,0.15,0.14338491087546573,10130.712409083,True,False
3958,1170.0,692,2894819,0.15,0.1562474111170438,10133.028365417,True,False
3959,1510.0,633,2895452,0.15,0.14985146524630627,10135.116082792,True,False
3960,3270.0,1066,2896518,0.15,0.11175094073624316,10138.725150042,True,False
3961,1280.0,864,2897382,0.15,0.14559948991949637,10141.5005755,True,False
3962,580.0,467,2897849,0.15,0.149764183208219,10143.097976542,True,False
3963,1470.0,991,2898840,0.15,0.1429600756645443,10146.315581875,True,False
3964,950.0,704,2899544,0.15,0.1451935928145593,10148.799409292,True,False
3965,1400.0,841,2900385,0.15,0.15800703282334974,10151.5458905,True,False
3966,2090.0,792,2901177,0.15,0.13978612636488796,10154.155059333,True,False
3967,2860.0,1014,2902191,0.15,0.13280232018043872,10157.512483083001,True,False
3968,2290.0,709,2902900,0.15,0.12071075623206208,10159.814381,True,False
3969,1600.0,809,2903709,0.15,0.12407628160043813,10162.399397833,True,False
3970,1370.0,865,2904574,0.15,0.1332220089863296,10165.249259333,True,False
3971,1330.0,727,2905301,0.15,0.13044305137553058,10167.657044625,True,False
3972,1290.0,897,2906198,0.15,0.13439626617556705,10170.579045333001,True,False
3973,1720.0,1017,2907215,0.15,0.16194709876596225,10173.885177417,True,False
3974,1750.0,947,2908162,0.15,0.14425923986525474,10177.131503125,True,False
3975,1270.0,876,2909038,0.15,0.15258314861962785,10181.509604167,True,False
3976,1830.0,1454,2910492,0.15,0.1323010118801024,10188.14130525,True,False
3977,850.0,623,2911115,0.15,0.13482388367335643,10190.49655125,True,False
3978,1780.0,806,2911921,0.15,0.12863839363292007,10194.126616417,True,False
3979,1170.0,908,2912829,0.15,0.14299835830861252,10197.908444833,True,False
3980,2180.0,855,2913684,0.15,0.14921787445581405,10201.217113042,True,False
3981,740.0,564,2914248,0.15,0.1157918966091271,10203.297839833,True,False
3982,1320.0,675,2914923,0.15,0.11614159527899963,10205.587762375,True,False
3983,2580.0,1053,2915976,0.15,0.14394903398175357,10209.514977417,True,False
3984,2020.0,903,2916879,0.15,0.14111181620922353,10212.664860458,True,False
3985,1090.0,660,2917539,0.15,0.15435504860272914,10214.8893185,True,False
3986,350.0,476,2918015,0.15,0.12275059485197568,10216.469559792,True,False
3987,1410.0,926,2918941,0.15,0.1589227782177,10219.577228792,True,False
3988,1380.0,676,2919617,0.15,0.17480840613327084,10221.769207625,True,False
3989,1960.0,809,2920426,0.15,0.1612228258319273,10224.487826917,True,False
3990,1550.0,920,2921346,0.15,0.16536548202452453,10227.589988958,True,False
3991,1570.0,1014,2922360,0.15,0.14690699484785946,10231.143787375,True,False
3992,990.0,690,2923050,0.15,0.14457482204577604,10233.453526708001,True,False
3993,1530.0,885,2923935,0.15,0.15943190646758176,10236.432004,True,False
3994,540.0,486,2924421,0.15,0.1369684356890741,10238.09793425,True,False
3995,1890.0,1002,2925423,0.15,0.16087898764014244,10241.606245833,True,False
3996,1190.0,765,2926188,0.15,0.125322319023932,10244.668191458,True,False
3997,1160.0,704,2926892,0.15,0.13778076868038625,10247.135417583,True,False
3998,970.0,649,2927541,0.15,0.13280425552439726,10249.348070625,True,False
3999,1560.0,985,2928526,0.15,0.13848321510827152,10252.671478583,True,False
4000,1520.0,804,2929330,0.15,0.13029656220060676,10255.365295292,True,False
4001,1360.0,655,2929985,0.15,0.11943659621359008,10258.515005292,True,False
4002,2150.0,1095,2931080,0.15,0.1431519402476558,10262.159732542,True,False
4003,1830.0,832,2931912,0.15,0.13525115191721573,10264.97970125,True,False
4004,1790.0,1081,2932993,0.15,0.1330902579964863,10268.70589225,True,False
4005,1720.0,751,2933744,0.15,0.1410834400201256,10271.281638292001,True,False
4006,2080.0,1032,2934776,0.15,0.13801483808504056,10275.1712415,True,False
4007,1230.0,726,2935502,0.15,0.1337383717648397,10277.622638792,True,False
4008,1910.0,976,2936478,0.15,0.14796346541280386,10281.107082167,True,False
4009,1460.0,870,2937348,0.15,0.10561335904506641,10283.962257292,True,False
4010,1980.0,844,2938192,0.15,0.15715972645764384,10286.824963792,True,False
4011,960.0,610,2938802,0.15,0.1261157182559959,10288.814185625,True,False
4012,1010.0,686,2939488,0.15,0.14574664782429503,10291.162307833,True,False
4013,2020.0,843,2940331,0.15,0.12983762818787778,10293.915268375,True,False
4014,1540.0,908,2941239,0.15,0.1256935247158558,10296.934068708,True,False
4015,1080.0,833,2942072,0.15,0.12019564538445485,10299.640832458,True,False
4016,1680.0,858,2942930,0.15,0.13786980458404693,10302.508363083,True,False
4017,2450.0,948,2943878,0.15,0.11943218841331417,10305.669483583,True,False
4018,2340.0,977,2944855,0.15,0.11690198631621286,10308.903147625,True,False
4019,1460.0,711,2945566,0.15,0.11448750698290179,10311.346281792,True,False
4020,1360.0,836,2946402,0.15,0.10822957822758901,10314.137758083,True,False
4021,2020.0,998,2947400,0.15,0.13261204397678375,10317.49237,True,False
4022,1400.0,686,2948086,0.15,0.11386044786382489,10319.731192917001,True,False
4023,1320.0,739,2948825,0.15,0.1254711246671709,10322.155782958,True,False
4024,1530.0,994,2949819,0.15,0.10107340452621781,10325.891483583,True,False
4025,1640.0,900,2950719,0.15,0.14036589459412627,10329.20011525,True,False
4026,1230.0,990,2951709,0.15,0.12879386948301427,10334.3844615,True,False
4027,920.0,687,2952396,0.15,0.13707148471067465,10337.089784875001,True,False
4028,1300.0,730,2953126,0.15,0.14081033237360335,10340.179361292001,True,False
4029,1200.0,476,2953602,0.15,0.13428620225554252,10342.095058042,True,False
4030,1890.0,1109,2954711,0.15,0.13520493597760527,10345.917090542,True,False
4031,1830.0,678,2955389,0.15,0.150861395983135,10348.101165667,True,False
4032,1380.0,580,2955969,0.15,0.12733468927186112,10350.008692583,True,False
4033,810.0,680,2956649,0.15,0.1530031811884221,10352.267703292,True,False
4034,1080.0,796,2957445,0.15,0.13227394957039224,10354.9439395,True,False
4035,1660.0,894,2958339,0.15,0.12643536678912126,10357.869512917001,True,False
4036,1270.0,808,2959147,0.15,0.10602006178791865,10360.470677375,True,False
4037,1680.0,916,2960063,0.15,0.13321513526434461,10363.46277825,True,False
4038,410.0,628,2960691,0.15,0.1150926621571468,10365.517938083,True,False
4039,1710.0,839,2961530,0.15,0.14278443503592694,10368.585673208001,True,False
4040,1280.0,744,2962274,0.15,0.15591293559359606,10371.010650125,True,False
4041,1790.0,836,2963110,0.15,0.1428165477321764,10373.771418875,True,False
4042,1760.0,882,2963992,0.15,0.1379985751339753,10376.876888583,True,False
4043,2620.0,847,2964839,0.15,0.15037080786804452,10379.636127542,True,False
4044,2020.0,1218,2966057,0.15,0.12956946933122931,10383.684617083,True,False
4045,1230.0,764,2966821,0.15,0.14729452751459876,10386.171303125,True,False
4046,1510.0,708,2967529,0.15,0.1262488942067165,10388.612085083,True,False
4047,1120.0,774,2968303,0.15,0.11439625475883793,10391.173926292,True,False
4048,1740.0,1044,2969347,0.15,0.14001739955011228,10394.678479208,True,False
4049,1390.0,931,2970278,0.15,0.12409500009480208,10397.753724708,True,False
4050,1440.0,631,2970909,0.15,0.12757900926649948,10399.803181958001,True,False
4051,1500.0,853,2971762,0.15,0.11837971990517047,10403.908090083,True,False
4052,1780.0,996,2972758,0.15,0.11787734579399647,10407.223311792,True,False
4053,2130.0,842,2973600,0.15,0.10477446020532276,10409.948544833,True,False
4054,1120.0,667,2974267,0.15,0.12206499913640051,10412.125983417,True,False
4055,1710.0,794,2975061,0.15,0.12445370873539292,10414.749095125,True,False
4056,1610.0,898,2975959,0.15,0.11024099151836708,10417.659474083,True,False
4057,2440.0,1082,2977041,0.15,0.11613283137278803,10421.167222375,True,False
4058,830.0,714,2977755,0.15,0.12284692056644499,10423.506244667,True,False
4059,710.0,508,2978263,0.15,0.10940848114922291,10425.183437208,True,False
4060,1340.0,734,2978997,0.15,0.13927466588337784,10427.58073875,True,False
4061,1690.0,872,2979869,0.15,0.14097800095557073,10430.404291083,True,False
4062,1860.0,1012,2980881,0.15,0.12308243516346683,10433.948017458,True,False
4063,1210.0,895,2981776,0.15,0.1357357775060726,10437.057632833,True,False
4064,2630.0,1116,2982892,0.15,0.14323842976789747,10440.637632,True,False
4065,1340.0,842,2983734,0.15,0.1349311647759307,10443.404048792,True,False
4066,2300.0,757,2984491,0.15,0.14019095638481083,10445.848454083,True,False
4067,1350.0,1055,2985546,0.15,0.12989361823367124,10449.425778292,True,False
4068,510.0,516,2986062,0.15,0.15317358700341957,10451.199152,True,False
4069,900.0,483,2986545,0.15,0.12879133981860375,10452.811208833,True,False
4070,1080.0,736,2987281,0.15,0.11314757694692715,10455.31723025,True,False
4071,2360.0,1228,2988509,0.15,0.12658100084368298,10459.48067,True,False
4072,1780.0,857,2989366,0.15,0.14794789874386566,10462.845351125,True,False
4073,1130.0,601,2989967,0.15,0.12276212396721045,10464.787499667,True,False
4074,990.0,583,2990550,0.15,0.11315378480373997,10466.822418125,True,False
4075,1590.0,898,2991448,0.15,0.11937885959943136,10469.948181833,True,False
4076,1610.0,913,2992361,0.15,0.14329409236578564,10474.14774225,True,False
4077,2030.0,1091,2993452,0.15,0.13108220678709803,10477.811113542,True,False
4078,1320.0,997,2994449,0.15,0.11697017395472431,10481.160259667,True,False
4079,1240.0,797,2995246,0.15,0.1401276718918702,10483.748017875,True,False
4080,1060.0,665,2995911,0.15,0.11961428246584284,10485.980229625,True,False
4081,2510.0,813,2996724,0.15,0.12330961164415759,10488.736241542,True,False
4082,2000.0,844,2997568,0.15,0.1186556089404635,10491.461311292,True,False
4083,1160.0,884,2998452,0.15,0.1541418123198041,10494.394298375,True,False
4084,1630.0,981,2999433,0.15,0.14030876301076947,10497.772797583,True,False
4085,2180.0,858,3000291,0.15,0.151214682349117,10500.620991375,True,False
4086,970.0,692,3000983,0.15,0.14855793133550296,10502.925550042,True,False
4087,1330.0,730,3001713,0.15,0.11990324725381664,10505.765574083,True,False
4088,1610.0,1039,3002752,0.15,0.1278135980336139,10509.421264375,True,False
4089,1540.0,914,3003666,0.15,0.13227580121734686,10512.601297292,True,False
4090,1230.0,740,3004406,0.15,0.11949667820857988,10515.001752917,True,False
4091,1790.0,858,3005264,0.15,0.13418794267399367,10517.945384333,True,False
4092,3140.0,932,3006196,0.15,0.12472319908743892,10521.088426542,True,False
4093,1790.0,743,3006939,0.15,0.14822413281009003,10523.618794583,True,False
4094,1650.0,769,3007708,0.15,0.13490453753330856,10526.286802083001,True,False
4095,2030.0,905,3008613,0.15,0.1305026118355119,10529.336017417,True,False
4096,1150.0,1040,3009653,0.15,0.12268194541908227,10533.544910125,True,False
4097,2270.0,976,3010629,0.15,0.11202583763534661,10536.936931333,True,False
4098,2560.0,788,3011417,0.15,0.13776987031820764,10539.691129583,True,False
4099,1110.0,851,3012268,0.15,0.12146924124777037,10542.655097583,True,False
4100,640.0,511,3012779,0.15,0.11923415747683817,10544.750489708,True,False
4101,1330.0,743,3013522,0.15,0.11931768904930802,10548.221610375,True,False
4102,1300.0,713,3014235,0.15,0.1196974374646886,10550.904950125,True,False
4103,1910.0,953,3015188,0.15,0.10724818537393624,10554.075081875,True,False
4104,1340.0,899,3016087,0.15,0.14609832822212152,10557.2308725,True,False
4105,2040.0,1050,3017137,0.15,0.12381891282310731,10560.892795167,True,False
4106,1400.0,727,3017864,0.15,0.12773792418026989,10563.36600325,True,False
4107,1000.0,664,3018528,0.15,0.11830654005374176,10565.577054,True,False
4108,1620.0,921,3019449,0.15,0.12791980193199023,10568.847239875,True,False
4109,1320.0,890,3020339,0.15,0.11744535011281301,10571.820467667,True,False
4110,1870.0,1006,3021345,0.15,0.1166761374795839,10575.737143917,True,False
4111,1570.0,974,3022319,0.15,0.13375402228914415,10578.94977075,True,False
4112,2800.0,692,3023011,0.15,0.1367704636401179,10581.333097125,True,False
4113,1680.0,883,3023894,0.15,0.12114710469489993,10584.371808833,True,False
4114,1140.0,690,3024584,0.15,0.11535288786483293,10586.729187208,True,False
4115,1150.0,828,3025412,0.15,0.1179434347735799,10589.407064792,True,False
4116,1410.0,847,3026259,0.15,0.13553637869091112,10592.255171625,True,False
4117,2030.0,1044,3027303,0.15,0.12333797709124299,10596.502862958,True,False
4118,1530.0,918,3028221,0.15,0.13346001935069976,10599.638320375,True,False
4119,1630.0,925,3029146,0.15,0.13841324478581354,10602.808933042,True,False
4120,1580.0,1209,3030355,0.15,0.11126368260936231,10606.780526083001,True,False
4121,1070.0,567,3030922,0.15,0.1080984271616793,10608.657899417,True,False
4122,1600.0,817,3031739,0.15,0.11548536368554421,10611.424148,True,False
4123,1920.0,932,3032671,0.15,0.12858819533059526,10614.550743708,True,False
4124,2060.0,1061,3033732,0.15,0.11841599155161389,10618.063287417,True,False
4125,1820.0,923,3034655,0.15,0.12000028384930414,10621.142289417001,True,False
4126,1990.0,891,3035546,0.15,0.10500229703003515,10625.3477975,True,False
4127,2330.0,944,3036490,0.15,0.13382661838273882,10628.728960167,True,False
4128,2570.0,914,3037404,0.15,0.13823261495891095,10631.745343542,True,False
4129,1370.0,816,3038220,0.15,0.13622731182212924,10634.610349958,True,False
4130,2570.0,907,3039127,0.15,0.1257689577502619,10637.607427375,True,False
4131,1700.0,889,3040016,0.15,0.11499445699990597,10640.78537725,True,False
4132,1620.0,703,3040719,0.15,0.11534778456602778,10643.13058175,True,False
4133,2140.0,878,3041597,0.15,0.12287671598182483,10645.996389958,True,False
4134,1870.0,1012,3042609,0.15,0.10873826387018083,10649.414077458001,True,False
4135,1120.0,624,3043233,0.15,0.1092957664663211,10651.443924875,True,False
4136,2040.0,867,3044100,0.15,0.1008452857900325,10654.655458167,True,False
4137,1940.0,933,3045033,0.15,0.09666361911582078,10658.062697542,True,False
4138,2290.0,1137,3046170,0.15,0.1282767099328339,10661.9181255,True,False
4139,2480.0,821,3046991,0.15,0.13613596494059738,10664.648401875,True,False
4140,2150.0,838,3047829,0.15,0.1076196244607369,10667.519812083001,True,False
4141,1790.0,1071,3048900,0.15,0.12274591832546823,10671.130759375,True,False
4142,1730.0,842,3049742,0.15,0.09510273384373813,10673.988448958,True,False
4143,1100.0,746,3050488,0.15,0.11228065759461513,10676.6811685,True,False
4144,2210.0,816,3051304,0.15,0.10903187404733662,10679.737701167,True,False
4145,1850.0,844,3052148,0.15,0.10920469159198598,10682.604181167,True,False
4146,2190.0,537,3052685,0.15,0.13522989491918194,10684.473251833,True,False
4147,2100.0,752,3053437,0.15,0.10431080064835384,10687.132663792,True,False
4148,1410.0,820,3054257,0.15,0.12223840544409141,10689.889061458,True,False
4149,1240.0,792,3055049,0.15,0.1132150911679021,10692.739914167,True,False
4150,1630.0,802,3055851,0.15,0.10812522396445275,10695.427760458,True,False
4151,1660.0,824,3056675,0.15,0.1237714973468225,10699.553565542,True,False
4152,1470.0,998,3057673,0.15,0.11133763775974512,10702.937298,True,False
4153,1760.0,937,3058610,0.15,0.1151238890667247,10706.173097125,True,False
4154,2010.0,956,3059566,0.15,0.1420147789868226,10709.417566333,True,False
4155,3090.0,1027,3060593,0.15,0.10932907270782188,10712.878207625,True,False
4156,2770.0,976,3061569,0.15,0.1407996164558486,10716.894662,True,False
4157,1220.0,704,3062273,0.15,0.1341394716979597,10719.35957075,True,False
4158,1840.0,1024,3063297,0.15,0.12604411516076652,10722.9978325,True,False
4159,1220.0,709,3064006,0.15,0.11446184509218076,10725.392547042,True,False
4160,1860.0,893,3064899,0.15,0.13550594548440034,10728.424434042001,True,False
4161,1530.0,1053,3065952,0.15,0.11419336515422346,10732.056516792,True,False
4162,930.0,589,3066541,0.15,0.10638226607979155,10734.659361917,True,False
4163,2140.0,940,3067481,0.15,0.12928348098029482,10737.838594625,True,False
4164,1320.0,826,3068307,0.15,0.13516797498772734,10740.700901125,True,False
4165,2910.0,960,3069267,0.15,0.12545278877951205,10743.959937542,True,False
4166,1510.0,698,3069965,0.15,0.11713788962789944,10746.3335395,True,False
4167,1010.0,585,3070550,0.15,0.12697074276535478,10748.570217083,True,False
4168,1110.0,720,3071270,0.15,0.11276621313558685,10751.102042417,True,False
4169,1770.0,830,3072100,0.15,0.11998205199443664,10753.8998775,True,False
4170,700.0,533,3072633,0.15,0.11988800794894534,10755.696409,True,False
4171,600.0,565,3073198,0.15,0.10605611652135849,10757.595423833,True,False
4172,1050.0,968,3074166,0.15,0.15440341792538886,10760.976003542,True,False
4173,1050.0,645,3074811,0.15,0.12335847614344603,10763.102320458,True,False
4174,2610.0,1084,3075895,0.15,0.13721846193212645,10766.847917042,True,False
4175,620.0,480,3076375,0.15,0.13061069818213583,10768.502862833,True,False
4176,1490.0,806,3077181,0.15,0.14693796813561774,10772.186570583,True,False
4177,1000.0,720,3077901,0.15,0.14487896647511256,10774.671640583,True,False
4178,2860.0,1032,3078933,0.15,0.12107085596134727,10778.059812458,True,False
4179,1690.0,996,3079929,0.15,0.15408329575146776,10781.45397275,True,False
4180,2500.0,960,3080889,0.15,0.14480654201470317,10784.673665167,True,False
4181,2390.0,1088,3081977,0.15,0.12873754403143026,10788.333033042,True,False
4182,2150.0,974,3082951,0.15,0.15630848054226043,10791.554117208,True,False
4183,1450.0,838,3083789,0.15,0.12468819582746142,10794.512138417,True,False
4184,2780.0,991,3084780,0.15,0.1344113182351594,10798.047229583,True,False
4185,980.0,604,3085384,0.15,0.13354913813882316,10800.095883,True,False
4186,1870.0,984,3086368,0.15,0.14762229735137727,10803.491850292,True,False
4187,2700.0,890,3087258,0.15,0.12688381153553188,10806.692659042,True,False
4188,890.0,483,3087741,0.15,0.13198260122463723,10808.37389175,True,False
4189,1690.0,979,3088720,0.15,0.12231462112798983,10811.629264917001,True,False
4190,2370.0,1116,3089836,0.15,0.12510353693985596,10815.565673917,True,False
4191,2340.0,1324,3091160,0.15,0.12974598275615729,10820.280112458,True,False
4192,1200.0,768,3091928,0.15,0.11634473634573321,10822.862044375,True,False
4193,2470.0,914,3092842,0.15,0.126566584704019,10825.970014375,True,False
4194,1520.0,1119,3093961,0.15,0.1445178380768214,10829.795573083,True,False
4195,1960.0,939,3094900,0.15,0.12527553617478684,10832.990912625,True,False
4196,920.0,484,3095384,0.15,0.12490902297691373,10834.681751167,True,False
4197,2220.0,1018,3096402,0.15,0.1278316892214178,10838.045100083,True,False
4198,1940.0,813,3097215,0.15,0.13680288487393868,10840.857867417,True,False
4199,3040.0,1117,3098332,0.15,0.13606513974788997,10844.547505333001,True,False
4200,2040.0,822,3099154,0.15,0.1173368210381851,10847.345418292,True,False
4201,2190.0,822,3099976,0.15,0.15607752008092346,10851.606694958,True,False
4202,1260.0,908,3100884,0.15,0.1340483601332236,10854.732597167,True,False
4203,1660.0,902,3101786,0.15,0.12673519557548893,10857.724406458,True,False
4204,880.0,763,3102549,0.15,0.14662649566356425,10860.295947708,True,False
4205,2480.0,894,3103443,0.15,0.10772864669227279,10863.701277667,True,False
4206,2100.0,1103,3104546,0.15,0.12071668367454971,10867.769070708,True,False
4207,1340.0,847,3105393,0.15,0.12368217769588502,10871.028776458,True,False
4208,850.0,550,3105943,0.15,0.14083750559574496,10873.004672667,True,False
4209,1440.0,825,3106768,0.15,0.11260134312841627,10876.312130958,True,False
4210,2840.0,886,3107654,0.15,0.11697089110766601,10880.38000725,True,False
4211,790.0,820,3108474,0.15,0.13380747063130868,10883.199108625,True,False
4212,1220.0,987,3109461,0.15,0.12415925545338918,10886.637605542,True,False
4213,2340.0,828,3110289,0.15,0.12978648778573038,10889.405258208,True,False
4214,1440.0,907,3111196,0.15,0.13146049111654842,10892.538883792,True,False
4215,1000.0,995,3112191,0.15,0.11182087152114799,10895.898579208,True,False
4216,2240.0,929,3113120,0.15,0.12683875528623872,10899.201412417,True,False
4217,1350.0,744,3113864,0.15,0.10651925949239603,10901.726629083,True,False
4218,1090.0,797,3114661,0.15,0.13785381787386372,10904.8336765,True,False
4219,1670.0,756,3115417,0.15,0.1331390795253572,10907.328314458,True,False
4220,2510.0,1001,3116418,0.15,0.13156094042211772,10910.914643625,True,False
4221,1640.0,1051,3117469,0.15,0.14573187071532578,10914.719543917001,True,False
4222,1590.0,840,3118309,0.15,0.14513806906484422,10917.655601208,True,False
4223,2160.0,933,3119242,0.15,0.10922806679626902,10920.937524958,True,False
4224,1530.0,807,3120049,0.15,0.1319801708277647,10923.678906583,True,False
4225,1220.0,781,3120830,0.15,0.12052968517901042,10926.525899375,True,False
4226,1130.0,776,3121606,0.15,0.12517244461923838,10930.272737292,True,False
4227,510.0,420,3122026,0.15,0.10642580666712352,10931.892511417,True,False
4228,940.0,776,3122802,0.15,0.13637027884689495,10934.597634875001,True,False
4229,900.0,717,3123519,0.15,0.11512317651019083,10937.086988042,True,False
4230,830.0,685,3124204,0.15,0.09978886634154721,10939.920510167,True,False
4231,1690.0,892,3125096,0.15,0.13585621358267128,10943.38288325,True,False
4232,1330.0,984,3126080,0.15,0.12537513030465783,10946.957697875,True,False
4233,1360.0,932,3127012,0.15,0.13003973902678798,10950.007779958,True,False
4234,1040.0,620,3127632,0.15,0.10594142828016512,10952.198770292,True,False
4235,1580.0,1004,3128636,0.15,0.11898909396384341,10955.598346708,True,False
4236,1650.0,737,3129373,0.15,0.12131840569655532,10958.139832583,True,False
4237,2480.0,1017,3130390,0.15,0.11887725784377319,10961.619780417,True,False
4238,1180.0,860,3131250,0.15,0.1351851639446131,10964.544780292,True,False
4239,3360.0,1061,3132311,0.15,0.11232412321106443,10968.174753208,True,False
4240,1810.0,829,3133140,0.15,0.11107731895306362,10970.96083675,True,False
4241,1280.0,864,3134004,0.15,0.11226196856996803,10973.856779833,True,False
4242,970.0,668,3134672,0.15,0.11642521827253038,10976.095033917,True,False
4243,1440.0,724,3135396,0.15,0.11621809109674962,10978.646091292,True,False
4244,990.0,627,3136023,0.15,0.1398793962569191,10980.760423417,True,False
4245,980.0,632,3136655,0.15,0.13448716912277137,10982.921282792,True,False
4246,2500.0,1034,3137689,0.15,0.11578105468461182,10986.626939292,True,False
4247,2680.0,991,3138680,0.15,0.11145536014209351,10990.087630333,True,False
4248,1760.0,714,3139394,0.15,0.125179387168603,10992.538539958001,True,False
4249,1360.0,777,3140171,0.15,0.1379713176836058,10995.19872475,True,False
4250,1640.0,1014,3141185,0.15,0.11352381829583034,10998.719253417,True,False
4251,1270.0,907,3142092,0.15,0.1291558756431491,11003.565433625,True,False
4252,1470.0,958,3143050,0.15,0.12215743649548318,11007.052288792,True,False
4253,440.0,438,3143488,0.15,0.11431372942910953,11008.505080833,True,False
4254,1640.0,869,3144357,0.15,0.1278307245709517,11011.504870125,True,False
4255,3120.0,1083,3145440,0.15,0.11238387732240766,11015.22169875,True,False
4256,2320.0,863,3146303,0.15,0.11610462784247343,11018.196937667,True,False
4257,2450.0,731,3147034,0.15,0.11779290488590308,11020.721449667,True,False
4258,2040.0,845,3147879,0.15,0.10415632507247383,11023.613369167,True,False
4259,1810.0,1132,3149011,0.15,0.11706024056214957,11027.421555333,True,False
4260,1880.0,1239,3150250,0.15,0.13078692363154504,11031.646351083,True,False
4261,1370.0,748,3150998,0.15,0.14405805802839325,11034.277337667,True,False
4262,950.0,622,3151620,0.15,0.13518522369364896,11036.520733417,True,False
4263,1440.0,773,3152393,0.15,0.13393232001503205,11039.227748833,True,False
4264,2040.0,802,3153195,0.15,0.12139058615081012,11041.898832375,True,False
4265,1110.0,653,3153848,0.15,0.14272521393055596,11044.185462958,True,False
4266,2240.0,970,3154818,0.15,0.13301557537999528,11047.657859708,True,False
4267,1900.0,1114,3155932,0.15,0.13006657697126855,11051.503189417,True,False
4268,2030.0,964,3156896,0.15,0.11884141064160098,11054.816794042,True,False
4269,2790.0,1007,3157903,0.15,0.12775434123953264,11058.222829667,True,False
4270,2910.0,851,3158754,0.15,0.14932172198040944,11061.162017542,True,False
4271,1690.0,1103,3159857,0.15,0.1368018302904523,11065.548934083,True,False
4272,1480.0,876,3160733,0.15,0.13288693226125414,11068.739591125,True,False
4273,2020.0,1026,3161759,0.15,0.11458919700089609,11072.222277583,True,False
4274,1720.0,841,3162600,0.15,0.12411415547803398,11075.1754775,True,False
4275,1300.0,727,3163327,0.15,0.12375404082691471,11077.63599575,True,False
4276,980.0,680,3164007,0.15,0.11631819538991241,11080.917789042,True,False
4277,1490.0,830,3164837,0.15,0.1301084362382356,11083.828249167,True,False
4278,1890.0,990,3165827,0.15,0.1256328120239471,11087.190915292,True,False
4279,2890.0,841,3166668,0.15,0.09571252041165297,11090.0263175,True,False
4280,2010.0,1127,3167795,0.15,0.1266733883578476,11093.912139333,True,False
4281,1580.0,863,3168658,0.15,0.13730473187752068,11096.955586042,True,False
4282,1240.0,735,3169393,0.15,0.11934627199788457,11099.401035917,True,False
4283,1820.0,715,3170108,0.15,0.11226391796459699,11101.84495875,True,False
4284,2040.0,1197,3171305,0.15,0.11561522506376772,11105.878955125,True,False
4285,1800.0,1119,3172424,0.15,0.11108013754045325,11109.979618417,True,False
4286,1450.0,970,3173394,0.15,0.10581046689979055,11113.449465917,True,False
4287,1860.0,822,3174216,0.15,0.1134508666446776,11116.251997875,True,False
4288,2530.0,1002,3175218,0.15,0.11371013624966145,11119.772800333,True,False
4289,2420.0,966,3176184,0.15,0.12257808459968852,11123.545818833,True,False
4290,2750.0,863,3177047,0.15,0.12419019100624462,11126.58054,True,False
4291,1610.0,803,3177850,0.15,0.12347587266594023,11129.40999175,True,False
4292,1630.0,863,3178713,0.15,0.11459884701158714,11132.317256375,True,False
4293,2160.0,918,3179631,0.15,0.12210838016789553,11135.658319792,True,False
4294,1730.0,931,3180562,0.15,0.11495483055902653,11138.903429958,True,False
4295,2060.0,873,3181435,0.15,0.138448538267216,11141.837312083,True,False
4296,1730.0,770,3182205,0.15,0.1191461053073715,11144.444655375,True,False
4297,3490.0,1140,3183345,0.15,0.11342573486137808,11148.319934208,True,False
4298,1730.0,1033,3184378,0.15,0.12562808027678682,11151.801654625,True,False
4299,1170.0,683,3185061,0.15,0.11249590363375277,11154.202463292,True,False
4300,2560.0,901,3185962,0.15,0.1070761871834596,11157.596461000001,True,False
4301,1730.0,944,3186906,0.15,0.14301984017651717,11161.722104167,True,False
4302,1340.0,808,3187714,0.15,0.10981104320081153,11164.638504708,True,False
4303,1510.0,872,3188586,0.15,0.12137317484022554,11167.904666875,True,False
4304,2120.0,797,3189383,0.15,0.12923053708208265,11170.774865208,True,False
4305,1690.0,933,3190316,0.15,0.1278977228535546,11174.288667792,True,False
4306,1280.0,811,3191127,0.15,0.1236416689664273,11177.329855333,True,False
4307,800.0,536,3191663,0.15,0.1364994906862058,11179.283512292,True,False
4308,2040.0,925,3192588,0.15,0.12844703765586019,11182.606936417,True,False
4309,900.0,698,3193286,0.15,0.10592776867721615,11185.616286583,True,False
4310,870.0,709,3193995,0.15,0.10717901216009579,11187.957545667,True,False
4311,1350.0,788,3194783,0.15,0.09242123640544221,11190.770560333,True,False
4312,2220.0,872,3195655,0.15,0.12355917619558376,11193.744269125,True,False
4313,2560.0,812,3196467,0.15,0.10472574291447995,11196.667955792,True,False
4314,1720.0,1041,3197508,0.15,0.12923028322215052,11200.309771625,True,False
4315,1810.0,847,3198355,0.15,0.15018946463815974,11203.365306583,True,False
4316,1340.0,1115,3199470,0.15,0.1095509415018409,11207.504254417001,True,False
4317,1570.0,974,3200444,0.15,0.11041274887402772,11211.273569667,True,False
4318,1660.0,871,3201315,0.15,0.10986028819383564,11214.299097125,True,False
4319,3170.0,1128,3202443,0.15,0.1467561912425655,11218.280858917,True,False
4320,1280.0,793,3203236,0.15,0.11621352653931732,11221.089502875,True,False
4321,1400.0,936,3204172,0.15,0.11369978974804155,11224.339258875,True,False
4322,940.0,798,3204970,0.15,0.11042250618900186,11227.208898042,True,False
4323,1770.0,971,3205941,0.15,0.09631052004640976,11230.652804458,True,False
4324,1330.0,761,3206702,0.15,0.11736611880754169,11233.294535208,True,False
4325,1590.0,634,3207336,0.15,0.13032357220145516,11235.468560708001,True,False
4326,1680.0,901,3208237,0.15,0.11427896574139595,11239.778840625,True,False
4327,920.0,911,3209148,0.15,0.1401848700877867,11243.078972917001,True,False
4328,810.0,601,3209749,0.15,0.1410213895390431,11245.171482083,True,False
4329,1950.0,1045,3210794,0.15,0.12526804663355096,11248.834553208,True,False
4330,1400.0,975,3211769,0.15,0.1262995466727336,11252.078781125,True,False
4331,1500.0,1086,3212855,0.15,0.13289105207607754,11256.753844708,True,False
4332,2620.0,1006,3213861,0.15,0.10638394577073909,11260.0668515,True,False
4333,1670.0,843,3214704,0.15,0.1035221061135214,11263.281707833,True,False
4334,1710.0,1139,3215843,0.15,0.10504900878557646,11267.281896625,True,False
4335,1520.0,702,3216545,0.15,0.10311992992435327,11269.682133458,True,False
4336,2310.0,842,3217387,0.15,0.1213129897823646,11272.602037292,True,False
4337,1530.0,760,3218147,0.15,0.10876800690434481,11275.292640417,True,False
4338,1140.0,638,3218785,0.15,0.13887386498972773,11277.522274458,True,False
4339,1560.0,1084,3219869,0.15,0.13514696827288925,11281.194466833,True,False
4340,1790.0,1193,3221062,0.15,0.1333053595942739,11285.208264708,True,False
4341,2430.0,852,3221914,0.15,0.12279566665105697,11288.201795917,True,False
4342,2340.0,1076,3222990,0.15,0.11077051976744128,11291.868855125,True,False
4343,2160.0,1149,3224139,0.15,0.12171233955524109,11295.805402458,True,False
4344,1260.0,862,3225001,0.15,0.10011087439919787,11298.799698458,True,False
4345,2650.0,824,3225825,0.15,0.10329962132986888,11301.562658667,True,False
4346,790.0,443,3226268,0.15,0.11543189546277931,11303.123607583,True,False
4347,1180.0,707,3226975,0.15,0.12594120408704673,11305.487829042,True,False
4348,2550.0,820,3227795,0.15,0.11228903898196976,11308.323143292,True,False
4349,2150.0,839,3228634,0.15,0.09944361557829239,11311.109663833,True,False
4350,1290.0,912,3229546,0.15,0.11255009231370008,11314.223058208001,True,False
4351,1900.0,982,3230528,0.15,0.1172886513764175,11319.224470375,True,False
4352,1650.0,833,3231361,0.15,0.10454615215376879,11322.120731375,True,False
4353,1390.0,879,3232240,0.15,0.10816479779102585,11325.161879042,True,False
4354,1860.0,941,3233181,0.15,0.11495297742175295,11328.401629667,True,False
4355,2120.0,990,3234171,0.15,0.11754235932565774,11331.780439583,True,False
4356,1470.0,987,3235158,0.15,0.10953924102851978,11335.207020458,True,False
4357,1050.0,627,3235785,0.15,0.13377634747914827,11337.33506025,True,False
4358,2850.0,1051,3236836,0.15,0.11779655309344426,11340.912204667,True,False
4359,1090.0,763,3237599,0.15,0.09595221084983725,11343.466571208,True,False
4360,2650.0,1161,3238760,0.15,0.12467928581528648,11347.553577833,True,False
4361,1950.0,920,3239680,0.15,0.11675821814038183,11350.769026292,True,False
4362,1590.0,758,3240438,0.15,0.09974002590767606,11353.29083725,True,False
4363,650.0,511,3240949,0.15,0.09272255335235968,11355.105063333,True,False
4364,1750.0,840,3241789,0.15,0.10816476624459029,11357.977969917,True,False
4365,1710.0,877,3242666,0.15,0.09592698769618387,11360.87150575,True,False
4366,1370.0,885,3243551,0.15,0.13039953031522386,11363.928454167,True,False
4367,970.0,815,3244366,0.15,0.10741264815898795,11366.6837855,True,False
4368,1980.0,833,3245199,0.15,0.10996082728692833,11369.495355417,True,False
4369,960.0,598,3245797,0.15,0.1364169751604398,11371.638988917,True,False
4370,2710.0,974,3246771,0.15,0.11367090057903602,11374.957007417,True,False
4371,1230.0,801,3247572,0.15,0.09159904688744996,11377.973739125,True,False
4372,1730.0,964,3248536,0.15,0.12277037030495548,11381.253043125,True,False
4373,1930.0,1260,3249796,0.15,0.10852651319924801,11385.635840333,True,False
4374,2490.0,945,3250741,0.15,0.12813486022306447,11388.923534625,True,False
4375,1510.0,810,3251551,0.15,0.11672355780507078,11391.724898583,True,False
4376,1540.0,984,3252535,0.15,0.12346537899589394,11396.554069375,True,False
4377,720.0,513,3253048,0.15,0.08536269463771998,11398.407188208,True,False
4378,980.0,610,3253658,0.15,0.15021240538427313,11400.598310792,True,False
4379,2090.0,899,3254557,0.15,0.11746765219502979,11403.88680075,True,False
4380,2540.0,797,3255354,0.15,0.11808522972254896,11406.835819083,True,False
4381,510.0,508,3255862,0.15,0.10660047987549323,11408.651590708,True,False
4382,1870.0,951,3256813,0.15,0.12155377551005418,11411.897450458,True,False
4383,2920.0,868,3257681,0.15,0.12797373379602137,11415.259602167,True,False
4384,1490.0,961,3258642,0.15,0.14389289308649797,11418.484319792,True,False
4385,1320.0,838,3259480,0.15,0.1357192234446605,11421.493515583,True,False
4386,2060.0,905,3260385,0.15,0.14627595854906644,11424.669816333,True,False
4387,1680.0,700,3261085,0.15,0.11439258349793298,11427.077570083,True,False
4388,1960.0,749,3261834,0.15,0.14736922678941075,11429.625252458,True,False
4389,1930.0,732,3262566,0.15,0.13767218774011553,11432.176640958,True,False
4390,3680.0,1093,3263659,0.15,0.11833618234692912,11435.930331333,True,False
4391,830.0,442,3264101,0.15,0.10246800980320922,11437.587843208,True,False
4392,630.0,481,3264582,0.15,0.10390217976334194,11439.221933292,True,False
4393,2500.0,899,3265481,0.15,0.12279910349183612,11442.434743458,True,False
4394,2450.0,1006,3266487,0.15,0.1199282132742177,11445.823883375,True,False
4395,3000.0,981,3267468,0.15,0.09793757971345894,11449.635344333,True,False
4396,1500.0,552,3268020,0.15,0.1176269827545553,11451.48996275,True,False
4397,1610.0,937,3268957,0.15,0.12184406560646673,11454.923746042,True,False
4398,2410.0,1229,3270186,0.15,0.10761031114074616,11459.149727042,True,False
4399,2190.0,797,3270983,0.15,0.149104443196226,11461.925262,True,False
4400,620.0,619,3271602,0.15,0.13922322547483829,11464.005052833,True,False
4401,1890.0,793,3272395,0.15,0.10878377823591834,11468.036409125,True,False
4402,1330.0,944,3273339,0.15,0.12477889169260102,11471.30612425,True,False
4403,700.0,637,3273976,0.15,0.10450447897892445,11473.641421125,True,False
4404,3910.0,981,3274957,0.15,0.12597078328990208,11477.411820333,True,False
4405,1130.0,675,3275632,0.15,0.11938771105112408,11479.779675333,True,False
4406,1300.0,726,3276358,0.15,0.12188674417936671,11482.443245375,True,False
4407,480.0,426,3276784,0.15,0.1307662136191241,11483.9404405,True,False
4408,1600.0,853,3277637,0.15,0.12899447157279426,11486.921499917,True,False
4409,870.0,506,3278143,0.15,0.12085134391155508,11488.659915292,True,False
4410,2640.0,938,3279081,0.15,0.10853534340858459,11491.905918875,True,False
4411,2570.0,1001,3280082,0.15,0.1286613936498761,11495.3761425,True,False
4412,2460.0,949,3281031,0.15,0.12060677545451665,11498.581514625,True,False
4413,4430.0,958,3281989,0.15,0.135510334209539,11501.867922125,True,False
4414,1460.0,1042,3283031,0.15,0.10834915711759374,11505.466524292,True,False
4415,3160.0,1363,3284394,0.15,0.11946471128339642,11510.175929042,True,False
4416,1690.0,772,3285166,0.15,0.1191793713969579,11512.871206917,True,False
4417,1550.0,1106,3286272,0.15,0.1284104286817437,11516.7953885,True,False
4418,1090.0,858,3287130,0.15,0.13492446925456278,11519.839962333,True,False
4419,1370.0,1032,3288162,0.15,0.1332524593183121,11523.333719875,True,False
4420,1450.0,829,3288991,0.15,0.13792737448309067,11526.229168333,True,False
4421,2660.0,845,3289836,0.15,0.11816595594908269,11529.196295833,True,False
4422,1950.0,853,3290689,0.15,0.1312822026633461,11532.014542167,True,False
4423,700.0,585,3291274,0.15,0.11652157403375596,11534.1436165,True,False
4424,1280.0,881,3292155,0.15,0.13380806852470745,11537.504208833001,True,False
4425,1240.0,648,3292803,0.15,0.12689720634600998,11539.646732083,True,False
4426,1410.0,838,3293641,0.15,0.15128120831435635,11543.774281625,True,False
4427,1310.0,822,3294463,0.15,0.1292566857323414,11546.596499083,True,False
4428,1890.0,810,3295273,0.15,0.10789017964686666,11549.402140458,True,False
4429,2040.0,1159,3296432,0.15,0.13849390125351732,11553.336581125,True,False
4430,1770.0,1040,3297472,0.15,0.13146364411625724,11556.976670083,True,False
4431,2180.0,1065,3298537,0.15,0.11627184981270168,11560.698033792,True,False
4432,1740.0,1240,3299777,0.15,0.11913932481360051,11564.894205375,True,False
4433,1700.0,762,3300539,0.15,0.10481558805821757,11567.515930083,True,False
4434,1620.0,866,3301405,0.15,0.14039960418600367,11570.47827725,True,False
4435,2080.0,842,3302247,0.15,0.13636640027342808,11573.574336167,True,False
4436,2820.0,963,3303210,0.15,0.13314211737225412,11577.009091333,True,False
4437,2100.0,999,3304209,0.15,0.1273600519374013,11580.427293125,True,False
4438,1620.0,721,3304930,0.15,0.13072180833874478,11583.1395375,True,False
4439,1430.0,753,3305683,0.15,0.13556064775292861,11585.665358542,True,False
4440,1680.0,1019,3306702,0.15,0.1321812232919768,11589.339219625,True,False
4441,1370.0,1130,3307832,0.15,0.1384263531610949,11593.234230708,True,False
4442,1200.0,816,3308648,0.15,0.12021939403505302,11595.994293958,True,False
4443,1740.0,1097,3309745,0.15,0.12734983234673086,11599.792745833,True,False
4444,3210.0,1047,3310792,0.15,0.13064795851934957,11603.410389583,True,False
4445,1850.0,846,3311638,0.15,0.13542259932976763,11606.319168667,True,False
4446,1890.0,745,3312383,0.15,0.10981083053454596,11608.853857917,True,False
4447,2130.0,874,3313257,0.15,0.12130122321347396,11611.8217685,True,False
4448,1270.0,741,3313998,0.15,0.14784046544416532,11614.335315875,True,False
4449,430.0,458,3314456,0.15,0.14596010166341844,11615.927469542,True,False
4450,1730.0,836,3315292,0.15,0.13273743025815943,11618.852355208,True,False
4451,1530.0,945,3316237,0.15,0.11386115724315583,11623.260863375,True,False
4452,1180.0,673,3316910,0.15,0.14592695954654897,11625.578875125,True,False
4453,960.0,710,3317620,0.15,0.18810821598751493,11627.994220042001,True,False
4454,1730.0,962,3318582,0.15,0.13050138977511475,11631.35123675,True,False
4455,2810.0,1029,3319611,0.15,0.13481576960345418,11635.011386208,True,False
4456,1440.0,858,3320469,0.15,0.12512857293666796,11638.062430458,True,False
4457,2290.0,891,3321360,0.15,0.11940965704586474,11641.133997792,True,False
4458,3100.0,985,3322345,0.15,0.12685063158775248,11644.6480055,True,False
4459,1620.0,909,3323254,0.15,0.13404830875047502,11647.933732667,True,False
4460,1940.0,1060,3324314,0.15,0.1324728970257741,11651.573756,True,False
4461,1630.0,762,3325076,0.15,0.13947975781809596,11654.131798417,True,False
4462,1290.0,784,3325860,0.15,0.12465337278055293,11656.999743917,True,False
4463,1720.0,1056,3326916,0.15,0.11910858290326415,11660.673039125,True,False
4464,2040.0,836,3327752,0.15,0.12946420342050957,11663.485343583001,True,False
4465,1170.0,995,3328747,0.15,0.13434247064944957,11667.020111875001,True,False
4466,2810.0,942,3329689,0.15,0.10733574082664514,11670.221961042,True,False
4467,1890.0,927,3330616,0.15,0.11007435513852999,11673.418116125,True,False
4468,1540.0,858,3331474,0.15,0.129090286895772,11676.274429042,True,False
4469,870.0,517,3331991,0.15,0.1229781617605409,11678.003234583,True,False
4470,1720.0,986,3332977,0.15,0.11209349796507764,11681.437232292,True,False
4471,2570.0,1104,3334081,0.15,0.11118222183912345,11685.552262833,True,False
4472,1650.0,1106,3335187,0.15,0.12988893072917193,11689.71547125,True,False
4473,3510.0,997,3336184,0.15,0.1379389099776745,11693.233864958,True,False
4474,910.0,572,3336756,0.15,0.1262883974981683,11695.196642333,True,False
4475,2720.0,1060,3337816,0.15,0.11358642166234412,11698.946394458,True,False
4476,1540.0,647,3338463,0.15,0.14872855477914307,11702.197533458,True,False
4477,1110.0,602,3339065,0.15,0.1352173878459741,11704.537194792,True,False
4478,1120.0,616,3339681,0.15,0.10703064256964566,11707.029754,True,False
4479,1790.0,866,3340547,0.15,0.13990173626829078,11710.211852292001,True,False
4480,1380.0,929,3341476,0.15,0.1305880093859117,11713.736505917,True,False
4481,1040.0,716,3342192,0.15,0.13182024410067325,11716.397667042,True,False
4482,1660.0,911,3343103,0.15,0.12430955615665944,11719.542684042,True,False
4483,910.0,615,3343718,0.15,0.1363057103370885,11722.740346625,True,False
4484,1850.0,866,3344584,0.15,0.12904342886249315,11725.583533125,True,False
4485,1020.0,747,3345331,0.15,0.11247095572812263,11728.421514625,True,False
4486,2370.0,1128,3346459,0.15,0.13620630635860118,11732.274880458,True,False
4487,1000.0,772,3347231,0.15,0.1366450600133041,11735.031841542,True,False
4488,1460.0,696,3347927,0.15,0.12215972766708369,11737.337882792,True,False
4489,640.0,460,3348387,0.15,0.12213250949330952,11738.994191958,True,False
4490,1970.0,891,3349278,0.15,0.1255480350483827,11742.100018667,True,False
4491,2480.0,1062,3350340,0.15,0.13988386226916,11745.759975208,True,False
4492,1610.0,1132,3351472,0.15,0.15176383890343217,11749.735637458,True,False
4493,2000.0,811,3352283,0.15,0.16008523794462776,11752.454270042,True,False
4494,1650.0,837,3353120,0.15,0.10330617975975787,11755.588311417001,True,False
4495,1360.0,941,3354061,0.15,0.13901027150927706,11759.047679667001,True,False
4496,2160.0,878,3354939,0.15,0.1485833165801415,11761.920296875,True,False
4497,2430.0,854,3355793,0.15,0.1181641970456482,11764.974323958,True,False
4498,1450.0,794,3356587,0.15,0.13977917650658073,11767.770583667,True,False
4499,2800.0,925,3357512,0.15,0.12311743349158044,11771.138550792,True,False
4500,1650.0,877,3358389,0.15,0.11414417097999897,11774.951385,True,False
4501,2220.0,1138,3359527,0.15,0.12405738314534996,11780.602553083,True,False
4502,1660.0,1118,3360645,0.15,0.11935002700026547,11785.37065675,True,False
4503,1270.0,909,3361554,0.15,0.1348222387618168,11788.710262083001,True,False
4504,2000.0,1419,3362973,0.15,0.12605981305241584,11793.695379833,True,False
4505,2350.0,1113,3364086,0.15,0.12908301070305728,11797.620198083001,True,False
4506,1830.0,932,3365018,0.15,0.11679168525171894,11800.936160042,True,False
4507,1760.0,870,3365888,0.15,0.13295082532621305,11803.93291525,True,False
4508,1790.0,987,3366875,0.15,0.13621502245465913,11807.446430792,True,False
4509,670.0,527,3367402,0.15,0.10576833759180525,11809.264174417,True,False
4510,1430.0,882,3368284,0.15,0.13619605756925243,11812.310280208,True,False
4511,1870.0,871,3369155,0.15,0.12027186927844852,11815.32196575,True,False
4512,2200.0,980,3370135,0.15,0.10931809183438214,11818.775195583,True,False
4513,2290.0,871,3371006,0.15,0.13226375814288036,11821.758100625,True,False
4514,2700.0,1307,3372313,0.15,0.12126413361377308,11826.272865333,True,False
4515,1810.0,869,3373182,0.15,0.1367776396293794,11829.397103917001,True,False
4516,2680.0,1045,3374227,0.15,0.10760859447848979,11833.093021458,True,False
4517,990.0,653,3374880,0.15,0.1270031573182744,11835.393451958,True,False
4518,2300.0,764,3375644,0.15,0.10237551670697034,11838.057160875,True,False
4519,2850.0,855,3376499,0.15,0.1413128711370655,11841.249790292,True,False
4520,2490.0,1120,3377619,0.15,0.10903829614232693,11845.924048625,True,False
4521,1730.0,659,3378278,0.15,0.09410191745017514,11848.161131958,True,False
4522,1080.0,591,3378869,0.15,0.11156106011539295,11850.375986875,True,False
4523,850.0,656,3379525,0.15,0.10705606595090614,11852.765461833,True,False
4524,2790.0,1162,3380687,0.15,0.10620885536331555,11856.797013292,True,False
4525,2570.0,1002,3381689,0.15,0.12100535594817415,11860.157400542,True,False
4526,2680.0,766,3382455,0.15,0.10077160793839325,11864.044491958,True,False
4527,2300.0,1008,3383463,0.15,0.10929584715308414,11867.525003167,True,False
4528,2110.0,792,3384255,0.15,0.1311745417558334,11870.212511083,True,False
4529,2110.0,887,3385142,0.15,0.11578997128919975,11873.233112417,True,False
4530,3170.0,992,3386134,0.15,0.11065615470250768,11876.90565775,True,False
4531,2620.0,919,3387053,0.15,0.12175291514267092,11880.074003333,True,False
4532,2700.0,987,3388040,0.15,0.12514173886493632,11883.485996333,True,False
4533,640.0,521,3388561,0.15,0.12450168341971361,11885.401637125,True,False
4534,1780.0,904,3389465,0.15,0.127759359686314,11888.735188875,True,False
4535,1760.0,845,3390310,0.15,0.12419007694728285,11891.537396,True,False
4536,1650.0,829,3391139,0.15,0.11768024439972956,11894.352761292,True,False
4537,1970.0,770,3391909,0.15,0.097808537165118,11897.056362667001,True,False
4538,1390.0,895,3392804,0.15,0.11731042880897544,11900.061994125,True,False
4539,1890.0,900,3393704,0.15,0.11258215650088257,11903.269623625,True,False
4540,1730.0,881,3394585,0.15,0.10308707676489245,11907.318544583,True,False
4541,850.0,772,3395357,0.15,0.12088194752951668,11909.916974792,True,False
4542,790.0,551,3395908,0.15,0.1258775747610607,11912.020965083,True,False
4543,1970.0,968,3396876,0.15,0.14459414174395405,11915.439030792,True,False
4544,2020.0,1024,3397900,0.15,0.1344731383578619,11918.985484167,True,False
4545,950.0,512,3398412,0.15,0.10770990159653593,11920.767257208001,True,False
4546,750.0,572,3398984,0.15,0.11697097414440208,11922.744470542,True,False
4547,1840.0,1320,3400304,0.15,0.1328800902504361,11927.26179775,True,False
4548,1100.0,766,3401070,0.15,0.1132246074876236,11929.837690208,True,False
4549,1490.0,876,3401946,0.15,0.1182962796187292,11932.908355583,True,False
4550,1320.0,832,3402778,0.15,0.11945957290187764,11935.697408542,True,False
4551,1330.0,822,3403600,0.15,0.12069863207565928,11939.420370542,True,False
4552,1680.0,851,3404451,0.15,0.11941644743541782,11942.2834725,True,False
4553,1240.0,785,3405236,0.15,0.11793918019813027,11945.092612292001,True,False
4554,2030.0,1154,3406390,0.15,0.11642095492505986,11949.086297,True,False
4555,2250.0,974,3407364,0.15,0.11718690935064291,11952.507932292001,True,False
4556,770.0,583,3407947,0.15,0.13369502968572336,11954.509471625,True,False
4557,1390.0,852,3408799,0.15,0.11990170785064148,11957.397911958,True,False
4558,900.0,632,3409431,0.15,0.13639505758079923,11959.529465042,True,False
4559,2150.0,908,3410339,0.15,0.12927050280511904,11962.661157958,True,False
4560,1170.0,1011,3411350,0.15,0.12410400095929505,11966.817551958,True,False
4561,2090.0,1081,3412431,0.15,0.12290869826381957,11970.591407542,True,False
4562,4590.0,933,3413364,0.15,0.10608792488869184,11973.829815875,True,False
4563,1720.0,862,3414226,0.15,0.11569571633671605,11976.923529458,True,False
4564,1020.0,631,3414857,0.15,0.147252302687568,11979.071926208,True,False
4565,2110.0,1012,3415869,0.15,0.12524168183033174,11982.762216042,True,False
4566,1740.0,932,3416801,0.15,0.13444496780761833,11985.937289542,True,False
4567,1590.0,888,3417689,0.15,0.12067034821286127,11989.000391708,True,False
4568,980.0,640,3418329,0.15,0.13591387701453642,11991.158576167,True,False
4569,2910.0,964,3419293,0.15,0.14022770203279014,11994.589733292,True,False
4570,1590.0,1092,3420385,0.15,0.13418516924011184,11998.361937917,True,False
4571,1890.0,779,3421164,0.15,0.1422008113314708,12001.089841167,True,False
4572,1400.0,736,3421900,0.15,0.12988444055309115,12003.573406167001,True,False
4573,2420.0,1046,3422946,0.15,0.15226132010191792,12007.552114083,True,False
4574,2640.0,894,3423840,0.15,0.12309778252217386,12010.739687792,True,False
4575,2090.0,1042,3424882,0.15,0.13210657277645974,12014.320435292,True,False
4576,1290.0,823,3425705,0.15,0.12177714370010258,12018.16318925,True,False
4577,1700.0,905,3426610,0.15,0.1423318693991256,12021.242853333,True,False
4578,2670.0,1120,3427730,0.15,0.10885164393112064,12025.203135833,True,False
4579,2010.0,927,3428657,0.15,0.13717638377646177,12028.674682625,True,False
4580,1790.0,875,3429532,0.15,0.10054024921296394,12031.951799417,True,False
4581,1900.0,1028,3430560,0.15,0.12632184133571409,12035.695351583001,True,False
4582,1480.0,957,3431517,0.15,0.1352183292990075,12039.487066125,True,False
4583,1460.0,920,3432437,0.15,0.12147283594569434,12042.738693458,True,False
4584,2230.0,726,3433163,0.15,0.11685672335491325,12045.432727958,True,False
4585,2320.0,798,3433961,0.15,0.1397314829006791,12048.340150833,True,False
4586,670.0,619,3434580,0.15,0.13303972958557067,12050.498685958,True,False
4587,2530.0,1222,3435802,0.15,0.12671645341105148,12054.917591208,True,False
4588,2010.0,1029,3436831,0.15,0.10854672081043748,12058.46542125,True,False
4589,1250.0,1030,3437861,0.15,0.1086773750437207,12062.0001705,True,False
4590,1090.0,827,3438688,0.15,0.13168816653570692,12064.973460792,True,False
4591,650.0,532,3439220,0.15,0.11755771024670816,12066.9511835,True,False
4592,2220.0,902,3440122,0.15,0.1503867227004634,12070.257242208,True,False
4593,1460.0,659,3440781,0.15,0.12440633484811493,12072.582600792,True,False
4594,1790.0,812,3441593,0.15,0.11254032459018265,12075.927360375,True,False
4595,1630.0,902,3442495,0.15,0.1251207476274835,12079.144333542,True,False
4596,2350.0,919,3443414,0.15,0.13031214158172194,12082.385463208,True,False
4597,1290.0,920,3444334,0.15,0.116752989590168,12085.674673125,True,False
4598,2150.0,953,3445287,0.15,0.10914158931455943,12089.087657667,True,False
4599,2360.0,1040,3446327,0.15,0.11281420738937763,12092.969191042,True,False
4600,770.0,567,3446894,0.15,0.13996502237630562,12095.08136975,True,False
4601,1530.0,1130,3448024,0.15,0.1085383936815464,12101.056001375,True,False
4602,3310.0,872,3448896,0.15,0.11152418173097689,12104.617106708,True,False
4603,460.0,517,3449413,0.15,0.12140165867153989,12106.315781083,True,False
4604,1180.0,1051,3450464,0.15,0.15190667953667986,12110.853930667,True,False
4605,1430.0,1009,3451473,0.15,0.1290273662464368,12114.719671500001,True,False
4606,740.0,599,3452072,0.15,0.12596008244901896,12116.986080417,True,False
4607,1310.0,593,3452665,0.15,0.10055327166274593,12119.3128985,True,False
4608,2220.0,842,3453507,0.15,0.12391098536373604,12123.361656917,True,False
4609,1650.0,758,3454265,0.15,0.11849506800308039,12126.577923125,True,False
4610,1960.0,814,3455079,0.15,0.1214500283042492,12129.480089875,True,False
4611,2360.0,1018,3456097,0.15,0.119040994601799,12133.092469375,True,False
4612,2080.0,930,3457027,0.15,0.1231846304465856,12136.392383333,True,False
4613,1650.0,537,3457564,0.15,0.13073113491689717,12138.275537917,True,False
4614,1870.0,870,3458434,0.15,0.10511864435082208,12141.372517417,True,False
4615,2240.0,888,3459322,0.15,0.10964070212700076,12144.695346292001,True,False
4616,1850.0,974,3460296,0.15,0.09650359508871544,12148.109000458,True,False
4617,1250.0,738,3461034,0.15,0.10851539420368879,12150.639037583,True,False
4618,1840.0,750,3461784,0.15,0.11946973382951097,12153.155302875,True,False
4619,1800.0,1158,3462942,0.15,0.10804485402047428,12157.189462583001,True,False
4620,1020.0,684,3463626,0.15,0.14310107245082743,12159.613300667,True,False
4621,1650.0,868,3464494,0.15,0.13105817896223837,12162.818304208,True,False
4622,1370.0,937,3465431,0.15,0.12991568407155255,12166.135311042,True,False
4623,2550.0,1242,3466673,0.15,0.12948078480683914,12170.453361583,True,False
4624,1240.0,868,3467541,0.15,0.1225476378944063,12175.042932042,True,False
4625,2150.0,832,3468373,0.15,0.13446564137792358,12178.200392083,True,False
4626,1420.0,859,3469232,0.15,0.11129466499700102,12182.377889167,True,False
4627,2390.0,1076,3470308,0.15,0.1304420264901725,12186.275621750001,True,False
4628,1320.0,766,3471074,0.15,0.11433421174815188,12189.346170917,True,False
4629,1870.0,761,3471835,0.15,0.10037191163160299,12192.006740958,True,False
4630,1630.0,873,3472708,0.15,0.10327264222584359,12195.163711292,True,False
4631,1730.0,773,3473481,0.15,0.13446836531586906,12197.846915458,True,False
4632,1680.0,954,3474435,0.15,0.12916260132049562,12201.302805625,True,False
4633,1390.0,685,3475120,0.15,0.13265004084813733,12203.63516925,True,False
4634,1950.0,1127,3476247,0.15,0.11055356830199418,12207.533165792,True,False
4635,1340.0,925,3477172,0.15,0.12293952029872814,12210.843352875,True,False
4636,2020.0,1045,3478217,0.15,0.1132377146518436,12214.3803245,True,False
4637,480.0,679,3478896,0.15,0.18291377047186388,12216.80815525,True,False
4638,2310.0,1278,3480174,0.15,0.15301627076017818,12221.150082458,True,False
4639,2970.0,972,3481146,0.15,0.12019424156550272,12224.5251415,True,False
4640,1020.0,690,3481836,0.15,0.13222701995057523,12226.93682225,True,False
4641,1590.0,830,3482666,0.15,0.13515409497895103,12229.714309792,True,False
4642,1480.0,906,3483572,0.15,0.10366319325067398,12233.634998167001,True,False
4643,3020.0,1041,3484613,0.15,0.11597328176005528,12237.357452917,True,False
4644,680.0,498,3485111,0.15,0.13141271326270315,12239.270044583,True,False
4645,1120.0,750,3485861,0.15,0.10947084931181149,12241.883035042,True,False
4646,1480.0,796,3486657,0.15,0.14636336978356443,12244.695621500001,True,False
4647,2300.0,851,3487508,0.15,0.10217716857930864,12247.750153208,True,False
4648,1290.0,952,3488460,0.15,0.13805583479399441,12251.011014667,True,False
4649,1510.0,775,3489235,0.15,0.12542988624365836,12253.691662125,True,False
4650,1120.0,707,3489942,0.15,0.1256205844929663,12256.178736083,True,False
4651,500.0,456,3490398,0.15,0.11258674275718238,12258.720523625,True,False
4652,3110.0,874,3491272,0.15,0.13179250104888662,12261.75786125,True,False
4653,620.0,485,3491757,0.15,0.12047559550909465,12263.364093,True,False
4654,1260.0,801,3492558,0.15,0.13724115174263715,12266.10320475,True,False
4655,2540.0,859,3493417,0.15,0.143165680809423,12269.027187542,True,False
4656,1250.0,971,3494388,0.15,0.11686103930505215,12272.299686708,True,False
4657,620.0,472,3494860,0.15,0.1238166710077706,12273.9086455,True,False
4658,2130.0,1037,3495897,0.15,0.1380423186742431,12277.41912075,True,False
4659,2030.0,888,3496785,0.15,0.12933577853045217,12280.40044625,True,False
4660,2140.0,819,3497604,0.15,0.14361991355331932,12283.333862083,True,False
4661,1880.0,1062,3498666,0.15,0.12145566657747862,12287.05101425,True,False
4662,2500.0,958,3499624,0.15,0.12252967899354796,12290.278577042,True,False
4663,2240.0,871,3500495,0.15,0.1304665145202441,12293.723882375,True,False
4664,1830.0,1248,3501743,0.15,0.14321045473647806,12298.313745792,True,False
4665,1910.0,918,3502661,0.15,0.11349402287893968,12301.587722417,True,False
4666,2170.0,908,3503569,0.15,0.12671994119226146,12304.793650458,True,False
4667,2350.0,1064,3504633,0.15,0.12254334930890709,12308.577510833,True,False
4668,1040.0,689,3505322,0.15,0.13167543396310405,12310.875313458,True,False
4669,1290.0,778,3506100,0.15,0.10922661015811638,12313.70911175,True,False
4670,2060.0,943,3507043,0.15,0.11780331967041847,12316.979190208,True,False
4671,1450.0,717,3507760,0.15,0.16125292638316752,12319.480154833,True,False
4672,1750.0,848,3508608,0.15,0.10270352477980953,12322.419211208,True,False
4673,2220.0,916,3509524,0.15,0.13459487479814536,12325.518518,True,False
4674,1650.0,1007,3510531,0.15,0.13445436700703614,12328.887782083,True,False
4675,2290.0,969,3511500,0.15,0.11619048111845927,12332.173570417,True,False
4676,1660.0,883,3512383,0.15,0.1118205581199039,12336.724353042,True,False
4677,1890.0,959,3513342,0.15,0.11796292716947694,12340.024785292,True,False
4678,2180.0,805,3514147,0.15,0.12977745338570124,12342.996636417,True,False
4679,2090.0,1275,3515422,0.15,0.12347082585259851,12347.420032167,True,False
4680,2320.0,897,3516319,0.15,0.12410123764337706,12350.50206825,True,False
4681,2070.0,902,3517221,0.15,0.11749529447901037,12353.697761375,True,False
4682,1470.0,1182,3518403,0.15,0.13225680888330532,12358.680283917,True,False
4683,2060.0,966,3519369,0.15,0.11727914596669191,12362.134149958,True,False
4684,1580.0,940,3520309,0.15,0.144781714907669,12365.50268625,True,False
4685,840.0,548,3520857,0.15,0.11493664751522732,12367.505103042,True,False
4686,4280.0,1016,3521873,0.15,0.10239755536436917,12371.05234725,True,False
4687,1860.0,966,3522839,0.15,0.12951534713668694,12374.513156417,True,False
4688,1270.0,719,3523558,0.15,0.11832905667316583,12377.365581375,True,False
4689,1450.0,961,3524519,0.15,0.14395718281933417,12380.72382775,True,False
4690,2400.0,809,3525328,0.15,0.11262884464463577,12383.475807958,True,False
4691,800.0,622,3525950,0.15,0.13351839408278465,12385.607028875,True,False
4692,2640.0,1305,3527255,0.15,0.11582711190442366,12390.042747083,True,False
4693,2230.0,1026,3528281,0.15,0.11778775696798521,12393.600393583,True,False
4694,760.0,437,3528718,0.15,0.12799385167795038,12395.189574417,True,False
4695,650.0,590,3529308,0.15,0.10823918495176209,12397.198634125,True,False
4696,1110.0,714,3530022,0.15,0.11482684905483817,12399.658825167,True,False
4697,1170.0,882,3530904,0.15,0.12547884443226984,12402.682646125,True,False
4698,1470.0,923,3531827,0.15,0.12362545367492282,12405.786856083,True,False
4699,1130.0,781,3532608,0.15,0.13653923959794398,12408.526983,True,False
4700,760.0,511,3533119,0.15,0.13774290994748356,12410.261261708,True,False
4701,190.0,343,3533462,0.15,0.12551532867689466,12412.5719835,True,False
4702,1370.0,827,3534289,0.15,0.13501230525617727,12416.099536083,True,False
4703,1910.0,938,3535227,0.15,0.13033318249747539,12419.357472292,True,False
4704,960.0,673,3535900,0.15,0.10353977075563027,12422.003451875,True,False
4705,2760.0,844,3536744,0.15,0.13155934704529448,12425.042372625001,True,False
4706,2790.0,866,3537610,0.15,0.128224511820547,12428.248198458,True,False
4707,2150.0,944,3538554,0.15,0.14383267824364415,12431.454643792,True,False
4708,1770.0,967,3539521,0.15,0.13586036290603976,12434.962252625,True,False
4709,1770.0,1079,3540600,0.15,0.13386435402488267,12438.651403208,True,False
4710,2290.0,926,3541526,0.15,0.13459138621402766,12441.856828042,True,False
4711,2810.0,1137,3542663,0.15,0.10328356776727547,12445.649058,True,False
4712,2250.0,1064,3543727,0.15,0.11199226883709207,12449.316030458,True,False
4713,1790.0,961,3544688,0.15,0.12271564041121372,12452.597343708,True,False
4714,1420.0,890,3545578,0.15,0.11670048691768635,12455.605166042,True,False
4715,990.0,676,3546254,0.15,0.0960236189875906,12457.868701375,True,False
4716,1120.0,946,3547200,0.15,0.10456763714048933,12461.127721125,True,False
4717,1990.0,977,3548177,0.15,0.11508221880028971,12464.478094,True,False
4718,1520.0,825,3549002,0.15,0.12242936783298417,12467.265911375,True,False
4719,1600.0,849,3549851,0.15,0.14037207966529816,12470.116333292,True,False
4720,1920.0,1067,3550918,0.15,0.11552537332397052,12473.781748125,True,False
4721,1630.0,903,3551821,0.15,0.11418639897344122,12477.4188445,True,False
4722,2680.0,910,3552731,0.15,0.13628314942581013,12480.637364542,True,False
4723,1870.0,1029,3553760,0.15,0.12020766590685808,12484.26327675,True,False
4724,1700.0,1147,3554907,0.15,0.1248105357733223,12488.267284083,True,False
4725,2080.0,801,3555708,0.15,0.14146133035940317,12491.078363875,True,False
4726,1600.0,947,3556655,0.15,0.11234406624936451,12495.6653455,True,False
4727,1680.0,1050,3557705,0.15,0.13639472467477784,12499.307768875,True,False
4728,2070.0,881,3558586,0.15,0.12285779041492126,12502.602561625,True,False
4729,2430.0,1098,3559684,0.15,0.12078974490815943,12506.683720958,True,False
4730,2690.0,1039,3560723,0.15,0.13522753748021532,12510.258898792,True,False
4731,1910.0,932,3561655,0.15,0.10643977194608793,12513.541172333,True,False
4732,1530.0,965,3562620,0.15,0.11303683630506361,12516.948229708,True,False
4733,1170.0,800,3563420,0.15,0.10055776581168174,12519.690144542,True,False
4734,580.0,497,3563917,0.15,0.13797819022569927,12521.378147167,True,False
4735,1390.0,829,3564746,0.15,0.13724717866755337,12524.1223575,True,False
4736,2280.0,1092,3565838,0.15,0.11681853094216668,12527.819111792,True,False
4737,1710.0,1064,3566902,0.15,0.12585158950712225,12531.369405042,True,False
4738,1800.0,711,3567613,0.15,0.12585094855742507,12533.738232417,True,False
4739,1740.0,809,3568422,0.15,0.13173818189908962,12536.640173042,True,False
4740,1580.0,1086,3569508,0.15,0.12138962764840792,12540.200002583,True,False
4741,1270.0,756,3570264,0.15,0.11833355901023698,12542.849759917,True,False
4742,2230.0,1008,3571272,0.15,0.10644300250587838,12546.267631542,True,False
4743,1200.0,976,3572248,0.15,0.1089316438807205,12550.014710542,True,False
4744,1520.0,939,3573187,0.15,0.13986992122780564,12553.302900333,True,False
4745,1780.0,872,3574059,0.15,0.1303554521019169,12556.20463975,True,False
4746,2080.0,1098,3575157,0.15,0.1205005480619994,12559.8787445,True,False
4747,1450.0,893,3576050,0.15,0.12181090867572836,12562.896305083,True,False
4748,1940.0,1113,3577163,0.15,0.13249805029615652,12566.634972625001,True,False
4749,3450.0,1125,3578288,0.15,0.11612349839101657,12570.47061575,True,False
4750,2600.0,939,3579227,0.15,0.10844006213463014,12573.667524792,True,False
4751,1940.0,910,3580137,0.15,0.10959375289415843,12577.72401975,True,False
4752,1990.0,865,3581002,0.15,0.10160231930031269,12580.821739417,True,False
4753,700.0,613,3581615,0.15,0.12317859351001924,12582.972641625,True,False
4754,1390.0,878,3582493,0.15,0.1182369705628265,12585.958099708,True,False
4755,2840.0,1001,3583494,0.15,0.12156107627600432,12589.379126708,True,False
4756,710.0,446,3583940,0.15,0.10651706238942486,12590.931813292,True,False
4757,1580.0,666,3584606,0.15,0.09918715531028897,12593.1869355,True,False
4758,1980.0,1233,3585839,0.15,0.12808299955440225,12597.466016708,True,False
4759,1170.0,686,3586525,0.15,0.11158381057036824,12599.825864583001,True,False
4760,1690.0,864,3587389,0.15,0.12638645029316345,12602.775019542,True,False
4761,2220.0,742,3588131,0.15,0.08629330405713738,12605.371669083,True,False
4762,2110.0,963,3589094,0.15,0.11293152071288265,12609.112359042,True,False
4763,770.0,591,3589685,0.15,0.08879019009150765,12611.162142,True,False
4764,980.0,878,3590563,0.15,0.10498586980855629,12614.294792917,True,False
4765,1510.0,1063,3591626,0.15,0.11084447635155648,12617.919458292,True,False
4766,1440.0,807,3592433,0.15,0.10773296516831263,12620.744158125,True,False
4767,1430.0,879,3593312,0.15,0.09112517026845704,12623.804475458,True,False
4768,1280.0,978,3594290,0.15,0.11963471218363428,12627.117947542,True,False
4769,1940.0,792,3595082,0.15,0.11193978874897113,12629.730372292,True,False
4770,2030.0,1173,3596255,0.15,0.0961129695126221,12633.639569625,True,False
4771,1690.0,826,3597081,0.15,0.10716932475710837,12636.4389525,True,False
4772,1690.0,1048,3598129,0.15,0.09594984850952872,12640.578963958,True,False
4773,1910.0,863,3598992,0.15,0.11026292389983104,12643.869835708,True,False
4774,2320.0,851,3599843,0.15,0.13713713960265214,12646.973659042,True,False
4775,2000.0,960,3600803,0.15,0.10703875597100705,12650.204815792,True,False
4776,1860.0,1051,3601854,0.15,0.12864224774189323,12654.969164208,True,False
4777,1950.0,877,3602731,0.15,0.12483781852576559,12657.864552042,True,False
4778,1700.0,791,3603522,0.15,0.10185462011569979,12660.57926875,True,False
4779,1660.0,734,3604256,0.15,0.10156880055918642,12663.111328625,True,False
4780,1160.0,684,3604940,0.15,0.11382568444599185,12665.516981625,True,False
4781,2210.0,1097,3606037,0.15,0.11618441305918632,12669.422901292,True,False
4782,1360.0,770,3606807,0.15,0.1287947732101505,12672.144138167,True,False
4783,2790.0,1091,3607898,0.15,0.10691271504666998,12676.392046250001,True,False
4784,1740.0,769,3608667,0.15,0.12349559407448396,12679.015558375,True,False
4785,1730.0,971,3609638,0.15,0.0981023180233353,12682.3965795,True,False
4786,2220.0,946,3610584,0.15,0.10738678941432434,12685.634592417,True,False
4787,2290.0,946,3611530,0.15,0.1184034731191725,12688.885474625,True,False
4788,1760.0,756,3612286,0.15,0.11381307813935179,12691.432054,True,False
4789,1150.0,790,3613076,0.15,0.10701416490242036,12694.150796,True,False
4790,2430.0,742,3613818,0.15,0.13948325101990958,12696.788564583,True,False
4791,1740.0,883,3614701,0.15,0.12502440607925347,12699.780970917,True,False
4792,1020.0,849,3615550,0.15,0.09483099671713305,12702.743009833,True,False
4793,1390.0,888,3616438,0.15,0.12000314486087174,12705.760147417,True,False
4794,1570.0,663,3617101,0.15,0.1197914068239281,12708.162788042,True,False
4795,1850.0,822,3617923,0.15,0.11672666788828082,12710.950495792,True,False
4796,990.0,546,3618469,0.15,0.1249831745360237,12712.848407458001,True,False
4797,1450.0,965,3619434,0.15,0.12778342420165717,12716.263889542,True,False
4798,1670.0,946,3620380,0.15,0.11623310223850519,12719.490588708,True,False
4799,1760.0,817,3621197,0.15,0.14497267489558927,12722.609812417,True,False
4800,1990.0,1087,3622284,0.15,0.10113061689908671,12726.249132,True,False
4801,2260.0,1006,3623290,0.15,0.12295168468290829,12731.254590292001,True,False
4802,2040.0,1072,3624362,0.15,0.1355381830692736,12735.189293375,True,False
4803,1300.0,677,3625039,0.15,0.1107160043985357,12737.494161917,True,False
4804,1350.0,799,3625838,0.15,0.09447753353044391,12740.239378167,True,False
4805,1930.0,1043,3626881,0.15,0.11730698159970772,12743.751225083,True,False
4806,730.0,658,3627539,0.15,0.13254500822186832,12745.93160275,True,False
4807,1140.0,828,3628367,0.15,0.12560834400895712,12748.76146475,True,False
4808,1460.0,853,3629220,0.15,0.13041909561257495,12751.662722167,True,False
4809,1320.0,761,3629981,0.15,0.1403189193457365,12754.235005375,True,False
4810,1530.0,1054,3631035,0.15,0.11852639128840015,12757.805915958,True,False
4811,2450.0,1006,3632041,0.15,0.11506208269635126,12761.250550583,True,False
4812,780.0,572,3632613,0.15,0.11728076929864767,12763.1225285,True,False
4813,1410.0,790,3633403,0.15,0.10134567607780398,12765.758516333,True,False
4814,1970.0,937,3634340,0.15,0.13910836698685555,12768.944332792,True,False
4815,1800.0,1202,3635542,0.15,0.13313307422523699,12773.057865583,True,False
4816,1200.0,660,3636202,0.15,0.13597972045342127,12775.284281792001,True,False
4817,3130.0,1030,3637232,0.15,0.10502926671025596,12778.846700792,True,False
4818,2490.0,1195,3638427,0.15,0.10424714933005755,12782.868095,True,False
4819,1370.0,857,3639284,0.15,0.11111331187881703,12785.713942958,True,False
4820,1100.0,795,3640079,0.15,0.11176406877171813,12788.566497125,True,False
4821,2200.0,869,3640948,0.15,0.11192791368983207,12791.49407225,True,False
4822,2310.0,622,3641570,0.15,0.11434533723419713,12793.625624,True,False
4823,690.0,653,3642223,0.15,0.10839898968858222,12795.788017833,True,False
4824,2430.0,1068,3643291,0.15,0.11222419506183054,12799.462006625,True,False
4825,2020.0,976,3644267,0.15,0.10810186242929003,12802.723888,True,False
4826,1820.0,926,3645193,0.15,0.1096985988029889,12806.906640208,True,False
4827,2580.0,1083,3646276,0.15,0.10822784706840216,12810.597780792,True,False
4828,840.0,635,3646911,0.15,0.10597889606333986,12812.718934708,True,False
4829,1180.0,642,3647553,0.15,0.11780070006754828,12814.939537708,True,False
4830,1150.0,662,3648215,0.15,0.10696450337541825,12817.145450583,True,False
4831,1910.0,959,3649174,0.15,0.10278383920279642,12820.379550708,True,False
4832,920.0,869,3650043,0.15,0.09365679333115229,12823.328021375,True,False
4833,270.0,341,3650384,0.15,0.1288979483638392,12824.495056,True,False
4834,1550.0,721,3651105,0.15,0.12811037812175022,12826.9267065,True,False
4835,1230.0,795,3651900,0.15,0.12544865771454183,12829.652816292,True,False
4836,2100.0,1158,3653058,0.15,0.13201754429993126,12833.56472425,True,False
4837,3110.0,888,3653946,0.15,0.11464591932625652,12836.781557833001,True,False
4838,910.0,619,3654565,0.15,0.14123454341484654,12838.90901125,True,False
4839,3460.0,970,3655535,0.15,0.10247520467435772,12842.204084042,True,False
4840,2600.0,828,3656363,0.15,0.11892947620275804,12845.116242917,True,False
4841,2660.0,941,3657304,0.15,0.11696372897821967,12848.46426075,True,False
4842,1670.0,885,3658189,0.15,0.10258952933637534,12851.489289125,True,False
4843,2590.0,1052,3659241,0.15,0.11010420024961573,12855.07213375,True,False
4844,1010.0,764,3660005,0.15,0.11527797827467869,12857.597710167,True,False
4845,1630.0,923,3660928,0.15,0.10261455402020123,12860.794364167,True,False
4846,810.0,722,3661650,0.15,0.12538571214924257,12863.357541833,True,False
4847,1420.0,879,3662529,0.15,0.11652857820418748,12866.366422042,True,False
4848,460.0,495,3663024,0.15,0.10540117404513782,12868.102862833,True,False
4849,2050.0,1002,3664026,0.15,0.11154717393219471,12871.518680917,True,False
4850,1730.0,945,3664971,0.15,0.11619819749651825,12874.727303958,True,False
4851,1950.0,814,3665785,0.15,0.11490730855467857,12878.655313167,True,False
4852,1490.0,855,3666640,0.15,0.10558804887059693,12881.605534375,True,False
4853,1510.0,860,3667500,0.15,0.1094040789056656,12884.827517458,True,False
4854,2770.0,1027,3668527,0.15,0.10660020848445129,12888.716712958,True,False
4855,2010.0,975,3669502,0.15,0.12357092652561479,12892.078543458,True,False
4856,1100.0,800,3670302,0.15,0.11687438704073429,12895.275676417,True,False
4857,1110.0,803,3671105,0.15,0.1188219334207364,12898.373661542,True,False
4858,2300.0,992,3672097,0.15,0.11509008792739722,12901.91719525,True,False
4859,2170.0,783,3672880,0.15,0.11668781408735988,12904.571922333,True,False
4860,2790.0,1250,3674130,0.15,0.13110743823628396,12909.064008458,True,False
4861,1730.0,988,3675118,0.15,0.13484707515430355,12912.3719355,True,False
4862,2040.0,824,3675942,0.15,0.1411326172517486,12915.21401975,True,False
4863,1940.0,985,3676927,0.15,0.1383090631930324,12918.702363833,True,False
4864,1350.0,787,3677714,0.15,0.1207595089365383,12921.383734583,True,False
4865,1190.0,723,3678437,0.15,0.10364454291061143,12923.859009958,True,False
4866,2250.0,1034,3679471,0.15,0.11266237851809854,12927.518492708,True,False
4867,2010.0,890,3680361,0.15,0.12295361573185622,12930.652766583,True,False
4868,1230.0,742,3681103,0.15,0.11874663668709833,12933.130330417,True,False
4869,1560.0,1014,3682117,0.15,0.11578588290726692,12936.680748667,True,False
4870,2680.0,1349,3683466,0.15,0.10761609036221172,12941.341768208,True,False
4871,890.0,596,3684062,0.15,0.12419399245323351,12943.422374833,True,False
4872,1040.0,924,3684986,0.15,0.10884546990873235,12946.604838833,True,False
4873,740.0,519,3685505,0.15,0.09060621386250624,12948.346427375,True,False
4874,1140.0,680,3686185,0.15,0.11206681456635981,12950.610953542,True,False
4875,1820.0,846,3687031,0.15,0.11782697502576626,12953.466518167,True,False
4876,1870.0,935,3687966,0.15,0.11846040771939816,12958.161434708,True,False
4877,2120.0,910,3688876,0.15,0.11640699992871337,12961.311741167001,True,False
4878,2230.0,900,3689776,0.15,0.12049854365487893,12964.312161042,True,False
4879,2560.0,954,3690730,0.15,0.11344061867811349,12967.750398458,True,False
4880,1960.0,1027,3691757,0.15,0.1337108162344082,12971.269000917,True,False
4881,2070.0,1118,3692875,0.15,0.1143978014588356,12975.463423333,True,False
4882,1650.0,1090,3693965,0.15,0.12485623855020973,12979.150138208,True,False
4883,2120.0,1527,3695492,0.15,0.11932830935763439,12984.294040917,True,False
4884,1760.0,942,3696434,0.15,0.11567971219724797,12987.49961,True,False
4885,1440.0,751,3697185,0.15,0.11462540345940184,12990.00262425,True,False
4886,1770.0,991,3698176,0.15,0.1427968792887705,12993.508750667,True,False
4887,1120.0,647,3698823,0.15,0.143377245675703,12995.719010833,True,False
4888,1390.0,1061,3699884,0.15,0.11711339990055203,12999.317967,True,False
4889,1240.0,804,3700688,0.15,0.12063563562262414,13001.99253375,True,False
4890,2250.0,1192,3701880,0.15,0.11949195434658119,13006.083228167001,True,False
4891,1340.0,977,3702857,0.15,0.11208098284045204,13009.358197042,True,False
4892,1800.0,833,3703690,0.15,0.11108859058003873,13012.176501333,True,False
4893,3180.0,1119,3704809,0.15,0.12494089024673616,13015.979985458,True,False
4894,1340.0,798,3705607,0.15,0.11788161291773595,13018.79456325,True,False
4895,1410.0,823,3706430,0.15,0.11026058563944495,13021.59626625,True,False
4896,1890.0,879,3707309,0.15,0.126124985600737,13024.623247708,True,False
4897,1030.0,761,3708070,0.15,0.13004588685733706,13027.319740708,True,False
4898,1840.0,780,3708850,0.15,0.12397115820875534,13029.994452333,True,False
4899,2380.0,1242,3710092,0.15,0.11772677757540699,13034.2681915,True,False
4900,1500.0,682,3710774,0.15,0.14660709847641343,13036.525810583,True,False
4901,710.0,551,3711325,0.15,0.09324274711526823,13039.520700292,True,False
4902,4200.0,857,3712182,0.15,0.12397293447925944,13042.552859208,True,False
4903,1290.0,986,3713168,0.15,0.11282157868539032,13045.838636125,True,False
4904,2770.0,1045,3714213,0.15,0.11453856853232987,13049.381143,True,False
4905,1000.0,670,3714883,0.15,0.12573870046700011,13051.586869,True,False
4906,2050.0,993,3715876,0.15,0.11949420074023397,13055.116746208,True,False
4907,860.0,781,3716657,0.15,0.11553391258303936,13057.74514175,True,False
4908,2710.0,939,3717596,0.15,0.12356595992249378,13061.009565,True,False
4909,1160.0,811,3718407,0.15,0.10748702025797108,13063.828254917,True,False
4910,960.0,710,3719117,0.15,0.11465101569545653,13066.21500025,True,False
4911,1180.0,767,3719884,0.15,0.1152303796261549,13068.871060042,True,False
4912,1590.0,1073,3720957,0.15,0.10703618875218195,13072.486384833,True,False
4913,1720.0,973,3721930,0.15,0.13556617856362965,13075.724451292,True,False
4914,1240.0,811,3722741,0.15,0.11509840371169774,13078.634049833001,True,False
4915,1950.0,898,3723639,0.15,0.13547097879927605,13081.732501958,True,False
4916,1150.0,899,3724538,0.15,0.12091883396108945,13084.852382667,True,False
4917,2260.0,680,3725218,0.15,0.09761758100460557,13087.257456375,True,False
4918,2220.0,1041,3726259,0.15,0.1218406896178539,13090.85247675,True,False
4919,2040.0,802,3727061,0.15,0.1224866101972351,13093.575923,True,False
4920,1430.0,739,3727800,0.15,0.11704148795153643,13096.126218917,True,False
4921,510.0,409,3728209,0.15,0.09648502198066197,13097.516522542,True,False
4922,1070.0,585,3728794,0.15,0.14136002052014005,13099.546478667,True,False
4923,2300.0,1135,3729929,0.15,0.12923661846352716,13103.482060292,True,False
4924,2300.0,905,3730834,0.15,0.1776640462005033,13106.563727167,True,False
4925,640.0,496,3731330,0.15,0.12100015305763771,13108.2412915,True,False
4926,2350.0,1108,3732438,0.15,0.12511167887073776,13112.910065292,True,False
4927,1280.0,801,3733239,0.15,0.13435663733165712,13115.563459917,True,False
4928,2680.0,934,3734173,0.15,0.1232152597930951,13118.830518375,True,False
4929,2350.0,1052,3735225,0.15,0.1477003546976998,13122.318774333,True,False
4930,2760.0,930,3736155,0.15,0.11984879566870373,13125.505688833,True,False
4931,840.0,559,3736714,0.15,0.13329215298539826,13127.486501125,True,False
4932,2100.0,802,3737516,0.15,0.1388426256917454,13130.188664083,True,False
4933,1590.0,661,3738177,0.15,0.13530606143176555,13132.371166167,True,False
4934,650.0,452,3738629,0.15,0.12435572277919381,13133.963476458,True,False
4935,2700.0,1146,3739775,0.15,0.12409289865070706,13137.89389675,True,False
4936,2480.0,864,3740639,0.15,0.13668414419171987,13140.799762917,True,False
4937,2990.0,1063,3741702,0.15,0.11828223243355751,13144.350552458,True,False
4938,1700.0,858,3742560,0.15,0.13693889526780262,13147.495769417,True,False
4939,550.0,548,3743108,0.15,0.10446740882675143,13149.464722708,True,False
4940,1470.0,862,3743970,0.15,0.12320970603546431,13152.385843292,True,False
4941,2480.0,991,3744961,0.15,0.13766449021415844,13155.832906417,True,False
4942,1070.0,660,3745621,0.15,0.1291561722529657,13158.102714958,True,False
4943,1570.0,816,3746437,0.15,0.12419428426187996,13160.855541333,True,False
4944,2010.0,919,3747356,0.15,0.11309347947978456,13163.899715833,True,False
4945,1150.0,807,3748163,0.15,0.13169310088107242,13166.692315792001,True,False
4946,1840.0,721,3748884,0.15,0.12881851657319465,13169.159130458,True,False
4947,2210.0,837,3749721,0.15,0.1372092433861996,13171.95105875,True,False
4948,1930.0,829,3750550,0.15,0.1206085767848912,13174.810106417,True,False
4949,2360.0,980,3751530,0.15,0.1213103281448082,13178.110038,True,False
4950,1420.0,822,3752352,0.15,0.13897188192287696,13180.861445208,True,False
4951,1550.0,973,3753325,0.15,0.12204427163235444,13185.522255833,True,False
4952,1680.0,882,3754207,0.15,0.12085000313818454,13188.585182583,True,False
4953,280.0,333,3754540,0.15,0.11104514906626373,13189.695508792,True,False
4954,1590.0,808,3755348,0.15,0.14674624568312475,13192.440511083,True,False
4955,2280.0,1055,3756403,0.15,0.1379684108971643,13195.988738958,True,False
4956,1240.0,756,3757159,0.15,0.14140689616441413,13198.718397125,True,False
4957,1190.0,760,3757919,0.15,0.13966909267596508,13201.350358583,True,False
4958,800.0,604,3758523,0.15,0.10323532919911359,13203.342916042,True,False
4959,2220.0,820,3759343,0.15,0.1439673003172729,13206.281620292,True,False
4960,1800.0,902,3760245,0.15,0.13702699140670288,13209.421923208,True,False
4961,1660.0,910,3761155,0.15,0.13112051341896014,13212.647305042,True,False
4962,2520.0,1320,3762475,0.15,0.12077395688516623,13217.274683958,True,False
4963,1970.0,924,3763399,0.15,0.12153472765893131,13220.470847875,True,False
4964,720.0,796,3764195,0.15,0.15135112217622787,13223.37449975,True,False
4965,2110.0,967,3765162,0.15,0.13330365212495662,13226.636821,True,False
4966,2660.0,790,3765952,0.15,0.138914024410299,13229.320599333,True,False
4967,2480.0,899,3766851,0.15,0.14724946841930173,13232.31239275,True,False
4968,1460.0,1129,3767980,0.15,0.12376353767940729,13236.179353792,True,False
4969,1090.0,639,3768619,0.15,0.11142757192910092,13238.287878333,True,False
4970,3290.0,1045,3769664,0.15,0.1152366257791642,13241.951165542,True,False
4971,1740.0,1075,3770739,0.15,0.1235844675076208,13245.611142917,True,False
4972,2140.0,887,3771626,0.15,0.10839743899634562,13248.745608083,True,False
4973,1830.0,1124,3772750,0.15,0.12329581654978604,13252.542397042,True,False
4974,2930.0,1153,3773903,0.15,0.1302490455758137,13256.414515667,True,False
4975,2130.0,749,3774652,0.15,0.12614943734568326,13258.947962542,True,False
4976,1730.0,740,3775392,0.15,0.14593759143876062,13262.708945583001,True,False
4977,1610.0,1031,3776423,0.15,0.12356732906737448,13266.291572833,True,False
4978,1770.0,914,3777337,0.15,0.11563964646033065,13269.605812625,True,False
4979,2950.0,1105,3778442,0.15,0.1135786154638112,13273.5951385,True,False
4980,3280.0,1284,3779726,0.15,0.12769542752860863,13278.23844425,True,False
4981,1920.0,899,3780625,0.15,0.12745284291605155,13281.374931958,True,False
4982,1140.0,758,3781383,0.15,0.11263323718159603,13284.035283458,True,False
4983,2920.0,937,3782320,0.15,0.10932815099491718,13287.32608925,True,False
4984,1730.0,937,3783257,0.15,0.11575234961560649,13290.386139833001,True,False
4985,1610.0,1075,3784332,0.15,0.1210268123013047,13293.992205333,True,False
4986,1940.0,1004,3785336,0.15,0.12722327408800088,13297.421747833,True,False
4987,1770.0,823,3786159,0.15,0.12824769306291894,13300.210801458,True,False
4988,1090.0,743,3786902,0.15,0.1239859847732449,13302.781366125,True,False
4989,1380.0,935,3787837,0.15,0.12990202663991696,13305.965308917,True,False
4990,1420.0,710,3788547,0.15,0.12098376837553783,13308.366664292,True,False
4991,1510.0,859,3789406,0.15,0.11687642127968544,13311.350487958,True,False
4992,770.0,734,3790140,0.15,0.0949665260521452,13313.817352708,True,False
4993,1610.0,986,3791126,0.15,0.11372590719956935,13317.33112175,True,False
4994,1920.0,923,3792049,0.15,0.12137134430438151,13320.547207458,True,False
4995,1970.0,881,3792930,0.15,0.11729860530150207,13323.6390135,True,False
4996,3870.0,965,3793895,0.15,0.11535653272929651,13327.149634375,True,False
4997,1860.0,905,3794800,0.15,0.10724053166741054,13330.520490625,True,False
4998,2230.0,851,3795651,0.15,0.10450131573521022,13333.724301792001,True,False
4999,1600.0,918,3796569,0.15,0.11238511105918365,13336.836418542,True,False
5000,2980.0,1055,3797624,0.15,0.10737252051264724,13340.518024542,True,False
5001,1580.0,829,3798453,0.15,0.10678345000074393,13344.519507667,True,False
5002,1960.0,975,3799428,0.15,0.10610435035873632,13347.968681875,True,False
5003,1310.0,728,3800156,0.15,0.08499071691799295,13350.451194542,True,False
5004,1810.0,957,3801113,0.15,0.09344703309767914,13353.716556875,True,False
5005,1440.0,854,3801967,0.15,0.09344016851533747,13356.67053225,True,False
5006,650.0,540,3802507,0.15,0.11606287797568021,13358.45174525,True,False
5007,1240.0,760,3803267,0.15,0.1290451709965342,13361.1388005,True,False
5008,2360.0,912,3804179,0.15,0.13028041529469192,13364.198381125,True,False
5009,2340.0,901,3805080,0.15,0.11808211861623336,13367.264595292,True,False
5010,1980.0,872,3805952,0.15,0.12106403250486479,13370.20185575,True,False
5011,1910.0,968,3806920,0.15,0.11152328615469381,13373.560132417,True,False
5012,1910.0,873,3807793,0.15,0.10440054384632669,13376.663746292,True,False
5013,1550.0,1057,3808850,0.15,0.10911542686605544,13380.239307417,True,False
5014,1410.0,810,3809660,0.15,0.10555729166297197,13383.027756833,True,False
5015,1710.0,1260,3810920,0.15,0.11513510289646331,13387.378559292,True,False
5016,2030.0,899,3811819,0.15,0.12133961976672124,13390.371352708,True,False
5017,1890.0,830,3812649,0.15,0.09531760273071435,13393.339139625,True,False
5018,1560.0,1035,3813684,0.15,0.09364666177038981,13396.818841,True,False
5019,2040.0,1023,3814707,0.15,0.09415511907461811,13400.348313167,True,False
5020,1350.0,970,3815677,0.15,0.10406222434354172,13403.685140417,True,False
5021,2140.0,979,3816656,0.15,0.09989841143239518,13407.096127542,True,False
5022,2620.0,842,3817498,0.15,0.10296839944840896,13409.908564667001,True,False
5023,2090.0,998,3818496,0.15,0.10110803985595704,13413.324523625,True,False
5024,1600.0,991,3819487,0.15,0.12311534294745459,13416.662431917,True,False
5025,1610.0,841,3820328,0.15,0.10396406300789654,13419.474263875,True,False
5026,1460.0,1012,3821340,0.15,0.10761201040075702,13424.284239042001,True,False
5027,1950.0,749,3822089,0.15,0.10627780753103169,13426.9436245,True,False
5028,1650.0,929,3823018,0.15,0.11380653610003405,13430.092603875,True,False
5029,2200.0,949,3823967,0.15,0.10693080544880422,13433.373983958,True,False
5030,2650.0,1404,3825371,0.15,0.10689149783696035,13438.398693292,True,False
5031,2580.0,876,3826247,0.15,0.09531470008840844,13441.454868875,True,False
5032,1930.0,745,3826992,0.15,0.09938977474476246,13444.02797225,True,False
5033,1860.0,883,3827875,0.15,0.098425802486864,13447.213799542,True,False
5034,1410.0,837,3828712,0.15,0.10848246550276167,13450.032598083,True,False
5035,2690.0,803,3829515,0.15,0.11038699792232365,13453.29058925,True,False
5036,2100.0,937,3830452,0.15,0.09579465619110046,13456.411933875,True,False
5037,2070.0,574,3831026,0.15,0.09869227713377743,13458.634411250001,True,False
5038,1230.0,1026,3832052,0.15,0.09620740084187762,13462.284596292,True,False
5039,1850.0,1266,3833318,0.15,0.09065124596457315,13466.805321292,True,False
5040,1260.0,787,3834105,0.15,0.07514772560390724,13469.846951,True,False
5041,1080.0,752,3834857,0.15,0.09045165825754087,13472.399537,True,False
5042,340.0,475,3835332,0.15,0.09202683790579062,13474.119162708,True,False
5043,1300.0,896,3836228,0.15,0.11865522522046897,13477.149788042,True,False
5044,3460.0,1004,3837232,0.15,0.10544848033186212,13480.579100625,True,False
5045,2190.0,912,3838144,0.15,0.09681257828579921,13483.6537785,True,False
5046,2290.0,1115,3839259,0.15,0.10076946912587975,13487.408973583,True,False
5047,1820.0,1009,3840268,0.15,0.11075420446487755,13490.801065,True,False
5048,1580.0,1210,3841478,0.15,0.095155124059132,13494.859511292,True,False
5049,620.0,524,3842002,0.15,0.10395200927350812,13496.642494,True,False
5050,1890.0,1021,3843023,0.15,0.09211153553104869,13500.052059917,True,False
5051,1260.0,769,3843792,0.15,0.1157069371752634,13503.808175625,True,False
5052,4620.0,870,3844662,0.15,0.104440697361522,13506.939552458,True,False
5053,1180.0,920,3845582,0.15,0.10956207298390243,13510.040738792,True,False
5054,1470.0,905,3846487,0.15,0.11919398384943472,13513.215568958,True,False
5055,1920.0,800,3847287,0.15,0.1294685395155102,13516.088938083,True,False
5056,1880.0,953,3848240,0.15,0.11215141884764368,13519.363058958,True,False
5057,2360.0,666,3848906,0.15,0.10805435460734081,13521.655937667,True,False
5058,2720.0,959,3849865,0.15,0.10095958415574084,13524.942796167,True,False
5059,630.0,509,3850374,0.15,0.10955567696080433,13526.800220875,True,False
5060,2160.0,849,3851223,0.15,0.12129078775574013,13529.7229715,True,False
5061,1240.0,981,3852204,0.15,0.1139755341625674,13533.099386833,True,False
5062,1460.0,977,3853181,0.15,0.13095943286984427,13536.345235042,True,False
5063,1300.0,954,3854135,0.15,0.09937712978258603,13539.597724625,True,False
5064,1390.0,871,3855006,0.15,0.13473246547760903,13542.643308292,True,False
5065,1850.0,1055,3856061,0.15,0.11773329954876592,13546.157471708,True,False
5066,1250.0,704,3856765,0.15,0.1429449303012172,13548.532630833,True,False
5067,870.0,703,3857468,0.15,0.1264659444780343,13550.961079792,True,False
5068,1490.0,842,3858310,0.15,0.12068382247927643,13554.004603458001,True,False
5069,1960.0,906,3859216,0.15,0.13625293251307524,13557.399036958,True,False
5070,2670.0,1265,3860481,0.15,0.11747083474021358,13561.938072958,True,False
5071,1230.0,763,3861244,0.15,0.12997509116862768,13564.751178333001,True,False
5072,3340.0,1028,3862272,0.15,0.12510263884316855,13569.186513833,True,False
5073,2060.0,804,3863076,0.15,0.10515278812256915,13572.075645833,True,False
5074,2740.0,848,3863924,0.15,0.12273586542292866,13575.54258225,True,False
5075,2450.0,970,3864894,0.15,0.12126853412463645,13578.850263667,True,False
5076,1190.0,796,3865690,0.15,0.10389011414094486,13582.776966208,True,False
5077,810.0,522,3866212,0.15,0.10565804216641052,13584.596572917,True,False
5078,1300.0,829,3867041,0.15,0.14568785710287266,13587.461456583,True,False
5079,2540.0,1084,3868125,0.15,0.13500034895715238,13591.129235542001,True,False
5080,2910.0,1020,3869145,0.15,0.13834608111019228,13594.536079042,True,False
5081,1010.0,611,3869756,0.15,0.1142429182780724,13596.584145208,True,False
5082,1740.0,1026,3870782,0.15,0.11571785952401115,13599.998205208,True,False
5083,2090.0,858,3871640,0.15,0.1322864203345637,13602.966741125,True,False
5084,1620.0,911,3872551,0.15,0.12795033608665812,13606.090147417,True,False
5085,1840.0,804,3873355,0.15,0.11962933534413428,13608.795557417001,True,False
5086,1680.0,1162,3874517,0.15,0.1318825151886522,13612.707824667,True,False
5087,2270.0,1147,3875664,0.15,0.11605780282242788,13616.638901375,True,False
5088,950.0,712,3876376,0.15,0.1335286150236478,13619.072231458,True,False
5089,1790.0,902,3877278,0.15,0.11342641220324569,13622.057892792,True,False
5090,1080.0,856,3878134,0.15,0.13679099543385695,13625.076182333,True,False
5091,2160.0,738,3878872,0.15,0.12133410644490977,13627.626278292,True,False
5092,1640.0,805,3879677,0.15,0.11881731126216513,13631.263083292,True,False
5093,2580.0,1199,3880876,0.15,0.13664993916327756,13635.389734042,True,False
5094,1440.0,1090,3881966,0.15,0.12960116821341217,13639.120493417,True,False
5095,1280.0,743,3882709,0.15,0.1159858992623706,13641.689212375,True,False
5096,2750.0,1130,3883839,0.15,0.1260408629260376,13645.480284375,True,False
5097,1360.0,835,3884674,0.15,0.1307030091748426,13648.301620917,True,False
5098,1120.0,709,3885383,0.15,0.14566068460712325,13650.735751708,True,False
5099,2130.0,781,3886164,0.15,0.14369833821012656,13653.36864225,True,False
5100,2320.0,884,3887048,0.15,0.1041664239524851,13656.305337167,True,False
5101,2970.0,803,3887851,0.15,0.15354389000684024,13659.975776083,True,False
5102,2610.0,778,3888629,0.15,0.12851213400180522,13662.728332333,True,False
5103,900.0,820,3889449,0.15,0.10722817197078612,13665.43717375,True,False
5104,2830.0,1010,3890459,0.15,0.10837466975614901,13668.863275417,True,False
5105,2240.0,936,3891395,0.15,0.13091066508339003,13672.034934208,True,False
5106,1730.0,1167,3892562,0.15,0.12234512386103608,13676.006094458,True,False
5107,1950.0,692,3893254,0.15,0.12040084533694852,13678.553444792,True,False
5108,840.0,724,3893978,0.15,0.14176451988024277,13681.121606292,True,False
5109,1480.0,876,3894854,0.15,0.11950083393348407,13684.084483833,True,False
5110,1280.0,619,3895473,0.15,0.12262135424440906,13686.3141075,True,False
5111,2490.0,975,3896448,0.15,0.12204410209793781,13689.714079958,True,False
5112,2200.0,1062,3897510,0.15,0.14365969431006684,13693.944382875,True,False
5113,2680.0,1209,3898719,0.15,0.1277896925955024,13698.201328708,True,False
5114,1890.0,938,3899657,0.15,0.113421964447232,13701.374200417,True,False
5115,920.0,869,3900526,0.15,0.12258409147369696,13704.318972833,True,False
5116,1390.0,766,3901292,0.15,0.13704456787672825,13706.908881208,True,False
5117,2050.0,750,3902042,0.15,0.1156188589246834,13709.420316,True,False
5118,920.0,597,3902639,0.15,0.1279472109530396,13711.468136667,True,False
5119,2040.0,827,3903466,0.15,0.125378154443154,13714.234993292,True,False
5120,1870.0,908,3904374,0.15,0.1036675474996215,13717.292700708,True,False
5121,2000.0,870,3905244,0.15,0.11756700707103955,13720.181997542,True,False
5122,1720.0,915,3906159,0.15,0.11664952019131497,13723.253607292,True,False
5123,1360.0,838,3906997,0.15,0.1058628509087222,13726.032154833,True,False
5124,2650.0,838,3907835,0.15,0.10735303825703249,13728.87246875,True,False
5125,1650.0,1072,3908907,0.15,0.11723385983383033,13732.44239975,True,False
5126,1560.0,909,3909816,0.15,0.12120327856718448,13736.649924042,True,False
5127,1730.0,1051,3910867,0.15,0.11166920660788776,13740.143212875,True,False
5128,2420.0,976,3911843,0.15,0.1472884788193175,13743.512369458,True,False
5129,2470.0,875,3912718,0.15,0.11666760177747028,13747.3061995,True,False
5130,4780.0,865,3913583,0.15,0.09918366008679624,13750.408600875,True,False
5131,1650.0,1189,3914772,0.15,0.1189448666140037,13755.996116333,True,False
5132,1860.0,1092,3915864,0.15,0.10767424498913271,13760.27017675,True,False
5133,2270.0,1229,3917093,0.15,0.10784301736941167,13764.834341208,True,False
5134,1060.0,888,3917981,0.15,0.11379845518417456,13768.038210917,True,False
5135,1260.0,779,3918760,0.15,0.10346438364149668,13770.798948375,True,False
5136,720.0,530,3919290,0.15,0.096203516434991,13772.564528417,True,False
5137,1850.0,760,3920050,0.15,0.1187007874152378,13775.256766125,True,False
5138,2740.0,829,3920879,0.15,0.1182192687827032,13778.043375375,True,False
5139,1310.0,888,3921767,0.15,0.12461469612747163,13781.080970417,True,False
5140,1250.0,703,3922470,0.15,0.10270786917218092,13783.484956125,True,False
5141,2060.0,925,3923395,0.15,0.11377729002983022,13786.819789542,True,False
5142,2510.0,1167,3924562,0.15,0.11157382166089669,13790.81588025,True,False
5143,1520.0,908,3925470,0.15,0.1250928661781917,13793.831946125,True,False
5144,2960.0,935,3926405,0.15,0.11423226554965617,13797.279430708,True,False
5145,1460.0,824,3927229,0.15,0.11437807268309362,13800.26109675,True,False
5146,1060.0,812,3928041,0.15,0.11035891828755734,13803.159111792,True,False
5147,1370.0,866,3928907,0.15,0.13438297017408465,13807.477243167,True,False
5148,1860.0,886,3929793,0.15,0.10805074065957251,13812.195981042,True,False
5149,540.0,440,3930233,0.15,0.12563100618056275,13814.891560583,True,False
5150,2020.0,956,3931189,0.15,0.13093946847643811,13820.258911167,True,False
5151,2130.0,904,3932093,0.15,0.10036805915786365,13824.79306075,True,False
5152,2630.0,960,3933053,0.15,0.09782647305012991,13828.126346125,True,False
5153,2210.0,962,3934015,0.15,0.11785323411071053,13831.664194417,True,False
5154,1670.0,1026,3935041,0.15,0.11630395277319946,13835.447065833,True,False
5155,1220.0,877,3935918,0.15,0.11191433581383262,13838.615872708,True,False
5156,2280.0,980,3936898,0.15,0.12341032461548337,13841.958791417,True,False
5157,2260.0,939,3937837,0.15,0.12431354986384828,13845.328992875,True,False
5158,2190.0,915,3938752,0.15,0.10439470681203245,13848.660994833,True,False
5159,1880.0,881,3939633,0.15,0.10700246513059193,13851.638832542,True,False
5160,2680.0,870,3940503,0.15,0.11030503557265355,13854.671540625,True,False
5161,1450.0,791,3941294,0.15,0.1023221884035703,13857.348632167,True,False
5162,4150.0,1163,3942457,0.15,0.10715740748850751,13861.252370333,True,False
5163,1550.0,907,3943364,0.15,0.07688791605968044,13864.577497417,True,False
5164,1850.0,866,3944230,0.15,0.09813112979409871,13867.581806375,True,False
5165,2080.0,1010,3945240,0.15,0.09127014685466356,13871.406093375,True,False
5166,600.0,514,3945754,0.15,0.09953109800699167,13873.320277042,True,False
5167,1450.0,1116,3946870,0.15,0.12413301403003354,13877.463751208,True,False
5168,830.0,672,3947542,0.15,0.09343074099160731,13879.724723458,True,False
5169,1730.0,766,3948308,0.15,0.10197583498666063,13882.358088208,True,False
5170,2000.0,885,3949193,0.15,0.11331043791919272,13885.326886833,True,False
5171,1330.0,784,3949977,0.15,0.11495005227245238,13888.063771458,True,False
5172,3260.0,926,3950903,0.15,0.12804250410270124,13891.288992792,True,False
5173,2310.0,978,3951881,0.15,0.09680922903424623,13894.611988042001,True,False
5174,1790.0,872,3952753,0.15,0.10152906023922863,13897.706559083,True,False
5175,3330.0,1167,3953920,0.15,0.0808058484961368,13901.633154875,True,False
5176,2100.0,917,3954837,0.15,0.09735060138343203,13905.702412417,True,False
5177,2510.0,1088,3955925,0.15,0.11350664439583745,13909.676594875,True,False
5178,3080.0,1151,3957076,0.15,0.08672067624542655,13913.553859917,True,False
5179,3050.0,1014,3958090,0.15,0.08672699068669273,13917.107920125,True,False
5180,2190.0,838,3958928,0.15,0.09617127618264584,13920.009299708001,True,False
5181,1610.0,972,3959900,0.15,0.10265236823156537,13923.428821708,True,False
5182,2250.0,1067,3960967,0.15,0.12253062174956601,13927.325228125,True,False
5183,2130.0,999,3961966,0.15,0.10757722837477922,13931.160293292,True,False
5184,1730.0,985,3962951,0.15,0.10847385532063682,13934.680971625,True,False
5185,1660.0,763,3963714,0.15,0.1045604393334757,13937.196554792,True,False
5186,1330.0,997,3964711,0.15,0.09676791170993483,13940.631969375,True,False
5187,1820.0,1243,3965954,0.15,0.0908234804102079,13944.781154833001,True,False
5188,1730.0,673,3966627,0.15,0.13856772593932137,13947.043218708,True,False
5189,1750.0,932,3967559,0.15,0.12368503553481061,13950.100056833,True,False
5190,1780.0,768,3968327,0.15,0.1087009645125363,13952.760096917,True,False
5191,1700.0,827,3969154,0.15,0.095090767674616,13955.510378833,True,False
5192,2220.0,1038,3970192,0.15,0.09870921762373586,13958.937483125,True,False
5193,1720.0,922,3971114,0.15,0.08693068796444846,13962.0215785,True,False
5194,1170.0,622,3971736,0.15,0.07374094013506785,13964.103862542,True,False
5195,2010.0,952,3972688,0.15,0.10969284608052308,13967.301542042,True,False
5196,1990.0,955,3973643,0.15,0.08664413032458484,13970.495075417,True,False
5197,1670.0,958,3974601,0.15,0.10143847152745972,13973.81020975,True,False
5198,1930.0,959,3975560,0.15,0.09170966839883476,13977.1007115,True,False
5199,1580.0,992,3976552,0.15,0.08523872444376109,13980.368014667,True,False
5200,2630.0,713,3977265,0.15,0.09258900073179033,13982.948820042,True,False
5201,1370.0,872,3978137,0.15,0.11446773242034497,13987.071885167,True,False
5202,630.0,501,3978638,0.15,0.10267040747404098,13988.862746125,True,False
5203,1250.0,535,3979173,0.15,0.1138143485634407,13991.073362000001,True,False
5204,1380.0,906,3980079,0.15,0.09734460071916073,13994.206370875,True,False
5205,1910.0,1332,3981411,0.15,0.0943354715120506,13999.242358167001,True,False
5206,1480.0,1049,3982460,0.15,0.11196380987508442,14003.125944542,True,False
5207,1720.0,874,3983334,0.15,0.09327557542865429,14006.089738708,True,False
5208,2360.0,1009,3984343,0.15,0.11459610256410781,14010.193785417001,True,False
5209,3750.0,1312,3985655,0.15,0.12355206823885077,14014.87472675,True,False
5210,1210.0,860,3986515,0.15,0.110937643674917,14017.720791542,True,False
5211,2570.0,1179,3987694,0.15,0.12085692874329575,14022.35244225,True,False
5212,2900.0,1195,3988889,0.15,0.10722635125735133,14026.807230083,True,False
5213,1570.0,1091,3989980,0.15,0.09821179635386108,14030.879943042,True,False
5214,3000.0,1085,3991065,0.15,0.10032955727220351,14035.413707542,True,False
5215,1000.0,826,3991891,0.15,0.0978424605434236,14039.0680765,True,False
5216,2130.0,954,3992845,0.15,0.09992326800730937,14042.740786625,True,False
5217,1130.0,986,3993831,0.15,0.09570134487911695,14046.656960083,True,False
5218,2400.0,1055,3994886,0.15,0.10030568150140232,14050.920336333,True,False
5219,1460.0,774,3995660,0.15,0.09293876933029939,14053.965784167,True,False
5220,2520.0,1128,3996788,0.15,0.12776843451808953,14058.071737042,True,False
5221,2760.0,1068,3997856,0.15,0.12439200551378146,14062.021933208,True,False
5222,2430.0,866,3998722,0.15,0.11926457285018707,14065.121467292,True,False
5223,1700.0,1051,3999773,0.15,0.07958942037004935,14069.600191542,True,False
5224,1310.0,884,4000657,0.15,0.09299016861051186,14073.042493625,True,False
5225,1950.0,959,4001616,0.15,0.08702192365502318,14076.823329583,True,False
5226,3010.0,1121,4002737,0.15,0.09904506926956985,14082.6897635,True,False
5227,2020.0,999,4003736,0.15,0.10628562939912081,14086.712247208001,True,False
5228,2670.0,1111,4004847,0.15,0.11900365357337661,14090.9843575,True,False
5229,1440.0,723,4005570,0.15,0.07763791417713323,14093.445946833,True,False
5230,440.0,463,4006033,0.15,0.10630400594452331,14095.533778708,True,False
5231,1610.0,732,4006765,0.15,0.07966005299851055,14098.189299125,True,False
5232,1880.0,924,4007689,0.15,0.10412078304014681,14101.564577333,True,False
5233,1940.0,995,4008684,0.15,0.11607437414756741,14105.209219583001,True,False
5234,1960.0,1076,4009760,0.15,0.09406025746497966,14109.856356292,True,False
5235,2130.0,1032,4010792,0.15,0.08559194819409718,14113.938335958,True,False
5236,1700.0,1033,4011825,0.15,0.10919979704876048,14118.537508542,True,False
5237,1530.0,842,4012667,0.15,0.10160758180455083,14122.574515792001,True,False
5238,680.0,529,4013196,0.15,0.1106253675696321,14125.145558292,True,False
5239,1860.0,764,4013960,0.15,0.09674480885111225,14128.808385458,True,False
5240,1350.0,686,4014646,0.15,0.11083698686626223,14131.446511042,True,False
5241,1770.0,1016,4015662,0.15,0.11357888658567676,14135.236660708,True,False
5242,2170.0,884,4016546,0.15,0.10089938408311676,14138.3703255,True,False
5243,950.0,683,4017229,0.15,0.10619043482587351,14140.801566917,True,False
5244,1750.0,1103,4018332,0.15,0.11641117505918162,14144.701466917,True,False
5245,1490.0,877,4019209,0.15,0.11556105570842141,14147.717540875,True,False
5246,2640.0,1043,4020252,0.15,0.10761773196616392,14151.210646167001,True,False
5247,1250.0,910,4021162,0.15,0.09929809538803437,14154.188064583,True,False
5248,1600.0,897,4022059,0.15,0.10324884246801957,14157.187616458,True,False
5249,1480.0,839,4022898,0.15,0.10962792273078646,14160.077545917,True,False
5250,820.0,704,4023602,0.15,0.10236329772636633,14162.412188,True,False
5251,2710.0,807,4024409,0.15,0.11176694129215609,14166.853258458,True,False
5252,1810.0,846,4025255,0.15,0.09873241887944287,14169.808765542,True,False
5253,1410.0,890,4026145,0.15,0.09788673994185679,14172.890186292,True,False
5254,1360.0,816,4026961,0.15,0.10231627696467673,14175.9574905,True,False
5255,2980.0,789,4027750,0.15,0.10485662962428205,14178.71539425,True,False
5256,1870.0,1026,4028776,0.15,0.11255408670564802,14182.464785292,True,False
5257,2290.0,925,4029701,0.15,0.1196863783999181,14185.646306667,True,False
5258,1340.0,530,4030231,0.15,0.08706145061913764,14187.434588083,True,False
5259,1490.0,610,4030841,0.15,0.09298423598550894,14189.43262075,True,False
5260,1900.0,891,4031732,0.15,0.11818322130884024,14192.364920625,True,False
5261,1680.0,958,4032690,0.15,0.08932381594810775,14195.509353417001,True,False
5262,2050.0,779,4033469,0.15,0.10992006554435461,14198.045531042,True,False
5263,1620.0,1130,4034599,0.15,0.1149030860368136,14201.778737958,True,False
5264,1520.0,815,4035414,0.15,0.10544701110498578,14204.431116333,True,False
5265,1440.0,851,4036265,0.15,0.11216556904356524,14207.321700125,True,False
5266,1120.0,939,4037204,0.15,0.1313250604858424,14210.433796792,True,False
5267,1330.0,947,4038151,0.15,0.11399532416519725,14213.479247833,True,False
5268,2130.0,984,4039135,0.15,0.10164153687958795,14216.856793667,True,False
5269,2090.0,792,4039927,0.15,0.127743402928716,14219.453906125,True,False
5270,1620.0,940,4040867,0.15,0.11679837638710408,14222.617875958,True,False
5271,1650.0,847,4041714,0.15,0.10315336988149386,14225.468124167,True,False
5272,2200.0,862,4042576,0.15,0.131039313989243,14228.5609355,True,False
5273,1770.0,676,4043252,0.15,0.13226252951874182,14230.800194458001,True,False
5274,1950.0,974,4044226,0.15,0.09473853319147486,14235.026526417,True,False
5275,1060.0,676,4044902,0.15,0.1163803573323072,14237.261298375,True,False
5276,1090.0,625,4045527,0.15,0.11658253421624884,14240.685108167,True,False
5277,2120.0,850,4046377,0.15,0.12044759258243119,14243.423929458,True,False
5278,1330.0,881,4047258,0.15,0.1202808369289745,14246.310330667,True,False
5279,1580.0,716,4047974,0.15,0.1283761301811514,14248.7265335,True,False
5280,1010.0,700,4048674,0.15,0.1281719274180276,14251.012883917,True,False
5281,1700.0,830,4049504,0.15,0.10521988541138573,14253.721842667,True,False
5282,1410.0,869,4050373,0.15,0.12159905413569119,14256.61957275,True,False
5283,430.0,444,4050817,0.15,0.10651865739140425,14258.108163292,True,False
5284,1660.0,792,4051609,0.15,0.12391047686752346,14260.721421792001,True,False
5285,2130.0,894,4052503,0.15,0.14002844690441282,14263.943293792001,True,False
5286,1670.0,717,4053220,0.15,0.1027127341988186,14266.21746525,True,False
5287,3210.0,1067,4054287,0.15,0.11842712979847775,14269.674289083001,True,False
5288,2600.0,929,4055216,0.15,0.1066897997208931,14272.853458875,True,False
5289,1660.0,921,4056137,0.15,0.10838943506874468,14275.765326917,True,False
5290,2060.0,914,4057051,0.15,0.1071993276525877,14278.832069083,True,False
5291,1520.0,904,4057955,0.15,0.11687496442974141,14281.724856208,True,False
5292,1920.0,1060,4059015,0.15,0.10735548150567513,14285.113657167,True,False
5293,2220.0,990,4060005,0.15,0.1111931867461892,14288.267346833,True,False
5294,2130.0,823,4060828,0.15,0.10700344818743687,14290.909151375,True,False
5295,2440.0,1236,4062064,0.15,0.1255146548405145,14295.300004958,True,False
5296,1930.0,1007,4063071,0.15,0.08889691778031954,14298.52328475,True,False
5297,4650.0,1264,4064335,0.15,0.10758945453746975,14302.681731333,True,False
5298,1280.0,1093,4065428,0.15,0.10734045492947428,14306.180661375,True,False
5299,2680.0,851,4066279,0.15,0.0901117382553529,14308.917959625,True,False
5300,1750.0,888,4067167,0.15,0.10232620823893461,14311.7432515,True,False
5301,2330.0,886,4068053,0.15,0.10629361830987372,14315.813972583,True,False
5302,2820.0,882,4068935,0.15,0.10220515171743252,14318.694673,True,False
5303,1050.0,632,4069567,0.15,0.08888557776101405,14320.712557750001,True,False
5304,930.0,526,4070093,0.15,0.10654194818132302,14322.366463833,True,False
5305,3810.0,994,4071087,0.15,0.08888903091992101,14325.559887292,True,False
5306,1450.0,758,4071845,0.15,0.09669666548112506,14327.966337958,True,False
5307,1590.0,897,4072742,0.15,0.12160638094480548,14330.892685042,True,False
5308,1840.0,903,4073645,0.15,0.1085206026920175,14334.143794458,True,False
5309,1840.0,821,4074466,0.15,0.09819318225107541,14336.926799125,True,False
5310,1750.0,784,4075250,0.15,0.10724438995845159,14339.48039675,True,False
5311,1730.0,979,4076229,0.15,0.07726785321244779,14342.624508583,True,False
5312,1670.0,1003,4077232,0.15,0.11604299865277165,14345.900852375,True,False
5313,2370.0,1102,4078334,0.15,0.09235268471254544,14349.404599708,True,False
5314,1580.0,887,4079221,0.15,0.09222933633236198,14352.265784917001,True,False
5315,1650.0,892,4080113,0.15,0.08727439641618408,14355.314324208,True,False
5316,2310.0,838,4080951,0.15,0.10282294440604568,14358.077481583001,True,False
5317,1050.0,845,4081796,0.15,0.09302149763119952,14360.848007375,True,False
5318,1770.0,881,4082677,0.15,0.10823426595042375,14363.647727625,True,False
5319,1670.0,883,4083560,0.15,0.10793308622089985,14366.525550125,True,False
5320,1630.0,1129,4084689,0.15,0.09782418501662447,14370.089476042,True,False
5321,2660.0,1230,4085919,0.15,0.09881283823364333,14374.022598292,True,False
5322,2220.0,1205,4087124,0.15,0.08951440560538938,14377.842162250001,True,False
5323,1750.0,989,4088113,0.15,0.1005369797952262,14380.99024675,True,False
5324,1960.0,883,4088996,0.15,0.08682806623838336,14383.818862292,True,False
5325,1720.0,963,4089959,0.15,0.08411490713090947,14386.878449083,True,False
5326,2100.0,953,4090912,0.15,0.11091733726996258,14391.224834375,True,False
5327,2210.0,996,4091908,0.15,0.09332841141037194,14394.414368667,True,False
5328,1860.0,953,4092861,0.15,0.07918942184383128,14397.530777125,True,False
5329,1880.0,979,4093840,0.15,0.06901308134654346,14400.978334375,True,False
5330,1520.0,490,4094330,0.15,0.07274266327807649,14402.643020667,True,False
5331,1910.0,1106,4095436,0.15,0.10379026393113584,14406.18674025,True,False
5332,1670.0,1000,4096436,0.15,0.09166753472387791,14409.559111042001,True,False
5333,2260.0,1059,4097495,0.15,0.09257199689322575,14412.98109975,True,False
5334,2220.0,953,4098448,0.15,0.10520817150038406,14416.056940833,True,False
5335,3670.0,1000,4099448,0.15,0.07532706624269485,14419.423058667,True,False
5336,2680.0,1139,4100587,0.15,0.0928010253668566,14423.103533542,True,False
5337,4660.0,1193,4101780,0.15,0.07839333180051583,14427.715249500001,True,False
5338,2720.0,1120,4102900,0.15,0.08942374223177986,14431.2454875,True,False
5339,1610.0,764,4103664,0.15,0.08865616707550605,14433.766446042,True,False
5340,980.0,685,4104349,0.15,0.0822392291558242,14435.959609375,True,False
5341,2430.0,1013,4105362,0.15,0.09376124139477612,14439.341759333,True,False
5342,2480.0,1043,4106405,0.15,0.09757805764104215,14442.703762792,True,False
5343,1930.0,1082,4107487,0.15,0.09739864524108945,14446.579577583,True,False
5344,940.0,990,4108477,0.15,0.08405122691164574,14449.799965625,True,False
5345,1580.0,763,4109240,0.15,0.07472770783016507,14452.36145075,True,False
5346,1480.0,900,4110140,0.15,0.0777811010595825,14455.279967833,True,False
5347,1990.0,990,4111130,0.15,0.07988830274989006,14458.685640958,True,False
5348,2120.0,1004,4112134,0.15,0.08462370236764154,14461.904233875,True,False
5349,2120.0,1191,4113325,0.15,0.08722410584181148,14465.974437375,True,False
5350,3250.0,1008,4114333,0.15,0.08965846027676312,14469.3610415,True,False
5351,1780.0,873,4115206,0.15,0.10152976671148331,14473.756514625,True,False
5352,2160.0,1094,4116300,0.15,0.096956345986874,14477.386497042,True,False
5353,740.0,772,4117072,0.15,0.08967324835127653,14479.899780583,True,False
5354,2370.0,1020,4118092,0.15,0.09504629177790062,14483.227244708,True,False
5355,1100.0,681,4118773,0.15,0.09143730855601676,14485.41450725,True,False
5356,2790.0,882,4119655,0.15,0.0942768188616769,14489.254750167,True,False
5357,1530.0,897,4120552,0.15,0.09298916288548045,14492.087278292,True,False
5358,3020.0,956,4121508,0.15,0.08989124631345521,14495.397197167,True,False
5359,1910.0,930,4122438,0.15,0.09064479665991304,14498.36596475,True,False
5360,740.0,808,4123246,0.15,0.090295662356559,14501.037965708,True,False
5361,960.0,717,4123963,0.15,0.08763942863355136,14503.344227208001,True,False
5362,360.0,410,4124373,0.15,0.0999246305306849,14504.698021917,True,False
5363,1630.0,1013,4125386,0.15,0.09090833801025223,14507.961040208,True,False
5364,1020.0,784,4126170,0.15,0.09487778126091069,14510.530579417,True,False
5365,1240.0,882,4127052,0.15,0.09666734297519626,14513.418356625,True,False
5366,1750.0,832,4127884,0.15,0.1023443233078489,14516.083534708001,True,False
5367,1580.0,884,4128768,0.15,0.08358907702113438,14519.416951333,True,False
5368,2720.0,988,4129756,0.15,0.09380797827654039,14522.703668125,True,False
5369,2230.0,1060,4130816,0.15,0.1356074827565056,14526.159511792,True,False
5370,2380.0,799,4131615,0.15,0.13075957239497846,14529.128710625,True,False
5371,1690.0,942,4132557,0.15,0.10362324226742327,14532.273703500001,True,False
5372,1660.0,936,4133493,0.15,0.11473220384592174,14535.462227792,True,False
5373,2430.0,841,4134334,0.15,0.10381900309806778,14538.245160875,True,False
5374,2480.0,982,4135316,0.15,0.09814821452477841,14541.519052125,True,False
5375,1180.0,957,4136273,0.15,0.12130351601534807,14544.702099958,True,False
5376,1920.0,903,4137176,0.15,0.1193061000131796,14548.907286208,True,False
5377,1650.0,1030,4138206,0.15,0.10595797779987991,14552.374550708,True,False
5378,1380.0,1283,4139489,0.15,0.10899375589721114,14556.553963708,True,False
5379,2820.0,840,4140329,0.15,0.1177224183543807,14559.310252958001,True,False
5380,1850.0,906,4141235,0.15,0.10754988201588919,14562.207083792,True,False
5381,970.0,697,4141932,0.15,0.11170764487768922,14564.52151575,True,False
5382,1830.0,834,4142766,0.15,0.12931428726117772,14567.184885917,True,False
5383,2120.0,1012,4143778,0.15,0.10937025236046832,14570.434783583,True,False
5384,1600.0,870,4144648,0.15,0.110373719501386,14573.298565292,True,False
5385,2770.0,922,4145570,0.15,0.12821258747869213,14576.224386958,True,False
5386,2040.0,1034,4146604,0.15,0.1112351883274708,14579.628057917,True,False
5387,1800.0,873,4147477,0.15,0.10317638437819043,14582.399214250001,True,False
5388,1390.0,908,4148385,0.15,0.1166401379762242,14585.391239125,True,False
5389,790.0,489,4148874,0.15,0.11373322118134772,14587.013981958,True,False
5390,640.0,508,4149382,0.15,0.09944713721418474,14588.69317575,True,False
5391,510.0,567,4149949,0.15,0.14064869705692562,14590.615134875,True,False
5392,2190.0,1029,4150978,0.15,0.13764898929788444,14593.918061083,True,False
5393,2300.0,879,4151857,0.15,0.12036045883697542,14596.808712375,True,False
5394,2210.0,813,4152670,0.15,0.12626767150250268,14599.435361,True,False
5395,2580.0,1078,4153748,0.15,0.11452139890580265,14602.888716583,True,False
5396,1410.0,785,4154533,0.15,0.11047766916453838,14605.403455167,True,False
5397,1950.0,789,4155322,0.15,0.10716559674099163,14607.920669833,True,False
5398,2030.0,974,4156296,0.15,0.1292710173340728,14611.388475292,True,False
5399,1790.0,996,4157292,0.15,0.10422965738338878,14614.583384083,True,False
5400,2130.0,1008,4158300,0.15,0.10589198892315228,14617.796676542,True,False
5401,2490.0,1108,4159408,0.15,0.11340541518982566,14622.5130635,True,False
5402,1580.0,949,4160357,0.15,0.13127920067700152,14625.72945475,True,False
5403,830.0,630,4160987,0.15,0.1166180382797103,14627.736671917,True,False
5404,1050.0,727,4161714,0.15,0.1412331017430176,14630.109618125,True,False
5405,1310.0,822,4162536,0.15,0.10699620974042172,14632.930061792,True,False
5406,2420.0,1299,4163835,0.15,0.1271152364400526,14637.091541583,True,False
5407,2500.0,1058,4164893,0.15,0.10615558336084743,14640.670377208,True,False
5408,2410.0,995,4165888,0.15,0.12355063100117278,14643.848881542,True,False
5409,2670.0,1087,4166975,0.15,0.13678725493377644,14647.377200875,True,False
5410,2430.0,1029,4168004,0.15,0.1252836106532766,14650.760301875,True,False
5411,1470.0,809,4168813,0.15,0.11105250790346377,14653.362058417,True,False
5412,1160.0,618,4169431,0.15,0.1098791067548967,14655.461667875,True,False
5413,2530.0,1178,4170609,0.15,0.136532797430784,14659.264083875,True,False
5414,1660.0,911,4171520,0.15,0.11734479404332344,14662.193735333,True,False
5415,2250.0,931,4172451,0.15,0.1163897621124212,14665.237377125,True,False
5416,1970.0,1189,4173640,0.15,0.1289426099396492,14669.132211,True,False
5417,2620.0,937,4174577,0.15,0.11335397626344974,14672.166849625,True,False
5418,1630.0,1030,4175607,0.15,0.11219782240195961,14675.510988417,True,False
5419,2380.0,858,4176465,0.15,0.10929388475799283,14678.20176075,True,False
5420,1950.0,908,4177373,0.15,0.1225563477732996,14681.891474833,True,False
5421,2650.0,1011,4178384,0.15,0.11036323328233755,14685.105491708,True,False
5422,770.0,668,4179052,0.15,0.12098056812977005,14687.343667917,True,False
5423,2200.0,1013,4180065,0.15,0.11334836076238292,14690.593294042,True,False
5424,2370.0,1429,4181494,0.15,0.11154407176452608,14695.1497495,True,False
5425,2550.0,950,4182444,0.15,0.10759817637471843,14698.196262,True,False
5426,1700.0,968,4183412,0.15,0.11318403811093943,14702.416172958001,True,False
5427,590.0,556,4183968,0.15,0.12573629290723115,14704.271457958,True,False
5428,2140.0,1010,4184978,0.15,0.12352751250127478,14707.480732458,True,False
5429,520.0,495,4185473,0.15,0.11968840467893789,14709.121783958,True,False
5430,2950.0,1133,4186606,0.15,0.1244245421325676,14712.768848625,True,False
5431,2640.0,1125,4187731,0.15,0.10536847305334972,14716.334716,True,False
5432,2130.0,1116,4188847,0.15,0.10070735202788451,14720.052862708,True,False
5433,2410.0,1186,4190033,0.15,0.11966603407354066,14723.994177542,True,False
5434,2100.0,940,4190973,0.15,0.105313224947833,14727.02142425,True,False
5435,1500.0,1438,4192411,0.15,0.10982074354798597,14731.60547475,True,False
5436,2100.0,833,4193244,0.15,0.11599436261508453,14734.291241500001,True,False
5437,1990.0,779,4194023,0.15,0.11185387483577139,14736.886871958,True,False
5438,2120.0,861,4194884,0.15,0.097495812991703,14739.624291292,True,False
5439,740.0,561,4195445,0.15,0.09833229100331664,14741.72557875,True,False
5440,860.0,633,4196078,0.15,0.0988247118937441,14744.1766655,True,False
5441,950.0,720,4196798,0.15,0.10696142561112841,14746.438735292,True,False
5442,1650.0,1042,4197840,0.15,0.0906564374436478,14749.910263708,True,False
5443,2380.0,967,4198807,0.15,0.10746478593108318,14753.050588,True,False
5444,1610.0,658,4199465,0.15,0.10822218477048658,14755.210296542,True,False
5445,1820.0,1100,4200565,0.15,0.09513072542846203,14758.809837625,True,False
5446,3130.0,886,4201451,0.15,0.12020053157827298,14761.704619667,True,False
5447,1010.0,666,4202117,0.15,0.08173372104630142,14763.918694833,True,False
5448,1520.0,940,4203057,0.15,0.12095538567196816,14767.038045625,True,False
5449,1160.0,1037,4204094,0.15,0.1090120798638486,14770.381616292,True,False
5450,1850.0,875,4204969,0.15,0.0932017244551688,14773.198356,True,False
5451,1730.0,888,4205857,0.15,0.1243829455662955,14777.160839,True,False
5452,1630.0,790,4206647,0.15,0.10538938084645623,14779.729840917,True,False
5453,1720.0,879,4207526,0.15,0.09694010937925089,14782.692084292,True,False
5454,1200.0,899,4208425,0.15,0.11552470368643601,14785.614426542,True,False
5455,1870.0,907,4209332,0.15,0.11757135927874086,14788.625164417,True,False
5456,3000.0,1007,4210339,0.15,0.12081050631623581,14791.830275625,True,False
5457,2300.0,924,4211263,0.15,0.07956068738649934,14794.843029458,True,False
5458,2820.0,744,4212007,0.15,0.08910344924617519,14797.237459208,True,False
5459,2650.0,820,4212827,0.15,0.10092116180898213,14799.9263715,True,False
5460,890.0,675,4213502,0.15,0.0976436432649398,14802.200215083,True,False
5461,2240.0,1162,4214664,0.15,0.08169713124146372,14806.573096208,True,False
5462,1920.0,894,4215558,0.15,0.11371177341371373,14809.513904917,True,False
5463,1540.0,1228,4216786,0.15,0.09871447383629382,14813.496060167,True,False
5464,1600.0,761,4217547,0.15,0.1000047073552483,14815.965049,True,False
5465,1700.0,816,4218363,0.15,0.10342650192187113,14818.650313958,True,False
5466,1860.0,1155,4219518,0.15,0.09555188778813632,14822.344129042,True,False
5467,2000.0,791,4220309,0.15,0.09885931665999721,14824.92965975,True,False
5468,1580.0,924,4221233,0.15,0.09579056783607512,14827.931942958001,True,False
5469,1430.0,722,4221955,0.15,0.12986615672707558,14830.286732375,True,False
5470,1500.0,529,4222484,0.15,0.11367512796830415,14832.026066833,True,False
5471,2110.0,1121,4223605,0.15,0.10357986191686774,14835.719403125,True,False
5472,2340.0,848,4224453,0.15,0.10529072562513768,14838.407683583,True,False
5473,830.0,689,4225142,0.15,0.12178586314020809,14840.677315042,True,False
5474,1370.0,987,4226129,0.15,0.10458508222118805,14843.804238042,True,False
5475,2010.0,941,4227070,0.15,0.1232992153694021,14847.21166,True,False
5476,1940.0,1555,4228625,0.15,0.10398938188180902,14853.534011417,True,False
5477,2050.0,1030,4229655,0.15,0.12875125283585565,14856.839315708,True,False
5478,1050.0,668,4230323,0.15,0.09733186045962715,14859.215272333,True,False
5479,2030.0,808,4231131,0.15,0.09845064923462302,14861.788072333,True,False
5480,1410.0,760,4231891,0.15,0.0962311769590566,14864.858392875,True,False
5481,1930.0,1110,4233001,0.15,0.10437949388388464,14868.346453625,True,False
5482,2820.0,1126,4234127,0.15,0.12102687405919477,14872.182106167,True,False
5483,510.0,529,4234656,0.15,0.11840194319479895,14873.900390417,True,False
5484,2320.0,1098,4235754,0.15,0.10410092639852397,14877.477652,True,False
5485,730.0,496,4236250,0.15,0.09438765933737159,14879.196739,True,False
5486,1180.0,761,4237011,0.15,0.1071381390094757,14881.786663083,True,False
5487,1720.0,985,4237996,0.15,0.1173330284127219,14884.992673333,True,False
5488,2790.0,958,4238954,0.15,0.1133830125665752,14888.132674958,True,False
5489,2250.0,1102,4240056,0.15,0.11018526913139268,14891.733109625,True,False
5490,2430.0,1127,4241183,0.15,0.10879108574891005,14895.432006375,True,False
5491,2350.0,990,4242173,0.15,0.09165476599422794,14898.605138667,True,False
5492,1750.0,1106,4243279,0.15,0.10900152034625626,14902.140418833,True,False
5493,3170.0,1004,4244283,0.15,0.1252129104849233,14905.400203125,True,False
5494,1430.0,718,4245001,0.15,0.11981671796076827,14907.750541125,True,False
5495,5020.0,1281,4246282,0.15,0.10398814616492018,14911.881526792,True,False
5496,2180.0,898,4247180,0.15,0.11562792993254131,14914.79788475,True,False
5497,1220.0,762,4247942,0.15,0.11354638231231978,14917.238843042,True,False
5498,2190.0,772,4248714,0.15,0.1408768691161136,14919.687653042,True,False
5499,2140.0,854,4249568,0.15,0.10620334838456083,14922.415778792,True,False
5500,1490.0,888,4250456,0.15,0.09415885228831489,14925.584575708,True,False
5501,3500.0,898,4251354,0.15,0.10436866459869114,14929.7384675,True,False
5502,2000.0,907,4252261,0.15,0.11053353026181066,14932.699604833,True,False
5503,1950.0,973,4253234,0.15,0.13854037603141103,14935.850045708,True,False
5504,1830.0,923,4254157,0.15,0.11322515214353929,14938.808953875001,True,False
5505,2370.0,1002,4255159,0.15,0.13800695043057204,14942.028550458,True,False
5506,1290.0,622,4255781,0.15,0.12645753048575267,14944.047788458,True,False
5507,1710.0,901,4256682,0.15,0.10602294767068492,14947.021135250001,True,False
5508,2200.0,1024,4257706,0.15,0.10356472509010928,14950.295422917,True,False
5509,780.0,467,4258173,0.15,0.09101817844451493,14951.843636917,True,False
5510,1970.0,1091,4259264,0.15,0.11169590835797262,14955.379496083,True,False
5511,2960.0,1085,4260349,0.15,0.11773331260576679,14958.865051625,True,False
5512,2050.0,1290,4261639,0.15,0.10665331154436984,14962.975535542,True,False
5513,1510.0,1099,4262738,0.15,0.10331036580557174,14966.513129250001,True,False
5514,1750.0,853,4263591,0.15,0.13202306847722037,14969.244534125,True,False
5515,1830.0,953,4264544,0.15,0.10278810604346846,14972.288072,True,False
5516,2320.0,986,4265530,0.15,0.11225919906292262,14975.535594,True,False
5517,2360.0,916,4266446,0.15,0.13012660960931186,14978.444799375,True,False
5518,1820.0,1165,4267611,0.15,0.126797769513122,14982.145056292,True,False
5519,2100.0,854,4268465,0.15,0.10355441085994244,14984.945273833,True,False
5520,2680.0,1050,4269515,0.15,0.1049004265867913,14988.286346875,True,False
5521,2240.0,913,4270428,0.15,0.09906069972597095,14991.431026917,True,False
5522,3300.0,915,4271343,0.15,0.09934214183962659,14994.323161167,True,False
5523,1400.0,931,4272274,0.15,0.1284899943680083,14997.672955667,True,False
5524,2960.0,1003,4273277,0.15,0.09931566430426451,15001.308001417001,True,False
5525,1850.0,905,4274182,0.15,0.12647492780589162,15004.311181625,True,False
5526,1370.0,921,4275103,0.15,0.10681773682489343,15008.671665708,True,False
5527,2610.0,884,4275987,0.15,0.10890919308081203,15011.542172792,True,False
5528,2160.0,1123,4277110,0.15,0.12401351556712198,15015.247190458,True,False
5529,1450.0,777,4277887,0.15,0.10907781704031315,15017.755658208,True,False
5530,1950.0,878,4278765,0.15,0.10106413875791159,15020.652691167,True,False
5531,1560.0,963,4279728,0.15,0.10786596000874686,15023.745666292,True,False
5532,1850.0,1151,4280879,0.15,0.11801219440814925,15027.470905625,True,False
5533,1210.0,742,4281621,0.15,0.08496271515445362,15029.830722083,True,False
5534,790.0,651,4282272,0.15,0.09503992200126311,15031.936632625,True,False
5535,1350.0,822,4283094,0.15,0.09331315397852805,15034.59741775,True,False
5536,2230.0,892,4283986,0.15,0.10334699881584655,15037.455079792,True,False
5537,1540.0,827,4284813,0.15,0.10887423670594243,15040.218284,True,False
5538,1260.0,719,4285532,0.15,0.0905880897357646,15042.580680708,True,False
5539,1940.0,820,4286352,0.15,0.0911571875123716,15045.20517125,True,False
5540,2350.0,1079,4287431,0.15,0.13138862713811345,15048.693587542,True,False
5541,1690.0,889,4288320,0.15,0.1337710446991327,15051.520823458,True,False
5542,1350.0,1006,4289326,0.15,0.09528431170935413,15054.849637083,True,False
5543,1080.0,661,4289987,0.15,0.09058220016233849,15056.98713475,True,False
5544,1960.0,928,4290915,0.15,0.09702277755974953,15059.961113958,True,False
5545,1240.0,804,4291719,0.15,0.1042000487613589,15062.556846208001,True,False
5546,2190.0,1036,4292755,0.15,0.11349532190839756,15065.854007542,True,False
5547,2110.0,967,4293722,0.15,0.12262441130154882,15069.010451917,True,False
5548,1460.0,808,4294530,0.15,0.12743485201666555,15071.578043042,True,False
5549,2900.0,1140,4295670,0.15,0.10730595430522634,15075.432070208,True,False
5550,2790.0,976,4296646,0.15,0.11342708170261295,15078.570845125,True,False
5551,1780.0,895,4297541,0.15,0.10383323681474264,15082.64196225,True,False
5552,1310.0,913,4298454,0.15,0.11557537031343632,15085.641456875,True,False
5553,2130.0,1068,4299522,0.15,0.10329040558485503,15089.073242417,True,False
5554,3170.0,950,4300472,0.15,0.12040708718054435,15092.129216417,True,False
5555,870.0,625,4301097,0.15,0.12682130265360078,15094.177263917,True,False
5556,2510.0,896,4301993,0.15,0.10043918737626102,15097.10931225,True,False
5557,1650.0,801,4302794,0.15,0.11019668948836625,15099.691172792,True,False
5558,3570.0,1059,4303853,0.15,0.08693062696816786,15103.282840458,True,False
5559,1900.0,936,4304789,0.15,0.10514162615355518,15106.266940375,True,False
5560,2440.0,906,4305695,0.15,0.09647128201065074,15109.217006292,True,False
5561,780.0,725,4306420,0.15,0.10629701467005762,15111.558470083,True,False
5562,2730.0,1008,4307428,0.15,0.09654962710873594,15114.848538667,True,False
5563,2570.0,777,4308205,0.15,0.10402737652940541,15117.373095958,True,False
5564,1870.0,706,4308911,0.15,0.09295765113678169,15119.850644917,True,False
5565,330.0,461,4309372,0.15,0.133520707375659,15121.376855458,True,False
5566,830.0,675,4310047,0.15,0.10397739273806413,15123.589596458,True,False
5567,1810.0,957,4311004,0.15,0.09946579379029571,15126.72483975,True,False
5568,1860.0,1001,4312005,0.15,0.11936389840394258,15129.958804833,True,False
5569,1540.0,889,4312894,0.15,0.10502377928545077,15132.892844792,True,False
5570,2080.0,1002,4313896,0.15,0.09292647723420208,15136.396451208,True,False
5571,1430.0,740,4314636,0.15,0.08108454370820845,15138.799473542,True,False
5572,1270.0,782,4315418,0.15,0.09920585076205242,15141.423079958,True,False
5573,2530.0,1032,4316450,0.15,0.09974583751673616,15144.796123667,True,False
5574,1650.0,994,4317444,0.15,0.08022447203072798,15147.995464542,True,False
5575,1810.0,1175,4318619,0.15,0.10481317902664072,15151.798375042,True,False
5576,2070.0,944,4319563,0.15,0.11131842027939225,15156.14325575,True,False
5577,1510.0,952,4320515,0.15,0.10835360104077253,15159.230093333,True,False
5578,1680.0,960,4321475,0.15,0.08745812678243965,15162.285766875,True,False
5579,1970.0,947,4322422,0.15,0.10776234490458976,15165.3702605,True,False
5580,2520.0,1000,4323422,0.15,0.10551175651699304,15168.757745667,True,False
5581,2560.0,940,4324362,0.15,0.1109893567780865,15171.795743042,True,False
5582,3220.0,964,4325326,0.15,0.11088297425680388,15174.928786542,True,False
5583,1140.0,916,4326242,0.15,0.11046099075112151,15177.920909875,True,False
5584,2460.0,1072,4327314,0.15,0.10395544668687369,15181.379945833,True,False
5585,2430.0,1109,4328423,0.15,0.09080333460714089,15184.9933735,True,False
5586,990.0,673,4329096,0.15,0.11259865952578522,15187.273734875,True,False
5587,2590.0,1050,4330146,0.15,0.10991391071068649,15190.917033458,True,False
5588,2350.0,987,4331133,0.15,0.10881542841251562,15194.108353292,True,False
5589,1270.0,706,4331839,0.15,0.09277232264337892,15196.3947535,True,False
5590,1270.0,704,4332543,0.15,0.08557730345902118,15198.753352458,True,False
5591,1080.0,587,4333130,0.15,0.0832175084446766,15200.684717458,True,False
5592,3100.0,945,4334075,0.15,0.09403207767912644,15203.689278708,True,False
5593,1250.0,922,4334997,0.15,0.10244930528297827,15206.788083958,True,False
5594,1630.0,911,4335908,0.15,0.10376997252011247,15209.719443625,True,False
5595,2150.0,1157,4337065,0.15,0.09070073604055238,15213.443150958,True,False
5596,2460.0,1065,4338130,0.15,0.08981511337836658,15216.939915292,True,False
5597,1020.0,758,4338888,0.15,0.07886639195249269,15219.374659208,True,False
5598,2610.0,1099,4339987,0.15,0.10248330915958559,15222.927723958,True,False
5599,2370.0,972,4340959,0.15,0.10646443330364708,15226.035101542,True,False
5600,1230.0,1130,4342089,0.15,0.08757985473442625,15229.696992042,True,False
5601,930.0,688,4342777,0.15,0.10281616744996849,15233.023943167,True,False
5602,1370.0,841,4343618,0.15,0.07875928849070554,15235.794905917,True,False
5603,1550.0,709,4344327,0.15,0.12303335822613562,15238.099725333,True,False
5604,990.0,585,4344912,0.15,0.08985422678342482,15240.125146542001,True,False
5605,1430.0,734,4345646,0.15,0.09845498526886187,15242.509858542,True,False
5606,2270.0,874,4346520,0.15,0.10156022957164675,15245.428650667,True,False
5607,2250.0,994,4347514,0.15,0.10306875415957503,15248.687063375,True,False
5608,1870.0,985,4348499,0.15,0.08874827780102085,15251.839428333,True,False
5609,2840.0,897,4349396,0.15,0.09853180845578512,15254.804096042,True,False
5610,830.0,685,4350081,0.15,0.08940457987833267,15257.016936125001,True,False
5611,3290.0,1021,4351102,0.15,0.09905546783086132,15260.307265833,True,False
5612,1810.0,1143,4352245,0.15,0.10835942443642584,15264.017066208,True,False
5613,1830.0,800,4353045,0.15,0.10987437998410314,15266.656118667,True,False
5614,1740.0,639,4353684,0.15,0.09243734276387841,15268.718234625,True,False
5615,2040.0,1213,4354897,0.15,0.1044347903571359,15272.663457667,True,False
5616,3470.0,1050,4355947,0.15,0.10513602323005446,15276.089477042,True,False
5617,2840.0,968,4356915,0.15,0.09501136309074715,15279.236890292,True,False
5618,410.0,528,4357443,0.15,0.11319980510708058,15281.013569125,True,False
5619,1370.0,940,4358383,0.15,0.10414973311918847,15284.007490375001,True,False
5620,1100.0,938,4359321,0.15,0.10362544082739251,15287.053640292,True,False
5621,1800.0,781,4360102,0.15,0.0852002879556937,15289.547319875,True,False
5622,2200.0,970,4361072,0.15,0.11688248847645742,15292.680250958,True,False
5623,2110.0,1118,4362190,0.15,0.09034292952668282,15296.3155525,True,False
5624,2130.0,1044,4363234,0.15,0.10278305238633777,15299.781184042,True,False
5625,2430.0,898,4364132,0.15,0.11240465498632855,15302.689951167,True,False
5626,2620.0,1003,4365135,0.15,0.10761845486611128,15306.65632925,True,False
5627,1670.0,626,4365761,0.15,0.10217827273781892,15308.803266875,True,False
5628,600.0,485,4366246,0.15,0.09767156543810505,15310.349997375,True,False
5629,2030.0,971,4367217,0.15,0.09025237716949035,15313.516142958,True,False
5630,1760.0,933,4368150,0.15,0.10022109977165516,15316.518766375,True,False
5631,3690.0,1291,4369441,0.15,0.11057612012160636,15320.634427542,True,False
5632,680.0,532,4369973,0.15,0.13429089984331363,15322.328315208,True,False
5633,1520.0,957,4370930,0.15,0.11240427058860347,15325.450221917,True,False
5634,2530.0,743,4371673,0.15,0.09960391490610056,15327.858458333,True,False
5635,1460.0,839,4372512,0.15,0.12187065711865823,15330.614126375,True,False
5636,650.0,588,4373100,0.15,0.10831445231273466,15332.485894083,True,False
5637,1780.0,584,4373684,0.15,0.10128692846923862,15334.4006885,True,False
5638,2320.0,1247,4374931,0.15,0.1244389208908106,15338.392265375,True,False
5639,2370.0,910,4375841,0.15,0.1201798119418846,15341.414527083,True,False
5640,2010.0,849,4376690,0.15,0.1317136750890399,15344.117924708,True,False
5641,1730.0,887,4377577,0.15,0.10360338204951437,15346.976808875,True,False
5642,1350.0,887,4378464,0.15,0.1014957232400775,15349.857126625,True,False
5643,960.0,683,4379147,0.15,0.09429697349448414,15352.076377833,True,False
5644,2420.0,1012,4380159,0.15,0.10383466102565701,15355.359621792,True,False
5645,1920.0,1321,4381480,0.15,0.09971193085759428,15359.850906375,True,False
5646,1720.0,818,4382298,0.15,0.1004886437737036,15362.592599083,True,False
5647,1800.0,1174,4383472,0.15,0.11291393650961774,15366.36122875,True,False
5648,2490.0,1152,4384624,0.15,0.12372764915926382,15370.154370875,True,False
5649,1780.0,1103,4385727,0.15,0.1011475778777491,15373.85729525,True,False
5650,2350.0,1188,4386915,0.15,0.0975629475519613,15377.948957875,True,False
5651,5010.0,1270,4388185,0.15,0.09482906275551836,15383.880432083,True,False
5652,2100.0,1025,4389210,0.15,0.09720412888054852,15387.184700958,True,False
5653,2300.0,1091,4390301,0.15,0.10631298125063107,15391.497050917,True,False
5654,2290.0,1053,4391354,0.15,0.10509404491194074,15394.868577625,True,False
5655,2450.0,1026,4392380,0.15,0.08853369117768822,15398.264577583,True,False
5656,3480.0,1133,4393513,0.15,0.10284918757293755,15401.995856333,True,False
5657,1920.0,899,4394412,0.15,0.0820999624662929,15405.072470792,True,False
5658,1580.0,1016,4395428,0.15,0.10267740314254375,15408.281613375,True,False
5659,3050.0,1192,4396620,0.15,0.11739895196519042,15412.243904208,True,False
5660,2270.0,1218,4397838,0.15,0.10023413316383467,15416.207957917,True,False
5661,2760.0,914,4398752,0.15,0.10785579501639027,15419.218782792,True,False
5662,1390.0,761,4399513,0.15,0.1025422753864213,15421.641974792,True,False
5663,1680.0,863,4400376,0.15,0.10277261235751212,15424.544241792,True,False
5664,3060.0,1416,4401792,0.15,0.09960513205746305,15429.182412583,True,False
5665,1970.0,818,4402610,0.15,0.09038560460412912,15431.819184083,True,False
5666,2230.0,1006,4403616,0.15,0.09447605168032977,15435.1143865,True,False
5667,1870.0,943,4404559,0.15,0.10266834108277838,15438.130362458,True,False
5668,2570.0,915,4405474,0.15,0.09641921924484088,15441.094875542,True,False
5669,1790.0,1013,4406487,0.15,0.0847722618940025,15444.301343083,True,False
5670,1800.0,967,4407454,0.15,0.07926462689214502,15447.409583083,True,False
5671,1960.0,932,4408386,0.15,0.08810737756252801,15450.382273167,True,False
5672,2040.0,922,4409308,0.15,0.08484469159824766,15454.124028583,True,False
5673,2590.0,1108,4410416,0.15,0.07910337547909482,15457.697832458,True,False
5674,2510.0,1240,4411656,0.15,0.08942216539815549,15461.636271833,True,False
5675,2480.0,928,4412584,0.15,0.09916000443928201,15464.653813417,True,False
5676,3180.0,1045,4413629,0.15,0.09073310097772272,15468.754026125,True,False
5677,960.0,651,4414280,0.15,0.09196732004681614,15470.863349875,True,False
5678,1890.0,914,4415194,0.15,0.09357317446387912,15473.734697875,True,False
5679,1000.0,736,4415930,0.15,0.10695383362674518,15476.1024525,True,False
5680,2370.0,1152,4417082,0.15,0.08719722946665974,15480.155080167,True,False
5681,920.0,608,4417690,0.15,0.06907134613414344,15482.1616105,True,False
5682,1030.0,647,4418337,0.15,0.1056117282398505,15484.291170333001,True,False
5683,2420.0,862,4419199,0.15,0.09621260980534,15487.123745625,True,False
5684,940.0,932,4420131,0.15,0.09715469663586995,15490.166533708,True,False
5685,2240.0,887,4421018,0.15,0.10425482684461114,15493.031769958001,True,False
5686,1400.0,855,4421873,0.15,0.09537772338175884,15495.789315125001,True,False
5687,2130.0,994,4422867,0.15,0.09410756218036817,15499.015062958,True,False
5688,1330.0,746,4423613,0.15,0.10274397453323086,15501.418174625,True,False
5689,2130.0,968,4424581,0.15,0.11229263341115896,15504.54928725,True,False
5690,1370.0,1069,4425650,0.15,0.09667358983461553,15507.981799125,True,False
5691,1660.0,866,4426516,0.15,0.10389486434204238,15510.794114875,True,False
5692,1180.0,863,4427379,0.15,0.08644221299436203,15514.1211435,True,False
5693,2670.0,1154,4428533,0.15,0.09149956753458119,15517.823317417,True,False
5694,1410.0,833,4429366,0.15,0.11794455871523286,15520.523978208,True,False
5695,2710.0,833,4430199,0.15,0.09067850772183962,15523.205425875,True,False
5696,2460.0,1006,4431205,0.15,0.1145592744033488,15526.406565,True,False
5697,2140.0,1007,4432212,0.15,0.11757560549229974,15529.64906525,True,False
5698,1880.0,923,4433135,0.15,0.0807414697483182,15532.59015325,True,False
5699,1850.0,1022,4434157,0.15,0.07640322512452258,15535.880631917,True,False
5700,2310.0,1043,4435200,0.15,0.09558310922791903,15539.342056458001,True,False
5701,2620.0,1450,4436650,0.15,0.09439310689523651,15545.100427458001,True,False
5702,2050.0,929,4437579,0.15,0.08797570871959987,15548.052522333,True,False
5703,2050.0,1106,4438685,0.15,0.09727962514459548,15551.776213000001,True,False
5704,860.0,696,4439381,0.15,0.11584634794157812,15554.051680667,True,False
5705,2310.0,1087,4440468,0.15,0.08631321456392899,15557.563335208,True,False
5706,1490.0,827,4441295,0.15,0.11058859262181428,15560.246452792,True,False
5707,2230.0,872,4442167,0.15,0.09530580191608143,15563.101722583,True,False
5708,3440.0,865,4443032,0.15,0.11291331823589065,15565.859951583001,True,False
5709,1980.0,1069,4444101,0.15,0.09804467292509499,15569.330218625,True,False
5710,1920.0,966,4445067,0.15,0.08774506247358946,15572.510469083,True,False
5711,1860.0,910,4445977,0.15,0.09739622744127062,15575.693853083,True,False
5712,1470.0,770,4446747,0.15,0.07888790732249618,15578.146858625,True,False
5713,1640.0,1070,4447817,0.15,0.11632259921240273,15581.659369125,True,False
5714,2260.0,1068,4448885,0.15,0.1068485209697418,15585.090792417,True,False
5715,3410.0,1411,4450296,0.15,0.10535705483732244,15589.607992125,True,False
5716,2070.0,907,4451203,0.15,0.09863731162045646,15592.527881958,True,False
5717,490.0,409,4451612,0.15,0.10029185773099511,15593.852905375,True,False
5718,2240.0,1039,4452651,0.15,0.1117292862730712,15597.44367775,True,False
5719,840.0,774,4453425,0.15,0.10276499208658166,15599.985987458,True,False
5720,1080.0,715,4454140,0.15,0.10654524285034095,15602.423856833,True,False
5721,2690.0,782,4454922,0.15,0.11461499653374538,15604.990745917,True,False
5722,2780.0,923,4455845,0.15,0.10557890242344631,15608.099221167,True,False
5723,1090.0,1040,4456885,0.15,0.10425404638696749,15611.535998833,True,False
5724,2470.0,969,4457854,0.15,0.12549777883913152,15615.018710542,True,False
5725,2480.0,861,4458715,0.15,0.10885460407927978,15617.803195041999,True,False
5726,1780.0,882,4459597,0.15,0.08386721747729303,15622.05264,True,False
5727,1780.0,1092,4460689,0.15,0.11076125449367932,15625.684658791999,True,False
5728,2240.0,809,4461498,0.15,0.11550523041941152,15628.328590708,True,False
5729,1830.0,935,4462433,0.15,0.09082745021989203,15631.463970792001,True,False
5730,1970.0,1303,4463736,0.15,0.08730441751815607,15635.853334875,True,False
5731,2000.0,841,4464577,0.15,0.09397655815063488,15638.634364625,True,False
5732,1710.0,800,4465377,0.15,0.09771486470475793,15641.224161291999,True,False
5733,1740.0,1127,4466504,0.15,0.10286839085082847,15645.281114958,True,False
5734,2610.0,1050,4467554,0.15,0.09759955052712946,15648.687246750002,True,False
5735,2220.0,1032,4468586,0.15,0.1328356948919421,15652.062359083002,True,False
5736,1240.0,760,4469346,0.15,0.09992194283557565,15654.538604374999,True,False
5737,2330.0,936,4470282,0.15,0.08376020962436102,15657.595313417,True,False
5738,2080.0,872,4471154,0.15,0.09346092497895754,15660.404447333001,True,False
5739,1230.0,838,4471992,0.15,0.09089083576220132,15663.211628457999,True,False
5740,2420.0,918,4472910,0.15,0.08656497852771043,15666.227654417,True,False
5741,1750.0,826,4473736,0.15,0.09308912624843454,15668.944885375002,True,False
5742,2420.0,975,4474711,0.15,0.0898763367545948,15672.179161167,True,False
5743,1630.0,995,4475706,0.15,0.11084990216845489,15675.863459292,True,False
5744,1850.0,951,4476657,0.15,0.08168624169310602,15679.109295792,True,False
5745,1800.0,928,4477585,0.15,0.07571472692431817,15682.120211208001,True,False
5746,2000.0,1022,4478607,0.15,0.09070195977156069,15685.508855333,True,False
5747,2040.0,960,4479567,0.15,0.09358952703575293,15688.860832249999,True,False
5748,1940.0,1001,4480568,0.15,0.07073598870065108,15692.373802625001,True,False
5749,1740.0,981,4481549,0.15,0.0744507133086421,15695.715950583,True,False
5750,660.0,693,4482242,0.15,0.07309861185104516,15697.954913583,True,False
5751,2060.0,944,4483186,0.15,0.10615095815037266,15702.27447175,True,False
5752,540.0,548,4483734,0.15,0.08262831912151654,15704.09477025,True,False
5753,2320.0,986,4484720,0.15,0.087914971265233,15707.308357458,True,False
5754,930.0,700,4485420,0.15,0.1132338046548622,15709.745410042002,True,False
5755,1680.0,946,4486366,0.15,0.08693461359273326,15712.848034458,True,False
5756,1650.0,990,4487356,0.15,0.08659101543467372,15716.305879833,True,False
5757,2070.0,868,4488224,0.15,0.09233591598265457,15719.2748075,True,False
5758,2040.0,829,4489053,0.15,0.09137013697195888,15722.122875792002,True,False
5759,2890.0,910,4489963,0.15,0.11051052218787208,15725.177749707998,True,False
5760,2270.0,1135,4491098,0.15,0.09708179856165194,15728.948113625001,True,False
5761,2520.0,1056,4492154,0.15,0.08824555456610114,15732.394410708,True,False
5762,1920.0,1277,4493431,0.15,0.08563044055899295,15736.584513750002,True,False
5763,540.0,505,4493936,0.15,0.12116172455075219,15738.223557042,True,False
5764,2750.0,918,4494854,0.15,0.09266127191288763,15741.247324124999,True,False
5765,250.0,342,4495196,0.15,0.12106677809686855,15742.366187083002,True,False
5766,1900.0,1009,4496205,0.15,0.08177502104450786,15745.757536208,True,False
5767,1740.0,973,4497178,0.15,0.10273929051441666,15748.964518916999,True,False
5768,2250.0,944,4498122,0.15,0.08885121469433277,15751.987181875002,True,False
5769,1640.0,911,4499033,0.15,0.08048243250436428,15754.965871499999,True,False
5770,2310.0,1094,4500127,0.15,0.09957328178466131,15758.464989375001,True,False
5771,2120.0,888,4501015,0.15,0.11197395351723777,15761.363118083,True,False
5772,2080.0,1046,4502061,0.15,0.09629663785933766,15764.787239042,True,False
5773,2030.0,738,4502799,0.15,0.07937009329907596,15767.17391625,True,False
5774,2180.0,1013,4503812,0.15,0.09743070663282956,15770.427232542,True,False
5775,1830.0,1096,4504908,0.15,0.0750149227882715,15774.078762708,True,False
5776,3450.0,1294,4506202,0.15,0.10984784673795611,15779.511283833,True,False
5777,1460.0,789,4506991,0.15,0.06989828090131434,15782.018329875,True,False
5778,1460.0,959,4507950,0.15,0.0878666856791824,15785.170712792,True,False
5779,890.0,592,4508542,0.15,0.11304595182977013,15787.134849083,True,False
5780,2040.0,1016,4509558,0.15,0.09743317991025804,15790.442780832998,True,False
5781,2050.0,975,4510533,0.15,0.14000073418815118,15793.657548207999,True,False
5782,1400.0,846,4511379,0.15,0.10701591047453937,15796.424948500002,True,False
5783,1940.0,773,4512152,0.15,0.08817170262720782,15799.000448833,True,False
5784,1390.0,825,4512977,0.15,0.09829815061202327,15801.691656125002,True,False
5785,1570.0,872,4513849,0.15,0.09081333481766489,15804.563858583,True,False
5786,2760.0,882,4514731,0.15,0.10051397758282044,15807.565124583,True,False
5787,2420.0,883,4515614,0.15,0.10581966269575903,15810.445813,True,False
5788,1480.0,838,4516452,0.15,0.10632758696696588,15813.171830292,True,False
5789,2300.0,1090,4517542,0.15,0.10413931137608255,15816.718876500001,True,False
5790,2320.0,1028,4518570,0.15,0.10558717509420001,15819.989977708,True,False
5791,1740.0,946,4519516,0.15,0.1095540890045747,15823.177431667,True,False
5792,700.0,620,4520136,0.15,0.11054504480092756,15825.346179167,True,False
5793,600.0,579,4520715,0.15,0.11082086492226356,15827.281824250002,True,False
5794,1410.0,968,4521683,0.15,0.09446633177663176,15830.481613999998,True,False
5795,2780.0,979,4522662,0.15,0.0871904224081307,15833.805517667,True,False
5796,1690.0,862,4523524,0.15,0.11054995417146495,15836.678466042,True,False
5797,2300.0,945,4524469,0.15,0.10673824033968277,15840.105794000001,True,False
5798,1530.0,762,4525231,0.15,0.11320000057549853,15843.102585333001,True,False
5799,880.0,698,4525929,0.15,0.11300470968442304,15845.415313292002,True,False
5800,1400.0,792,4526721,0.15,0.09266756887011456,15848.098174833,True,False
5801,1700.0,1017,4527738,0.15,0.0983472709016009,15852.701808083,True,False
5802,1160.0,1167,4528905,0.15,0.10092111217011124,15856.588269000002,True,False
5803,1780.0,842,4529747,0.15,0.09239579974008458,15859.286766833002,True,False
5804,1600.0,692,4530439,0.15,0.0960719512420238,15861.653530083002,True,False
5805,1080.0,681,4531120,0.15,0.09997176444321348,15863.862467207999,True,False
5806,2200.0,899,4532019,0.15,0.1069597992297661,15866.820318083,True,False
5807,2200.0,1034,4533053,0.15,0.0903730454700046,15870.126437875,True,False
5808,2230.0,820,4533873,0.15,0.11629913993543241,15872.946960042,True,False
5809,5590.0,998,4534871,0.15,0.08417165295471508,15876.173044458,True,False
5810,520.0,614,4535485,0.15,0.1177205875419177,15878.395727624998,True,False
5811,1980.0,805,4536290,0.15,0.11457283028508004,15881.000655999998,True,False
5812,2450.0,1057,4537347,0.15,0.10561521404959036,15884.434740499999,True,False
5813,2170.0,906,4538253,0.15,0.11344384812310929,15887.489690707998,True,False
5814,2010.0,782,4539035,0.15,0.09806235161347267,15890.047300083,True,False
5815,460.0,508,4539543,0.15,0.1027392269236835,15891.758410958,True,False
5816,1750.0,878,4540421,0.15,0.11145256910981102,15894.693994,True,False
5817,1930.0,783,4541204,0.15,0.10141544559096195,15897.261553292,True,False
5818,2400.0,985,4542189,0.15,0.11543345899601293,15900.583392667,True,False
5819,810.0,613,4542802,0.15,0.1047901050644178,15902.627683625002,True,False
5820,1430.0,802,4543604,0.15,0.12487758098364767,15905.247031917,True,False
5821,2080.0,797,4544401,0.15,0.11165767997952562,15907.901177917001,True,False
5822,1720.0,1016,4545417,0.15,0.12320330512423919,15911.624977582998,True,False
5823,2110.0,1120,4546537,0.15,0.09125039865196283,15915.672103083,True,False
5824,3190.0,874,4547411,0.15,0.1005392832801156,15918.651644458,True,False
5825,2510.0,795,4548206,0.15,0.10848256382136488,15921.250975833,True,False
5826,2040.0,865,4549071,0.15,0.10179390614265921,15925.427736750002,True,False
5827,1590.0,773,4549844,0.15,0.1088212446127202,15927.984877875,True,False
5828,1580.0,775,4550619,0.15,0.12250195721579339,15930.468925083,True,False
5829,1540.0,911,4551530,0.15,0.10087740296301873,15933.464696042001,True,False
5830,1600.0,939,4552469,0.15,0.11150180668114347,15936.622002417002,True,False
5831,1620.0,1125,4553594,0.15,0.12699630332852174,15940.235739041998,True,False
5832,2580.0,943,4554537,0.15,0.13096314485547905,15943.348318583,True,False
5833,2080.0,1010,4555547,0.15,0.13021069021511172,15946.631020583,True,False
5834,2120.0,826,4556373,0.15,0.11382741925581066,15949.261667625002,True,False
5835,1510.0,1108,4557481,0.15,0.09769032814200389,15952.837607583,True,False
5836,1780.0,684,4558165,0.15,0.0976323111647228,15955.065133917002,True,False
5837,1620.0,737,4558902,0.15,0.10436047340297828,15957.445929250001,True,False
5838,2360.0,854,4559756,0.15,0.09247408453026944,15960.232686042002,True,False
5839,2360.0,924,4560680,0.15,0.0914186273592633,15963.400892042,True,False
5840,2420.0,1089,4561769,0.15,0.09611185679472435,15967.041398583,True,False
5841,830.0,470,4562239,0.15,0.12077665467483875,15968.631758582998,True,False
5842,2240.0,873,4563112,0.15,0.09075965272203156,15971.475400792,True,False
5843,1830.0,793,4563905,0.15,0.09013309608204197,15974.724582207999,True,False
5844,2290.0,1032,4564937,0.15,0.10473491958985033,15978.059457207999,True,False
5845,1910.0,1150,4566087,0.15,0.10216612044319459,15981.798952833002,True,False
5846,3360.0,930,4567017,0.15,0.12710752714697127,15984.895722250001,True,False
5847,1090.0,683,4567700,0.15,0.13238946757992806,15987.117874792,True,False
5848,2910.0,833,4568533,0.15,0.11661058417610967,15989.780799208,True,False
5849,2540.0,986,4569519,0.15,0.12802523111818526,15992.990924832999,True,False
5850,1560.0,725,4570244,0.15,0.09181622847669073,15995.390567208002,True,False
5851,2780.0,982,4571226,0.15,0.13428065684072826,15999.984047708002,True,False
5852,1720.0,1104,4572330,0.15,0.12541214219780397,16003.5796155,True,False
5853,1970.0,1031,4573361,0.15,0.08646715334219526,16006.981999083002,True,False
5854,2980.0,987,4574348,0.15,0.11795424414338612,16010.137430958,True,False
5855,1650.0,1115,4575463,0.15,0.13017532047849123,16013.763348875002,True,False
5856,2390.0,1389,4576852,0.15,0.08033491060908499,16018.339922833,True,False
5857,1700.0,901,4577753,0.15,0.10269194373653995,16021.280166625,True,False
5858,2770.0,1031,4578784,0.15,0.10951603559935971,16024.67136775,True,False
5859,1900.0,1120,4579904,0.15,0.08240369545029742,16028.278104792002,True,False
5860,1680.0,1228,4581132,0.15,0.11716645842581891,16032.278232208,True,False
5861,2540.0,870,4582002,0.15,0.07433679188314121,16035.513062667002,True,False
5862,1710.0,1127,4583129,0.15,0.11271724342005261,16039.234813083001,True,False
5863,2940.0,1030,4584159,0.15,0.0902296862300442,16042.579641917002,True,False
5864,2360.0,958,4585117,0.15,0.0844284600772274,16045.7414835,True,False
5865,1190.0,672,4585789,0.15,0.0739461978498314,16047.945063542002,True,False
5866,3230.0,765,4586554,0.15,0.08373771913115578,16050.484406708,True,False
5867,1560.0,920,4587474,0.15,0.11166326834455781,16053.45959275,True,False
5868,1690.0,898,4588372,0.15,0.08506941349142128,16056.413767417,True,False
5869,1280.0,834,4589206,0.15,0.09217632458939289,16059.157030625001,True,False
5870,1630.0,916,4590122,0.15,0.08339627508854892,16062.214967582999,True,False
5871,1000.0,777,4590899,0.15,0.09392857432999101,16064.804995333,True,False
5872,610.0,560,4591459,0.15,0.09563605821292315,16066.641216667,True,False
5873,1680.0,822,4592281,0.15,0.0832278288141327,16069.31719875,True,False
5874,2080.0,1068,4593349,0.15,0.09226122640826728,16072.817239458001,True,False
5875,740.0,625,4593974,0.15,0.09120961739562261,16074.843370917,True,False
5876,2900.0,931,4594905,0.15,0.07945939853723469,16079.084155292001,True,False
5877,1800.0,900,4595805,0.15,0.11104692297263277,16082.098241375,True,False
5878,2040.0,989,4596794,0.15,0.08650615611509514,16085.435926042,True,False
5879,900.0,665,4597459,0.15,0.1014337933745729,16087.60443225,True,False
5880,1200.0,818,4598277,0.15,0.10519291747634003,16090.307256667,True,False
5881,1310.0,731,4599008,0.15,0.10020515593430383,16092.751463375002,True,False
5882,3060.0,1190,4600198,0.15,0.08539901448645776,16096.622459291999,True,False
5883,1670.0,1259,4601457,0.15,0.10101699506834386,16100.694716917,True,False
5884,2810.0,1181,4602638,0.15,0.07847611366818517,16104.55046625,True,False
5885,2010.0,904,4603542,0.15,0.06328117614199893,16107.459381416998,True,False
5886,1660.0,772,4604314,0.15,0.07243317407628261,16109.977660625,True,False
5887,2880.0,1059,4605373,0.15,0.10950951512973263,16113.434656250001,True,False
5888,2600.0,1201,4606574,0.15,0.0884617324732244,16117.326729916998,True,False
5889,2460.0,1003,4607577,0.15,0.08061532535222897,16120.589193833,True,False
5890,1850.0,916,4608493,0.15,0.0872598302725491,16123.567397,True,False
5891,1480.0,962,4609455,0.15,0.07499577263370157,16126.852674791999,True,False
5892,1750.0,1068,4610523,0.15,0.07920616833067565,16130.26365625,True,False
5893,940.0,644,4611167,0.15,0.08431528701869227,16132.39164475,True,False
5894,820.0,694,4611861,0.15,0.08371498866070962,16134.773572167001,True,False
5895,1200.0,1028,4612889,0.15,0.08690872729723324,16138.062684457998,True,False
5896,680.0,694,4613583,0.15,0.09588939278801052,16140.324916750002,True,False
5897,2730.0,1090,4614673,0.15,0.08067305293275323,16143.887247,True,False
5898,2270.0,830,4615503,0.15,0.09492982608144698,16146.752277917001,True,False
5899,2400.0,1116,4616619,0.15,0.07604801031597305,16150.445629250002,True,False
5900,2300.0,1049,4617668,0.15,0.09044014799192604,16153.907189250001,True,False
5901,1900.0,811,4618479,0.15,0.07576773221613747,16157.492907458001,True,False
5902,3170.0,977,4619456,0.15,0.08095229962194453,16160.764248667,True,False
5903,1750.0,1072,4620528,0.15,0.10118480202908725,16164.230411457998,True,False
5904,1460.0,893,4621421,0.15,0.08974267095912064,16167.201369291999,True,False
5905,3430.0,1261,4622682,0.15,0.10021738793760065,16171.292586958001,True,False
5906,1200.0,660,4623342,0.15,0.08359633922351128,16173.442608625,True,False
5907,1550.0,869,4624211,0.15,0.08666021234360159,16176.3054425,True,False
5908,2240.0,1187,4625398,0.15,0.08972686228125987,16180.179802125002,True,False
5909,1830.0,749,4626147,0.15,0.0792515053349064,16182.611327583001,True,False
5910,1540.0,1378,4627525,0.15,0.10502010255620099,16187.042912957999,True,False
5911,1700.0,900,4628425,0.15,0.10784217182132932,16189.902186583002,True,False
5912,1450.0,864,4629289,0.15,0.0718408852763888,16192.849411292,True,False
5913,900.0,642,4629931,0.15,0.11822606275090948,16194.97939025,True,False
5914,1530.0,850,4630781,0.15,0.09678500966811684,16197.793709125,True,False
5915,2250.0,950,4631731,0.15,0.08886969389731873,16201.066681875001,True,False
5916,1660.0,1145,4632876,0.15,0.10241296902000385,16204.929648083,True,False
5917,1540.0,984,4633860,0.15,0.09872559225565292,16208.241835667,True,False
5918,2070.0,942,4634802,0.15,0.10444516011692108,16211.326064208,True,False
5919,1920.0,754,4635556,0.15,0.08858572419180914,16213.826643499999,True,False
5920,1400.0,680,4636236,0.15,0.07482267197440652,16216.063728374998,True,False
5921,2860.0,1049,4637285,0.15,0.08492794152320797,16219.520844,True,False
5922,3430.0,1025,4638310,0.15,0.08755258385644993,16223.116397708001,True,False
5923,1070.0,702,4639012,0.15,0.09893344104586338,16225.393529916999,True,False
5924,1790.0,1102,4640114,0.15,0.09048078917644241,16229.010448292001,True,False
5925,1640.0,887,4641001,0.15,0.0992791511974222,16231.963691333001,True,False
5926,1650.0,1059,4642060,0.15,0.08952861935392303,16236.686355125,True,False
5927,3400.0,939,4642999,0.15,0.11549545344538413,16239.700120333002,True,False
5928,1540.0,1133,4644132,0.15,0.09825331226489703,16243.427054082998,True,False
5929,2370.0,1088,4645220,0.15,0.10352544352987453,16246.985590125,True,False
5930,2150.0,1191,4646411,0.15,0.07495936361903494,16250.87411975,True,False
5931,2380.0,1356,4647767,0.15,0.06918269779895787,16255.340795208,True,False
5932,2130.0,1098,4648865,0.15,0.09873642292212356,16258.951624333002,True,False
5933,2110.0,1103,4649968,0.15,0.08539425108946212,16262.621525833,True,False
5934,2010.0,1076,4651044,0.15,0.07439977957496634,16266.140396625002,True,False
5935,1420.0,977,4652021,0.15,0.07138603302024182,16269.407212832999,True,False
5936,1860.0,805,4652826,0.15,0.08316212814690462,16272.070742041999,True,False
5937,1910.0,1034,4653860,0.15,0.08323344917299089,16275.606038791999,True,False
5938,2370.0,1006,4654866,0.15,0.08154947993037591,16278.925640167,True,False
5939,2340.0,998,4655864,0.15,0.07083942122757435,16282.201185208001,True,False
5940,2500.0,1018,4656882,0.15,0.07999731252321929,16285.505419874999,True,False
5941,1510.0,804,4657686,0.15,0.08553301196415626,16288.106590917001,True,False
5942,1770.0,1051,4658737,0.15,0.08423708959309094,16291.760085042,True,False
5943,2100.0,870,4659607,0.15,0.06463047464631395,16294.58261675,True,False
5944,980.0,708,4660315,0.15,0.09271968965350234,16296.997849708,True,False
5945,3320.0,1363,4661678,0.15,0.0796830883997976,16301.531181458,True,False
5946,1580.0,1035,4662713,0.15,0.10451168863958604,16305.117368583002,True,False
5947,1460.0,797,4663510,0.15,0.0641813978796179,16308.171183583001,True,False
5948,890.0,706,4664216,0.15,0.09964342211178467,16310.533449542001,True,False
5949,3300.0,984,4665200,0.15,0.10384284310815174,16313.858276542001,True,False
5950,2480.0,907,4666107,0.15,0.103999618737571,16316.866938042001,True,False
5951,2020.0,901,4667008,0.15,0.10481649816069191,16321.607572333001,True,False
5952,2560.0,1004,4668012,0.15,0.08761381327482572,16324.983233666999,True,False
5953,2400.0,949,4668961,0.15,0.10312811454231477,16328.206365,True,False
5954,2650.0,954,4669915,0.15,0.10053015025254308,16331.390694,True,False
5955,3430.0,1326,4671241,0.15,0.09483308859550989,16335.914463957999,True,False
5956,1690.0,987,4672228,0.15,0.09403734073525498,16339.129741833001,True,False
5957,1300.0,860,4673088,0.15,0.11613384303311969,16341.944409041998,True,False
5958,2040.0,789,4673877,0.15,0.07020206654415971,16344.565040667001,True,False
5959,1970.0,967,4674844,0.15,0.09118571954448361,16347.790434583001,True,False
5960,1530.0,803,4675647,0.15,0.07904145686887204,16350.384145625,True,False
5961,1550.0,941,4676588,0.15,0.09056214386423639,16353.513146374999,True,False
5962,1490.0,771,4677359,0.15,0.10039026303760086,16355.996287291999,True,False
5963,1760.0,914,4678273,0.15,0.08158673426567467,16359.051760792,True,False
5964,2570.0,1338,4679611,0.15,0.09802113862117072,16363.381546625,True,False
5965,1970.0,941,4680552,0.15,0.0973121999226258,16366.410555707998,True,False
5966,1850.0,780,4681332,0.15,0.10969608903695376,16369.109679374998,True,False
5967,2270.0,1199,4682531,0.15,0.08551577817536517,16373.021281917,True,False
5968,1620.0,981,4683512,0.15,0.0844742535477186,16376.666883958,True,False
5969,1950.0,984,4684496,0.15,0.09809865395167494,16380.535755625,True,False
5970,820.0,639,4685135,0.15,0.09204817031445743,16382.804126417,True,False
5971,2170.0,947,4686082,0.15,0.09375164982418722,16385.880592083,True,False
5972,1870.0,970,4687052,0.15,0.0950056115173018,16389.175349125,True,False
5973,2130.0,838,4687890,0.15,0.10605485486000349,16391.894142374997,True,False
5974,2410.0,944,4688834,0.15,0.09197651957935196,16395.0493895,True,False
5975,2280.0,1263,4690097,0.15,0.07866358350891667,16399.261539207997,True,False
5976,2460.0,1040,4691137,0.15,0.08389833298010321,16403.964799583,True,False
5977,2840.0,954,4692091,0.15,0.108313067722283,16407.075125417,True,False
5978,4000.0,1122,4693213,0.15,0.09548885858488465,16410.98519575,True,False
5979,1950.0,823,4694036,0.15,0.09367022879457879,16413.626350083,True,False
5980,1520.0,1348,4695384,0.15,0.07948685386038498,16418.06917475,True,False
5981,3030.0,776,4696160,0.15,0.08263617112138069,16420.659210791997,True,False
5982,1610.0,950,4697110,0.15,0.10438513159280337,16423.715410833,True,False
5983,2200.0,1127,4698237,0.15,0.08060197420880622,16427.40758,True,False
5984,2010.0,856,4699093,0.15,0.09684288477368444,16430.162006458,True,False
5985,2820.0,928,4700021,0.15,0.12065143545222437,16433.223118625,True,False
5986,850.0,613,4700634,0.15,0.07527477775085596,16435.284525207997,True,False
5987,2400.0,1110,4701744,0.15,0.0929738413207501,16438.9169735,True,False
5988,2040.0,829,4702573,0.15,0.08951479488992749,16441.721884625,True,False
5989,2320.0,1363,4703936,0.15,0.11031558013403696,16446.322158042,True,False
5990,2540.0,894,4704830,0.15,0.0871152196146314,16449.423673457997,True,False
5991,3820.0,834,4705664,0.15,0.11972841419475644,16452.187750457997,True,False
5992,830.0,562,4706226,0.15,0.07915868018088597,16454.039823291998,True,False
5993,2330.0,1036,4707262,0.15,0.11629061638575378,16458.181466042,True,False
5994,2540.0,929,4708191,0.15,0.09804984976955015,16461.208096125,True,False
5995,1020.0,828,4709019,0.15,0.0797827474610961,16464.024252291998,True,False
5996,2200.0,1049,4710068,0.15,0.10695829664927131,16467.487270208,True,False
5997,2090.0,792,4710860,0.15,0.11336622958193825,16470.062505332997,True,False
5998,1640.0,885,4711745,0.15,0.08414486319467224,16472.987941792,True,False
5999,1670.0,881,4712626,0.15,0.09696069325913083,16475.865586707998,True,False
6000,2220.0,1022,4713648,0.15,0.08297814268007642,16479.250560875,True,False
6001,3210.0,1165,4714813,0.15,0.07878318436034151,16483.958575082997,True,False
6002,2130.0,911,4715724,0.15,0.08532343784412533,16486.882555582997,True,False
6003,1850.0,1083,4716807,0.15,0.09750405317517342,16490.361603957997,True,False
6004,1740.0,910,4717717,0.15,0.09912704738477866,16493.312997916997,True,False
6005,1820.0,1020,4718737,0.15,0.07932229700553066,16496.666577707998,True,False
6006,1210.0,595,4719332,0.15,0.0761996850796394,16498.597335167,True,False
6007,1980.0,812,4720144,0.15,0.09166200981782795,16501.218201707998,True,False
6008,2400.0,992,4721136,0.15,0.09158428606291812,16504.415405833,True,False
6009,1940.0,880,4722016,0.15,0.08554712169041688,16507.391596167,True,False
6010,1320.0,1296,4723312,0.15,0.10746408382683624,16511.688896375,True,False
6011,2780.0,1032,4724344,0.15,0.08457647495029509,16515.183961542,True,False
6012,2320.0,895,4725239,0.15,0.09161984501197734,16518.482159207997,True,False
6013,1410.0,772,4726011,0.15,0.08246473909157855,16521.040162333,True,False
6014,1180.0,759,4726770,0.15,0.07491863704237499,16523.584132,True,False
6015,2060.0,1209,4727979,0.15,0.08235508896755857,16527.499206041997,True,False
6016,3060.0,1120,4729099,0.15,0.08822011033605252,16531.117548958,True,False
6017,1410.0,799,4729898,0.15,0.0889547773450613,16533.731676707997,True,False
6018,2270.0,991,4730889,0.15,0.09457420974579309,16536.982911832998,True,False
6019,1890.0,942,4731831,0.15,0.10113807808845601,16540.050664542,True,False
6020,1930.0,1106,4732937,0.15,0.10314685225970908,16543.659604458,True,False
6021,670.0,536,4733473,0.15,0.08296926569805216,16545.52765,True,False
6022,2310.0,1055,4734528,0.15,0.0881643280048262,16548.98061,True,False
6023,1650.0,839,4735367,0.15,0.07004628329132305,16551.688586666998,True,False
6024,2940.0,1069,4736436,0.15,0.07611670909421657,16555.203052582998,True,False
6025,1390.0,1058,4737494,0.15,0.09810494858009572,16558.712350083,True,False
6026,1920.0,827,4738321,0.15,0.07382189529691485,16562.704902583,True,False
6027,1460.0,871,4739192,0.15,0.07720572034050839,16565.684270083,True,False
6028,1540.0,985,4740177,0.15,0.10060886277749044,16569.09191775,True,False
6029,1620.0,1014,4741191,0.15,0.0778706374140125,16572.477124708,True,False
6030,1430.0,796,4741987,0.15,0.08890106348348922,16575.596170375,True,False
6031,1470.0,890,4742877,0.15,0.09678635072180242,16578.735088082998,True,False
6032,2440.0,1063,4743940,0.15,0.07538303327431581,16582.280986916998,True,False
6033,1800.0,1052,4744992,0.15,0.08481933370926648,16585.822106541997,True,False
6034,2340.0,1132,4746124,0.15,0.0945355919133806,16589.555073,True,False
6035,1650.0,904,4747028,0.15,0.11047076855876804,16592.470131667,True,False
6036,1860.0,1026,4748054,0.15,0.10540143917751266,16595.955468,True,False
6037,960.0,756,4748810,0.15,0.07816855819334113,16598.39497775,True,False
6038,1180.0,779,4749589,0.15,0.07579429563230429,16601.052994957998,True,False
6039,2310.0,1247,4750836,0.15,0.08911149133032617,16605.214571124998,True,False
6040,2310.0,935,4751771,0.15,0.09494642402513088,16608.234580999997,True,False
6041,1240.0,720,4752491,0.15,0.09957731464463804,16610.629848333,True,False
6042,2670.0,905,4753396,0.15,0.08912153051353762,16613.626246124997,True,False
6043,2280.0,1057,4754453,0.15,0.08675251768506838,16617.088026832997,True,False
6044,2180.0,972,4755425,0.15,0.0909297100456102,16620.220401249997,True,False
6045,1790.0,1003,4756428,0.15,0.08300228244012808,16623.494702875,True,False
6046,1870.0,1189,4757617,0.15,0.09694237386500494,16627.387610042,True,False
6047,2070.0,1158,4758775,0.15,0.0785602838007224,16631.142619416998,True,False
6048,2110.0,1013,4759788,0.15,0.09651268743286569,16634.494648124997,True,False
6049,1880.0,986,4760774,0.15,0.09021821171348172,16637.644370583,True,False
6050,1820.0,981,4761755,0.15,0.08391344914859047,16640.970320999997,True,False
6051,1710.0,879,4762634,0.15,0.07667166035707024,16644.943557167,True,False
6052,2010.0,1003,4763637,0.15,0.07461026863035453,16648.232150292,True,False
6053,1770.0,1113,4764750,0.15,0.0855859677649016,16652.207051708,True,False
6054,1140.0,776,4765526,0.15,0.10281524606548327,16654.761768916997,True,False
6055,1690.0,837,4766363,0.15,0.08942752146121988,16657.510492667,True,False
6056,1630.0,946,4767309,0.15,0.09957703007267246,16660.6239665,True,False
6057,3000.0,903,4768212,0.15,0.07527270437160556,16663.563931833,True,False
6058,1570.0,904,4769116,0.15,0.07193931260978621,16666.460313083,True,False
6059,2220.0,1072,4770188,0.15,0.09306949060827271,16669.909804625,True,False
6060,1510.0,738,4770926,0.15,0.07338768673514057,16672.442061957998,True,False
6061,1660.0,679,4771605,0.15,0.07962804663488093,16674.680008417,True,False
6062,790.0,615,4772220,0.15,0.12284327442334457,16676.678642,True,False
6063,1740.0,770,4772990,0.15,0.09298106542458602,16679.214977124997,True,False
6064,3260.0,934,4773924,0.15,0.11425844263126197,16682.329395875,True,False
6065,1970.0,952,4774876,0.15,0.0940447233366866,16685.505451625,True,False
6066,910.0,683,4775559,0.15,0.09885972076479127,16687.776354457998,True,False
6067,2190.0,910,4776469,0.15,0.08978762597727932,16690.738871292,True,False
6068,1840.0,1315,4777784,0.15,0.09529369798033162,16695.000173667,True,False
6069,2340.0,970,4778754,0.15,0.10264823244007165,16698.112684124997,True,False
6070,1560.0,757,4779511,0.15,0.0997430266191562,16700.626307,True,False
6071,1470.0,1002,4780513,0.15,0.09839112436272708,16703.946622,True,False
6072,1930.0,933,4781446,0.15,0.09571115404783144,16707.051033166998,True,False
6073,830.0,577,4782023,0.15,0.10017526902568837,16708.9152655,True,False
6074,1950.0,896,4782919,0.15,0.07222836873760181,16711.827742499998,True,False
6075,1560.0,824,4783743,0.15,0.09067344471125059,16714.557957667,True,False
6076,2220.0,954,4784697,0.15,0.09230244352977146,16718.768605333,True,False
6077,1740.0,966,4785663,0.15,0.10977498779683935,16721.917086416997,True,False
6078,970.0,640,4786303,0.15,0.0920833783573471,16723.975562582997,True,False
6079,1380.0,858,4787161,0.15,0.10105704524835875,16726.7982135,True,False
6080,1580.0,968,4788129,0.15,0.108670635333608,16729.884814499997,True,False
6081,500.0,395,4788524,0.15,0.08759951083497568,16731.231720582997,True,False
6082,1510.0,707,4789231,0.15,0.1131794429384172,16733.519822374998,True,False
6083,2390.0,920,4790151,0.15,0.10745495105891124,16736.591922917,True,False
6084,740.0,772,4790923,0.15,0.09624132134715202,16739.101217792,True,False
6085,1950.0,1092,4792015,0.15,0.10325146031876405,16742.707622083,True,False
6086,1680.0,1102,4793117,0.15,0.09641141484936942,16746.245588791997,True,False
6087,1930.0,1044,4794161,0.15,0.11392394820106898,16749.652583291998,True,False
6088,2190.0,985,4795146,0.15,0.09701904650717004,16752.860868958,True,False
6089,1930.0,1041,4796187,0.15,0.10122720413984587,16756.207925374998,True,False
6090,1610.0,793,4796980,0.15,0.10229253184855283,16758.780480708,True,False
6091,2270.0,1019,4797999,0.15,0.10385998663323837,16762.062236042,True,False
6092,1830.0,1073,4799072,0.15,0.1140122720521622,16765.552654624997,True,False
6093,2880.0,994,4800066,0.15,0.0937726523336624,16768.8655845,True,False
6094,2020.0,1324,4801390,0.15,0.09277522999208049,16773.117118957998,True,False
6095,1130.0,963,4802353,0.15,0.09026948857233237,16776.195867083,True,False
6096,2390.0,976,4803329,0.15,0.126856787153138,16779.378959208,True,False
6097,1050.0,536,4803865,0.15,0.10307537943625183,16781.147366708,True,False
6098,1370.0,870,4804735,0.15,0.11579946323817226,16783.946709541997,True,False
6099,2030.0,1046,4805781,0.15,0.11322566366733144,16787.341026332997,True,False
6100,2290.0,1193,4806974,0.15,0.11895506223351163,16791.194495166998,True,False
6101,1550.0,662,4807636,0.15,0.12347896008875715,16794.437897541997,True,False
6102,1780.0,793,4808429,0.15,0.11523757236210083,16797.086975416998,True,False
6103,2330.0,973,4809402,0.15,0.1015379988653547,16800.165974749998,True,False
6104,2230.0,927,4810329,0.15,0.10474570279395015,16803.360686207998,True,False
6105,2060.0,846,4811175,0.15,0.1078916911071087,16806.159039457998,True,False
6106,1380.0,698,4811873,0.15,0.13250096361551966,16808.643171124997,True,False
6107,2010.0,825,4812698,0.15,0.10361361510834648,16811.331097208,True,False
6108,2480.0,1232,4813930,0.15,0.11074856554412028,16815.420483083,True,False
6109,1340.0,978,4814908,0.15,0.1024908755506788,16818.639773249997,True,False
6110,1360.0,932,4815840,0.15,0.10403734722970126,16822.162849124998,True,False
6111,1310.0,802,4816642,0.15,0.09018673970364034,16824.784219292,True,False
6112,1300.0,734,4817376,0.15,0.10934931504459161,16827.340278082997,True,False
6113,1380.0,969,4818345,0.15,0.11937877942215312,16830.642344166998,True,False
6114,1800.0,983,4819328,0.15,0.09810430907863911,16833.913844458,True,False
6115,1420.0,897,4820225,0.15,0.11016146911008816,16836.843660291997,True,False
6116,2290.0,1020,4821245,0.15,0.09344818267021693,16840.946818667,True,False
6117,2750.0,1013,4822258,0.15,0.10210117842015541,16844.569860792,True,False
6118,730.0,477,4822735,0.15,0.09997886491297674,16846.194385291998,True,False
6119,1230.0,783,4823518,0.15,0.0963290969803169,16848.751534083,True,False
6120,2180.0,883,4824401,0.15,0.10152781401588097,16851.67345525,True,False
6121,2160.0,1074,4825475,0.15,0.10621413581573697,16855.183416707998,True,False
6122,2100.0,1070,4826545,0.15,0.11554580960950966,16858.738041916997,True,False
6123,2190.0,1078,4827623,0.15,0.11717776141257534,16862.207668749998,True,False
6124,1890.0,1006,4828629,0.15,0.1271285450470353,16865.554887708,True,False
6125,1590.0,866,4829495,0.15,0.12430019825007077,16868.747393083,True,False
6126,700.0,533,4830028,0.15,0.10930305107760785,16871.660322666998,True,False
6127,880.0,948,4830976,0.15,0.10818513423078674,16874.947767208,True,False
6128,3680.0,1133,4832109,0.15,0.12448721540295404,16878.687195917,True,False
6129,2020.0,1146,4833255,0.15,0.10747266327636643,16882.803048957998,True,False
6130,1860.0,835,4834090,0.15,0.13467090236441942,16885.527672875,True,False
6131,2840.0,1008,4835098,0.15,0.11350848454804648,16889.586718332997,True,False
6132,1670.0,955,4836053,0.15,0.1269325398563341,16892.958191791997,True,False
6133,1410.0,918,4836971,0.15,0.10288645771197877,16896.091365833,True,False
6134,1700.0,977,4837948,0.15,0.12352305178587535,16900.058670667,True,False
6135,1700.0,934,4838882,0.15,0.10960935500686261,16903.308460541997,True,False
6136,1350.0,860,4839742,0.15,0.10847074087969093,16906.196578958,True,False
6137,2020.0,1061,4840803,0.15,0.12262121247092508,16909.732635792,True,False
6138,1160.0,764,4841567,0.15,0.11408518286938754,16912.310409542,True,False
6139,1830.0,1007,4842574,0.15,0.10101455068659215,16915.694985625,True,False
6140,3040.0,1011,4843585,0.15,0.09432353291351334,16919.080333791997,True,False
6141,2030.0,1036,4844621,0.15,0.09683464507079723,16922.766201208,True,False
6142,1830.0,871,4845492,0.15,0.1055939736852952,16925.692206792,True,False
6143,1930.0,1037,4846529,0.15,0.1055633345597269,16929.128446083,True,False
6144,610.0,641,4847170,0.15,0.06777099664323032,16931.297841375,True,False
6145,3410.0,875,4848045,0.15,0.10318738666945669,16934.197561416997,True,False
6146,1010.0,861,4848906,0.15,0.10010805233100126,16937.132988667,True,False
6147,2010.0,846,4849752,0.15,0.10158619976532206,16939.908380625,True,False
6148,2120.0,1266,4851018,0.15,0.08968781693425926,16944.075828582998,True,False
6149,780.0,600,4851618,0.15,0.09946959396203359,16946.073571208,True,False
6150,1690.0,1338,4852956,0.15,0.12537599710274988,16950.524381332998,True,False
6151,1250.0,897,4853853,0.15,0.12630740868293547,16954.697446416998,True,False
6152,1760.0,1179,4855032,0.15,0.11397096908382945,16958.737208958,True,False
6153,2500.0,1009,4856041,0.15,0.09940961256091084,16962.733421874997,True,False
6154,1460.0,942,4856983,0.15,0.09939607507846457,16965.827390458,True,False
6155,2140.0,965,4857948,0.15,0.1115022701449877,16969.059655792,True,False
6156,1620.0,957,4858905,0.15,0.10496678302711399,16972.207595999997,True,False
6157,1310.0,984,4859889,0.15,0.10947785795310407,16975.431206208,True,False
6158,1590.0,889,4860778,0.15,0.07662006981066756,16978.342082166997,True,False
6159,1710.0,896,4861674,0.15,0.10351111138671902,16981.252193999997,True,False
6160,1820.0,920,4862594,0.15,0.11107416153763948,16984.281374457998,True,False
6161,2120.0,1040,4863634,0.15,0.09101031937708075,16987.860481666998,True,False
6162,1480.0,794,4864428,0.15,0.1109435516760577,16990.570252457997,True,False
6163,1940.0,992,4865420,0.15,0.07898107854529254,16993.858950499998,True,False
6164,940.0,760,4866180,0.15,0.09997666436982783,16996.344787708,True,False
6165,1420.0,1196,4867376,0.15,0.10494667956337682,17000.284640791997,True,False
6166,2330.0,1052,4868428,0.15,0.10440162455967623,17003.787102542,True,False
6167,2480.0,884,4869312,0.15,0.11273838922684819,17006.733094791998,True,False
6168,2530.0,929,4870241,0.15,0.11996290536501028,17009.722493957997,True,False
6169,770.0,609,4870850,0.15,0.10957718331758913,17011.715420582997,True,False
6170,3370.0,1197,4872047,0.15,0.09859015887920873,17015.589263457998,True,False
6171,2010.0,862,4872909,0.15,0.10652324214957103,17018.371650708,True,False
6172,1280.0,725,4873634,0.15,0.07625716320594042,17021.198453792,True,False
6173,1930.0,1088,4874722,0.15,0.08994807771352284,17025.029431583,True,False
6174,810.0,620,4875342,0.15,0.08351486030845873,17027.149332416997,True,False
6175,2060.0,968,4876310,0.15,0.11053061846274236,17030.260376917,True,False
6176,810.0,474,4876784,0.15,0.09118556314218446,17033.2138285,True,False
6177,1810.0,865,4877649,0.15,0.09573188341326183,17036.077892041998,True,False
6178,2740.0,921,4878570,0.15,0.09508309843747512,17039.107294125,True,False
6179,2810.0,1134,4879704,0.15,0.10905096143431647,17043.019113416998,True,False
6180,520.0,532,4880236,0.15,0.11218056025305637,17044.793846916997,True,False
6181,2310.0,917,4881153,0.15,0.09843975610575562,17047.869525083,True,False
6182,1900.0,959,4882112,0.15,0.10445436981196204,17050.981907208,True,False
6183,2130.0,1114,4883226,0.15,0.1052117828252933,17054.619278083,True,False
6184,2170.0,881,4884107,0.15,0.09600025335834785,17057.449723542,True,False
6185,1610.0,990,4885097,0.15,0.0899795952944025,17060.713138375,True,False
6186,1670.0,1038,4886135,0.15,0.09006878948666185,17064.05038375,True,False
6187,1370.0,790,4886925,0.15,0.10561520341934279,17066.656009583,True,False
6188,2070.0,862,4887787,0.15,0.09348156346051499,17069.455537167,True,False
6189,2240.0,1036,4888823,0.15,0.10223220288034342,17072.846891374997,True,False
6190,1830.0,887,4889710,0.15,0.10333243732315463,17075.754778083,True,False
6191,1850.0,976,4890686,0.15,0.09222485309802607,17078.924600625,True,False
6192,2660.0,1134,4891820,0.15,0.10070207876376283,17083.181123583,True,False
6193,720.0,541,4892361,0.15,0.08672782032302133,17084.930114083,True,False
6194,920.0,509,4892870,0.15,0.1033560388142199,17086.875402791997,True,False
6195,960.0,776,4893646,0.15,0.11887268676931403,17089.371799082997,True,False
6196,1170.0,666,4894312,0.15,0.10225394863389924,17091.857009083,True,False
6197,2940.0,1317,4895629,0.15,0.09724094816073096,17096.212269458,True,False
6198,3120.0,1054,4896683,0.15,0.08508696758361824,17099.652420874998,True,False
6199,4020.0,1379,4898062,0.15,0.10606987678270409,17104.180145291997,True,False
6200,2770.0,1094,4899156,0.15,0.09635742315274738,17107.816873375,True,False
6201,1560.0,885,4900041,0.15,0.10041784586983299,17111.884501624998,True,False
6202,1300.0,692,4900733,0.15,0.10279865426178268,17114.176946166997,True,False
6203,2320.0,874,4901607,0.15,0.08669346579512872,17117.004013499998,True,False
6204,1780.0,956,4902563,0.15,0.09974533281285144,17120.11189025,True,False
6205,1780.0,774,4903337,0.15,0.10355023503994819,17122.659943166997,True,False
6206,2520.0,1118,4904455,0.15,0.11511504769952814,17126.256305417,True,False
6207,800.0,569,4905024,0.15,0.077396720491506,17128.119312249997,True,False
6208,1340.0,708,4905732,0.15,0.09310483303720836,17130.435793416997,True,False
6209,1980.0,1060,4906792,0.15,0.09660412088950288,17133.861954417,True,False
6210,1730.0,942,4907734,0.15,0.11337367999268338,17136.933721708,True,False
6211,2570.0,1018,4908752,0.15,0.09516058255206136,17140.189098291998,True,False
6212,1680.0,917,4909669,0.15,0.09351929808320177,17143.543329666998,True,False
6213,3100.0,1283,4910952,0.15,0.08833333542367379,17147.688341457997,True,False
6214,570.0,528,4911480,0.15,0.11238106356397497,17149.445541167,True,False
6215,2290.0,1180,4912660,0.15,0.09873560311872576,17153.351736999997,True,False
6216,820.0,708,4913368,0.15,0.11197885028007677,17155.715819541998,True,False
6217,1210.0,863,4914231,0.15,0.12476426286752834,17158.546524416997,True,False
6218,1490.0,838,4915069,0.15,0.12620307294917957,17161.270173041998,True,False
6219,2360.0,878,4915947,0.15,0.09541220881776315,17164.255414666997,True,False
6220,2020.0,896,4916843,0.15,0.10139551945030689,17167.224590499998,True,False
6221,1930.0,810,4917653,0.15,0.10585137656683405,17169.896542332997,True,False
6222,2510.0,918,4918571,0.15,0.10427854665632331,17172.912534917,True,False
6223,990.0,662,4919233,0.15,0.09404104754485819,17175.17301575,True,False
6224,2370.0,922,4920155,0.15,0.095664664382196,17178.19048825,True,False
6225,1900.0,985,4921140,0.15,0.10447388629123629,17181.455559791997,True,False
6226,1710.0,852,4921992,0.15,0.12040705939518734,17185.24503625,True,False
6227,1470.0,851,4922843,0.15,0.08905787939065189,17188.070119166998,True,False
6228,2350.0,928,4923771,0.15,0.11259365907934463,17191.059075457997,True,False
6229,1770.0,709,4924480,0.15,0.09976854040339757,17193.390301417,True,False
6230,3410.0,1054,4925534,0.15,0.08578463910437922,17196.835560042,True,False
6231,3500.0,1540,4927074,0.15,0.09860960901412484,17201.777161708,True,False
6232,1530.0,908,4927982,0.15,0.12271368287766295,17204.796948749998,True,False
6233,2200.0,1018,4929000,0.15,0.09616834227653111,17208.290130832997,True,False
6234,650.0,515,4929515,0.15,0.09494292884483002,17209.948395958,True,False
6235,1350.0,767,4930282,0.15,0.10345227870857343,17212.459893207997,True,False
6236,2070.0,1054,4931336,0.15,0.09845822180310886,17216.869058041997,True,False
6237,1920.0,884,4932220,0.15,0.10717499393514648,17219.783197167,True,False
6238,1780.0,795,4933015,0.15,0.10486360695777518,17222.393462792,True,False
6239,2260.0,1358,4934373,0.15,0.11667166566476225,17226.994678249997,True,False
6240,1020.0,681,4935054,0.15,0.10381362265085473,17229.228779708,True,False
6241,1800.0,923,4935977,0.15,0.08866064813294453,17232.250553457998,True,False
6242,810.0,492,4936469,0.15,0.09710018079334158,17233.904669833,True,False
6243,1810.0,780,4937249,0.15,0.09895559270890095,17236.499067957997,True,False
6244,1040.0,713,4937962,0.15,0.09524880692865072,17238.834273792,True,False
6245,3820.0,1168,4939130,0.15,0.10198048005926691,17242.653635207997,True,False
6246,1430.0,870,4940000,0.15,0.12699955323318002,17245.462869332998,True,False
6247,1800.0,1180,4941180,0.15,0.09582931902575291,17249.332458416997,True,False
6248,1730.0,876,4942056,0.15,0.11284577325156563,17252.137006999998,True,False
6249,1600.0,1281,4943337,0.15,0.09761041401652619,17256.326219249997,True,False
6250,4040.0,860,4944197,0.15,0.11674898632390554,17259.124410792,True,False
6251,3030.0,952,4945149,0.15,0.10093086368615638,17263.402665042,True,False
6252,1490.0,822,4945971,0.15,0.12010701467714659,17266.062441416998,True,False
6253,2830.0,1001,4946972,0.15,0.09469836890934948,17269.327959,True,False
6254,2640.0,958,4947930,0.15,0.0973166016604611,17272.444255625,True,False
6255,1830.0,937,4948867,0.15,0.09224646097510798,17276.103837625,True,False
6256,1350.0,806,4949673,0.15,0.12704029349186044,17278.822781832998,True,False
6257,1500.0,595,4950268,0.15,0.1057703639036857,17280.827379791997,True,False
6258,1880.0,996,4951264,0.15,0.11017282263761065,17284.246419917,True,False
6259,4220.0,1647,4952911,0.15,0.11335139314206702,17289.831476458,True,False
6260,2160.0,921,4953832,0.15,0.109619235748917,17292.925127625,True,False
6261,1850.0,1036,4954868,0.15,0.11393737454240617,17296.306522,True,False
6262,2340.0,811,4955679,0.15,0.11924723923058793,17298.977176667,True,False
6263,2230.0,965,4956644,0.15,0.10590035594568765,17302.11591375,True,False
6264,1850.0,970,4957614,0.15,0.10615641783830548,17305.262129042,True,False
6265,600.0,490,4958104,0.15,0.12345243773869867,17306.862243124997,True,False
6266,2830.0,870,4958974,0.15,0.10581021857220456,17309.670295833,True,False
6267,2900.0,823,4959797,0.15,0.09133628036971521,17312.326271749997,True,False
6268,2330.0,1186,4960983,0.15,0.12427618118581941,17316.195617667,True,False
6269,1530.0,876,4961859,0.15,0.09066875563874909,17319.040772875,True,False
6270,1450.0,889,4962748,0.15,0.11666863288880731,17321.958804457998,True,False
6271,3020.0,1059,4963807,0.15,0.09964910959895475,17325.373418791998,True,False
6272,3080.0,1139,4964946,0.15,0.12154424559128912,17329.125314292,True,False
6273,2200.0,890,4965836,0.15,0.08631336353635707,17332.133690458,True,False
6274,2230.0,1143,4966979,0.15,0.09205706252863533,17336.133612708,True,False
6275,1600.0,1007,4967986,0.15,0.09963127139896627,17339.630467125,True,False
6276,2340.0,1022,4969008,0.15,0.11218515913787996,17344.26106875,True,False
6277,1810.0,972,4969980,0.15,0.10441906104408542,17347.465108292,True,False
6278,2930.0,871,4970851,0.15,0.10942262033438353,17350.296832082997,True,False
6279,850.0,711,4971562,0.15,0.09080171965983476,17352.670021667,True,False
6280,1430.0,861,4972423,0.15,0.08180259995509026,17355.461517458,True,False
6281,2080.0,1053,4973476,0.15,0.10392376662683532,17358.872675791998,True,False
6282,1660.0,818,4974294,0.15,0.09737793456616939,17361.504322999997,True,False
6283,2250.0,1173,4975467,0.15,0.08025324754989085,17365.295880791997,True,False
6284,2520.0,1120,4976587,0.15,0.1127985979397116,17368.982634917,True,False
6285,2030.0,968,4977555,0.15,0.09319927801247224,17372.055222707997,True,False
6286,3730.0,1126,4978681,0.15,0.11387844272420233,17375.700660625,True,False
6287,1560.0,1179,4979860,0.15,0.1005574856079736,17379.504255917,True,False
6288,1600.0,1177,4981037,0.15,0.1071470758187122,17383.300187124998,True,False
6289,1400.0,741,4981778,0.15,0.0927384203702614,17385.693232167,True,False
6290,3460.0,1158,4982936,0.15,0.09705366457587686,17389.654614166997,True,False
6291,2120.0,979,4983915,0.15,0.0825980098528757,17392.849308082998,True,False
6292,1870.0,1004,4984919,0.15,0.09308286701362446,17396.309976457997,True,False
6293,1820.0,920,4985839,0.15,0.10809847304354543,17399.662502417,True,False
6294,1990.0,806,4986645,0.15,0.08027414862287811,17402.376516582997,True,False
6295,1490.0,841,4987486,0.15,0.08489996521245866,17405.628056542,True,False
6296,1850.0,1148,4988634,0.15,0.08251302695154936,17410.199265375,True,False
6297,1610.0,913,4989547,0.15,0.07133660493255184,17413.758383082997,True,False
6298,1920.0,1098,4990645,0.15,0.10777418421412056,17418.100942292,True,False
6299,1660.0,1205,4991850,0.15,0.08055454859528628,17422.389965416998,True,False
6300,2560.0,965,4992815,0.15,0.07013281458733735,17425.636555416997,True,False
6301,1730.0,1074,4993889,0.15,0.10006592049502307,17430.401369,True,False
6302,3340.0,1356,4995245,0.15,0.09236169495457745,17435.06951075,True,False
6303,1360.0,764,4996009,0.15,0.0755860876945379,17437.71558275,True,False
6304,1720.0,925,4996934,0.15,0.07613440879189219,17440.758561791998,True,False
6305,2910.0,990,4997924,0.15,0.0863312156270108,17444.213399624998,True,False
6306,2030.0,1057,4998981,0.15,0.06627791417254643,17447.77077325,True,False
6307,1840.0,826,4999807,0.15,0.09064027282762006,17450.470970042,True,False
6308,1230.0,662,5000469,0.15,0.09694319495549762,17452.634796958,True,False
6309,2180.0,1000,5001469,0.15,0.10253934016078711,17455.861900458,True,False
6310,1250.0,740,5002209,0.15,0.0815263364766095,17458.406990958,True,False
6311,1070.0,958,5003167,0.15,0.08299654109255415,17461.501462958,True,False
6312,1850.0,797,5003964,0.15,0.07354451722931117,17464.082264292,True,False
6313,3050.0,1006,5004970,0.15,0.06551485145427435,17467.551856832997,True,False
6314,930.0,640,5005610,0.15,0.07934838082874193,17470.349254457997,True,False
6315,2100.0,737,5006347,0.15,0.11676985838288523,17472.817042291997,True,False
6316,860.0,471,5006818,0.15,0.08312428371696653,17474.462519499997,True,False
6317,2150.0,994,5007812,0.15,0.08865044887615256,17477.770310707998,True,False
6318,1090.0,1018,5008830,0.15,0.07225832023005199,17481.116872332997,True,False
6319,2270.0,920,5009750,0.15,0.10738949907700653,17484.031917458,True,False
6320,1980.0,979,5010729,0.15,0.10402547257895373,17487.248964707996,True,False
6321,2780.0,1086,5011815,0.15,0.08645876119002645,17490.711672832997,True,False
6322,1380.0,770,5012585,0.15,0.10612684707374462,17493.204268125,True,False
6323,1930.0,926,5013511,0.15,0.08529712426278627,17496.168209333,True,False
6324,2540.0,781,5014292,0.15,0.09541991361587936,17498.663739666998,True,False
6325,1650.0,903,5015195,0.15,0.08921438527603943,17501.495751083,True,False
6326,1250.0,683,5015878,0.15,0.08959446155754795,17504.903445207998,True,False
6327,1650.0,1150,5017028,0.15,0.09061451011803001,17508.702022416997,True,False
6328,1720.0,965,5017993,0.15,0.09735774399550376,17511.773239625,True,False
6329,2400.0,1084,5019077,0.15,0.08860326653202082,17515.279450749997,True,False
6330,1370.0,820,5019897,0.15,0.10218244558427392,17517.895567292,True,False
6331,2420.0,984,5020881,0.15,0.09056658839912919,17521.074290833,True,False
6332,2440.0,1050,5021931,0.15,0.07364316578271962,17524.557819999998,True,False
6333,2730.0,1034,5022965,0.15,0.082215132781495,17527.920315042,True,False
6334,1920.0,899,5023864,0.15,0.07734086456398169,17531.271590667,True,False
6335,2540.0,1008,5024872,0.15,0.10624611647503954,17534.583722166997,True,False
6336,2010.0,1115,5025987,0.15,0.07640390668948777,17538.154957707997,True,False
6337,5270.0,1045,5027032,0.15,0.10480442433440276,17541.513843957997,True,False
6338,1770.0,874,5027906,0.15,0.06985720801551681,17544.270591417,True,False
6339,2790.0,993,5028899,0.15,0.07379726011816773,17547.478512167,True,False
6340,770.0,549,5029448,0.15,0.08857713464269604,17549.258099374998,True,False
6341,2410.0,836,5030284,0.15,0.0744160885686438,17551.889967207997,True,False
6342,1710.0,1027,5031311,0.15,0.08441880871032481,17555.212408875,True,False
6343,1190.0,628,5031939,0.15,0.08441470069870068,17557.275000583,True,False
6344,1150.0,763,5032702,0.15,0.08339335370555286,17559.683869333,True,False
6345,2430.0,901,5033603,0.15,0.08082208052277565,17562.548738333,True,False
6346,1190.0,772,5034375,0.15,0.08090305931557337,17564.981322833,True,False
6347,2420.0,1058,5035433,0.15,0.10062512446476041,17568.298683333,True,False
6348,1980.0,969,5036402,0.15,0.08548073601824316,17571.354303541997,True,False
6349,4570.0,1002,5037404,0.15,0.09286123775019944,17574.594528208,True,False
6350,1980.0,1094,5038498,0.15,0.08797737161523148,17578.045961082997,True,False
6351,2060.0,1034,5039532,0.15,0.08195000011689645,17582.405744458,True,False
6352,3020.0,1024,5040556,0.15,0.08374992458993802,17585.655362041998,True,False
6353,2480.0,1046,5041602,0.15,0.09803472274835881,17589.125211083,True,False
6354,2390.0,1218,5042820,0.15,0.10520190858572233,17593.117929582997,True,False
6355,2150.0,855,5043675,0.15,0.09413493854898802,17595.818758916997,True,False
6356,1660.0,973,5044648,0.15,0.06169314152316847,17599.038296832998,True,False
6357,1580.0,796,5045444,0.15,0.0871188840805436,17601.518390499998,True,False
6358,2180.0,1039,5046483,0.15,0.08164804161285341,17604.862555792,True,False
6359,2320.0,1224,5047707,0.15,0.09501814444738081,17608.763267208,True,False
6360,2410.0,920,5048627,0.15,0.08135859392907309,17611.626716417,True,False
6361,670.0,562,5049189,0.15,0.10065235526479305,17613.421433,True,False
6362,3080.0,1081,5050270,0.15,0.10228331827524084,17616.831147333,True,False
6363,1140.0,954,5051224,0.15,0.09806642789689816,17619.804243374998,True,False
6364,1180.0,722,5051946,0.15,0.10695075406175521,17622.071696542,True,False
6365,2350.0,943,5052889,0.15,0.08543126751921314,17625.054516792,True,False
6366,1620.0,550,5053439,0.15,0.06832740286596282,17626.810253042,True,False
6367,3660.0,980,5054419,0.15,0.09457159422490062,17629.838889166997,True,False
6368,3690.0,1087,5055506,0.15,0.0958701134453911,17633.218057291997,True,False
6369,2010.0,1032,5056538,0.15,0.07363750600046659,17636.405315292,True,False
6370,2090.0,1000,5057538,0.15,0.09721844382584095,17639.564846333,True,False
6371,2500.0,981,5058519,0.15,0.09107875776838283,17642.608244542,True,False
6372,1330.0,852,5059371,0.15,0.10411066147870442,17645.4694805,True,False
6373,2380.0,966,5060337,0.15,0.08759592924159297,17648.574200749998,True,False
6374,2190.0,974,5061311,0.15,0.08054870657178233,17651.608586,True,False
6375,2250.0,1055,5062366,0.15,0.07949173145673492,17654.966271625,True,False
6376,1390.0,819,5063185,0.15,0.08287873315375026,17658.465768791997,True,False
6377,3440.0,1198,5064383,0.15,0.09028867826513622,17662.2355235,True,False
6378,1830.0,1010,5065393,0.15,0.08770520284241838,17665.526460792,True,False
6379,2920.0,871,5066264,0.15,0.07757394522462689,17668.287039125,True,False
6380,3050.0,920,5067184,0.15,0.09451917698201925,17671.261723124997,True,False
6381,950.0,929,5068113,0.15,0.1083919096111866,17674.200264542,True,False
6382,2600.0,949,5069062,0.15,0.08751901655697622,17677.270700457997,True,False
6383,2100.0,1046,5070108,0.15,0.09364571915015237,17680.685968542,True,False
6384,2100.0,1092,5071200,0.15,0.09421192915366465,17684.170979291997,True,False
6385,1760.0,722,5071922,0.15,0.0833811514183051,17686.482336833,True,False
6386,1950.0,926,5072848,0.15,0.08473058362844689,17689.432679832997,True,False
6387,2460.0,1020,5073868,0.15,0.08303270071891009,17692.750503583,True,False
6388,4290.0,963,5074831,0.15,0.09514899001223967,17695.760767082997,True,False
6389,960.0,683,5075514,0.15,0.085702248919777,17697.989507917,True,False
6390,1860.0,967,5076481,0.15,0.1084363931358969,17701.070507833,True,False
6391,1390.0,1012,5077493,0.15,0.09172031052940684,17704.2825925,True,False
6392,1070.0,903,5078396,0.15,0.10674320645547941,17707.254491207997,True,False
6393,2620.0,968,5079364,0.15,0.07475298327924915,17710.33933575,True,False
6394,2080.0,1209,5080573,0.15,0.09471843339848203,17714.234302625,True,False
6395,1530.0,923,5081496,0.15,0.0772550529135125,17717.29934775,True,False
6396,1660.0,944,5082440,0.15,0.09889371587768576,17720.320087082997,True,False
6397,2080.0,1331,5083771,0.15,0.08524898900818753,17724.655923332997,True,False
6398,1790.0,1038,5084809,0.15,0.111020485820392,17728.050158832997,True,False
6399,1040.0,693,5085502,0.15,0.10092776725230189,17730.290887042,True,False
6400,1650.0,764,5086266,0.15,0.09450094824100977,17732.749044333,True,False
6401,2880.0,973,5087239,0.15,0.09634518975951543,17737.054116958,True,False
6402,1610.0,939,5088178,0.15,0.09665449045281461,17740.067044249998,True,False
6403,2130.0,818,5088996,0.15,0.09039255261148621,17742.697441458,True,False
6404,2570.0,936,5089932,0.15,0.09132982066108121,17745.976912916998,True,False
6405,1600.0,828,5090760,0.15,0.07998904553444489,17748.59280925,True,False
6406,3060.0,978,5091738,0.15,0.08974574817741504,17751.736165416998,True,False
6407,2900.0,896,5092634,0.15,0.0957154116061117,17754.632893291997,True,False
6408,2410.0,974,5093608,0.15,0.10027191336419372,17757.744981166998,True,False
6409,1370.0,819,5094427,0.15,0.11642468978157815,17760.36633225,True,False
6410,1860.0,828,5095255,0.15,0.09369124127506921,17763.058706375,True,False
6411,1060.0,707,5095962,0.15,0.09380252993965553,17765.487568624998,True,False
6412,1630.0,805,5096767,0.15,0.09417842805329989,17768.126918916998,True,False
6413,2220.0,981,5097748,0.15,0.11089696312641226,17771.335914875,True,False
6414,2140.0,1102,5098850,0.15,0.09342054982076992,17775.116651541997,True,False
6415,3150.0,970,5099820,0.15,0.10219637551364094,17778.232247541997,True,False
6416,2160.0,933,5100753,0.15,0.1070180866355676,17781.230028291997,True,False
6417,2150.0,745,5101498,0.15,0.09758934571898432,17783.619329625,True,False
6418,2140.0,927,5102425,0.15,0.0929165655297452,17786.640528124997,True,False
6419,1620.0,991,5103416,0.15,0.10013735974808374,17789.785106958,True,False
6420,2460.0,1155,5104571,0.15,0.11324185928485046,17793.613989916998,True,False
6421,2040.0,1193,5105764,0.15,0.08948052487955943,17797.460604124997,True,False
6422,1540.0,1021,5106785,0.15,0.08852143127690343,17800.725910416997,True,False
6423,2840.0,1113,5107898,0.15,0.0889197472456119,17804.266426791997,True,False
6424,2200.0,1005,5108903,0.15,0.07119548920378742,17807.485899958,True,False
6425,1680.0,974,5109877,0.15,0.0858152383197954,17810.63220025,True,False
6426,3020.0,985,5110862,0.15,0.08622102154706551,17814.950923792,True,False
6427,2520.0,1155,5112017,0.15,0.08157288977573383,17818.664452499997,True,False
6428,1230.0,759,5112776,0.15,0.10707656053434077,17821.052681833,True,False
6429,1060.0,706,5113482,0.15,0.08826950208855454,17823.321312499997,True,False
6430,1580.0,763,5114245,0.15,0.07691741059899954,17825.744170416998,True,False
6431,2050.0,923,5115168,0.15,0.07878534917949469,17828.775731832997,True,False
6432,2400.0,860,5116028,0.15,0.10108090432057547,17831.531308999998,True,False
6433,2060.0,1189,5117217,0.15,0.1023042139719532,17835.442002541997,True,False
6434,1850.0,1009,5118226,0.15,0.11204630212621793,17838.737345874997,True,False
6435,2270.0,985,5119211,0.15,0.09680322719722743,17841.836526125,True,False
6436,1270.0,739,5119950,0.15,0.08597085366176592,17844.204743249997,True,False
6437,1820.0,975,5120925,0.15,0.11014593699870662,17847.335015792,True,False
6438,1360.0,955,5121880,0.15,0.0753638443837106,17850.365848832997,True,False
6439,3110.0,1093,5122973,0.15,0.0862748583389835,17853.813488166998,True,False
6440,2530.0,968,5123941,0.15,0.09316715659681431,17857.054926041998,True,False
6441,2610.0,1032,5124973,0.15,0.08812418702065714,17860.373937708,True,False
6442,3010.0,786,5125759,0.15,0.08679645475266236,17862.9271805,True,False
6443,1570.0,1112,5126871,0.15,0.0901968109542035,17866.425929499997,True,False
6444,1180.0,1188,5128059,0.15,0.11099185169320115,17870.19029825,True,False
6445,1840.0,1121,5129180,0.15,0.07499821638867418,17873.768990041997,True,False
6446,1620.0,864,5130044,0.15,0.0977957553954588,17876.536459332998,True,False
6447,1490.0,688,5130732,0.15,0.07121225644639412,17878.769639083,True,False
6448,1610.0,936,5131668,0.15,0.08773667628789304,17881.693465458,True,False
6449,2060.0,816,5132484,0.15,0.068988519748125,17884.534001499997,True,False
6450,3380.0,1142,5133626,0.15,0.10499026874374402,17888.210059957997,True,False
6451,2420.0,814,5134440,0.15,0.07367429664066318,17891.962333833,True,False
6452,3360.0,1197,5135637,0.15,0.08968887527638354,17895.82650425,True,False
6453,5040.0,1075,5136712,0.15,0.09527650278504786,17899.312723875,True,False
6454,1410.0,874,5137586,0.15,0.0707216762783809,17902.168206958,True,False
6455,2230.0,1053,5138639,0.15,0.08679504409262435,17905.557579999997,True,False
6456,1750.0,638,5139277,0.15,0.12021840960951521,17907.606453792,True,False
6457,2150.0,1042,5140319,0.15,0.08577527993430312,17910.925714999998,True,False
6458,2400.0,1044,5141363,0.15,0.09791710045745318,17914.205552833,True,False
6459,1700.0,837,5142200,0.15,0.0824503714617874,17916.930525917,True,False
6460,1360.0,799,5142999,0.15,0.10380100147171535,17919.559674499997,True,False
6461,1870.0,1048,5144047,0.15,0.07919709723556542,17922.941863,True,False
6462,2570.0,934,5144981,0.15,0.08368744717067124,17925.864525625,True,False
6463,2680.0,1075,5146056,0.15,0.08769914045666784,17929.312995541997,True,False
6464,1310.0,619,5146675,0.15,0.09243352776514245,17931.273167375,True,False
6465,2380.0,1031,5147706,0.15,0.0717025774227845,17934.609053666998,True,False
6466,2600.0,1003,5148709,0.15,0.06723363066381549,17938.079350958,True,False
6467,2020.0,1109,5149818,0.15,0.07703028378557643,17941.570240833,True,False
6468,1230.0,898,5150716,0.15,0.08941548142168257,17944.517010666998,True,False
6469,1600.0,885,5151601,0.15,0.06426294823071806,17947.375907708,True,False
6470,2250.0,937,5152538,0.15,0.08295526712909977,17950.395283583,True,False
6471,2940.0,1017,5153555,0.15,0.10280370958677428,17953.648367667,True,False
6472,2170.0,1145,5154700,0.15,0.08193940852642163,17957.357215875,True,False
6473,1140.0,849,5155549,0.15,0.09550913515992744,17960.05524825,True,False
6474,3050.0,1043,5156592,0.15,0.08646000726897826,17963.367448375,True,False
6475,2930.0,1263,5157855,0.15,0.10479068437384234,17967.341737583,True,False
6476,2050.0,899,5158754,0.15,0.07769570490138399,17971.492250166997,True,False
6477,1600.0,950,5159704,0.15,0.08841177506153197,17974.562836999998,True,False
6478,2540.0,976,5160680,0.15,0.07637414028562728,17977.641463707998,True,False
6479,1860.0,928,5161608,0.15,0.0977314804150755,17980.647391832998,True,False
6480,1710.0,886,5162494,0.15,0.08021321051598135,17983.536173208,True,False
6481,3100.0,921,5163415,0.15,0.09231823064872752,17986.4477905,True,False
6482,3340.0,889,5164304,0.15,0.09458560151603457,17989.27515825,True,False
6483,1380.0,920,5165224,0.15,0.0789280960255343,17992.177774124997,True,False
6484,730.0,409,5165633,0.15,0.09743377219374273,17993.499505,True,False
6485,870.0,562,5166195,0.15,0.0840983509950872,17995.323505082997,True,False
6486,1530.0,1220,5167415,0.15,0.11137815377384913,17999.177848792,True,False
6487,550.0,591,5168006,0.15,0.09932179457029781,18001.055764541998,True,False
6488,620.0,482,5168488,0.15,0.08719874482817394,18002.624355082997,True,False
6489,2820.0,1108,5169596,0.15,0.08786860940177733,18006.313928666998,True,False
6490,1660.0,809,5170405,0.15,0.10372795581375019,18009.030324542,True,False
6491,2150.0,1027,5171432,0.15,0.0966880632861579,18012.285157042,True,False
6492,2130.0,1188,5172620,0.15,0.10023885372060316,18016.082434582997,True,False
6493,1470.0,761,5173381,0.15,0.08824196044159563,18018.486813083,True,False
6494,2060.0,1214,5174595,0.15,0.0986302436510771,18022.367992707997,True,False
6495,2380.0,720,5175315,0.15,0.0946823360087971,18024.719298624997,True,False
6496,1420.0,902,5176217,0.15,0.09327243652145288,18027.587320832998,True,False
6497,830.0,573,5176790,0.15,0.08722008638396546,18029.450258792,True,False
6498,1590.0,1157,5177947,0.15,0.10846475533058281,18033.574572208,True,False
6499,1170.0,746,5178693,0.15,0.10249194152712982,18035.970117082998,True,False
6500,1130.0,791,5179484,0.15,0.0986096535743487,18038.690262958,True,False
6501,830.0,615,5180099,0.15,0.12737012529149164,18042.334163833,True,False
6502,1610.0,932,5181031,0.15,0.0930262131480572,18045.498062542,True,False
6503,1040.0,720,5181751,0.15,0.11680814074352383,18047.918280167,True,False
6504,1820.0,915,5182666,0.15,0.11392019118902204,18050.867098832998,True,False
6505,1660.0,948,5183614,0.15,0.10895865186577357,18053.908873999997,True,False
6506,2050.0,1079,5184693,0.15,0.112394921598887,18057.421235167,True,False
6507,1510.0,815,5185508,0.15,0.10071491653684016,18060.000368874997,True,False
6508,1340.0,971,5186479,0.15,0.08466676011496832,18063.098994792,True,False
6509,980.0,664,5187143,0.15,0.11645886174638767,18065.421158499998,True,False
6510,1920.0,1031,5188174,0.15,0.10001143309208312,18068.811391958,True,False
6511,2120.0,1053,5189227,0.15,0.11076334574235029,18072.143703291997,True,False
6512,1550.0,1037,5190264,0.15,0.08956790888108886,18075.617414292,True,False
6513,790.0,558,5190822,0.15,0.12389036482401031,18077.460686791997,True,False
6514,3200.0,1138,5191960,0.15,0.11805483889684343,18081.165426083,True,False
6515,1550.0,980,5192940,0.15,0.11624729742809217,18084.290057958,True,False
6516,2080.0,1071,5194011,0.15,0.11489116158406162,18087.766165457997,True,False
6517,2800.0,1100,5195111,0.15,0.11669856875457547,18091.242236416998,True,False
6518,2940.0,1080,5196191,0.15,0.10929880032522811,18094.804474124998,True,False
6519,2130.0,968,5197159,0.15,0.11839063123084051,18097.846976208,True,False
6520,1030.0,580,5197739,0.15,0.07467279616614868,18099.704720125,True,False
6521,2470.0,927,5198666,0.15,0.09683896169259117,18102.720924999998,True,False
6522,2180.0,1034,5199700,0.15,0.09967156681573759,18106.190227958,True,False
6523,1670.0,1002,5200702,0.15,0.08522141408920288,18109.379862916998,True,False
6524,1810.0,1267,5201969,0.15,0.10555104369867581,18113.917356667,True,False
6525,2080.0,738,5202707,0.15,0.09301132910237041,18116.373022124997,True,False
6526,1490.0,964,5203671,0.15,0.1014303878660766,18120.940228707997,True,False
6527,2340.0,1057,5204728,0.15,0.09859606071182017,18124.573237457997,True,False
6528,2270.0,1071,5205799,0.15,0.10728993031723,18128.143130375,True,False
6529,3290.0,1066,5206865,0.15,0.10781848705495788,18131.590719207998,True,False
6530,1650.0,1351,5208216,0.15,0.0912213554363367,18135.940500957997,True,False
6531,2030.0,900,5209116,0.15,0.09150456552704175,18138.799413999997,True,False
6532,2960.0,1015,5210131,0.15,0.08256969534655804,18142.052596208,True,False
6533,410.0,462,5210593,0.15,0.10834003858075573,18143.594641833,True,False
6534,1170.0,757,5211350,0.15,0.09798819987625672,18146.206645917,True,False
6535,2310.0,948,5212298,0.15,0.10230670729455565,18149.233111042,True,False
6536,2230.0,931,5213229,0.15,0.09217570260838634,18152.185667042,True,False
6537,3260.0,1120,5214349,0.15,0.11023983556910284,18155.731178542,True,False
6538,2360.0,1110,5215459,0.15,0.07730804115453137,18159.266880458,True,False
6539,890.0,564,5216023,0.15,0.10521215679956243,18161.118557083,True,False
6540,2970.0,1023,5217046,0.15,0.08928311101044528,18164.356538875,True,False
6541,3470.0,1143,5218189,0.15,0.09304699078983777,18168.196725791997,True,False
6542,1890.0,1270,5219459,0.15,0.11205671351015192,18172.355456416997,True,False
6543,2260.0,1026,5220485,0.15,0.10004534079160556,18175.740186166997,True,False
6544,1850.0,929,5221414,0.15,0.0899069918207182,18178.734814542,True,False
6545,1960.0,949,5222363,0.15,0.10994523551456536,18181.74046125,True,False
6546,880.0,683,5223046,0.15,0.10030090768020927,18183.955402749998,True,False
6547,1830.0,869,5223915,0.15,0.104010088601008,18186.822573832997,True,False
6548,1030.0,564,5224479,0.15,0.10293288075807669,18188.714896125,True,False
6549,1240.0,651,5225130,0.15,0.09944673337362295,18190.839847958,True,False
6550,2040.0,1039,5226169,0.15,0.11120990948894849,18194.400816333,True,False
6551,1970.0,808,5226977,0.15,0.12836451864441728,18198.244888499998,True,False
6552,1380.0,1013,5227990,0.15,0.09180229034996315,18201.600190708,True,False
6553,1820.0,964,5228954,0.15,0.12402292843753496,18204.805091416998,True,False
6554,2630.0,1180,5230134,0.15,0.09366224541376203,18208.777329082997,True,False
6555,1910.0,1116,5231250,0.15,0.11223813110969186,18212.415079332997,True,False
6556,2570.0,847,5232097,0.15,0.09329308152093359,18215.168747207998,True,False
6557,1770.0,940,5233037,0.15,0.08529287522777598,18218.117795957998,True,False
6558,1690.0,1190,5234227,0.15,0.10400256174318617,18221.906007583,True,False
6559,2290.0,953,5235180,0.15,0.0868294914038735,18224.946498499998,True,False
6560,1700.0,792,5235972,0.15,0.11236715407082529,18227.451330417,True,False
6561,3060.0,1063,5237035,0.15,0.11424588409937778,18230.781926375,True,False
6562,1640.0,901,5237936,0.15,0.10476245635510546,18233.630546292,True,False
6563,3650.0,1051,5238987,0.15,0.07590321489815949,18236.940575833,True,False
6564,2430.0,863,5239850,0.15,0.09366396839592468,18239.753413874998,True,False
6565,2880.0,1131,5240981,0.15,0.07893019596726861,18243.252859917,True,False
6566,1700.0,1117,5242098,0.15,0.08008116036386473,18246.945943207997,True,False
6567,1700.0,983,5243081,0.15,0.09527817141734124,18250.055469083,True,False
6568,1990.0,956,5244037,0.15,0.0995662986928262,18253.04254725,True,False
6569,2180.0,1177,5245214,0.15,0.0917252786869348,18256.792838208,True,False
6570,1690.0,1182,5246396,0.15,0.09564955585409661,18260.456196791998,True,False
6571,1860.0,962,5247358,0.15,0.06560899491111437,18263.491655208,True,False
6572,2540.0,1057,5248415,0.15,0.08560836990716669,18266.837326792,True,False
6573,2450.0,991,5249406,0.15,0.08015501744774801,18270.004913375,True,False
6574,1840.0,967,5250373,0.15,0.09050773458232071,18273.078516916998,True,False
6575,2150.0,973,5251346,0.15,0.09374599318200177,18276.149195791997,True,False
6576,2390.0,995,5252341,0.15,0.0827232978071075,18280.661296791997,True,False
6577,2820.0,1005,5253346,0.15,0.08016950721329308,18283.842657708,True,False
6578,2160.0,876,5254222,0.15,0.0956719898912188,18286.685936874997,True,False
6579,2580.0,948,5255170,0.15,0.11150415594206203,18289.683138999997,True,False
6580,2470.0,1103,5256273,0.15,0.08893089303476871,18293.240543417,True,False
6581,2720.0,985,5257258,0.15,0.09283164831832415,18296.376832208,True,False
6582,600.0,536,5257794,0.15,0.08256149892486743,18298.096056708,True,False
6583,2320.0,1054,5258848,0.15,0.09107155018401417,18301.444566208,True,False
6584,1180.0,713,5259561,0.15,0.1260692538337761,18303.809851374997,True,False
6585,1290.0,932,5260493,0.15,0.11450105561782874,18306.884104082998,True,False
6586,1380.0,795,5261288,0.15,0.109798460562325,18309.423093625,True,False
6587,1920.0,1032,5262320,0.15,0.09755871071689581,18312.829484625,True,False
6588,3280.0,1159,5263479,0.15,0.09438996006666996,18316.523816082998,True,False
6589,1440.0,882,5264361,0.15,0.0747854421210235,18319.347749667,True,False
6590,850.0,631,5264992,0.15,0.09195871568650385,18321.371907957997,True,False
6591,1840.0,958,5265950,0.15,0.08343894510806604,18324.472520417,True,False
6592,1500.0,862,5266812,0.15,0.0873019415065991,18327.278444707998,True,False
6593,2230.0,1000,5267812,0.15,0.08923333423584699,18330.438572832998,True,False
6594,1570.0,751,5268563,0.15,0.0827265082295725,18332.898788583,True,False
6595,2450.0,963,5269526,0.15,0.0641702365988085,18335.957388958,True,False
6596,3320.0,868,5270394,0.15,0.1032018830596302,18338.7652485,True,False
6597,1520.0,817,5271211,0.15,0.06544728864751317,18341.362536499997,True,False
6598,2350.0,974,5272185,0.15,0.0857505723528686,18344.499499916998,True,False
6599,1670.0,1026,5273211,0.15,0.09707347663425026,18347.720065374997,True,False
6600,3000.0,1080,5274291,0.15,0.09475828042184865,18351.220601625,True,False
6601,2860.0,1010,5275301,0.15,0.08909434019017361,18355.519329332998,True,False
6602,4920.0,823,5276124,0.15,0.09543389900252947,18358.215039291998,True,False
6603,510.0,672,5276796,0.15,0.07264876523099485,18360.371099666998,True,False
6604,2410.0,1056,5277852,0.15,0.07941471590575847,18363.772259999998,True,False
6605,3050.0,1065,5278917,0.15,0.0717887564149118,18367.548559458,True,False
6606,720.0,799,5279716,0.15,0.08370786993298679,18370.139046541997,True,False
6607,1180.0,650,5280366,0.15,0.09173212818985368,18372.307208583,True,False
6608,1820.0,859,5281225,0.15,0.07995163106987643,18375.341329958,True,False
6609,1560.0,862,5282087,0.15,0.07383213540495828,18378.134718874997,True,False
6610,2570.0,928,5283015,0.15,0.08258233506810563,18381.163913792,True,False
6611,1540.0,865,5283880,0.15,0.07676731241858363,18383.930028,True,False
6612,1680.0,939,5284819,0.15,0.09106844457455425,18387.026530666997,True,False
6613,950.0,815,5285634,0.15,0.08976971443888604,18389.617316417,True,False
6614,920.0,633,5286267,0.15,0.09953901368558785,18391.691565792,True,False
6615,1040.0,1120,5287387,0.15,0.08365349062784974,18395.319116458,True,False
6616,2120.0,1005,5288392,0.15,0.10816435571316452,18398.598952124998,True,False
6617,1690.0,760,5289152,0.15,0.080106819695548,18401.039621082997,True,False
6618,1870.0,869,5290021,0.15,0.0937320035345818,18403.775152167,True,False
6619,2560.0,1036,5291057,0.15,0.08494044206748828,18407.129419625,True,False
6620,2350.0,862,5291919,0.15,0.10614956513393757,18409.883579499998,True,False
6621,2140.0,1123,5293042,0.15,0.1157432948421435,18413.504536792,True,False
6622,1490.0,660,5293702,0.15,0.07773187503670201,18415.650432958,True,False
6623,2810.0,847,5294549,0.15,0.10597614764745505,18418.377158749998,True,False
6624,1530.0,896,5295445,0.15,0.09358410373429901,18421.247066917,True,False
6625,1490.0,843,5296288,0.15,0.10677869668256898,18423.933552749997,True,False
6626,2430.0,1595,5297883,0.15,0.09664296899833272,18430.349144166998,True,False
6627,1860.0,843,5298726,0.15,0.07986640358140683,18433.117173666997,True,False
6628,1760.0,991,5299717,0.15,0.08110736080280115,18436.284936999997,True,False
6629,1610.0,945,5300662,0.15,0.0878306603161776,18439.327873791997,True,False
6630,2190.0,968,5301630,0.15,0.11014087891498626,18442.403446082997,True,False
6631,910.0,660,5302290,0.15,0.10119025823519086,18444.519921624997,True,False
6632,1190.0,775,5303065,0.15,0.12638261412107146,18446.984102874998,True,False
6633,1640.0,818,5303883,0.15,0.07940613829722519,18449.587165499997,True,False
6634,1920.0,1045,5304928,0.15,0.09617716397464503,18452.931384124997,True,False
6635,1250.0,760,5305688,0.15,0.09528398689764896,18455.376059457998,True,False
6636,2250.0,1025,5306713,0.15,0.09534057069322444,18458.641071749997,True,False
6637,2040.0,1193,5307906,0.15,0.0741519949042657,18462.407908082998,True,False
6638,2940.0,1150,5309056,0.15,0.08856432858091365,18466.138862624997,True,False
6639,1700.0,887,5309943,0.15,0.0839971276126566,18468.984349416998,True,False
6640,1880.0,1132,5311075,0.15,0.09072935152733073,18472.685934374997,True,False
6641,1780.0,968,5312043,0.15,0.07165889019408256,18475.725573082997,True,False
6642,1560.0,837,5312880,0.15,0.07897258653704609,18478.460732042,True,False
6643,1540.0,865,5313745,0.15,0.07831349335524633,18481.182907249997,True,False
6644,1930.0,672,5314417,0.15,0.07031666647110667,18483.337856,True,False
6645,2720.0,955,5315372,0.15,0.09556974425023446,18486.604678417,True,False
6646,2600.0,1123,5316495,0.15,0.0943563352871154,18490.208109375,True,False
6647,1200.0,716,5317211,0.15,0.09866655286006089,18492.645437083,True,False
6648,2560.0,971,5318182,0.15,0.09118526424338788,18495.858792832998,True,False
6649,1450.0,966,5319148,0.15,0.09391360094170433,18499.040630541997,True,False
6650,2200.0,912,5320060,0.15,0.07892988503730872,18501.959521416997,True,False
6651,2980.0,936,5320996,0.15,0.08718162773447669,18506.112440292,True,False
6652,2040.0,1112,5322108,0.15,0.08478075631713267,18509.724196166997,True,False
6653,1430.0,766,5322874,0.15,0.08298273963843965,18512.159858207997,True,False
6654,1730.0,852,5323726,0.15,0.07660590231138775,18514.974468499997,True,False
6655,1280.0,745,5324471,0.15,0.08869771318890715,18517.376747542,True,False
6656,1620.0,848,5325319,0.15,0.10474287027949994,18520.199721041998,True,False
6657,1550.0,622,5325941,0.15,0.08190543655879222,18522.196583082998,True,False
6658,2640.0,772,5326713,0.15,0.10172745921296777,18524.98519675,True,False
6659,1960.0,800,5327513,0.15,0.08892814641818404,18527.569341208,True,False
6660,790.0,632,5328145,0.15,0.10618548562066464,18529.619873541997,True,False
6661,1240.0,651,5328796,0.15,0.10837965950575526,18531.785698541997,True,False
6662,1890.0,1071,5329867,0.15,0.10741262014411139,18535.23344225,True,False
6663,1500.0,852,5330719,0.15,0.09405101175494317,18538.007573958,True,False
6664,1470.0,729,5331448,0.15,0.11511167355614607,18540.355436708,True,False
6665,2080.0,1031,5332479,0.15,0.09905987141603162,18543.643838375,True,False
6666,2120.0,859,5333338,0.15,0.09698287622006826,18546.391431292,True,False
6667,670.0,489,5333827,0.15,0.08396939873756444,18548.024532624997,True,False
6668,2240.0,852,5334679,0.15,0.09996324147539379,18550.741723332998,True,False
6669,1820.0,1055,5335734,0.15,0.10805780777115036,18554.195333624997,True,False
6670,2820.0,948,5336682,0.15,0.09302511116497628,18557.2418715,True,False
6671,2360.0,981,5337663,0.15,0.09484202369135253,18560.420566875,True,False
6672,2170.0,997,5338660,0.15,0.08709430818259715,18563.654471708,True,False
6673,2910.0,925,5339585,0.15,0.1278915774335206,18566.676088041997,True,False
6674,2350.0,1031,5340616,0.15,0.08502907112832794,18569.945922749997,True,False
6675,2240.0,787,5341403,0.15,0.0936026242324056,18572.541025749997,True,False
6676,1470.0,879,5342282,0.15,0.10441668552600525,18576.786633207998,True,False
6677,2090.0,987,5343269,0.15,0.1072941023803614,18579.978947083,True,False
6678,2310.0,1027,5344296,0.15,0.11487224219722043,18583.354712333,True,False
6679,1780.0,1267,5345563,0.15,0.09623868693302892,18587.406874958,True,False
6680,1110.0,849,5346412,0.15,0.10228265003856499,18590.148635832997,True,False
6681,1090.0,778,5347190,0.15,0.10230314902500394,18592.707591749997,True,False
6682,920.0,547,5347737,0.15,0.1261913737513288,18594.464654124997,True,False
6683,1940.0,743,5348480,0.15,0.09926932374696418,18596.887413207998,True,False
6684,1050.0,665,5349145,0.15,0.09112470724945326,18599.045959125,True,False
6685,2080.0,983,5350128,0.15,0.0947636832536115,18602.194802374997,True,False
6686,1940.0,1108,5351236,0.15,0.10384749579125686,18606.018289,True,False
6687,2550.0,947,5352183,0.15,0.10029822745028946,18609.189871083,True,False
6688,1990.0,1017,5353200,0.15,0.11459533897977249,18612.625444125,True,False
6689,1870.0,963,5354163,0.15,0.1251008434027123,18615.660684249997,True,False
6690,1730.0,881,5355044,0.15,0.10128155798647064,18618.505049417,True,False
6691,2200.0,1008,5356052,0.15,0.12198138573310441,18621.740087249997,True,False
6692,2490.0,703,5356755,0.15,0.08857361294329166,18624.132991625,True,False
6693,1740.0,1039,5357794,0.15,0.09340879417096193,18627.603336166998,True,False
6694,1460.0,600,5358394,0.15,0.11437140485892693,18629.580640541997,True,False
6695,1810.0,946,5359340,0.15,0.10518395862215933,18632.751319583,True,False
6696,2390.0,870,5360210,0.15,0.10770835444623011,18635.535483707998,True,False
6697,430.0,456,5360666,0.15,0.10214426758976881,18637.104581792,True,False
6698,2970.0,1000,5361666,0.15,0.10594108910113573,18640.303787499997,True,False
6699,1780.0,934,5362600,0.15,0.10554445010379084,18643.400742042,True,False
6700,2350.0,860,5363460,0.15,0.09169699550541334,18646.1551835,True,False
6701,1490.0,705,5364165,0.15,0.09834147019269453,18649.703075791997,True,False
6702,2080.0,1068,5365233,0.15,0.10984387709183639,18653.260620792,True,False
6703,1680.0,1096,5366329,0.15,0.09973309967449329,18656.793814833,True,False
6704,1870.0,684,5367013,0.15,0.10510022254192342,18659.045505332997,True,False
6705,1540.0,842,5367855,0.15,0.1052673715388491,18661.711992167,True,False
6706,2900.0,858,5368713,0.15,0.1309312629101928,18664.604348833,True,False
6707,2090.0,768,5369481,0.15,0.12237263402009073,18667.088926124998,True,False
6708,1180.0,779,5370260,0.15,0.12161257032973644,18669.932664999997,True,False
6709,2420.0,885,5371145,0.15,0.11346180338783367,18672.842024167,True,False
6710,1740.0,1262,5372407,0.15,0.09426025157528264,18677.490579792,True,False
6711,2070.0,993,5373400,0.15,0.14396814054932938,18680.919544624998,True,False
6712,3090.0,1022,5374422,0.15,0.12025799405048876,18684.211879249997,True,False
6713,1420.0,1019,5375441,0.15,0.09548147011036966,18688.104249792,True,False
6714,1250.0,645,5376086,0.15,0.10962222738665824,18690.203107874997,True,False
6715,2380.0,900,5376986,0.15,0.11366815715200371,18693.163486499998,True,False
6716,2770.0,746,5377732,0.15,0.12775569991831154,18695.602404292,True,False
6717,340.0,449,5378181,0.15,0.11262749301801835,18697.105567832998,True,False
6718,2190.0,899,5379080,0.15,0.11216470669955016,18699.985236624998,True,False
6719,1730.0,1001,5380081,0.15,0.10059966068714857,18703.305784041997,True,False
6720,930.0,648,5380729,0.15,0.1370971287359242,18705.601704582998,True,False
6721,2190.0,969,5381698,0.15,0.10405586457095486,18708.757110917,True,False
6722,1220.0,790,5382488,0.15,0.0962655922266269,18711.385257208,True,False
6723,660.0,732,5383220,0.15,0.11386675722489917,18713.774580916997,True,False
6724,3280.0,1028,5384248,0.15,0.12487562006911995,18717.192377583,True,False
6725,2240.0,1035,5385283,0.15,0.11756199449589548,18720.559154707997,True,False
6726,950.0,567,5385850,0.15,0.09787574996778244,18723.348281791998,True,False
6727,2420.0,710,5386560,0.15,0.07661793202036217,18725.802558207997,True,False
6728,1820.0,1182,5387742,0.15,0.10081683164936,18729.688194708,True,False
6729,1080.0,747,5388489,0.15,0.10401277998113696,18732.089314124998,True,False
6730,1500.0,744,5389233,0.15,0.11789935241423306,18734.885326249998,True,False
6731,2770.0,1138,5390371,0.15,0.10875632636196597,18738.509992749998,True,False
6732,1630.0,976,5391347,0.15,0.10444921046327495,18741.693194292,True,False
6733,840.0,622,5391969,0.15,0.13969182406958097,18744.263353,True,False
6734,1790.0,902,5392871,0.15,0.10212373877565066,18747.935799125,True,False
6735,1510.0,750,5393621,0.15,0.11707795176536162,18751.314837208,True,False
6736,2750.0,929,5394550,0.15,0.1109559982934774,18754.684040875,True,False
6737,1840.0,1216,5395766,0.15,0.1169518644639634,18759.82479425,True,False
6738,1580.0,962,5396728,0.15,0.10941154070785926,18763.136698667,True,False
6739,2090.0,856,5397584,0.15,0.12713018503631943,18766.348028041997,True,False
6740,2820.0,885,5398469,0.15,0.12543618385743233,18769.366195207996,True,False
6741,2730.0,870,5399339,0.15,0.10236353803134185,18772.358886457998,True,False
6742,3200.0,951,5400290,0.15,0.09377140752157244,18775.534062458,True,False
6743,1640.0,752,5401042,0.15,0.0931108747757575,18778.074813166997,True,False
6744,3200.0,1178,5402220,0.15,0.09635972128707473,18781.968466042,True,False
6745,1690.0,899,5403119,0.15,0.08957013170999874,18785.093157,True,False
6746,2010.0,856,5403975,0.15,0.08274960915653784,18787.991954374997,True,False
6747,1250.0,696,5404671,0.15,0.11631732416906576,18790.359601624998,True,False
6748,1780.0,953,5405624,0.15,0.08976439777839633,18793.697735916998,True,False
6749,2030.0,1080,5406704,0.15,0.11773295645705528,18797.320824125,True,False
6750,1730.0,699,5407403,0.15,0.09537077869085231,18799.652581208,True,False
6751,1620.0,959,5408362,0.15,0.09855864161315063,18804.246627208,True,False
6752,1930.0,980,5409342,0.15,0.11680563490609733,18807.538635124998,True,False
6753,2600.0,1119,5410461,0.15,0.09431823034371649,18811.336544457998,True,False
6754,1670.0,1033,5411494,0.15,0.0904134659009964,18814.878281541998,True,False
6755,2070.0,1330,5412824,0.15,0.10861033966971768,18819.960953125,True,False
6756,2370.0,1121,5413945,0.15,0.1092927331770105,18823.666723667,True,False
6757,3740.0,1151,5415096,0.15,0.0986023354020694,18827.573305208,True,False
6758,1910.0,979,5416075,0.15,0.1130360093761663,18830.918960291998,True,False
6759,2340.0,1250,5417325,0.15,0.09751951196989693,18835.509618958,True,False
6760,1540.0,861,5418186,0.15,0.10165283770495376,18838.350173291998,True,False
6761,1430.0,850,5419036,0.15,0.0791019740921091,18841.217468,True,False
6762,500.0,474,5419510,0.15,0.09395256531188044,18842.813231333,True,False
6763,2530.0,1105,5420615,0.15,0.09691211681111135,18846.691814916998,True,False
6764,760.0,564,5421179,0.15,0.09282528122900226,18848.663128875,True,False
6765,1350.0,830,5422009,0.15,0.10089950348125197,18851.454964457997,True,False
6766,3850.0,1134,5423143,0.15,0.10877457282147222,18855.357970082998,True,False
6767,1140.0,944,5424087,0.15,0.07758023899237988,18858.604616124998,True,False
6768,1870.0,887,5424974,0.15,0.1155036679041144,18861.516434457997,True,False
6769,2030.0,928,5425902,0.15,0.10516994615920403,18864.65032025,True,False
6770,1490.0,758,5426660,0.15,0.10686860244329038,18867.212313166998,True,False
6771,2770.0,1309,5427969,0.15,0.10329210323307218,18871.554683667,True,False
6772,1760.0,902,5428871,0.15,0.12603445541527536,18874.610910792,True,False
6773,2430.0,1123,5429994,0.15,0.1138306348402305,18878.304349874998,True,False
6774,520.0,504,5430498,0.15,0.12205249499825258,18880.445347124998,True,False
6775,2000.0,977,5431475,0.15,0.10636694754519668,18883.764442417,True,False
6776,2550.0,944,5432419,0.15,0.11237441284297886,18888.42721675,True,False
6777,2240.0,1061,5433480,0.15,0.1421037527865597,18892.073442416997,True,False
6778,1970.0,1112,5434592,0.15,0.11913049060569929,18895.817513583,True,False
6779,2060.0,936,5435528,0.15,0.09563791293364304,18899.01375775,True,False
6780,1450.0,1030,5436558,0.15,0.1121793065785434,18902.457053332997,True,False
6781,1250.0,849,5437407,0.15,0.09816150759996951,18905.318150875,True,False
6782,2290.0,1034,5438441,0.15,0.12233796963849353,18908.951478707997,True,False
6783,2090.0,975,5439416,0.15,0.09949774138598902,18912.171401042,True,False
6784,1410.0,716,5440132,0.15,0.10112255473501522,18914.689616375,True,False
6785,2510.0,1037,5441169,0.15,0.11215782513604661,18918.112418457997,True,False
6786,2120.0,864,5442033,0.15,0.09700816744697038,18921.140808292,True,False
6787,2330.0,1141,5443174,0.15,0.10398971746234517,18925.011882791998,True,False
6788,2110.0,825,5443999,0.15,0.08929126020701765,18927.809393958,True,False
6789,960.0,590,5444589,0.15,0.08741727568259514,18929.820548207997,True,False
6790,2590.0,746,5445335,0.15,0.11130222983618257,18932.740766458,True,False
6791,2990.0,828,5446163,0.15,0.08804953954034093,18935.480300042,True,False
6792,2060.0,1095,5447258,0.15,0.10974473638432848,18939.206552541997,True,False
6793,2880.0,809,5448067,0.15,0.11160991505931804,18941.92744475,True,False
6794,1420.0,860,5448927,0.15,0.10977117890535398,18944.958699707997,True,False
6795,1680.0,1000,5449927,0.15,0.11977518688887358,18948.2842375,True,False
6796,2320.0,1015,5450942,0.15,0.10616904528312913,18951.753350207997,True,False
6797,610.0,452,5451394,0.15,0.11213821358978748,18953.284786833,True,False
6798,1460.0,815,5452209,0.15,0.08761137843533766,18956.035926375,True,False
6799,1270.0,720,5452929,0.15,0.07830894229312738,18958.50482625,True,False
6800,510.0,579,5453508,0.15,0.08099851992366643,18960.465794875,True,False
6801,1640.0,937,5454445,0.15,0.11161275377544837,18965.087877916998,True,False
6802,2090.0,916,5455361,0.15,0.12067585722360288,18968.374940832997,True,False
6803,2000.0,795,5456156,0.15,0.10470792185515165,18971.232088624998,True,False
6804,1650.0,958,5457114,0.15,0.10812632962437853,18974.694998458,True,False
6805,1420.0,818,5457932,0.15,0.09292578971604022,18977.488718499997,True,False
6806,2330.0,978,5458910,0.15,0.11298700886946476,18980.769779791997,True,False
6807,1950.0,864,5459774,0.15,0.09969987394288182,18983.676217458,True,False
6808,3150.0,1174,5460948,0.15,0.10496220810554263,18987.61250575,True,False
6809,2310.0,1096,5462044,0.15,0.08456302529377659,18991.276629124997,True,False
6810,1980.0,915,5462959,0.15,0.11146179855016894,18994.325193167,True,False
6811,1100.0,881,5463840,0.15,0.10786022439733889,18997.334338792,True,False
6812,1760.0,991,5464831,0.15,0.09828855535430223,19000.633567916997,True,False
6813,1480.0,882,5465713,0.15,0.10676590276974764,19003.592283457998,True,False
6814,2920.0,1270,5466983,0.15,0.10927886870757263,19007.953623583,True,False
6815,2670.0,1015,5467998,0.15,0.1036936730498404,19011.266124374997,True,False
6816,2220.0,939,5468937,0.15,0.12929333469018023,19014.354885624998,True,False
6817,1470.0,980,5469917,0.15,0.12378338578404212,19017.576088167,True,False
6818,2470.0,1156,5471073,0.15,0.10797913381539827,19021.454788832998,True,False
6819,1820.0,1158,5472231,0.15,0.11127752099173292,19025.326431999998,True,False
6820,1800.0,1077,5473308,0.15,0.10115377531145457,19028.906741166997,True,False
6821,1740.0,767,5474075,0.15,0.10119414476785048,19031.411820916997,True,False
6822,1150.0,718,5474793,0.15,0.10845191718803512,19033.847450792,True,False
6823,1630.0,787,5475580,0.15,0.0969654678031424,19036.558511332998,True,False
6824,2020.0,1168,5476748,0.15,0.09749987142874975,19040.395798708,True,False
6825,1340.0,724,5477472,0.15,0.11190681946746882,19042.851656832998,True,False
6826,2550.0,959,5478431,0.15,0.1282831431292465,19047.362341,True,False
6827,2820.0,1026,5479457,0.15,0.10781159003334055,19050.844627625,True,False
6828,2090.0,809,5480266,0.15,0.10196668663901268,19053.495942583,True,False
6829,3040.0,1070,5481336,0.15,0.08627207060136012,19057.067662208,True,False
6830,1450.0,834,5482170,0.15,0.10775276738702534,19059.973839542,True,False
6831,1300.0,853,5483023,0.15,0.0917782198305421,19062.819479791997,True,False
6832,1610.0,1014,5484037,0.15,0.09263212097750052,19066.129345792,True,False
6833,1890.0,1168,5485205,0.15,0.09570124664356651,19070.062744875,True,False
6834,1400.0,1005,5486210,0.15,0.10572957436728525,19073.615958583,True,False
6835,2400.0,872,5487082,0.15,0.1021676735969585,19076.565694375,True,False
6836,1000.0,606,5487688,0.15,0.1129656000749061,19078.581079917,True,False
6837,2770.0,767,5488455,0.15,0.09745805451149092,19081.162525124997,True,False
6838,3300.0,1061,5489516,0.15,0.11991488696881254,19084.717408041997,True,False
6839,1040.0,658,5490174,0.15,0.09504916769929411,19087.138242625,True,False
6840,2160.0,900,5491074,0.15,0.10372831360333495,19090.239115875,True,False
6841,2930.0,1224,5492298,0.15,0.09886855972334256,19094.375529541998,True,False
6842,2540.0,1017,5493315,0.15,0.10706692846770596,19097.925557874998,True,False
6843,1360.0,870,5494185,0.15,0.0960463448128569,19100.946983416998,True,False
6844,3520.0,994,5495179,0.15,0.11260763758928666,19104.307036374998,True,False
6845,1550.0,747,5495926,0.15,0.12337302752237587,19106.903861749997,True,False
6846,900.0,587,5496513,0.15,0.08109148864184512,19108.850725207998,True,False
6847,3490.0,1020,5497533,0.15,0.13530169613659382,19112.278310957998,True,False
6848,510.0,437,5497970,0.15,0.09078783608562903,19113.765858083,True,False
6849,2090.0,1174,5499144,0.15,0.1013700147571207,19117.641769708,True,False
6850,2290.0,884,5500028,0.15,0.08732450147458601,19120.590252083,True,False
6851,850.0,766,5500794,0.15,0.10392880910783225,19124.398469375,True,False
6852,2790.0,1030,5501824,0.15,0.10235207571915185,19127.877894416997,True,False
6853,2420.0,991,5502815,0.15,0.11903898552180785,19131.152930917,True,False
6854,2160.0,919,5503734,0.15,0.09819147181899651,19134.189754917,True,False
6855,2050.0,796,5504530,0.15,0.10447904062293582,19136.9785355,True,False
6856,3020.0,969,5505499,0.15,0.10528394743446107,19140.203161791997,True,False
6857,1940.0,875,5506374,0.15,0.10776992431378256,19143.132205125,True,False
6858,2040.0,1023,5507397,0.15,0.09920481039807783,19146.622560041997,True,False
6859,2390.0,1024,5508421,0.15,0.09227826405549422,19149.986998292,True,False
6860,2860.0,986,5509407,0.15,0.10779822896030254,19153.384210958,True,False
6861,1610.0,575,5509982,0.15,0.10176952809302343,19155.453708208,True,False
6862,2180.0,1011,5510993,0.15,0.09674532417016538,19158.938736541997,True,False
6863,2560.0,952,5511945,0.15,0.09038007381458242,19162.059543542,True,False
6864,2170.0,1075,5513020,0.15,0.0923297045939363,19165.649083792,True,False
6865,1520.0,943,5513963,0.15,0.11717050467479102,19168.857304374997,True,False
6866,2780.0,996,5514959,0.15,0.09831343907638486,19172.170484457998,True,False
6867,1950.0,1090,5516049,0.15,0.09121265705852281,19175.858119124998,True,False
6868,2120.0,904,5516953,0.15,0.09827989411532087,19178.922789333,True,False
6869,1770.0,788,5517741,0.15,0.09334991436432763,19181.524229749997,True,False
6870,1810.0,1001,5518742,0.15,0.08199899549037218,19184.847895,True,False
6871,2820.0,881,5519623,0.15,0.11696058015593074,19187.802087958,True,False
6872,2490.0,1010,5520633,0.15,0.08835474795960037,19191.256424542,True,False
6873,1780.0,870,5521503,0.15,0.08808347719296607,19194.129450875,True,False
6874,3040.0,937,5522440,0.15,0.10336234482361915,19197.531345,True,False
6875,1880.0,776,5523216,0.15,0.10946048094324537,19200.173065707997,True,False
6876,2080.0,933,5524149,0.15,0.08083295967637726,19204.549546625,True,False
6877,1890.0,1020,5525169,0.15,0.07963455075069385,19208.273947874997,True,False
6878,2150.0,851,5526020,0.15,0.08364351125687641,19211.272705124997,True,False
6879,390.0,447,5526467,0.15,0.09699571016873862,19212.864455207997,True,False
6880,2560.0,1056,5527523,0.15,0.08838723044644928,19216.927974208,True,False
6881,1530.0,1090,5528613,0.15,0.08793418063021405,19220.666967167,True,False
6882,2860.0,834,5529447,0.15,0.06848881274121456,19223.716666333,True,False
6883,2260.0,1113,5530560,0.15,0.11048381441810225,19227.613941458,True,False
6884,2750.0,909,5531469,0.15,0.11068822804116336,19230.944895708,True,False
6885,1050.0,744,5532213,0.15,0.09841277760763963,19233.848885291998,True,False
6886,1050.0,652,5532865,0.15,0.10758524409786689,19236.407398375,True,False
6887,2320.0,1277,5534142,0.15,0.09392621317954272,19240.83316725,True,False
6888,2100.0,970,5535112,0.15,0.08886024436373034,19244.184548125,True,False
6889,960.0,715,5535827,0.15,0.1096414454239473,19246.678112667,True,False
6890,1480.0,884,5536711,0.15,0.07264914267540518,19249.669951666998,True,False
6891,1070.0,638,5537349,0.15,0.10661632613628172,19251.81927175,True,False
6892,1980.0,1067,5538416,0.15,0.11773401436706384,19255.490554292,True,False
6893,3200.0,1061,5539477,0.15,0.1090201209105973,19259.085047667,True,False
6894,3070.0,1033,5540510,0.15,0.09780689408324024,19262.777892708,True,False
6895,490.0,414,5540924,0.15,0.11305918569604938,19264.121795332998,True,False
6896,780.0,610,5541534,0.15,0.09909792079002057,19266.185556833,True,False
6897,2720.0,1132,5542666,0.15,0.11456142677250894,19269.997544791997,True,False
6898,1840.0,955,5543621,0.15,0.09596207988093837,19273.19674475,True,False
6899,3050.0,1036,5544657,0.15,0.10669650184889558,19276.808154958,True,False
6900,1770.0,811,5545468,0.15,0.13109167141316852,19279.512441458,True,False
6901,2880.0,968,5546436,0.15,0.09223484785165176,19283.921639958,True,False
6902,2000.0,923,5547359,0.15,0.09543066367345011,19287.042616207997,True,False
6903,1080.0,551,5547910,0.15,0.08481454721017592,19288.930832125,True,False
6904,1100.0,816,5548726,0.15,0.09028515033880431,19291.634254124998,True,False
6905,2330.0,963,5549689,0.15,0.11826133830047741,19295.0435715,True,False
6906,1170.0,642,5550331,0.15,0.10149534468073398,19297.17382475,True,False
6907,2940.0,977,5551308,0.15,0.08686896946509273,19300.514033,True,False
6908,1850.0,961,5552269,0.15,0.09624156951904297,19303.834292875,True,False
6909,920.0,538,5552807,0.15,0.11145529456770242,19305.735966292,True,False
6910,1940.0,971,5553778,0.15,0.09744119086138014,19309.199023582998,True,False
6911,2570.0,850,5554628,0.15,0.09650480467388887,19312.134215625,True,False
6912,1680.0,901,5555529,0.15,0.10082613511217965,19315.258644125,True,False
6913,1600.0,965,5556494,0.15,0.11352749946778369,19318.609276832998,True,False
6914,1740.0,982,5557476,0.15,0.09127548464187761,19322.241760833,True,False
6915,2200.0,921,5558397,0.15,0.1081667554564774,19325.441242582998,True,False
6916,2250.0,864,5559261,0.15,0.0913810580537689,19328.756601874997,True,False
6917,1430.0,1045,5560306,0.15,0.09462572296660293,19332.324401708,True,False
6918,1940.0,666,5560972,0.15,0.10335787292012198,19334.627165874997,True,False
6919,950.0,720,5561692,0.15,0.09374835771611995,19337.097077917,True,False
6920,3480.0,1088,5562780,0.15,0.1492881724741036,19340.830420958,True,False
6921,1800.0,1114,5563894,0.15,0.10213043190967694,19344.524129625,True,False
6922,1860.0,854,5564748,0.15,0.12344332889732078,19347.385978667,True,False
6923,2660.0,931,5565679,0.15,0.1121788870398726,19350.579828874997,True,False
6924,3150.0,1003,5566682,0.15,0.10025618401953423,19353.938899375,True,False
6925,3200.0,1013,5567695,0.15,0.11837723762857114,19357.287851541998,True,False
6926,1310.0,868,5568563,0.15,0.10078803497079056,19361.057990457997,True,False
6927,1900.0,957,5569520,0.15,0.10759902548355361,19364.424125583,True,False
6928,2850.0,1040,5570560,0.15,0.10166115624686846,19367.919955333,True,False
6929,1780.0,785,5571345,0.15,0.114216006455981,19370.548867416997,True,False
6930,2200.0,1188,5572533,0.15,0.11754018912461872,19374.588579124997,True,False
6931,3940.0,711,5573244,0.15,0.11553725352238738,19377.018125874998,True,False
6932,2170.0,841,5574085,0.15,0.12363143841780368,19379.799775582997,True,False
6933,1620.0,840,5574925,0.15,0.09209782345486539,19382.614907707997,True,False
6934,1020.0,743,5575668,0.15,0.09301331882635432,19385.117317082997,True,False
6935,1970.0,938,5576606,0.15,0.11028859986820155,19388.230927041997,True,False
6936,2250.0,969,5577575,0.15,0.0937255330553109,19391.716892833,True,False
6937,1940.0,1103,5578678,0.15,0.09273566672767418,19395.414640042,True,False
6938,2700.0,1087,5579765,0.15,0.09272916110999443,19399.04868275,True,False
6939,3150.0,946,5580711,0.15,0.0901137145662333,19402.149416333,True,False
6940,2370.0,1214,5581925,0.15,0.10615499604701702,19406.175820375,True,False
6941,1140.0,753,5582678,0.15,0.1023648816973288,19408.725349875,True,False
6942,2000.0,1066,5583744,0.15,0.09040466278149617,19412.186294124996,True,False
6943,1870.0,925,5584669,0.15,0.09450628972930826,19415.256312542,True,False
6944,1960.0,956,5585625,0.15,0.10798782617570715,19418.369744582997,True,False
6945,1000.0,637,5586262,0.15,0.10318673708997432,19420.465529416997,True,False
6946,1800.0,743,5587005,0.15,0.09233503469756695,19422.930915499997,True,False
6947,2020.0,915,5587920,0.15,0.09438005550947512,19425.91706125,True,False
6948,2810.0,1128,5589048,0.15,0.09522897350529196,19429.604632958,True,False
6949,1640.0,1024,5590072,0.15,0.11489078610611614,19433.033039042,True,False
6950,1670.0,915,5590987,0.15,0.07972524832247903,19436.020299166998,True,False
6951,1600.0,853,5591840,0.15,0.09319189297923139,19440.044919333,True,False
6952,2070.0,1135,5592975,0.15,0.1022898652903446,19443.759925791997,True,False
6953,3950.0,1068,5594043,0.15,0.0852147809365827,19447.466548458,True,False
6954,2980.0,922,5594965,0.15,0.11848350677606992,19450.591414917,True,False
6955,1740.0,804,5595769,0.15,0.10176127274238055,19453.253819457997,True,False
6956,2150.0,1279,5597048,0.15,0.10083735498774331,19457.597429832997,True,False
6957,990.0,600,5597648,0.15,0.0698869700729847,19459.588214375,True,False
6958,2060.0,1022,5598670,0.15,0.09491465565036325,19462.920971624997,True,False
6959,1890.0,942,5599612,0.15,0.10152436689457904,19465.953988833,True,False
6960,1400.0,865,5600477,0.15,0.11526846313090236,19468.916399291997,True,False
6961,1500.0,791,5601268,0.15,0.0749334355562248,19471.487307458,True,False
6962,1560.0,1118,5602386,0.15,0.10748221717214071,19475.235484375,True,False
6963,2900.0,1085,5603471,0.15,0.07758599618704116,19478.924909167,True,False
6964,2760.0,889,5604360,0.15,0.10009220249600073,19481.852862707998,True,False
6965,2570.0,1081,5605441,0.15,0.0783450690994936,19485.453878875,True,False
6966,2200.0,1026,5606467,0.15,0.09655596582524595,19488.873004667,True,False
6967,2770.0,946,5607413,0.15,0.09771332617078904,19492.091955375,True,False
6968,2200.0,888,5608301,0.15,0.09764247854147945,19495.072861167,True,False
6969,2190.0,907,5609208,0.15,0.11816753648090204,19498.051433416997,True,False
6970,550.0,607,5609815,0.15,0.11410157999258168,19500.045989832997,True,False
6971,790.0,698,5610513,0.15,0.08417054531829697,19502.363855958,True,False
6972,2600.0,938,5611451,0.15,0.08932989267393565,19505.489930333,True,False
6973,3540.0,960,5612411,0.15,0.08182174480364969,19509.123409917,True,False
6974,2530.0,896,5613307,0.15,0.1150295273899766,19512.057084375,True,False
6975,1850.0,1130,5614437,0.15,0.0791029841194831,19515.888047875,True,False
6976,2030.0,991,5615428,0.15,0.07553131043941023,19520.677272041998,True,False
6977,1950.0,1037,5616465,0.15,0.09116958244613814,19524.091982457998,True,False
6978,3160.0,890,5617355,0.15,0.0963068310725125,19527.149990916998,True,False
6979,2010.0,954,5618309,0.15,0.07031334517328809,19530.305870082997,True,False
6980,710.0,579,5618888,0.15,0.09857423933672493,19532.247060042,True,False
6981,2910.0,1180,5620068,0.15,0.09867893321660616,19536.192792916998,True,False
6982,2030.0,760,5620828,0.15,0.08195032472967317,19538.728028542,True,False
6983,2020.0,1083,5621911,0.15,0.0820462296889336,19542.300348792,True,False
6984,600.0,499,5622410,0.15,0.09072597455978394,19543.998315708,True,False
6985,3050.0,1119,5623529,0.15,0.09608233889697917,19547.709315082997,True,False
6986,2230.0,1086,5624615,0.15,0.10108978858018274,19551.514217999997,True,False
6987,1740.0,995,5625610,0.15,0.09343566769457247,19554.863374833,True,False
6988,3300.0,1048,5626658,0.15,0.07172790210239077,19558.362846082997,True,False
6989,2170.0,930,5627588,0.15,0.08947245767459977,19561.546841707997,True,False
6990,960.0,647,5628235,0.15,0.08515462028267591,19563.698361832998,True,False
6991,1970.0,1052,5629287,0.15,0.08037272001485635,19567.5281325,True,False
6992,1190.0,857,5630144,0.15,0.09111441687009363,19570.568186582997,True,False
6993,3030.0,935,5631079,0.15,0.08461119997207188,19573.803778708,True,False
6994,670.0,531,5631610,0.15,0.11136046832749494,19575.74627325,True,False
6995,2000.0,839,5632449,0.15,0.08822047662522112,19578.751530125,True,False
6996,1040.0,730,5633179,0.15,0.0828096885182946,19581.176312917,True,False
6997,2160.0,1096,5634275,0.15,0.07109720853368079,19585.030145499997,True,False
6998,2330.0,982,5635257,0.15,0.09889739335370742,19588.4356925,True,False
6999,2020.0,1034,5636291,0.15,0.07695893616263949,19591.958021291997,True,False
7000,2530.0,1147,5637438,0.15,0.10093295359367485,19595.920094957997,True,False
7001,3000.0,1254,5638692,0.15,0.062231631472018684,19601.123591333,True,False
7002,2510.0,1030,5639722,0.15,0.0926442204354918,19604.599150125,True,False
7003,3570.0,935,5640657,0.15,0.087307658774826,19607.746179499998,True,False
7004,1810.0,1064,5641721,0.15,0.08665692159569913,19611.360419124998,True,False
7005,1760.0,829,5642550,0.15,0.0739452681787636,19614.194734667,True,False
7006,1650.0,850,5643400,0.15,0.08818082040079603,19617.139646207997,True,False
7007,2130.0,885,5644285,0.15,0.08488833275518266,19620.150810917,True,False
7008,2150.0,920,5645205,0.15,0.07770953050045215,19623.260497749998,True,False
7009,2440.0,948,5646153,0.15,0.09889737341380068,19626.502849667,True,False
7010,1600.0,802,5646955,0.15,0.09585897902492434,19629.393706917,True,False
7011,2530.0,1134,5648089,0.15,0.07122997122383873,19633.35747375,True,False
7012,2570.0,854,5648943,0.15,0.11477896929696692,19636.213987749998,True,False
7013,1330.0,1180,5650123,0.15,0.11154869393271916,19640.248093583,True,False
7014,1580.0,809,5650932,0.15,0.10095312737222081,19643.093516499997,True,False
7015,2410.0,1001,5651933,0.15,0.10986281186714768,19646.486361624997,True,False
7016,1650.0,1086,5653019,0.15,0.1016820589410368,19650.231042542,True,False
7017,2080.0,931,5653950,0.15,0.11494981553485466,19653.433671749997,True,False
7018,2120.0,1022,5654972,0.15,0.09076253580133198,19656.963355082997,True,False
7019,1760.0,895,5655867,0.15,0.08785971382741437,19660.093137958,True,False
7020,2710.0,1012,5656879,0.15,0.0759797827800802,19664.175721124997,True,False
7021,1550.0,986,5657865,0.15,0.08658030792799315,19667.817746124998,True,False
7022,520.0,438,5658303,0.15,0.06521317357658793,19669.347081958,True,False
7023,2500.0,1183,5659486,0.15,0.08127528025668014,19673.572785166998,True,False
7024,2550.0,766,5660252,0.15,0.09836038965537834,19676.295852291998,True,False
7025,3050.0,1332,5661584,0.15,0.0743441148591158,19681.056531416998,True,False
7026,3470.0,1034,5662618,0.15,0.0995939473852573,19685.896817208,True,False
7027,2070.0,1050,5663668,0.15,0.08630315538056677,19690.728914207997,True,False
7028,860.0,680,5664348,0.15,0.09018474558697027,19693.2425285,True,False
7029,1650.0,1037,5665385,0.15,0.08907366195211769,19696.945122457997,True,False
7030,1430.0,897,5666282,0.15,0.08329260615781615,19700.119667291998,True,False
7031,2040.0,866,5667148,0.15,0.08501514706606139,19703.2612275,True,False
7032,1140.0,729,5667877,0.15,0.0781330207393474,19705.798185458,True,False
7033,4230.0,1035,5668912,0.15,0.0832942430483731,19709.461929792,True,False
7034,790.0,640,5669552,0.15,0.1102283741114661,19711.935014083,True,False
7035,670.0,504,5670056,0.15,0.09572432298094981,19713.711194124997,True,False
7036,1910.0,840,5670896,0.15,0.08334903521463274,19716.674979583,True,False
7037,2110.0,826,5671722,0.15,0.0773084360916276,19719.521979916997,True,False
7038,1990.0,890,5672612,0.15,0.07270760935284365,19722.638503708,True,False
7039,1660.0,993,5673605,0.15,0.09641958502752165,19726.04376975,True,False
7040,1820.0,884,5674489,0.15,0.10264909697688138,19729.144747291997,True,False
7041,1240.0,913,5675402,0.15,0.0848281233359063,19732.293167833,True,False
7042,3120.0,1118,5676520,0.15,0.07306203903031669,19736.184985041997,True,False
7043,2120.0,976,5677496,0.15,0.07652246849382388,19739.5280335,True,False
7044,3170.0,971,5678467,0.15,0.08197470254857432,19742.895681416998,True,False
7045,2150.0,1048,5679515,0.15,0.08537347535140642,19746.576381832998,True,False
7046,1910.0,1162,5680677,0.15,0.0914366817025026,19750.599049041997,True,False
7047,1580.0,1153,5681830,0.15,0.061711413918399356,19754.676997832998,True,False
7048,1310.0,776,5682606,0.15,0.08368893694516617,19757.325967124998,True,False
7049,1170.0,754,5683360,0.15,0.07602486562811667,19760.012272166998,True,False
7050,1590.0,849,5684209,0.15,0.077133454158375,19763.246446416997,True,False
7051,1760.0,1135,5685344,0.15,0.08452646723541786,19768.349061999998,True,False
7052,2230.0,1134,5686478,0.15,0.07414700629768807,19772.364619207998,True,False
7053,1240.0,767,5687245,0.15,0.0771600496082101,19775.263511874997,True,False
7054,1850.0,1046,5688291,0.15,0.07427512771910293,19779.709586999998,True,False
7055,1820.0,979,5689270,0.15,0.07868152674363584,19783.097705582997,True,False
7056,410.0,534,5689804,0.15,0.09502369434392052,19785.038885125,True,False
7057,2180.0,963,5690767,0.15,0.08787717772647738,19788.433773999997,True,False
7058,1880.0,1118,5691885,0.15,0.10556061281157392,19792.334187582997,True,False
7059,790.0,487,5692372,0.15,0.10045415344724401,19794.0108965,True,False
7060,1630.0,986,5693358,0.15,0.08231447084344984,19797.386279291997,True,False
7061,3330.0,1096,5694454,0.15,0.08460780830346863,19801.08833,True,False
7062,2730.0,886,5695340,0.15,0.07228532689833292,19804.041123083,True,False
7063,1870.0,1012,5696352,0.15,0.12038056101841418,19807.870762291997,True,False
7064,170.0,307,5696659,0.15,0.07576534943655133,19808.980142957997,True,False
7065,2380.0,970,5697629,0.15,0.10827982495443075,19812.291761833,True,False
7066,1080.0,676,5698305,0.15,0.11187047998492534,19814.708991042,True,False
7067,1650.0,888,5699193,0.15,0.09816580458737172,19817.669546957997,True,False
7068,1560.0,874,5700067,0.15,0.062243632929519226,19820.775432625,True,False
7069,2890.0,918,5700985,0.15,0.08695992562190993,19824.069615667,True,False
7070,3330.0,1040,5702025,0.15,0.075070491934625,19827.608377875,True,False
7071,680.0,551,5702576,0.15,0.05630074344251467,19829.540838916997,True,False
7072,1510.0,767,5703343,0.15,0.09401803839639687,19832.085043624997,True,False
7073,1520.0,778,5704121,0.15,0.09302701509247223,19834.83705525,True,False
7074,2540.0,928,5705049,0.15,0.09390450104798094,19838.022687833,True,False
7075,1160.0,682,5705731,0.15,0.10428581253132399,19840.368760874997,True,False
7076,700.0,663,5706394,0.15,0.08999001593833947,19843.973153125,True,False
7077,3110.0,986,5707380,0.15,0.1098236969261155,19847.408872875,True,False
7078,1980.0,888,5708268,0.15,0.1056975173713589,19850.752937999998,True,False
7079,1770.0,1009,5709277,0.15,0.08841725081087105,19854.0263485,True,False
7080,4460.0,756,5710033,0.15,0.08563531905156437,19856.631310416997,True,False
7081,1810.0,834,5710867,0.15,0.0940249618411494,19859.418474832997,True,False
7082,2590.0,972,5711839,0.15,0.10372257930199796,19862.674614749998,True,False
7083,1610.0,954,5712793,0.15,0.10081824813833047,19865.858801125,True,False
7084,2400.0,1256,5714049,0.15,0.08510743272876378,19870.121621125,True,False
7085,1710.0,1068,5715117,0.15,0.09163449338047804,19873.915388542,True,False
7086,2790.0,1016,5716133,0.15,0.0943114752441234,19877.55746225,True,False
7087,2180.0,1020,5717153,0.15,0.09075469734402848,19881.131749499997,True,False
7088,1310.0,770,5717923,0.15,0.10327141235757153,19883.687125417,True,False
7089,1800.0,877,5718800,0.15,0.11509203609417785,19886.72947875,True,False
7090,2050.0,985,5719785,0.15,0.10807953022677845,19889.982652207997,True,False
7091,3850.0,1031,5720816,0.15,0.1110907630460669,19893.525499583,True,False
7092,2150.0,883,5721699,0.15,0.09525674012574283,19896.600914707997,True,False
7093,2630.0,1066,5722765,0.15,0.09845059851275179,19900.12690425,True,False
7094,2480.0,1056,5723821,0.15,0.09778823730338251,19903.844708041997,True,False
7095,2070.0,1018,5724839,0.15,0.11081394350786847,19907.207400792,True,False
7096,2210.0,1043,5725882,0.15,0.12333838110682609,19910.689313875,True,False
7097,2260.0,813,5726695,0.15,0.08057044841018804,19913.345977457997,True,False
7098,1010.0,620,5727315,0.15,0.0953608943990642,19915.396788957998,True,False
7099,2140.0,824,5728139,0.15,0.0909329033140274,19918.139714999998,True,False
7100,3310.0,1026,5729165,0.15,0.1153027215784104,19921.566828542,True,False
7101,1140.0,671,5729836,0.15,0.0936553458062311,19924.951108292,True,False
7102,2370.0,922,5730758,0.15,0.09223897842609365,19928.316735624998,True,False
7103,1660.0,993,5731751,0.15,0.09150425089342941,19931.729586041998,True,False
7104,3190.0,1027,5732778,0.15,0.08890281144370132,19935.181363,True,False
7105,1640.0,910,5733688,0.15,0.09341368797284208,19938.234018875,True,False
7106,1370.0,894,5734582,0.15,0.1041072865973139,19941.245191874998,True,False
7107,2460.0,931,5735513,0.15,0.10333505144158914,19944.302443667,True,False
7108,2280.0,1024,5736537,0.15,0.09774334625399206,19947.752340583,True,False
7109,2050.0,967,5737504,0.15,0.09510336017374657,19950.959321917,True,False
7110,1580.0,942,5738446,0.15,0.10385097349260716,19954.050055958,True,False
7111,1840.0,1063,5739509,0.15,0.10551022731916125,19957.574745042,True,False
7112,1970.0,1206,5740715,0.15,0.07357378534205332,19961.752797916997,True,False
7113,1030.0,806,5741521,0.15,0.09800554843305952,19964.679686917,True,False
7114,2340.0,1007,5742528,0.15,0.10209320682204431,19968.153238125,True,False
7115,2000.0,1011,5743539,0.15,0.09817453452371179,19971.573231249997,True,False
7116,1280.0,684,5744223,0.15,0.0973561036220768,19973.895259333,True,False
7117,1680.0,1118,5745341,0.15,0.089581336190791,19977.936644041998,True,False
7118,1340.0,1249,5746590,0.15,0.09734837732349451,19982.113512458,True,False
7119,2150.0,812,5747402,0.15,0.08670134336361891,19984.965745416997,True,False
7120,2400.0,925,5748327,0.15,0.11247948270887781,19988.035689708,True,False
7121,1940.0,1033,5749360,0.15,0.09821397243031664,19991.534535042,True,False
7122,2840.0,961,5750321,0.15,0.09623513584568476,19995.132463083,True,False
7123,1740.0,1007,5751328,0.15,0.0939555127055399,19998.422018541998,True,False
7124,1840.0,1166,5752494,0.15,0.09755345714947407,20002.316112916997,True,False
7125,550.0,393,5752887,0.15,0.11658604933443117,20003.694432541997,True,False
7126,2030.0,740,5753627,0.15,0.0831981216330786,20007.529974041998,True,False
7127,1310.0,844,5754471,0.15,0.09423571185019061,20010.463919083,True,False
7128,2510.0,1024,5755495,0.15,0.08721823935047723,20013.879410542,True,False
7129,1560.0,1031,5756526,0.15,0.09075086046905481,20017.282942625,True,False
7130,670.0,526,5757052,0.15,0.09832808231426911,20019.035346875,True,False
7131,1560.0,928,5757980,0.15,0.08204973069148074,20022.101634958,True,False
7132,1030.0,755,5758735,0.15,0.09643698347474824,20024.622432833,True,False
7133,1950.0,983,5759718,0.15,0.09159596204545682,20027.853215791998,True,False
7134,1900.0,994,5760712,0.15,0.09426483308081048,20031.199579375,True,False
7135,1640.0,854,5761566,0.15,0.08746945368292186,20033.997565916998,True,False
7136,1060.0,749,5762315,0.15,0.08357093806931361,20036.468583583,True,False
7137,1860.0,943,5763258,0.15,0.09973886475298491,20039.590113708,True,False
7138,1120.0,717,5763975,0.15,0.11501111024106181,20041.921739832997,True,False
7139,1920.0,1089,5765064,0.15,0.0969511071738579,20045.526911375,True,False
7140,520.0,423,5765487,0.15,0.09918307457119227,20047.006813041997,True,False
7141,3290.0,974,5766461,0.15,0.09843279825538763,20050.439950375,True,False
7142,2360.0,1146,5767607,0.15,0.10149907628139415,20054.217080291997,True,False
7143,1690.0,1125,5768732,0.15,0.11036307294687904,20057.922627082997,True,False
7144,1770.0,938,5769670,0.15,0.10612584782652876,20060.988571083,True,False
7145,3710.0,1348,5771018,0.15,0.10605992490387016,20065.370716999998,True,False
7146,710.0,542,5771560,0.15,0.09935490887009484,20067.143157542,True,False
7147,2290.0,1114,5772674,0.15,0.10371280670594826,20070.696665624997,True,False
7148,1270.0,841,5773515,0.15,0.09397294397155444,20073.380135583,True,False
7149,2010.0,1220,5774735,0.15,0.10350861766787826,20077.283123499998,True,False
7150,1880.0,954,5775689,0.15,0.10227731336297849,20080.32754825,True,False
7151,2960.0,961,5776650,0.15,0.09416103764281919,20084.741348207997,True,False
7152,2300.0,1097,5777747,0.15,0.09313209029594369,20088.219402042,True,False
7153,900.0,564,5778311,0.15,0.07766696146246813,20090.063743374998,True,False
7154,2770.0,1036,5779347,0.15,0.07865733717312914,20093.415853917,True,False
7155,2980.0,1182,5780529,0.15,0.09905866315475086,20097.369608457997,True,False
7156,1630.0,1013,5781542,0.15,0.12383946270604614,20100.723169041998,True,False
7157,2650.0,1135,5782677,0.15,0.11079844806841771,20104.379182999997,True,False
7158,2840.0,1036,5783713,0.15,0.08549004470979846,20107.822987207997,True,False
7159,2240.0,879,5784592,0.15,0.11560013973238793,20110.660462541997,True,False
7160,1890.0,927,5785519,0.15,0.08681908418380078,20113.631246708,True,False
7161,2390.0,1103,5786622,0.15,0.09409831156549246,20117.144499457998,True,False
7162,1640.0,1016,5787638,0.15,0.09922825218742992,20120.3709455,True,False
7163,2300.0,942,5788580,0.15,0.08781853290590441,20123.383324208,True,False
7164,1730.0,918,5789498,0.15,0.09857672576560725,20126.295110207997,True,False
7165,1420.0,1004,5790502,0.15,0.08521514411169694,20129.559892667,True,False
7166,2480.0,1092,5791594,0.15,0.10544597209113968,20133.030641708,True,False
7167,1200.0,966,5792560,0.15,0.13825264466110587,20136.090324416997,True,False
7168,1640.0,848,5793408,0.15,0.09752179481932577,20138.805693,True,False
7169,490.0,427,5793835,0.15,0.1030470235976127,20140.173914542,True,False
7170,3980.0,1091,5794926,0.15,0.09626149762107994,20143.815488624998,True,False
7171,2070.0,1079,5796005,0.15,0.08818403727685412,20147.307650625,True,False
7172,2060.0,974,5796979,0.15,0.12771872442537618,20150.478937124997,True,False
7173,1920.0,938,5797917,0.15,0.09655805646263539,20153.504659958,True,False
7174,3040.0,1014,5798931,0.15,0.11594778584250112,20156.840692791997,True,False
7175,3040.0,908,5799839,0.15,0.10109115296786052,20160.233231917,True,False
7176,2120.0,1081,5800920,0.15,0.10166663464117534,20164.743745875,True,False
7177,1680.0,804,5801724,0.15,0.10748776524740072,20167.419605166997,True,False
7178,1660.0,863,5802587,0.15,0.08748664415852968,20170.361882416997,True,False
7179,940.0,640,5803227,0.15,0.0925975708058104,20172.502819999998,True,False
7180,2560.0,875,5804102,0.15,0.08589485280011615,20175.452247333,True,False
7181,1970.0,1214,5805316,0.15,0.08789652103166047,20179.403180041998,True,False
7182,1840.0,926,5806242,0.15,0.09428291563025284,20182.391079457997,True,False
7183,2770.0,910,5807152,0.15,0.10226106359378288,20185.351359499997,True,False
7184,1950.0,924,5808076,0.15,0.0800543777902663,20188.335495624997,True,False
7185,2060.0,910,5808986,0.15,0.09041982505979254,20191.330674333,True,False
7186,2980.0,1015,5810001,0.15,0.08555103153151673,20194.650790249998,True,False
7187,3250.0,1208,5811209,0.15,0.1028640919383492,20198.585711624997,True,False
7188,1900.0,765,5811974,0.15,0.11029597609767115,20201.061197291998,True,False
7189,820.0,558,5812532,0.15,0.09424735372886062,20202.915749041997,True,False
7190,530.0,517,5813049,0.15,0.09771792532861695,20204.752319542,True,False
7191,210.0,303,5813352,0.15,0.1096712042038378,20205.756974707998,True,False
7192,3060.0,1102,5814454,0.15,0.0921191697770899,20209.291691374998,True,False
7193,1570.0,1034,5815488,0.15,0.0854802759055005,20212.731860792,True,False
7194,2230.0,1043,5816531,0.15,0.10234760746646386,20216.092710625,True,False
7195,1300.0,929,5817460,0.15,0.0964785587170477,20219.169536832997,True,False
7196,1610.0,835,5818295,0.15,0.10769665953165923,20221.848356042,True,False
7197,2480.0,1015,5819310,0.15,0.08789127424916648,20225.184580792,True,False
7198,2990.0,1066,5820376,0.15,0.10246590499797564,20228.683068625,True,False
7199,1870.0,936,5821312,0.15,0.08045281141869023,20232.011354625,True,False
7200,3370.0,1487,5822799,0.15,0.0974478111238372,20236.798225125,True,False
7201,2370.0,920,5823719,0.15,0.08440266180297602,20241.000511167,True,False
7202,3130.0,999,5824718,0.15,0.09126546599343419,20244.283221542,True,False
7203,2020.0,1059,5825777,0.15,0.08452453744369295,20247.698280292,True,False
7204,2000.0,1194,5826971,0.15,0.0937943812584717,20251.558200541996,True,False
7205,2610.0,893,5827864,0.15,0.09311198970369462,20254.441132707998,True,False
7206,1630.0,1140,5829004,0.15,0.09415304954572205,20258.126550999998,True,False
7207,1420.0,736,5829740,0.15,0.09201003033566572,20260.535191542,True,False
7208,1970.0,786,5830526,0.15,0.08638370114055519,20263.074748332998,True,False
7209,1660.0,926,5831452,0.15,0.06424657565316763,20266.057971708,True,False
7210,2210.0,1251,5832703,0.15,0.07833371633807054,20270.053896542,True,False
7211,1930.0,1041,5833744,0.15,0.10062988145612323,20273.418899624998,True,False
7212,2400.0,980,5834724,0.15,0.10698261390231094,20276.595672666997,True,False
7213,2500.0,1043,5835767,0.15,0.10227074099418063,20279.999461375,True,False
7214,1690.0,915,5836682,0.15,0.0863214735079996,20282.941470957998,True,False
7215,640.0,506,5837188,0.15,0.08338440252159994,20284.626669416997,True,False
7216,1150.0,926,5838114,0.15,0.09880750404582136,20287.737691749997,True,False
7217,1400.0,782,5838896,0.15,0.08239744985666202,20290.404767707998,True,False
7218,2430.0,1027,5839923,0.15,0.08949331576513941,20293.770704083,True,False
7219,1840.0,1250,5841173,0.15,0.11080855453987948,20297.827084999997,True,False
7220,1370.0,849,5842022,0.15,0.11130750128331612,20300.630307291998,True,False
7221,820.0,604,5842626,0.15,0.10081025850743253,20302.625322041997,True,False
7222,910.0,759,5843385,0.15,0.09999187308804769,20305.076348958,True,False
7223,290.0,338,5843723,0.15,0.09612416429445148,20306.159722082997,True,False
7224,2370.0,996,5844719,0.15,0.09157503439659574,20309.500771166997,True,False
7225,1590.0,1355,5846074,0.15,0.07239927743784094,20313.878358957998,True,False
7226,620.0,521,5846595,0.15,0.10620455256161782,20316.828720125,True,False
7227,3340.0,1066,5847661,0.15,0.09546113215833345,20320.251757916998,True,False
7228,970.0,827,5848488,0.15,0.08397428039461374,20323.015204,True,False
7229,1210.0,721,5849209,0.15,0.07800526849718557,20325.382247832997,True,False
7230,1040.0,713,5849922,0.15,0.08714587404654267,20327.711576125,True,False
7231,1630.0,976,5850898,0.15,0.12558243343545522,20330.892788041998,True,False
7232,1920.0,703,5851601,0.15,0.08344056835101749,20333.222269625,True,False
7233,2700.0,858,5852459,0.15,0.0906530458427896,20335.989790582997,True,False
7234,2010.0,1020,5853479,0.15,0.09469416432228743,20339.307928416998,True,False
7235,3020.0,1015,5854494,0.15,0.09001152235354612,20342.593732874997,True,False
7236,2210.0,989,5855483,0.15,0.10364745061105562,20345.7426235,True,False
7237,1860.0,1133,5856616,0.15,0.09283374896941995,20349.422324958,True,False
7238,1710.0,847,5857463,0.15,0.1072262232125653,20352.284589458,True,False
7239,1960.0,1229,5858692,0.15,0.10407388093578931,20356.255967374997,True,False
7240,1530.0,1356,5860048,0.15,0.10585701096374377,20360.644194708,True,False
7241,2160.0,1087,5861135,0.15,0.09156360400228923,20364.112549999998,True,False
7242,4420.0,1103,5862238,0.15,0.09686397520852262,20367.680787999998,True,False
7243,2090.0,1163,5863401,0.15,0.11345285787551161,20371.459184083,True,False
7244,1680.0,812,5864213,0.15,0.09210454993720713,20374.057054833,True,False
7245,2950.0,1130,5865343,0.15,0.08956554868251931,20381.36790875,True,False
7246,2520.0,1032,5866375,0.15,0.09061417520739311,20385.890473292,True,False
7247,1350.0,722,5867097,0.15,0.10431886809101092,20388.795128291997,True,False
7248,1930.0,998,5868095,0.15,0.10053366234144533,20392.155301083,True,False
7249,1820.0,923,5869018,0.15,0.08292032629090212,20395.266691625,True,False
7250,1960.0,1001,5870019,0.15,0.08998887656256556,20398.614530417,True,False
7251,2170.0,1065,5871084,0.15,0.11486760809431586,20403.388217875,True,False
7252,1850.0,1039,5872123,0.15,0.09732746005662389,20406.889681541998,True,False
7253,1000.0,613,5872736,0.15,0.08452982651432614,20409.189868499998,True,False
7254,3320.0,957,5873693,0.15,0.07645348428308216,20412.349388707997,True,False
7255,1890.0,892,5874585,0.15,0.08577586791891555,20415.433248041998,True,False
7256,1380.0,908,5875493,0.15,0.10988840855461122,20418.403630167,True,False
7257,2010.0,963,5876456,0.15,0.10787731970185066,20421.600928458,True,False
7258,1970.0,940,5877396,0.15,0.10504303473107358,20424.749959833,True,False
7259,1460.0,867,5878263,0.15,0.1095889753886257,20427.571164292,True,False
7260,1700.0,878,5879141,0.15,0.09612276835197753,20430.450292874997,True,False
7261,2310.0,1064,5880205,0.15,0.12055721773969051,20433.910199291997,True,False
7262,1300.0,728,5880933,0.15,0.12445514101616956,20436.327745083,True,False
7263,2780.0,960,5881893,0.15,0.10104466360062361,20439.480962083,True,False
7264,1360.0,708,5882601,0.15,0.11750164923736942,20441.810794375,True,False
7265,360.0,440,5883041,0.15,0.11489614790136164,20443.282703708,True,False
7266,1780.0,1198,5884239,0.15,0.11099447499350162,20447.243395041998,True,False
7267,2510.0,1068,5885307,0.15,0.10015265901716014,20450.777987125,True,False
7268,1740.0,869,5886176,0.15,0.10331450005856539,20453.585887167,True,False
7269,3280.0,921,5887097,0.15,0.12200493554220251,20456.580192625,True,False
7270,4690.0,1033,5888130,0.15,0.0943402288402178,20459.872358457997,True,False
7271,1390.0,942,5889072,0.15,0.09690127322071437,20462.940176458,True,False
7272,1760.0,923,5889995,0.15,0.08698799784254768,20465.877035499998,True,False
7273,660.0,522,5890517,0.15,0.11241444841539132,20467.623133916997,True,False
7274,2250.0,973,5891490,0.15,0.11485484360100189,20470.762914583,True,False
7275,2850.0,804,5892294,0.15,0.09531941837561664,20473.488102083,True,False
7276,1310.0,771,5893065,0.15,0.08263217169463326,20477.423795666997,True,False
7277,2250.0,1060,5894125,0.15,0.09684250136521065,20480.968077542,True,False
7278,2170.0,1047,5895172,0.15,0.09945762242041244,20484.356830541998,True,False
7279,940.0,784,5895956,0.15,0.09496460559454803,20486.957091499997,True,False
7280,2370.0,916,5896872,0.15,0.10898817658391842,20489.946881333,True,False
7281,1840.0,1013,5897885,0.15,0.10369484613947717,20493.236287417,True,False
7282,1880.0,1150,5899035,0.15,0.11397008362910889,20496.989128957997,True,False
7283,1640.0,922,5899957,0.15,0.10272514170995264,20499.93635275,True,False
7284,1070.0,710,5900667,0.15,0.099848250526998,20502.256797083,True,False
7285,2600.0,877,5901544,0.15,0.08048894118348306,20505.122686417,True,False
7286,3390.0,906,5902450,0.15,0.0787749599121445,20508.029492957998,True,False
7287,1690.0,850,5903300,0.15,0.10323356560698138,20510.843235417,True,False
7288,1700.0,1301,5904601,0.15,0.08908141853144536,20515.004974124997,True,False
7289,2150.0,1294,5905895,0.15,0.08299300295442066,20519.150614625,True,False
7290,2790.0,1104,5906999,0.15,0.10888109085541489,20522.71504725,True,False
7291,2330.0,1034,5908033,0.15,0.08852794034313051,20526.040797332997,True,False
7292,2600.0,1117,5909150,0.15,0.08609850050407498,20529.739686874997,True,False
7293,2530.0,861,5910011,0.15,0.07180352892380121,20532.567131041997,True,False
7294,2050.0,1064,5911075,0.15,0.08471283348823401,20535.988172041998,True,False
7295,1450.0,726,5911801,0.15,0.10140112409838936,20538.326275875,True,False
7296,2930.0,990,5912791,0.15,0.09261335078476049,20541.524679042,True,False
7297,2480.0,1039,5913830,0.15,0.10637790684301693,20544.946734833,True,False
7298,900.0,644,5914474,0.15,0.07385693614295921,20547.058203375,True,False
7299,3820.0,1008,5915482,0.15,0.081325360751223,20550.286866749997,True,False
7300,2700.0,1014,5916496,0.15,0.08242063152449806,20553.581111624997,True,False
7301,1930.0,1020,5917516,0.15,0.0925056556057112,20558.330007208,True,False
7302,1590.0,654,5918170,0.15,0.08471346903660912,20560.461271875,True,False
7303,1980.0,1653,5919823,0.15,0.1011834763775221,20565.8151275,True,False
7304,3400.0,1356,5921179,0.15,0.09617240150571749,20570.180298958,True,False
7305,2200.0,956,5922135,0.15,0.08815935138753268,20573.280178708,True,False
7306,1680.0,1126,5923261,0.15,0.09501364908068843,20576.929475292,True,False
7307,1600.0,862,5924123,0.15,0.08119616530575724,20579.700204541998,True,False
7308,2180.0,1042,5925165,0.15,0.0988092185658228,20583.10948575,True,False
7309,1710.0,1020,5926185,0.15,0.08402753205714272,20586.333154917,True,False
7310,1930.0,820,5927005,0.15,0.09753322422322704,20589.445749125,True,False
7311,1910.0,817,5927822,0.15,0.07812346381080501,20592.075079457998,True,False
7312,4080.0,1054,5928876,0.15,0.10183713666276273,20595.5884405,True,False
7313,1150.0,597,5929473,0.15,0.08661933995833333,20597.55783625,True,False
7314,1850.0,951,5930424,0.15,0.10783155991875824,20600.708467499997,True,False
7315,2580.0,1061,5931485,0.15,0.10959306144208278,20604.216176625,True,False
7316,770.0,717,5932202,0.15,0.0943254557485021,20606.680599917,True,False
7317,910.0,582,5932784,0.15,0.06690133563306642,20608.5958955,True,False
7318,1150.0,875,5933659,0.15,0.10325767175046675,20611.42568475,True,False
7319,1800.0,757,5934416,0.15,0.10993691653405366,20613.870503,True,False
7320,870.0,711,5935127,0.15,0.09731247675957652,20616.177172166997,True,False
7321,1340.0,738,5935865,0.15,0.08804370252465879,20618.635914917,True,False
7322,2610.0,1020,5936885,0.15,0.09784575680307314,20622.049108249998,True,False
7323,1310.0,775,5937660,0.15,0.08457958835090712,20624.706534625,True,False
7324,1290.0,792,5938452,0.15,0.09490686514875804,20627.339893124998,True,False
7325,840.0,534,5938986,0.15,0.10233826398905507,20629.117128125,True,False
7326,1470.0,799,5939785,0.15,0.1084659774089232,20634.37149975,True,False
7327,1130.0,796,5940581,0.15,0.10027441543400586,20637.261075749997,True,False
7328,2760.0,922,5941503,0.15,0.11841956668168954,20640.540978874997,True,False
7329,2010.0,1071,5942574,0.15,0.09448896576789444,20644.082393833,True,False
7330,2320.0,956,5943530,0.15,0.10362059905906851,20647.232051707997,True,False
7331,2760.0,1060,5944590,0.15,0.0967327914323728,20651.015263167,True,False
7332,1920.0,867,5945457,0.15,0.07917864015111313,20653.870796583,True,False
7333,2370.0,801,5946258,0.15,0.09415914664976299,20656.565700124997,True,False
7334,2000.0,1080,5947338,0.15,0.10042192257457862,20660.098711207997,True,False
7335,2020.0,1019,5948357,0.15,0.0876499344466948,20663.530973457997,True,False
7336,1430.0,660,5949017,0.15,0.08429219364894158,20665.711638582998,True,False
7337,1870.0,1071,5950088,0.15,0.08642952301219772,20669.355275042,True,False
7338,2870.0,921,5951009,0.15,0.11061669311121754,20672.611242917,True,False
7339,2280.0,922,5951931,0.15,0.08370518034486019,20675.635762957998,True,False
7340,690.0,410,5952341,0.15,0.08423533751764922,20677.025933582998,True,False
7341,610.0,471,5952812,0.15,0.09228298656831858,20678.698194457997,True,False
7342,1220.0,719,5953531,0.15,0.11919282419430144,20681.120032749997,True,False
7343,1530.0,1156,5954687,0.15,0.0965600595728955,20684.967960957998,True,False
7344,2870.0,1005,5955692,0.15,0.09948129365811982,20688.190293749998,True,False
7345,1960.0,835,5956527,0.15,0.11503162616505645,20690.9412605,True,False
7346,3230.0,975,5957502,0.15,0.1118623086892557,20694.052067292,True,False
7347,1860.0,759,5958261,0.15,0.09164141957697115,20696.574954375,True,False
7348,2270.0,1007,5959268,0.15,0.1152519912769397,20699.878731625,True,False
7349,3040.0,1024,5960292,0.15,0.10168461666762596,20703.254413332998,True,False
7350,1710.0,766,5961058,0.15,0.11044444980499632,20705.719113875,True,False
7351,1610.0,941,5961999,0.15,0.10046393570509997,20709.857977582997,True,False
7352,700.0,710,5962709,0.15,0.12495588680750198,20712.170885124997,True,False
7353,1890.0,952,5963661,0.15,0.12438308407685586,20715.273292957998,True,False
7354,1890.0,848,5964509,0.15,0.12151728101285561,20718.035157457998,True,False
7355,2090.0,983,5965492,0.15,0.12087061060819684,20721.257791041997,True,False
7356,2390.0,1106,5966598,0.15,0.11670899749193611,20724.823968457997,True,False
7357,2020.0,1003,5967601,0.15,0.13795011846786476,20728.075174999998,True,False
7358,2070.0,1006,5968607,0.15,0.10997210200356534,20731.344837667,True,False
7359,3470.0,1001,5969608,0.15,0.10073673184144782,20734.745940582998,True,False
7360,2230.0,966,5970574,0.15,0.10924422793878683,20737.817691124998,True,False
7361,360.0,472,5971046,0.15,0.1121065593245676,20739.368296333,True,False
7362,2090.0,869,5971915,0.15,0.10348471200891904,20742.198430499997,True,False
7363,2480.0,896,5972811,0.15,0.0984422255132813,20745.113299957997,True,False
7364,1690.0,910,5973721,0.15,0.11893297853601868,20748.047310749997,True,False
7365,1360.0,902,5974623,0.15,0.10920579406536288,20750.962895416997,True,False
7366,2100.0,849,5975472,0.15,0.11734797596546685,20753.692609291997,True,False
7367,1780.0,1278,5976750,0.15,0.09532157508043286,20757.794218666997,True,False
7368,2100.0,969,5977719,0.15,0.11809614576276176,20760.968288082997,True,False
7369,1470.0,706,5978425,0.15,0.11830816757838941,20763.249676583,True,False
7370,1710.0,910,5979335,0.15,0.12905374711732245,20766.328720499998,True,False
7371,1790.0,861,5980196,0.15,0.12232768257941913,20769.593908666997,True,False
7372,2110.0,1034,5981230,0.15,0.1327539038981578,20773.120158708,True,False
7373,1730.0,789,5982019,0.15,0.09685930040981715,20775.832997625,True,False
7374,2360.0,1081,5983100,0.15,0.11226941037208282,20779.384258749997,True,False
7375,2050.0,973,5984073,0.15,0.09255812338595527,20783.207057958,True,False
7376,2470.0,1066,5985139,0.15,0.10079441615205287,20787.927668417,True,False
7377,1420.0,814,5985953,0.15,0.09748379219615576,20790.626160292,True,False
7378,2190.0,1154,5987107,0.15,0.10005094472499979,20794.603782042,True,False
7379,1960.0,1116,5988223,0.15,0.09171059930623646,20798.448054541997,True,False
7380,1460.0,789,5989012,0.15,0.09486020792915363,20801.137508666998,True,False
7381,1400.0,736,5989748,0.15,0.09333984749189214,20803.553232332997,True,False
7382,1650.0,881,5990629,0.15,0.08798218949443914,20806.432619666997,True,False
7383,1730.0,737,5991366,0.15,0.09582425061228644,20808.878135042,True,False
7384,1770.0,1066,5992432,0.15,0.10984923154785392,20812.361188707997,True,False
7385,1850.0,861,5993293,0.15,0.10483816869037096,20815.261943416997,True,False
7386,1190.0,876,5994169,0.15,0.11506931554338976,20818.119811792,True,False
7387,1930.0,890,5995059,0.15,0.08944597955256163,20821.142945333,True,False
7388,2010.0,983,5996042,0.15,0.08396336840601956,20824.5849795,True,False
7389,1860.0,970,5997012,0.15,0.10656969254997409,20827.797402082997,True,False
7390,1830.0,853,5997865,0.15,0.0960001191780181,20830.785396875,True,False
7391,1920.0,1034,5998899,0.15,0.09361511489824038,20834.1437925,True,False
7392,880.0,613,5999512,0.15,0.09554121391726779,20836.189062333,True,False
7393,870.0,588,6000100,0.15,0.10988303405695221,20838.140921583,True,False
7394,2440.0,1136,6001236,0.15,0.12179448041723857,20842.010655332997,True,False
7395,720.0,585,6001821,0.15,0.10597725162818415,20843.931720875,True,False
7396,3410.0,1133,6002954,0.15,0.11172864740457741,20847.651335583,True,False
7397,2690.0,955,6003909,0.15,0.09238818025988016,20850.861069832998,True,False
7398,3000.0,1166,6005075,0.15,0.09767801457971233,20854.690296499997,True,False
7399,890.0,676,6005751,0.15,0.09142744153208987,20856.883299457997,True,False
7400,1720.0,908,6006659,0.15,0.09568970540480992,20859.840016125,True,False
7401,1230.0,827,6007486,0.15,0.08325526297344389,20863.82002775,True,False
7402,1780.0,856,6008342,0.15,0.09417477571274911,20866.676958292,True,False
7403,2380.0,1337,6009679,0.15,0.09065247669503718,20871.019231416998,True,False
7404,1880.0,1184,6010863,0.15,0.11233338960005927,20874.873160291998,True,False
7405,1970.0,879,6011742,0.15,0.09142234521833333,20877.742943708,True,False
7406,1190.0,868,6012610,0.15,0.12168365030244749,20880.683431125,True,False
7407,3370.0,1167,6013777,0.15,0.0881088998883146,20884.569697207997,True,False
7408,2860.0,1090,6014867,0.15,0.1030240658300874,20888.140582292,True,False
7409,1500.0,753,6015620,0.15,0.09331428216247963,20890.816069417,True,False
7410,1430.0,948,6016568,0.15,0.0758130078121454,20893.976109417,True,False
7411,2090.0,1598,6018166,0.15,0.08418404809047554,20899.233418792,True,False
7412,1730.0,952,6019118,0.15,0.08086445517524951,20902.335758333,True,False
7413,1760.0,977,6020095,0.15,0.09819467339786839,20905.586449791997,True,False
7414,1810.0,912,6021007,0.15,0.10365081230472577,20908.581418042,True,False
7415,1910.0,798,6021805,0.15,0.10535523524973542,20911.18815925,True,False
7416,4290.0,1065,6022870,0.15,0.10839357071633178,20914.647655124998,True,False
7417,2020.0,903,6023773,0.15,0.09204640761182635,20917.593366167,True,False
7418,1870.0,974,6024747,0.15,0.09463012506687102,20920.757891874997,True,False
7419,1930.0,1022,6025769,0.15,0.09910589180799434,20924.044193667,True,False
7420,1910.0,932,6026701,0.15,0.08299727910577995,20927.213933166997,True,False
7421,1760.0,694,6027395,0.15,0.09255945368136974,20929.426212125,True,False
7422,1520.0,1096,6028491,0.15,0.08326104054580966,20933.026211582997,True,False
7423,2230.0,915,6029406,0.15,0.07750750924399587,20935.969102083,True,False
7424,1690.0,1034,6030440,0.15,0.09256060181264712,20939.349595417,True,False
7425,2550.0,957,6031397,0.15,0.08473720202791392,20942.429956917,True,False
7426,560.0,555,6031952,0.15,0.06723542547644042,20945.204026042,True,False
7427,2250.0,1157,6033109,0.15,0.0921119079026023,20949.026461542,True,False
7428,750.0,680,6033789,0.15,0.07535643722752437,20951.213809541998,True,False
7429,1750.0,902,6034691,0.15,0.09145082361996174,20954.170450042,True,False
7430,1880.0,1046,6035737,0.15,0.08814996837119338,20957.561301042,True,False
7431,1300.0,640,6036377,0.15,0.10895579893840476,20959.655184707997,True,False
7432,2060.0,1086,6037463,0.15,0.0908311148040079,20963.164545375,True,False
7433,2340.0,1209,6038672,0.15,0.10288656908072064,20967.176635,True,False
7434,2280.0,930,6039602,0.15,0.09275541206869971,20970.175510208,True,False
7435,1670.0,1013,6040615,0.15,0.07764250082019054,20973.495230957997,True,False
7436,1920.0,857,6041472,0.15,0.07239680409344823,20976.248214332998,True,False
7437,1690.0,870,6042342,0.15,0.09604505093313308,20979.130215457997,True,False
7438,2170.0,905,6043247,0.15,0.08965183295457896,20982.048473542,True,False
7439,2200.0,1018,6044265,0.15,0.08976436196735092,20985.453137875,True,False
7440,3190.0,1041,6045306,0.15,0.09176910728789293,20989.059030041997,True,False
7441,2660.0,829,6046135,0.15,0.09235366009139784,20991.828746291998,True,False
7442,1750.0,1111,6047246,0.15,0.11233103101094849,20995.462579707997,True,False
7443,1890.0,1187,6048433,0.15,0.09486973968017784,20999.314014417,True,False
7444,1480.0,637,6049070,0.15,0.09451329057930775,21001.602057417,True,False
7445,2250.0,1127,6050197,0.15,0.0990603598138542,21005.278414292,True,False
7446,480.0,479,6050676,0.15,0.09035093327208112,21007.171370958,True,False
7447,1770.0,1170,6051846,0.15,0.10407626142164003,21011.312011374997,True,False
7448,1240.0,774,6052620,0.15,0.10999901909573176,21014.021628,True,False
7449,1580.0,931,6053551,0.15,0.10485199660640852,21017.07434675,True,False
7450,1890.0,1020,6054571,0.15,0.09899707557816131,21020.469018707998,True,False
7451,2830.0,796,6055367,0.15,0.10012166196452313,21024.259639541997,True,False
7452,1490.0,904,6056271,0.15,0.0916122930882647,21027.431608749997,True,False
7453,3100.0,1043,6057314,0.15,0.11251699786733164,21031.021782082997,True,False
7454,920.0,1090,6058404,0.15,0.08276843596863878,21035.109465167,True,False
7455,1820.0,1036,6059440,0.15,0.10165858321956225,21039.184667583,True,False
7456,2630.0,1103,6060543,0.15,0.09947889807210727,21043.443905417,True,False
7457,760.0,627,6061170,0.15,0.09915202339980633,21046.0536515,True,False
7458,1860.0,1000,6062170,0.15,0.10894609844684601,21049.29509575,True,False
7459,4730.0,941,6063111,0.15,0.07643291736219791,21052.413734457998,True,False
7460,930.0,658,6063769,0.15,0.09238347241259885,21054.743062083,True,False
7461,1660.0,993,6064762,0.15,0.08993140765045199,21057.955074916998,True,False
7462,1730.0,934,6065696,0.15,0.08051556152586117,21061.022957582998,True,False
7463,1640.0,872,6066568,0.15,0.08615701111170267,21063.845002042,True,False
7464,2570.0,1107,6067675,0.15,0.09701586019693186,21067.464028832997,True,False
7465,1640.0,974,6068649,0.15,0.08646268195274179,21070.651515957998,True,False
7466,1610.0,887,6069536,0.15,0.09681579435395228,21073.514927333,True,False
7467,3160.0,1148,6070684,0.15,0.10075701980848345,21077.411007083,True,False
7468,950.0,671,6071355,0.15,0.11728955861069486,21079.573454416997,True,False
7469,1690.0,1102,6072457,0.15,0.09217245530242613,21083.155229207998,True,False
7470,2820.0,1067,6073524,0.15,0.10655391251856691,21086.730513874998,True,False
7471,2790.0,898,6074422,0.15,0.11369086475211329,21089.606124542,True,False
7472,3460.0,893,6075315,0.15,0.07514498748653672,21092.593369,True,False
7473,2790.0,1066,6076381,0.15,0.0848248718892423,21095.995281749998,True,False
7474,660.0,570,6076951,0.15,0.08280978421352699,21097.883781457997,True,False
7475,1380.0,746,6077697,0.15,0.09976767157926597,21100.296827957998,True,False
7476,1890.0,1292,6078989,0.15,0.10614576955374919,21105.7446055,True,False
7477,1890.0,992,6079981,0.15,0.09278810734394938,21108.904615792,True,False
7478,1830.0,1014,6080995,0.15,0.10439807924961031,21112.146799332997,True,False
7479,1790.0,898,6081893,0.15,0.10131532922387124,21115.029634542,True,False
7480,1800.0,943,6082836,0.15,0.09058549671070808,21118.051255625,True,False
7481,2550.0,1031,6083867,0.15,0.10676109479153202,21121.483097916996,True,False
7482,1610.0,998,6084865,0.15,0.08482338200509548,21124.721798167,True,False
7483,2330.0,1072,6085937,0.15,0.12277458005918385,21128.157950582998,True,False
7484,2470.0,1003,6086940,0.15,0.09800233015144964,21131.622850958,True,False
7485,3210.0,1049,6087989,0.15,0.10119474389881805,21135.095904291997,True,False
7486,2250.0,1106,6089095,0.15,0.09150193706897182,21138.644644707998,True,False
7487,2220.0,980,6090075,0.15,0.08507558420604588,21141.753655999997,True,False
7488,3260.0,720,6090795,0.15,0.10887066958886053,21144.102962082998,True,False
7489,780.0,632,6091427,0.15,0.06269986989990442,21146.208296499997,True,False
7490,2230.0,972,6092399,0.15,0.10161464811597833,21149.464701667,True,False
7491,1540.0,742,6093141,0.15,0.09898930218731684,21151.917280874997,True,False
7492,1650.0,1107,6094248,0.15,0.09486372172092811,21155.476573375,True,False
7493,1760.0,1146,6095394,0.15,0.10473231578219708,21159.196227624998,True,False
7494,2200.0,1033,6096427,0.15,0.10516378574087754,21162.63393325,True,False
7495,2100.0,883,6097310,0.15,0.08311159187312579,21165.457284041997,True,False
7496,1840.0,948,6098258,0.15,0.1180910618449188,21168.599776666997,True,False
7497,1490.0,940,6099198,0.15,0.10938197167471368,21171.600814791997,True,False
7498,1830.0,874,6100072,0.15,0.08902050775037781,21174.408328916998,True,False
7499,1210.0,948,6101020,0.15,0.0931816271973876,21177.532984082998,True,False
7500,2620.0,1068,6102088,0.15,0.09930625650682923,21180.977281541996,True,False
7501,1550.0,1094,6103182,0.15,0.0858246963266488,21185.846565458,True,False
7502,1340.0,701,6103883,0.15,0.11047424376010895,21188.235429708,True,False
7503,3310.0,1061,6104944,0.15,0.08395961694475404,21191.855769332997,True,False
7504,2600.0,784,6105728,0.15,0.0816609651629566,21194.476963167,True,False
7505,2200.0,923,6106651,0.15,0.11002344493146823,21197.525638,True,False
7506,3450.0,1061,6107712,0.15,0.10123363221974525,21201.063823208,True,False
7507,3070.0,1012,6108724,0.15,0.09257757062968529,21204.351370333,True,False
7508,2660.0,988,6109712,0.15,0.1045527257862301,21208.538632292,True,False
7509,2010.0,932,6110644,0.15,0.12111676591468472,21211.5405425,True,False
7510,870.0,828,6111472,0.15,0.07554947555173135,21214.263988917,True,False
7511,1350.0,1076,6112548,0.15,0.10700672110161817,21217.792205832997,True,False
7512,1260.0,708,6113256,0.15,0.09749608617381188,21220.090102332997,True,False
7513,2660.0,1151,6114407,0.15,0.10345058868077782,21223.954757666997,True,False
7514,1530.0,933,6115340,0.15,0.08100288711949928,21227.079335542,True,False
7515,1500.0,838,6116178,0.15,0.10670029315830133,21229.831513625,True,False
7516,1810.0,1371,6117549,0.15,0.08423246185325152,21234.250649957998,True,False
7517,1160.0,776,6118325,0.15,0.09082461485504797,21236.837646792,True,False
7518,2050.0,1408,6119733,0.15,0.09364885279898193,21241.387907124998,True,False
7519,1760.0,813,6120546,0.15,0.12223392075358941,21244.030400124997,True,False
7520,2910.0,910,6121456,0.15,0.09931251920530931,21247.221794374997,True,False
7521,2920.0,1086,6122542,0.15,0.09920128726321392,21251.072801625,True,False
7522,1680.0,926,6123468,0.15,0.10456235771035326,21254.122534916998,True,False
7523,2060.0,1000,6124468,0.15,0.10972122127562761,21257.416539499998,True,False
7524,1570.0,1130,6125598,0.15,0.07743614820221849,21261.215138624997,True,False
7525,4750.0,946,6126544,0.15,0.0761464340572996,21264.268744541998,True,False
7526,2840.0,937,6127481,0.15,0.11081144265416595,21269.162070542,True,False
7527,1570.0,1198,6128679,0.15,0.07662492815131029,21273.048202083,True,False
7528,2020.0,950,6129629,0.15,0.09230887512637287,21276.132834041997,True,False
7529,1780.0,1157,6130786,0.15,0.07732250000056924,21279.8989065,True,False
7530,2350.0,941,6131727,0.15,0.08501305527826573,21283.008136166998,True,False
7531,2510.0,1084,6132811,0.15,0.08710112380434336,21286.64145725,True,False
7532,2540.0,978,6133789,0.15,0.09330083110502788,21289.778192125,True,False
7533,2700.0,1024,6134813,0.15,0.09635138470912352,21293.197028125,True,False
7534,1800.0,1012,6135825,0.15,0.08589397847519915,21296.578814708,True,False
7535,1760.0,662,6136487,0.15,0.08660553592172536,21298.736798749997,True,False
7536,2140.0,1078,6137565,0.15,0.089209194784915,21302.211436457997,True,False
7537,3010.0,1071,6138636,0.15,0.11399778770630373,21305.742186292,True,False
7538,1070.0,751,6139387,0.15,0.09831630991383351,21308.21026375,True,False
7539,1860.0,1001,6140388,0.15,0.0886471449096958,21311.584574167,True,False
7540,1470.0,852,6141240,0.15,0.09458539477099136,21314.393830167,True,False
7541,1250.0,522,6141762,0.15,0.09702739252780493,21316.094755167,True,False
7542,1630.0,987,6142749,0.15,0.09041387694114857,21319.320698917,True,False
7543,1130.0,638,6143387,0.15,0.10714985600690234,21321.400055416998,True,False
7544,3460.0,1120,6144507,0.15,0.08277828854708268,21325.033837624997,True,False
7545,1540.0,989,6145496,0.15,0.08143205784501568,21328.591836749998,True,False
7546,2040.0,1114,6146610,0.15,0.1054155306770004,21332.137321542,True,False
7547,1030.0,789,6147399,0.15,0.09054625458864089,21334.754449792,True,False
7548,2900.0,1174,6148573,0.15,0.109714522083499,21338.551889374998,True,False
7549,430.0,458,6149031,0.15,0.08177331580143225,21340.023343208,True,False
7550,1550.0,889,6149920,0.15,0.08757455963140245,21342.943722417,True,False
7551,1330.0,737,6150657,0.15,0.09895642339656859,21346.754204292,True,False
7552,1880.0,718,6151375,0.15,0.09791140903474232,21349.074760166997,True,False
7553,2840.0,1045,6152420,0.15,0.07353258850266232,21352.465023792,True,False
7554,690.0,410,6152830,0.15,0.09657025171042073,21353.789755916998,True,False
7555,2830.0,1237,6154067,0.15,0.09502291329156812,21357.820598167,True,False
7556,2500.0,739,6154806,0.15,0.09295478852818141,21360.228985583,True,False
7557,1520.0,1173,6155979,0.15,0.10970102722912314,21364.037426749997,True,False
7558,2010.0,964,6156943,0.15,0.1025708596612408,21367.170378125,True,False
7559,3140.0,1115,6158058,0.15,0.08954601493200094,21370.993600208,True,False
7560,1770.0,940,6158998,0.15,0.09900416422714578,21374.064363999998,True,False
7561,2810.0,925,6159923,0.15,0.07930706948187057,21377.364487417,True,False
7562,1450.0,821,6160744,0.15,0.08160328082921146,21380.039557833,True,False
7563,2120.0,1047,6161791,0.15,0.09084305422687439,21383.520513666997,True,False
7564,730.0,613,6162404,0.15,0.08835919691225538,21385.5286685,True,False
7565,2650.0,1237,6163641,0.15,0.087353176527738,21389.672189041998,True,False
7566,1710.0,1126,6164767,0.15,0.0969808102814063,21393.332183417,True,False
7567,2630.0,885,6165652,0.15,0.09334494425235568,21396.216584542,True,False
7568,2280.0,927,6166579,0.15,0.09829727297414949,21399.591880707998,True,False
7569,1820.0,933,6167512,0.15,0.10560031680581279,21402.725798333,True,False
7570,2310.0,881,6168393,0.15,0.08667554143731566,21405.577758542,True,False
7571,1540.0,1167,6169560,0.15,0.0867276553364394,21409.663022667,True,False
7572,2360.0,1360,6170920,0.15,0.0832208979409188,21414.284103125,True,False
7573,1850.0,1185,6172105,0.15,0.09210992809007498,21418.132301457998,True,False
7574,1370.0,1085,6173190,0.15,0.08470242516209829,21421.730487582998,True,False
7575,2430.0,1059,6174249,0.15,0.07497955852030021,21425.194177583,True,False
7576,1470.0,823,6175072,0.15,0.09283815737524369,21429.181218542,True,False
7577,2380.0,987,6176059,0.15,0.10255632089920402,21432.44698075,True,False
7578,2240.0,1458,6177517,0.15,0.08173597374139992,21437.244066458,True,False
7579,2190.0,1026,6178543,0.15,0.06791230117232772,21440.756636583,True,False
7580,2200.0,1058,6179601,0.15,0.09229335610596638,21444.216378833,True,False
7581,2270.0,1154,6180755,0.15,0.0963700666777893,21447.988344167,True,False
7582,2090.0,1153,6181908,0.15,0.10761888842114528,21451.776346542,True,False
7583,2580.0,1020,6182928,0.15,0.0697479148596233,21455.129694958,True,False
7584,1880.0,885,6183813,0.15,0.09287509587235175,21457.992092041997,True,False
7585,1370.0,850,6184663,0.15,0.08082903683941178,21460.817741625,True,False
7586,880.0,704,6185367,0.15,0.08183708844642917,21463.110536375,True,False
7587,4350.0,1016,6186383,0.15,0.09526878854949174,21466.395447166997,True,False
7588,1140.0,626,6187009,0.15,0.10148060682472909,21468.500513125,True,False
7589,1570.0,751,6187760,0.15,0.07645908179395694,21470.951237457997,True,False
7590,2180.0,925,6188685,0.15,0.08850886315929812,21474.052230167,True,False
7591,1910.0,904,6189589,0.15,0.08966958856177146,21477.056679374997,True,False
7592,2260.0,1037,6190626,0.15,0.10181035890341035,21480.497286667,True,False
7593,2870.0,1069,6191695,0.15,0.0800898823998729,21484.022414707997,True,False
7594,1580.0,823,6192518,0.15,0.07709817705874883,21486.764918333,True,False
7595,1750.0,779,6193297,0.15,0.0792063935349385,21489.339620791998,True,False
7596,1760.0,1090,6194387,0.15,0.09153714356601567,21493.923172542,True,False
7597,2590.0,1175,6195562,0.15,0.09603324747600016,21497.847729167,True,False
7598,2000.0,1104,6196666,0.15,0.09535676190305663,21501.473136499997,True,False
7599,980.0,712,6197378,0.15,0.07391967835804719,21503.891073125,True,False
7600,2010.0,1041,6198419,0.15,0.08205417653259177,21507.337830458,True,False
7601,1880.0,1012,6199431,0.15,0.07559973411556525,21511.778664916998,True,False
7602,1020.0,681,6200112,0.15,0.09600108985010294,21514.016847832998,True,False
7603,3550.0,1014,6201126,0.15,0.08099113447819892,21517.280862333,True,False
7604,1870.0,936,6202062,0.15,0.07025278487011917,21520.315262041997,True,False
7605,2630.0,914,6202976,0.15,0.07368359115283822,21523.385896124997,True,False
7606,3470.0,1011,6203987,0.15,0.07085905442132599,21526.622724833,True,False
7607,2230.0,954,6204941,0.15,0.07245178366368286,21529.70602925,True,False
7608,1980.0,936,6205877,0.15,0.07304125834797692,21532.735822166997,True,False
7609,2380.0,1317,6207194,0.15,0.07529871479967626,21537.014253082998,True,False
7610,1260.0,929,6208123,0.15,0.0942801467327658,21540.266155625,True,False
7611,1720.0,1085,6209208,0.15,0.08683547617949765,21543.809639125,True,False
7612,2020.0,944,6210152,0.15,0.0854877867830633,21546.915568667,True,False
7613,2140.0,807,6210959,0.15,0.0800733327661729,21549.547379333,True,False
7614,760.0,638,6211597,0.15,0.06962907490087673,21552.197631707997,True,False
7615,1660.0,838,6212435,0.15,0.09947987220308,21554.980003499997,True,False
7616,5100.0,1041,6213476,0.15,0.08615132092259167,21558.381747166997,True,False
7617,2580.0,1067,6214543,0.15,0.1070221852567187,21561.870635917,True,False
7618,2700.0,959,6215502,0.15,0.06773866807343439,21564.9975235,True,False
7619,2750.0,923,6216425,0.15,0.09819934755015425,21568.1338395,True,False
7620,1830.0,902,6217327,0.15,0.08260944391290347,21571.145454999998,True,False
7621,1720.0,879,6218206,0.15,0.08986833699216897,21573.99974375,True,False
7622,2640.0,1116,6219322,0.15,0.0863981310037836,21577.644170166997,True,False
7623,1000.0,683,6220005,0.15,0.08722624947365962,21579.891306333,True,False
7624,1440.0,788,6220793,0.15,0.0835296178832272,21582.476656374998,True,False
7625,1150.0,789,6221582,0.15,0.08299308724058461,21585.055995875,True,False
7626,2440.0,991,6222573,0.15,0.09332117141269508,21589.734256707998,True,False
7627,1560.0,1107,6223680,0.15,0.12273499247238094,21593.309658,True,False
7628,2350.0,1326,6225006,0.15,0.09617071689930927,21597.683048,True,False
